{"level":"info","message":"⌛ Building environment","timeElapsed":568,"timestamp":"2026-09-16T14:25:07.080Z"}
{"level":"error","message":"✘ Failed to rebuild document Missing workspace folder!","stack":"Error: Missing workspace folder!\n    at QF (/home/tiaguinni/.vscode/extensions/uqbar.wollok-lsp-ide-0.5.5/out/server/src/server.js:2430:7332)\n    at V3.invoke (/home/tiaguinni/.vscode/extensions/uqbar.wollok-lsp-ide-0.5.5/out/server/src/server.js:3:157330)\n    at o.fire (/home/tiaguinni/.vscode/extensions/uqbar.wollok-lsp-ide-0.5.5/out/server/src/server.js:3:158100)\n    at /home/tiaguinni/.vscode/extensions/uqbar.wollok-lsp-ide-0.5.5/out/server/src/server.js:37:57488\n    at nd (/home/tiaguinni/.vscode/extensions/uqbar.wollok-lsp-ide-0.5.5/out/server/src/server.js:8:1561)\n    at It (/home/tiaguinni/.vscode/extensions/uqbar.wollok-lsp-ide-0.5.5/out/server/src/server.js:7:6224)\n    at et (/home/tiaguinni/.vscode/extensions/uqbar.wollok-lsp-ide-0.5.5/out/server/src/server.js:7:6378)\n    at Immediate._onImmediate (/home/tiaguinni/.vscode/extensions/uqbar.wollok-lsp-ide-0.5.5/out/server/src/server.js:7:6142)\n    at process.processImmediate (node:internal/timers:504:21)","timestamp":"2026-09-16T14:25:07.089Z"}
{"level":"info","message":"⌛ Building environment","timeElapsed":216,"timestamp":"2026-09-16T14:25:08.017Z"}
{"level":"info","message":"⌛ Building environment","timeElapsed":197,"timestamp":"2026-09-16T14:25:08.243Z"}
{"level":"info","message":"⌛ Building environment","timeElapsed":188,"timestamp":"2026-09-16T14:25:08.452Z"}
{"level":"info","message":"⌛ Validating file:hometiaguinniDesktopUTNnombreRandomnombreRandom.wlk","timeElapsed":383,"timestamp":"2026-09-16T14:25:08.837Z"}
{"level":"info","message":"⌛ Validating file:hometiaguinniDesktopUTNnombreRandomnombreRandom.wlk","timeElapsed":252,"timestamp":"2026-09-16T14:25:09.090Z"}
{"level":"info","message":"⌛ Validating file:hometiaguinniDesktopUTNnombreRandomnombreRandom.wlk","timeElapsed":182,"timestamp":"2026-09-16T14:25:09.273Z"}
{"level":"info","message":"⌛ Building environment","timeElapsed":178,"timestamp":"2026-09-16T14:25:09.452Z"}
{"level":"info","message":"⌛ Building environment","timeElapsed":153,"timestamp":"2026-09-16T14:25:09.624Z"}
{"level":"info","message":"⌛ Validating file:hometiaguinniDesktopUTNnombreRandomnombreRandom.wlk","timeElapsed":179,"timestamp":"2026-09-16T14:25:09.804Z"}
{"level":"info","message":"⌛ Validating file:hometiaguinniDesktopUTNnombreRandomnombreRandom.wlk","timeElapsed":154,"timestamp":"2026-09-16T14:25:09.964Z"}
{"level":"info","message":"⌛ Building environment","timeElapsed":216,"timestamp":"2026-09-16T14:25:19.303Z"}
{"level":"info","message":"⌛ Validating file:hometiaguinniDesktopUTNnombreRandomnombreRandom.wlk","timeElapsed":257,"timestamp":"2026-09-16T14:25:19.565Z"}
{"level":"info","message":"⌛ Building environment","timeElapsed":156,"timestamp":"2026-09-16T14:25:19.722Z"}
{"level":"info","message":"⌛ Building environment","timeElapsed":244,"timestamp":"2026-09-16T14:25:19.968Z"}
{"level":"info","message":"⌛ Validating file:hometiaguinniDesktopUTNnombreRandomnombreRandom.wlk","timeElapsed":503,"timestamp":"2026-09-16T14:25:20.472Z"}
{"level":"info","message":"⌛ Building environment","timeElapsed":292,"timestamp":"2026-09-16T14:25:20.767Z"}
{"level":"info","message":"⌛ Validating nombreRandom/nombreRandom.wlk","timeElapsed":181,"timestamp":"2026-09-16T14:25:20.948Z"}
{"level":"info","message":"⌛ Validating nombreRandom/nombreRandom.wlk","timeElapsed":206,"timestamp":"2026-09-16T14:25:21.155Z"}
{"level":"info","message":"⌛ Building environment","timeElapsed":169,"timestamp":"2026-09-16T14:25:21.325Z"}
{"level":"info","message":"⌛ Validating nombreRandom/nombreRandom.wlk","timeElapsed":178,"timestamp":"2026-09-16T14:25:21.611Z"}
{"level":"info","message":"⌛ Validating nombreRandom/testNombreRandom.wtest","timeElapsed":307,"timestamp":"2026-09-16T14:25:21.919Z"}
{"level":"info","message":"⌛ Building environment","timeElapsed":179,"timestamp":"2026-09-16T14:25:36.522Z"}
{"level":"info","message":"⌛ Building environment","timeElapsed":170,"timestamp":"2026-09-16T14:25:36.710Z"}
{"level":"info","message":"⌛ Building environment","timeElapsed":180,"timestamp":"2026-09-16T14:25:36.939Z"}
{"level":"info","message":"⌛ Building environment","timeElapsed":209,"timestamp":"2026-09-16T14:25:37.149Z"}
{"level":"info","message":"⌛ Building environment","timeElapsed":152,"timestamp":"2026-09-16T14:25:37.311Z"}
{"level":"info","message":"⌛ Building environment","timeElapsed":223,"timestamp":"2026-09-16T14:25:37.535Z"}
{"level":"info","message":"⌛ Building environment","timeElapsed":141,"timestamp":"2026-09-16T14:25:37.678Z"}
{"level":"info","message":"⌛ Building environment","timeElapsed":124,"timestamp":"2026-09-16T14:25:37.829Z"}
{"level":"info","message":"⌛ Building environment","timeElapsed":147,"timestamp":"2026-09-16T14:25:37.978Z"}
{"level":"info","message":"⌛ Building environment","timeElapsed":106,"timestamp":"2026-09-16T14:25:38.084Z"}
{"level":"info","message":"⌛ Building environment","timeElapsed":125,"timestamp":"2026-09-16T14:25:38.317Z"}
{"level":"info","message":"⌛ Building environment","timeElapsed":115,"timestamp":"2026-09-16T14:25:38.432Z"}
{"level":"info","message":"⌛ Building environment","timeElapsed":117,"timestamp":"2026-09-16T14:25:38.658Z"}
{"level":"info","message":"⌛ Validating nombreRandom/nombreRandom.wlk","timeElapsed":143,"timestamp":"2026-09-16T14:25:38.818Z"}
{"level":"info","message":"⌛ Validating nombreRandom/nombreRandom.wlk","timeElapsed":134,"timestamp":"2026-09-16T14:25:38.952Z"}
{"level":"info","message":"⌛ Validating nombreRandom/nombreRandom.wlk","timeElapsed":138,"timestamp":"2026-09-16T14:25:39.090Z"}
{"level":"info","message":"⌛ Validating nombreRandom/nombreRandom.wlk","timeElapsed":135,"timestamp":"2026-09-16T14:25:39.233Z"}
{"level":"info","message":"⌛ Validating nombreRandom/nombreRandom.wlk","timeElapsed":158,"timestamp":"2026-09-16T14:25:39.392Z"}
{"level":"info","message":"⌛ Validating nombreRandom/nombreRandom.wlk","timeElapsed":261,"timestamp":"2026-09-16T14:25:39.655Z"}
{"level":"info","message":"⌛ Validating nombreRandom/nombreRandom.wlk","timeElapsed":139,"timestamp":"2026-09-16T14:25:39.794Z"}
{"level":"info","message":"⌛ Validating nombreRandom/nombreRandom.wlk","timeElapsed":172,"timestamp":"2026-09-16T14:25:39.967Z"}
{"level":"info","message":"⌛ Validating nombreRandom/nombreRandom.wlk","timeElapsed":161,"timestamp":"2026-09-16T14:25:40.128Z"}
{"level":"info","message":"⌛ Validating nombreRandom/nombreRandom.wlk","timeElapsed":153,"timestamp":"2026-09-16T14:25:40.281Z"}
{"level":"info","message":"⌛ Validating nombreRandom/nombreRandom.wlk","timeElapsed":130,"timestamp":"2026-09-16T14:25:40.412Z"}
{"level":"info","message":"⌛ Validating nombreRandom/nombreRandom.wlk","timeElapsed":143,"timestamp":"2026-09-16T14:25:40.556Z"}
{"level":"info","message":"⌛ Validating nombreRandom/nombreRandom.wlk","timeElapsed":145,"timestamp":"2026-09-16T14:25:40.702Z"}
{"level":"info","message":"⌛ Validating nombreRandom/nombreRandom.wlk","timeElapsed":198,"timestamp":"2026-09-16T14:25:40.900Z"}
{"level":"info","message":"⌛ Validating nombreRandom/testNombreRandom.wtest","timeElapsed":143,"timestamp":"2026-09-16T14:25:41.044Z"}
{"level":"info","message":"⌛ Validating nombreRandom/nombreRandom.wlk","timeElapsed":182,"timestamp":"2026-09-16T14:25:41.226Z"}
{"level":"info","message":"⌛ Building environment","timeElapsed":202,"timestamp":"2026-09-16T14:25:51.697Z"}
{"level":"info","message":"⌛ Building environment","timeElapsed":102,"timestamp":"2026-09-16T14:25:51.800Z"}
{"level":"info","message":"⌛ Building environment","timeElapsed":105,"timestamp":"2026-09-16T14:25:51.917Z"}
{"level":"info","message":"⌛ Validating nombreRandom/nombreRandom.wlk","timeElapsed":156,"timestamp":"2026-09-16T14:25:52.074Z"}
{"level":"info","message":"⌛ Validating nombreRandom/nombreRandom.wlk","timeElapsed":169,"timestamp":"2026-09-16T14:25:52.421Z"}
{"level":"info","message":"⌛ Validating nombreRandom/nombreRandom.wlk","timeElapsed":195,"timestamp":"2026-09-16T14:25:52.709Z"}
{"level":"info","message":"⌛ Validating nombreRandom/nombreRandom.wlk","timeElapsed":141,"timestamp":"2026-09-16T14:25:52.851Z"}
{"level":"info","message":"⌛ Validating nombreRandom/nombreRandom.wlk","timeElapsed":150,"timestamp":"2026-09-16T14:25:53.005Z"}
{"level":"info","message":"⌛ Validating nombreRandom/nombreRandom.wlk","timeElapsed":126,"timestamp":"2026-09-16T14:25:53.239Z"}
{"level":"info","message":"⌛ Validating nombreRandom/nombreRandom.wlk","timeElapsed":144,"timestamp":"2026-09-16T14:25:53.566Z"}
{"level":"info","message":"⌛ Validating nombreRandom/nombreRandom.wlk","timeElapsed":181,"timestamp":"2026-09-16T14:25:53.754Z"}
{"level":"info","message":"⌛ Validating nombreRandom/nombreRandom.wlk","timeElapsed":142,"timestamp":"2026-09-16T14:25:53.897Z"}
{"level":"info","message":"⌛ Building environment","timeElapsed":109,"timestamp":"2026-09-16T14:27:46.782Z"}
{"level":"info","message":"⌛ Validating nombreRandom/nombreRandom.wlk","timeElapsed":254,"timestamp":"2026-09-16T14:27:47.054Z"}
{"level":"info","message":"⌛ Validating nombreRandom/testNombreRandom.wtest","timeElapsed":156,"timestamp":"2026-09-16T14:27:47.211Z"}
{"level":"info","message":"⌛ Building environment","timeElapsed":341,"timestamp":"2026-09-16T14:28:05.210Z"}
{"level":"info","message":"⌛ Building environment","timeElapsed":163,"timestamp":"2026-09-16T14:28:05.935Z"}
{"level":"info","message":"⌛ Validating nombreRandom/nombreRandom.wlk","timeElapsed":282,"timestamp":"2026-09-16T14:28:12.006Z"}
{"level":"info","message":"⌛ Building environment","timeElapsed":151,"timestamp":"2026-09-16T14:28:12.159Z"}
{"level":"info","message":"⌛ Validating nombreRandom/nombreRandom.wlk","timeElapsed":179,"timestamp":"2026-09-16T14:28:12.902Z"}
{"level":"info","message":"⌛ Validating nombreRandom/testNombreRandom.wtest","timeElapsed":168,"timestamp":"2026-09-16T14:28:13.144Z"}
{"level":"info","message":"⌛ Building environment","timeElapsed":147,"timestamp":"2026-09-16T14:29:44.063Z"}
{"level":"info","message":"⌛ Validating nombreRandom/nombreRandom.wlk","timeElapsed":143,"timestamp":"2026-09-16T14:29:44.213Z"}
{"level":"info","message":"⌛ Building environment","timeElapsed":122,"timestamp":"2026-09-16T14:29:44.405Z"}
{"level":"info","message":"⌛ Validating nombreRandom/nombreRandom.wlk","timeElapsed":146,"timestamp":"2026-09-16T14:29:44.558Z"}
{"level":"info","message":"⌛ Building environment","timeElapsed":205,"timestamp":"2026-09-16T14:29:46.204Z"}
{"level":"info","message":"⌛ Validating nombreRandom/nombreRandom.wlk","timeElapsed":215,"timestamp":"2026-09-16T14:29:47.692Z"}
{"level":"info","message":"⌛ Building environment","timeElapsed":209,"timestamp":"2026-09-16T14:29:49.298Z"}
{"level":"info","message":"⌛ Building environment","timeElapsed":247,"timestamp":"2026-09-16T14:29:49.643Z"}
{"level":"info","message":"⌛ Validating nombreRandom/nombreRandom.wlk","timeElapsed":236,"timestamp":"2026-09-16T14:29:49.880Z"}
{"level":"info","message":"⌛ Building environment","timeElapsed":129,"timestamp":"2026-09-16T14:29:50.010Z"}
{"level":"info","message":"⌛ Building environment","timeElapsed":131,"timestamp":"2026-09-16T14:29:50.145Z"}
{"level":"info","message":"⌛ Validating nombreRandom/nombreRandom.wlk","timeElapsed":171,"timestamp":"2026-09-16T14:29:50.316Z"}
{"level":"info","message":"⌛ Building environment","timeElapsed":112,"timestamp":"2026-09-16T14:29:50.434Z"}
{"level":"info","message":"⌛ Validating nombreRandom/nombreRandom.wlk","timeElapsed":167,"timestamp":"2026-09-16T14:29:50.608Z"}
{"level":"info","message":"⌛ Validating nombreRandom/nombreRandom.wlk","timeElapsed":145,"timestamp":"2026-09-16T14:29:50.783Z"}
{"level":"info","message":"⌛ Validating nombreRandom/nombreRandom.wlk","timeElapsed":144,"timestamp":"2026-09-16T14:29:50.936Z"}
{"level":"info","message":"⌛ Building environment","timeElapsed":167,"timestamp":"2026-09-16T14:29:51.105Z"}
{"level":"info","message":"⌛ Building environment","timeElapsed":130,"timestamp":"2026-09-16T14:29:51.275Z"}
{"level":"info","message":"⌛ Validating nombreRandom/nombreRandom.wlk","timeElapsed":214,"timestamp":"2026-09-16T14:29:51.493Z"}
{"level":"info","message":"⌛ Building environment","timeElapsed":108,"timestamp":"2026-09-16T14:29:51.602Z"}
{"level":"info","message":"⌛ Validating nombreRandom/nombreRandom.wlk","timeElapsed":153,"timestamp":"2026-09-16T14:29:51.763Z"}
{"level":"info","message":"⌛ Building environment","timeElapsed":111,"timestamp":"2026-09-16T14:29:51.880Z"}
{"level":"info","message":"⌛ Validating nombreRandom/nombreRandom.wlk","timeElapsed":159,"timestamp":"2026-09-16T14:29:52.040Z"}
{"level":"info","message":"⌛ Validating nombreRandom/nombreRandom.wlk","timeElapsed":151,"timestamp":"2026-09-16T14:29:52.196Z"}
{"level":"info","message":"⌛ Building environment","timeElapsed":111,"timestamp":"2026-09-16T14:29:52.876Z"}
{"level":"info","message":"⌛ Validating nombreRandom/nombreRandom.wlk","timeElapsed":199,"timestamp":"2026-09-16T14:29:53.078Z"}
{"level":"info","message":"⌛ Building environment","timeElapsed":144,"timestamp":"2026-09-16T14:29:53.158Z"}
{"level":"info","message":"⌛ Validating nombreRandom/nombreRandom.wlk","timeElapsed":187,"timestamp":"2026-09-16T14:29:53.353Z"}
{"level":"info","message":"⌛ Validating nombreRandom/nombreRandom.wlk","timeElapsed":129,"timestamp":"2026-09-16T14:29:53.716Z"}
{"level":"info","message":"⌛ Building environment","timeElapsed":134,"timestamp":"2026-09-16T14:30:09.179Z"}
{"level":"info","message":"⌛ Validating nombreRandom/nombreRandom.wlk","timeElapsed":267,"timestamp":"2026-09-16T14:30:09.452Z"}
{"level":"info","message":"⌛ Building environment","timeElapsed":105,"timestamp":"2026-09-16T14:30:09.559Z"}
{"level":"info","message":"⌛ Building environment","timeElapsed":121,"timestamp":"2026-09-16T14:30:09.681Z"}
{"level":"info","message":"⌛ Validating nombreRandom/nombreRandom.wlk","timeElapsed":172,"timestamp":"2026-09-16T14:30:09.854Z"}
{"level":"info","message":"⌛ Building environment","timeElapsed":133,"timestamp":"2026-09-16T14:30:10.038Z"}
{"level":"info","message":"⌛ Validating nombreRandom/nombreRandom.wlk","timeElapsed":184,"timestamp":"2026-09-16T14:30:10.248Z"}
{"level":"info","message":"⌛ Validating nombreRandom/nombreRandom.wlk","timeElapsed":152,"timestamp":"2026-09-16T14:30:10.649Z"}
{"level":"info","message":"⌛ Validating nombreRandom/nombreRandom.wlk","timeElapsed":148,"timestamp":"2026-09-16T14:30:10.890Z"}
{"level":"info","message":"⌛ Validating nombreRandom/nombreRandom.wlk","timeElapsed":144,"timestamp":"2026-09-16T14:30:11.039Z"}
{"level":"info","message":"⌛ Validating nombreRandom/nombreRandom.wlk","timeElapsed":147,"timestamp":"2026-09-16T14:30:11.186Z"}
{"level":"error","message":"✘ Failed to rebuild document Failed to parse nombreRandom/nombreRandom.wlk: \n-- PARSING FAILED --------------------------------------------------\n\n  108 |     */\n  109 | \n> 110 | }\n      | ^\n  111 | \n  112 | object desarrollador{\n\nExpected one of the following: \n\n'@', 'class', 'const', 'describe', 'mixin', 'object', 'only', 'package', 'program', 'test', 'var', '{', EOF, comment, not \"}\n\n\", whitespace\n","stack":"Error: Failed to parse nombreRandom/nombreRandom.wlk: \n-- PARSING FAILED --------------------------------------------------\n\n  108 |     */\n  109 | \n> 110 | }\n      | ^\n  111 | \n  112 | object desarrollador{\n\nExpected one of the following: \n\n'@', 'class', 'const', 'describe', 'mixin', 'object', 'only', 'package', 'program', 'test', 'var', '{', EOF, comment, not \"}\n\n\", whitespace\n\n    at /home/tiaguinni/.vscode/extensions/uqbar.wollok-lsp-ide-0.5.5/out/server/src/server.js:2385:13026\n    at Array.map (<anonymous>)\n    at z1n (/home/tiaguinni/.vscode/extensions/uqbar.wollok-lsp-ide-0.5.5/out/server/src/server.js:2385:12950)\n    at H2.buildEnvironmentFrom (/home/tiaguinni/.vscode/extensions/uqbar.wollok-lsp-ide-0.5.5/out/server/src/server.js:2430:5254)\n    at H2.updateEnvironmentWith (/home/tiaguinni/.vscode/extensions/uqbar.wollok-lsp-ide-0.5.5/out/server/src/server.js:2430:4989)\n    at QF (/home/tiaguinni/.vscode/extensions/uqbar.wollok-lsp-ide-0.5.5/out/server/src/server.js:2430:7383)\n    at V3.invoke (/home/tiaguinni/.vscode/extensions/uqbar.wollok-lsp-ide-0.5.5/out/server/src/server.js:3:157330)\n    at o.fire (/home/tiaguinni/.vscode/extensions/uqbar.wollok-lsp-ide-0.5.5/out/server/src/server.js:3:158100)\n    at /home/tiaguinni/.vscode/extensions/uqbar.wollok-lsp-ide-0.5.5/out/server/src/server.js:37:57871\n    at nd (/home/tiaguinni/.vscode/extensions/uqbar.wollok-lsp-ide-0.5.5/out/server/src/server.js:8:1561)","timestamp":"2026-09-16T14:30:11.204Z"}
{"level":"info","message":"⌛ Building environment","timeElapsed":122,"timestamp":"2026-09-16T14:30:11.327Z"}
{"level":"error","message":"✘ Failed to rebuild document Failed to parse nombreRandom/nombreRandom.wlk: \n-- PARSING FAILED --------------------------------------------------\n\n  108 |     */\n  109 | \n> 110 | }\n      | ^\n  111 | \n  112 | object desarrollador{\n\nExpected one of the following: \n\n'@', 'class', 'const', 'describe', 'mixin', 'object', 'only', 'package', 'program', 'test', 'var', '{', EOF, comment, not \"}\n\n\", whitespace\n","stack":"Error: Failed to parse nombreRandom/nombreRandom.wlk: \n-- PARSING FAILED --------------------------------------------------\n\n  108 |     */\n  109 | \n> 110 | }\n      | ^\n  111 | \n  112 | object desarrollador{\n\nExpected one of the following: \n\n'@', 'class', 'const', 'describe', 'mixin', 'object', 'only', 'package', 'program', 'test', 'var', '{', EOF, comment, not \"}\n\n\", whitespace\n\n    at /home/tiaguinni/.vscode/extensions/uqbar.wollok-lsp-ide-0.5.5/out/server/src/server.js:2385:13026\n    at Array.map (<anonymous>)\n    at z1n (/home/tiaguinni/.vscode/extensions/uqbar.wollok-lsp-ide-0.5.5/out/server/src/server.js:2385:12950)\n    at H2.buildEnvironmentFrom (/home/tiaguinni/.vscode/extensions/uqbar.wollok-lsp-ide-0.5.5/out/server/src/server.js:2430:5254)\n    at H2.updateEnvironmentWith (/home/tiaguinni/.vscode/extensions/uqbar.wollok-lsp-ide-0.5.5/out/server/src/server.js:2430:4989)\n    at QF (/home/tiaguinni/.vscode/extensions/uqbar.wollok-lsp-ide-0.5.5/out/server/src/server.js:2430:7383)\n    at V3.invoke (/home/tiaguinni/.vscode/extensions/uqbar.wollok-lsp-ide-0.5.5/out/server/src/server.js:3:157330)\n    at o.fire (/home/tiaguinni/.vscode/extensions/uqbar.wollok-lsp-ide-0.5.5/out/server/src/server.js:3:158100)\n    at /home/tiaguinni/.vscode/extensions/uqbar.wollok-lsp-ide-0.5.5/out/server/src/server.js:37:57871\n    at nd (/home/tiaguinni/.vscode/extensions/uqbar.wollok-lsp-ide-0.5.5/out/server/src/server.js:8:1561)","timestamp":"2026-09-16T14:30:11.340Z"}
{"level":"info","message":"⌛ Validating nombreRandom/nombreRandom.wlk","timeElapsed":158,"timestamp":"2026-09-16T14:30:11.498Z"}
{"level":"info","message":"⌛ Building environment","timeElapsed":145,"timestamp":"2026-09-16T14:30:12.068Z"}
{"level":"info","message":"⌛ Validating nombreRandom/nombreRandom.wlk","timeElapsed":157,"timestamp":"2026-09-16T14:30:12.229Z"}
{"level":"info","message":"⌛ Validating nombreRandom/nombreRandom.wlk","timeElapsed":127,"timestamp":"2026-09-16T14:30:12.451Z"}
{"level":"info","message":"⌛ Building environment","timeElapsed":134,"timestamp":"2026-09-16T14:30:12.654Z"}
{"level":"info","message":"⌛ Validating nombreRandom/nombreRandom.wlk","timeElapsed":150,"timestamp":"2026-09-16T14:30:12.900Z"}
{"level":"info","message":"⌛ Validating nombreRandom/nombreRandom.wlk","timeElapsed":180,"timestamp":"2026-09-16T14:30:13.082Z"}
{"level":"info","message":"⌛ Building environment","timeElapsed":113,"timestamp":"2026-09-16T14:30:13.203Z"}
{"level":"info","message":"⌛ Validating nombreRandom/nombreRandom.wlk","timeElapsed":186,"timestamp":"2026-09-16T14:30:13.396Z"}
{"level":"info","message":"⌛ Building environment","timeElapsed":101,"timestamp":"2026-09-16T14:30:13.498Z"}
{"level":"info","message":"⌛ Validating nombreRandom/nombreRandom.wlk","timeElapsed":159,"timestamp":"2026-09-16T14:30:13.773Z"}
{"level":"info","message":"⌛ Validating nombreRandom/nombreRandom.wlk","timeElapsed":159,"timestamp":"2026-09-16T14:30:14.028Z"}
{"level":"info","message":"⌛ Building environment","timeElapsed":105,"timestamp":"2026-09-16T14:30:14.141Z"}
{"level":"info","message":"⌛ Validating nombreRandom/nombreRandom.wlk","timeElapsed":145,"timestamp":"2026-09-16T14:30:14.287Z"}
{"level":"info","message":"⌛ Building environment","timeElapsed":107,"timestamp":"2026-09-16T14:30:14.394Z"}
{"level":"info","message":"⌛ Validating nombreRandom/nombreRandom.wlk","timeElapsed":130,"timestamp":"2026-09-16T14:30:14.618Z"}
{"level":"info","message":"⌛ Building environment","timeElapsed":175,"timestamp":"2026-09-16T14:30:14.794Z"}
{"level":"info","message":"⌛ Validating nombreRandom/nombreRandom.wlk","timeElapsed":142,"timestamp":"2026-09-16T14:30:14.936Z"}
{"level":"info","message":"⌛ Validating nombreRandom/nombreRandom.wlk","timeElapsed":134,"timestamp":"2026-09-16T14:30:15.075Z"}
{"level":"info","message":"⌛ Validating nombreRandom/nombreRandom.wlk","timeElapsed":147,"timestamp":"2026-09-16T14:30:15.223Z"}
{"level":"info","message":"⌛ Building environment","timeElapsed":133,"timestamp":"2026-09-16T14:30:15.500Z"}
{"level":"info","message":"⌛ Validating nombreRandom/nombreRandom.wlk","timeElapsed":185,"timestamp":"2026-09-16T14:30:15.690Z"}
{"level":"info","message":"⌛ Building environment","timeElapsed":129,"timestamp":"2026-09-16T14:30:32.566Z"}
{"level":"info","message":"⌛ Validating nombreRandom/nombreRandom.wlk","timeElapsed":147,"timestamp":"2026-09-16T14:30:32.718Z"}
{"level":"info","message":"⌛ Validating nombreRandom/nombreRandom.wlk","timeElapsed":148,"timestamp":"2026-09-16T14:30:32.972Z"}
{"level":"info","message":"⌛ Validating nombreRandom/nombreRandom.wlk","timeElapsed":173,"timestamp":"2026-09-16T14:30:33.239Z"}
{"level":"info","message":"⌛ Building environment","timeElapsed":101,"timestamp":"2026-09-16T14:30:33.340Z"}
{"level":"info","message":"⌛ Validating nombreRandom/nombreRandom.wlk","timeElapsed":163,"timestamp":"2026-09-16T14:30:33.604Z"}
{"level":"info","message":"⌛ Validating nombreRandom/nombreRandom.wlk","timeElapsed":137,"timestamp":"2026-09-16T14:30:33.741Z"}
{"level":"info","message":"⌛ Validating nombreRandom/nombreRandom.wlk","timeElapsed":146,"timestamp":"2026-09-16T14:30:34.067Z"}
{"level":"info","message":"⌛ Validating nombreRandom/nombreRandom.wlk","timeElapsed":127,"timestamp":"2026-09-16T14:30:34.200Z"}
{"level":"info","message":"⌛ Building environment","timeElapsed":123,"timestamp":"2026-09-16T14:30:34.800Z"}
{"level":"info","message":"⌛ Building environment","timeElapsed":168,"timestamp":"2026-09-16T14:30:35.005Z"}
{"level":"info","message":"⌛ Validating nombreRandom/nombreRandom.wlk","timeElapsed":213,"timestamp":"2026-09-16T14:30:35.017Z"}
{"level":"info","message":"⌛ Building environment","timeElapsed":177,"timestamp":"2026-09-16T14:30:35.195Z"}
{"level":"info","message":"⌛ Validating nombreRandom/nombreRandom.wlk","timeElapsed":207,"timestamp":"2026-09-16T14:30:35.220Z"}
{"level":"info","message":"⌛ Building environment","timeElapsed":105,"timestamp":"2026-09-16T14:30:35.310Z"}
{"level":"info","message":"⌛ Validating nombreRandom/nombreRandom.wlk","timeElapsed":138,"timestamp":"2026-09-16T14:30:35.448Z"}
{"level":"info","message":"⌛ Validating nombreRandom/nombreRandom.wlk","timeElapsed":205,"timestamp":"2026-09-16T14:30:35.739Z"}
{"level":"info","message":"⌛ Validating nombreRandom/nombreRandom.wlk","timeElapsed":254,"timestamp":"2026-09-16T14:30:36.067Z"}
{"level":"info","message":"⌛ Building environment","timeElapsed":146,"timestamp":"2026-09-16T14:30:36.219Z"}
{"level":"info","message":"⌛ Building environment","timeElapsed":102,"timestamp":"2026-09-16T14:30:36.419Z"}
{"level":"info","message":"⌛ Validating nombreRandom/nombreRandom.wlk","timeElapsed":130,"timestamp":"2026-09-16T14:30:36.549Z"}
{"level":"info","message":"⌛ Validating nombreRandom/nombreRandom.wlk","timeElapsed":142,"timestamp":"2026-09-16T14:30:36.692Z"}
{"level":"info","message":"⌛ Validating nombreRandom/nombreRandom.wlk","timeElapsed":136,"timestamp":"2026-09-16T14:30:36.832Z"}
{"level":"info","message":"⌛ Building environment","timeElapsed":104,"timestamp":"2026-09-16T14:30:37.025Z"}
{"level":"info","message":"⌛ Validating nombreRandom/nombreRandom.wlk","timeElapsed":159,"timestamp":"2026-09-16T14:30:37.282Z"}
{"level":"info","message":"⌛ Validating nombreRandom/nombreRandom.wlk","timeElapsed":121,"timestamp":"2026-09-16T14:30:37.404Z"}
{"level":"info","message":"⌛ Validating nombreRandom/nombreRandom.wlk","timeElapsed":124,"timestamp":"2026-09-16T14:30:37.528Z"}
{"level":"info","message":"⌛ Validating nombreRandom/nombreRandom.wlk","timeElapsed":130,"timestamp":"2026-09-16T14:30:38.290Z"}
{"level":"info","message":"⌛ Building environment","timeElapsed":148,"timestamp":"2026-09-16T14:30:54.539Z"}
{"level":"info","message":"⌛ Validating nombreRandom/nombreRandom.wlk","timeElapsed":175,"timestamp":"2026-09-16T14:30:54.717Z"}
{"level":"info","message":"⌛ Building environment","timeElapsed":166,"timestamp":"2026-09-16T14:30:54.886Z"}
{"level":"info","message":"⌛ Building environment","timeElapsed":131,"timestamp":"2026-09-16T14:30:55.018Z"}
{"level":"info","message":"⌛ Validating nombreRandom/nombreRandom.wlk","timeElapsed":150,"timestamp":"2026-09-16T14:30:55.168Z"}
{"level":"info","message":"⌛ Building environment","timeElapsed":146,"timestamp":"2026-09-16T14:30:55.316Z"}
{"level":"info","message":"⌛ Validating nombreRandom/nombreRandom.wlk","timeElapsed":146,"timestamp":"2026-09-16T14:30:55.462Z"}
{"level":"info","message":"⌛ Validating nombreRandom/nombreRandom.wlk","timeElapsed":145,"timestamp":"2026-09-16T14:30:55.617Z"}
{"level":"info","message":"⌛ Building environment","timeElapsed":109,"timestamp":"2026-09-16T14:30:55.731Z"}
{"level":"info","message":"⌛ Validating nombreRandom/nombreRandom.wlk","timeElapsed":138,"timestamp":"2026-09-16T14:30:55.966Z"}
{"level":"info","message":"⌛ Validating nombreRandom/nombreRandom.wlk","timeElapsed":138,"timestamp":"2026-09-16T14:30:56.105Z"}
{"level":"info","message":"⌛ Validating nombreRandom/nombreRandom.wlk","timeElapsed":151,"timestamp":"2026-09-16T14:30:56.434Z"}
{"level":"info","message":"⌛ Validating nombreRandom/nombreRandom.wlk","timeElapsed":127,"timestamp":"2026-09-16T14:30:56.562Z"}
{"level":"info","message":"⌛ Building environment","timeElapsed":127,"timestamp":"2026-09-16T14:30:56.694Z"}
{"level":"info","message":"⌛ Validating nombreRandom/nombreRandom.wlk","timeElapsed":144,"timestamp":"2026-09-16T14:30:56.846Z"}
{"level":"info","message":"⌛ Validating nombreRandom/nombreRandom.wlk","timeElapsed":153,"timestamp":"2026-09-16T14:30:57.369Z"}
{"level":"info","message":"⌛ Building environment","timeElapsed":104,"timestamp":"2026-09-16T14:30:57.476Z"}
{"level":"info","message":"⌛ Validating nombreRandom/nombreRandom.wlk","timeElapsed":154,"timestamp":"2026-09-16T14:30:57.722Z"}
{"level":"info","message":"⌛ Validating nombreRandom/nombreRandom.wlk","timeElapsed":135,"timestamp":"2026-09-16T14:30:57.858Z"}
{"level":"info","message":"⌛ Building environment","timeElapsed":161,"timestamp":"2026-09-16T14:30:58.021Z"}
{"level":"info","message":"⌛ Validating nombreRandom/nombreRandom.wlk","timeElapsed":134,"timestamp":"2026-09-16T14:30:58.359Z"}
{"level":"info","message":"⌛ Validating nombreRandom/nombreRandom.wlk","timeElapsed":155,"timestamp":"2026-09-16T14:30:58.514Z"}
{"level":"info","message":"⌛ Validating nombreRandom/nombreRandom.wlk","timeElapsed":150,"timestamp":"2026-09-16T14:30:58.670Z"}
{"level":"info","message":"⌛ Validating nombreRandom/nombreRandom.wlk","timeElapsed":145,"timestamp":"2026-09-16T14:30:58.988Z"}
{"level":"info","message":"⌛ Validating nombreRandom/nombreRandom.wlk","timeElapsed":127,"timestamp":"2026-09-16T14:30:59.119Z"}
{"level":"info","message":"⌛ Building environment","timeElapsed":104,"timestamp":"2026-09-16T14:30:59.224Z"}
{"level":"info","message":"⌛ Building environment","timeElapsed":113,"timestamp":"2026-09-16T14:30:59.344Z"}
{"level":"info","message":"⌛ Validating nombreRandom/nombreRandom.wlk","timeElapsed":152,"timestamp":"2026-09-16T14:30:59.508Z"}
{"level":"info","message":"⌛ Validating nombreRandom/nombreRandom.wlk","timeElapsed":144,"timestamp":"2026-09-16T14:30:59.652Z"}
{"level":"info","message":"⌛ Building environment","timeElapsed":130,"timestamp":"2026-09-16T14:30:59.833Z"}
{"level":"info","message":"⌛ Building environment","timeElapsed":102,"timestamp":"2026-09-16T14:30:59.936Z"}
{"level":"info","message":"⌛ Building environment","timeElapsed":124,"timestamp":"2026-09-16T14:31:00.069Z"}
{"level":"info","message":"⌛ Building environment","timeElapsed":104,"timestamp":"2026-09-16T14:31:00.264Z"}
{"level":"info","message":"⌛ Validating nombreRandom/nombreRandom.wlk","timeElapsed":183,"timestamp":"2026-09-16T14:31:00.448Z"}
{"level":"info","message":"⌛ Building environment","timeElapsed":102,"timestamp":"2026-09-16T14:31:00.552Z"}
{"level":"info","message":"⌛ Validating nombreRandom/nombreRandom.wlk","timeElapsed":172,"timestamp":"2026-09-16T14:31:00.724Z"}
{"level":"info","message":"⌛ Validating nombreRandom/nombreRandom.wlk","timeElapsed":136,"timestamp":"2026-09-16T14:31:00.953Z"}
{"level":"info","message":"⌛ Validating nombreRandom/nombreRandom.wlk","timeElapsed":132,"timestamp":"2026-09-16T14:31:01.170Z"}
{"level":"info","message":"⌛ Validating nombreRandom/nombreRandom.wlk","timeElapsed":165,"timestamp":"2026-09-16T14:31:01.336Z"}
{"level":"info","message":"⌛ Building environment","timeElapsed":110,"timestamp":"2026-09-16T14:31:01.447Z"}
{"level":"info","message":"⌛ Building environment","timeElapsed":111,"timestamp":"2026-09-16T14:31:01.799Z"}
{"level":"info","message":"⌛ Validating nombreRandom/nombreRandom.wlk","timeElapsed":174,"timestamp":"2026-09-16T14:31:01.806Z"}
{"level":"info","message":"⌛ Validating nombreRandom/nombreRandom.wlk","timeElapsed":152,"timestamp":"2026-09-16T14:31:01.966Z"}
{"level":"info","message":"⌛ Validating nombreRandom/nombreRandom.wlk","timeElapsed":218,"timestamp":"2026-09-16T14:31:02.020Z"}
{"level":"info","message":"⌛ Validating nombreRandom/nombreRandom.wlk","timeElapsed":130,"timestamp":"2026-09-16T14:31:02.098Z"}
{"level":"info","message":"⌛ Validating nombreRandom/nombreRandom.wlk","timeElapsed":124,"timestamp":"2026-09-16T14:31:02.223Z"}
{"level":"info","message":"⌛ Validating nombreRandom/nombreRandom.wlk","timeElapsed":120,"timestamp":"2026-09-16T14:31:02.343Z"}
{"level":"info","message":"⌛ Validating nombreRandom/nombreRandom.wlk","timeElapsed":119,"timestamp":"2026-09-16T14:31:02.465Z"}
{"level":"info","message":"⌛ Building environment","timeElapsed":144,"timestamp":"2026-09-16T14:32:36.172Z"}
{"level":"info","message":"⌛ Validating nombreRandom/nombreRandom.wlk","timeElapsed":191,"timestamp":"2026-09-16T14:32:36.370Z"}
{"level":"info","message":"⌛ Building environment","timeElapsed":116,"timestamp":"2026-09-16T14:32:36.487Z"}
{"level":"info","message":"⌛ Validating nombreRandom/nombreRandom.wlk","timeElapsed":127,"timestamp":"2026-09-16T14:32:36.617Z"}
{"level":"info","message":"⌛ Building environment","timeElapsed":185,"timestamp":"2026-09-16T14:32:37.731Z"}
{"level":"info","message":"⌛ Validating nombreRandom/nombreRandom.wlk","timeElapsed":174,"timestamp":"2026-09-16T14:32:37.910Z"}
{"level":"info","message":"⌛ Building environment","timeElapsed":138,"timestamp":"2026-09-16T14:33:35.175Z"}
{"level":"info","message":"⌛ Validating nombreRandom/nombreRandom.wlk","timeElapsed":149,"timestamp":"2026-09-16T14:33:35.328Z"}
{"level":"info","message":"⌛ Validating nombreRandom/nombreRandom.wlk","timeElapsed":128,"timestamp":"2026-09-16T14:33:35.553Z"}
{"level":"info","message":"⌛ Building environment","timeElapsed":103,"timestamp":"2026-09-16T14:33:35.778Z"}
{"level":"info","message":"⌛ Validating nombreRandom/nombreRandom.wlk","timeElapsed":131,"timestamp":"2026-09-16T14:33:35.915Z"}
{"level":"info","message":"⌛ Validating nombreRandom/nombreRandom.wlk","timeElapsed":225,"timestamp":"2026-09-16T14:33:36.500Z"}
{"level":"info","message":"⌛ Building environment","timeElapsed":168,"timestamp":"2026-09-16T14:33:36.672Z"}
{"level":"info","message":"⌛ Validating nombreRandom/nombreRandom.wlk","timeElapsed":150,"timestamp":"2026-09-16T14:33:36.829Z"}
{"level":"info","message":"⌛ Building environment","timeElapsed":206,"timestamp":"2026-09-16T14:33:37.726Z"}
{"level":"info","message":"⌛ Validating nombreRandom/nombreRandom.wlk","timeElapsed":181,"timestamp":"2026-09-16T14:33:37.910Z"}
{"level":"info","message":"⌛ Building environment","timeElapsed":137,"timestamp":"2026-09-16T14:33:38.419Z"}
{"level":"info","message":"⌛ Validating nombreRandom/nombreRandom.wlk","timeElapsed":187,"timestamp":"2026-09-16T14:33:38.609Z"}
{"level":"info","message":"⌛ Building environment","timeElapsed":103,"timestamp":"2026-09-16T14:33:38.810Z"}
{"level":"info","message":"⌛ Validating nombreRandom/nombreRandom.wlk","timeElapsed":160,"timestamp":"2026-09-16T14:33:38.978Z"}
{"level":"info","message":"⌛ Validating nombreRandom/nombreRandom.wlk","timeElapsed":137,"timestamp":"2026-09-16T14:33:39.115Z"}
{"level":"info","message":"⌛ Validating nombreRandom/nombreRandom.wlk","timeElapsed":133,"timestamp":"2026-09-16T14:33:39.332Z"}
{"level":"info","message":"⌛ Building environment","timeElapsed":163,"timestamp":"2026-09-16T14:33:40.186Z"}
{"level":"info","message":"⌛ Validating nombreRandom/nombreRandom.wlk","timeElapsed":143,"timestamp":"2026-09-16T14:33:40.336Z"}
{"level":"info","message":"⌛ Building environment","timeElapsed":144,"timestamp":"2026-09-16T14:33:40.945Z"}
{"level":"info","message":"⌛ Validating nombreRandom/nombreRandom.wlk","timeElapsed":146,"timestamp":"2026-09-16T14:33:41.097Z"}
{"level":"info","message":"⌛ Building environment","timeElapsed":127,"timestamp":"2026-09-16T14:33:42.070Z"}
{"level":"info","message":"⌛ Validating nombreRandom/nombreRandom.wlk","timeElapsed":175,"timestamp":"2026-09-16T14:33:42.249Z"}
{"level":"info","message":"⌛ Building environment","timeElapsed":143,"timestamp":"2026-09-16T14:33:45.468Z"}
{"level":"info","message":"⌛ Building environment","timeElapsed":130,"timestamp":"2026-09-16T14:33:45.599Z"}
{"level":"info","message":"⌛ Validating nombreRandom/nombreRandom.wlk","timeElapsed":216,"timestamp":"2026-09-16T14:33:45.816Z"}
{"level":"info","message":"⌛ Validating nombreRandom/nombreRandom.wlk","timeElapsed":163,"timestamp":"2026-09-16T14:33:45.980Z"}
{"level":"info","message":"⌛ Building environment","timeElapsed":112,"timestamp":"2026-09-16T14:33:46.093Z"}
{"level":"info","message":"⌛ Validating nombreRandom/nombreRandom.wlk","timeElapsed":146,"timestamp":"2026-09-16T14:33:46.244Z"}
{"level":"info","message":"⌛ Validating nombreRandom/nombreRandom.wlk","timeElapsed":162,"timestamp":"2026-09-16T14:33:46.502Z"}
{"level":"info","message":"⌛ Building environment","timeElapsed":114,"timestamp":"2026-09-16T14:33:46.702Z"}
{"level":"info","message":"⌛ Validating nombreRandom/nombreRandom.wlk","timeElapsed":133,"timestamp":"2026-09-16T14:33:46.835Z"}
{"level":"info","message":"⌛ Validating nombreRandom/nombreRandom.wlk","timeElapsed":142,"timestamp":"2026-09-16T14:33:47.075Z"}
{"level":"info","message":"⌛ Validating nombreRandom/nombreRandom.wlk","timeElapsed":135,"timestamp":"2026-09-16T14:33:47.299Z"}
{"level":"info","message":"⌛ Validating nombreRandom/nombreRandom.wlk","timeElapsed":126,"timestamp":"2026-09-16T14:33:47.430Z"}
{"level":"info","message":"⌛ Building environment","timeElapsed":143,"timestamp":"2026-09-16T14:33:48.176Z"}
{"level":"info","message":"⌛ Validating nombreRandom/nombreRandom.wlk","timeElapsed":136,"timestamp":"2026-09-16T14:33:48.319Z"}
{"level":"info","message":"⌛ Building environment","timeElapsed":137,"timestamp":"2026-09-16T14:34:01.257Z"}
{"level":"info","message":"⌛ Validating nombreRandom/nombreRandom.wlk","timeElapsed":140,"timestamp":"2026-09-16T14:34:01.401Z"}
{"level":"info","message":"⌛ Building environment","timeElapsed":157,"timestamp":"2026-09-16T14:34:01.559Z"}
{"level":"info","message":"⌛ Validating nombreRandom/nombreRandom.wlk","timeElapsed":148,"timestamp":"2026-09-16T14:34:01.805Z"}
{"level":"info","message":"⌛ Validating nombreRandom/nombreRandom.wlk","timeElapsed":163,"timestamp":"2026-09-16T14:34:01.967Z"}
{"level":"info","message":"⌛ Validating nombreRandom/nombreRandom.wlk","timeElapsed":149,"timestamp":"2026-09-16T14:34:02.323Z"}
{"level":"info","message":"⌛ Validating nombreRandom/nombreRandom.wlk","timeElapsed":142,"timestamp":"2026-09-16T14:34:02.465Z"}
{"level":"info","message":"⌛ Validating nombreRandom/nombreRandom.wlk","timeElapsed":149,"timestamp":"2026-09-16T14:34:02.712Z"}
{"level":"info","message":"⌛ Validating nombreRandom/nombreRandom.wlk","timeElapsed":146,"timestamp":"2026-09-16T14:34:03.065Z"}
{"level":"info","message":"⌛ Validating nombreRandom/nombreRandom.wlk","timeElapsed":146,"timestamp":"2026-09-16T14:34:03.212Z"}
{"level":"info","message":"⌛ Validating nombreRandom/nombreRandom.wlk","timeElapsed":208,"timestamp":"2026-09-16T14:34:03.596Z"}
{"level":"info","message":"⌛ Validating nombreRandom/nombreRandom.wlk","timeElapsed":141,"timestamp":"2026-09-16T14:34:03.739Z"}
{"level":"info","message":"⌛ Building environment","timeElapsed":115,"timestamp":"2026-09-16T14:34:03.854Z"}
{"level":"info","message":"⌛ Validating nombreRandom/nombreRandom.wlk","timeElapsed":138,"timestamp":"2026-09-16T14:34:04.184Z"}
{"level":"info","message":"⌛ Validating nombreRandom/nombreRandom.wlk","timeElapsed":127,"timestamp":"2026-09-16T14:34:04.312Z"}
{"level":"info","message":"⌛ Validating nombreRandom/nombreRandom.wlk","timeElapsed":121,"timestamp":"2026-09-16T14:34:04.439Z"}
{"level":"info","message":"⌛ Building environment","timeElapsed":127,"timestamp":"2026-09-16T14:34:04.858Z"}
{"level":"info","message":"⌛ Validating nombreRandom/nombreRandom.wlk","timeElapsed":171,"timestamp":"2026-09-16T14:34:05.035Z"}
{"level":"info","message":"⌛ Building environment","timeElapsed":136,"timestamp":"2026-09-16T14:34:41.462Z"}
{"level":"info","message":"⌛ Validating nombreRandom/nombreRandom.wlk","timeElapsed":131,"timestamp":"2026-09-16T14:34:41.597Z"}
{"level":"info","message":"⌛ Validating nombreRandom/nombreRandom.wlk","timeElapsed":147,"timestamp":"2026-09-16T14:34:41.922Z"}
{"level":"info","message":"⌛ Building environment","timeElapsed":115,"timestamp":"2026-09-16T14:34:42.037Z"}
{"level":"info","message":"⌛ Building environment","timeElapsed":117,"timestamp":"2026-09-16T14:34:42.165Z"}
{"level":"info","message":"⌛ Validating nombreRandom/nombreRandom.wlk","timeElapsed":146,"timestamp":"2026-09-16T14:34:42.312Z"}
{"level":"info","message":"⌛ Validating nombreRandom/nombreRandom.wlk","timeElapsed":150,"timestamp":"2026-09-16T14:34:42.505Z"}
{"level":"info","message":"⌛ Building environment","timeElapsed":147,"timestamp":"2026-09-16T14:34:42.854Z"}
{"level":"info","message":"⌛ Validating nombreRandom/nombreRandom.wlk","timeElapsed":185,"timestamp":"2026-09-16T14:34:43.042Z"}
{"level":"info","message":"⌛ Building environment","timeElapsed":148,"timestamp":"2026-09-16T14:34:43.203Z"}
{"level":"info","message":"⌛ Building environment","timeElapsed":116,"timestamp":"2026-09-16T14:34:43.320Z"}
{"level":"info","message":"⌛ Validating nombreRandom/nombreRandom.wlk","timeElapsed":188,"timestamp":"2026-09-16T14:34:43.509Z"}
{"level":"info","message":"⌛ Building environment","timeElapsed":136,"timestamp":"2026-09-16T14:34:43.646Z"}
{"level":"info","message":"⌛ Validating nombreRandom/nombreRandom.wlk","timeElapsed":148,"timestamp":"2026-09-16T14:34:43.796Z"}
{"level":"info","message":"⌛ Validating nombreRandom/nombreRandom.wlk","timeElapsed":229,"timestamp":"2026-09-16T14:34:44.137Z"}
{"level":"info","message":"⌛ Building environment","timeElapsed":107,"timestamp":"2026-09-16T14:34:44.244Z"}
{"level":"info","message":"⌛ Building environment","timeElapsed":143,"timestamp":"2026-09-16T14:34:44.389Z"}
{"level":"info","message":"⌛ Validating nombreRandom/nombreRandom.wlk","timeElapsed":164,"timestamp":"2026-09-16T14:34:44.554Z"}
{"level":"info","message":"⌛ Validating nombreRandom/nombreRandom.wlk","timeElapsed":162,"timestamp":"2026-09-16T14:34:44.778Z"}
{"level":"info","message":"⌛ Validating nombreRandom/nombreRandom.wlk","timeElapsed":182,"timestamp":"2026-09-16T14:34:44.960Z"}
{"level":"info","message":"⌛ Building environment","timeElapsed":147,"timestamp":"2026-09-16T14:34:45.113Z"}
{"level":"info","message":"⌛ Building environment","timeElapsed":111,"timestamp":"2026-09-16T14:34:45.224Z"}
{"level":"info","message":"⌛ Building environment","timeElapsed":129,"timestamp":"2026-09-16T14:34:45.353Z"}
{"level":"info","message":"⌛ Building environment","timeElapsed":126,"timestamp":"2026-09-16T14:34:45.480Z"}
{"level":"info","message":"⌛ Validating nombreRandom/nombreRandom.wlk","timeElapsed":153,"timestamp":"2026-09-16T14:34:45.649Z"}
{"level":"info","message":"⌛ Validating nombreRandom/nombreRandom.wlk","timeElapsed":152,"timestamp":"2026-09-16T14:34:45.802Z"}
{"level":"info","message":"⌛ Validating nombreRandom/nombreRandom.wlk","timeElapsed":188,"timestamp":"2026-09-16T14:34:46.074Z"}
{"level":"info","message":"⌛ Validating nombreRandom/nombreRandom.wlk","timeElapsed":154,"timestamp":"2026-09-16T14:34:46.228Z"}
{"level":"info","message":"⌛ Validating nombreRandom/nombreRandom.wlk","timeElapsed":160,"timestamp":"2026-09-16T14:34:46.401Z"}
{"level":"info","message":"⌛ Building environment","timeElapsed":135,"timestamp":"2026-09-16T14:34:46.537Z"}
{"level":"info","message":"⌛ Building environment","timeElapsed":129,"timestamp":"2026-09-16T14:34:46.669Z"}
{"level":"info","message":"⌛ Building environment","timeElapsed":183,"timestamp":"2026-09-16T14:34:46.943Z"}
{"level":"info","message":"⌛ Building environment","timeElapsed":214,"timestamp":"2026-09-16T14:34:47.159Z"}
{"level":"info","message":"⌛ Validating nombreRandom/nombreRandom.wlk","timeElapsed":150,"timestamp":"2026-09-16T14:34:47.310Z"}
{"level":"info","message":"⌛ Building environment","timeElapsed":115,"timestamp":"2026-09-16T14:34:47.425Z"}
{"level":"info","message":"⌛ Building environment","timeElapsed":113,"timestamp":"2026-09-16T14:34:47.539Z"}
{"level":"info","message":"⌛ Validating nombreRandom/nombreRandom.wlk","timeElapsed":178,"timestamp":"2026-09-16T14:34:47.717Z"}
{"level":"info","message":"⌛ Validating nombreRandom/nombreRandom.wlk","timeElapsed":178,"timestamp":"2026-09-16T14:34:47.895Z"}
{"level":"info","message":"⌛ Validating nombreRandom/nombreRandom.wlk","timeElapsed":160,"timestamp":"2026-09-16T14:34:48.062Z"}
{"level":"info","message":"⌛ Validating nombreRandom/nombreRandom.wlk","timeElapsed":159,"timestamp":"2026-09-16T14:34:48.222Z"}
{"level":"info","message":"⌛ Validating nombreRandom/nombreRandom.wlk","timeElapsed":171,"timestamp":"2026-09-16T14:34:48.395Z"}
{"level":"info","message":"⌛ Building environment","timeElapsed":119,"timestamp":"2026-09-16T14:34:48.515Z"}
{"level":"info","message":"⌛ Validating nombreRandom/nombreRandom.wlk","timeElapsed":144,"timestamp":"2026-09-16T14:34:48.660Z"}
{"level":"info","message":"⌛ Building environment","timeElapsed":194,"timestamp":"2026-09-16T14:34:49.042Z"}
{"level":"info","message":"⌛ Building environment","timeElapsed":141,"timestamp":"2026-09-16T14:34:49.282Z"}
{"level":"info","message":"⌛ Building environment","timeElapsed":148,"timestamp":"2026-09-16T14:34:49.449Z"}
{"level":"info","message":"⌛ Building environment","timeElapsed":124,"timestamp":"2026-09-16T14:34:49.574Z"}
{"level":"info","message":"⌛ Validating nombreRandom/nombreRandom.wlk","timeElapsed":150,"timestamp":"2026-09-16T14:34:49.725Z"}
{"level":"info","message":"⌛ Validating nombreRandom/nombreRandom.wlk","timeElapsed":166,"timestamp":"2026-09-16T14:34:49.980Z"}
{"level":"info","message":"⌛ Validating nombreRandom/nombreRandom.wlk","timeElapsed":155,"timestamp":"2026-09-16T14:34:50.136Z"}
{"level":"info","message":"⌛ Building environment","timeElapsed":161,"timestamp":"2026-09-16T14:34:50.294Z"}
{"level":"info","message":"⌛ Building environment","timeElapsed":186,"timestamp":"2026-09-16T14:34:50.323Z"}
{"level":"info","message":"⌛ Building environment","timeElapsed":174,"timestamp":"2026-09-16T14:34:50.498Z"}
{"level":"info","message":"⌛ Validating nombreRandom/nombreRandom.wlk","timeElapsed":272,"timestamp":"2026-09-16T14:34:50.570Z"}
{"level":"info","message":"⌛ Validating nombreRandom/nombreRandom.wlk","timeElapsed":206,"timestamp":"2026-09-16T14:34:50.704Z"}
{"level":"info","message":"⌛ Validating nombreRandom/nombreRandom.wlk","timeElapsed":145,"timestamp":"2026-09-16T14:34:50.849Z"}
{"level":"info","message":"⌛ Validating nombreRandom/nombreRandom.wlk","timeElapsed":150,"timestamp":"2026-09-16T14:34:51.000Z"}
{"level":"info","message":"⌛ Validating nombreRandom/nombreRandom.wlk","timeElapsed":148,"timestamp":"2026-09-16T14:34:51.154Z"}
{"level":"info","message":"⌛ Validating nombreRandom/nombreRandom.wlk","timeElapsed":148,"timestamp":"2026-09-16T14:34:51.303Z"}
{"level":"info","message":"⌛ Validating nombreRandom/nombreRandom.wlk","timeElapsed":135,"timestamp":"2026-09-16T14:34:51.439Z"}
{"level":"info","message":"⌛ Validating nombreRandom/nombreRandom.wlk","timeElapsed":147,"timestamp":"2026-09-16T14:34:51.588Z"}
{"level":"info","message":"⌛ Validating nombreRandom/nombreRandom.wlk","timeElapsed":143,"timestamp":"2026-09-16T14:34:52.249Z"}
{"level":"info","message":"⌛ Building environment","timeElapsed":115,"timestamp":"2026-09-16T14:34:52.364Z"}
{"level":"info","message":"⌛ Validating nombreRandom/nombreRandom.wlk","timeElapsed":138,"timestamp":"2026-09-16T14:34:52.595Z"}
{"level":"info","message":"⌛ Validating nombreRandom/nombreRandom.wlk","timeElapsed":129,"timestamp":"2026-09-16T14:34:52.725Z"}
{"level":"info","message":"⌛ Validating nombreRandom/nombreRandom.wlk","timeElapsed":133,"timestamp":"2026-09-16T14:34:52.967Z"}
{"level":"info","message":"⌛ Building environment","timeElapsed":117,"timestamp":"2026-09-16T14:34:53.623Z"}
{"level":"info","message":"⌛ Validating nombreRandom/nombreRandom.wlk","timeElapsed":132,"timestamp":"2026-09-16T14:34:53.757Z"}
{"level":"info","message":"⌛ Building environment","timeElapsed":169,"timestamp":"2026-09-16T14:34:54.112Z"}
{"level":"info","message":"⌛ Validating nombreRandom/nombreRandom.wlk","timeElapsed":151,"timestamp":"2026-09-16T14:34:54.354Z"}
{"level":"info","message":"⌛ Validating nombreRandom/nombreRandom.wlk","timeElapsed":172,"timestamp":"2026-09-16T14:34:54.528Z"}
{"level":"info","message":"⌛ Building environment","timeElapsed":112,"timestamp":"2026-09-16T14:34:54.639Z"}
{"level":"info","message":"⌛ Validating nombreRandom/nombreRandom.wlk","timeElapsed":130,"timestamp":"2026-09-16T14:34:54.880Z"}
{"level":"info","message":"⌛ Building environment","timeElapsed":119,"timestamp":"2026-09-16T14:34:55.000Z"}
{"level":"info","message":"⌛ Validating nombreRandom/nombreRandom.wlk","timeElapsed":162,"timestamp":"2026-09-16T14:34:55.161Z"}
{"level":"info","message":"⌛ Building environment","timeElapsed":112,"timestamp":"2026-09-16T14:34:55.374Z"}
{"level":"info","message":"⌛ Validating nombreRandom/nombreRandom.wlk","timeElapsed":143,"timestamp":"2026-09-16T14:34:55.517Z"}
{"level":"info","message":"⌛ Building environment","timeElapsed":101,"timestamp":"2026-09-16T14:34:55.619Z"}
{"level":"info","message":"⌛ Building environment","timeElapsed":103,"timestamp":"2026-09-16T14:34:55.725Z"}
{"level":"info","message":"⌛ Building environment","timeElapsed":112,"timestamp":"2026-09-16T14:34:55.838Z"}
{"level":"info","message":"⌛ Validating nombreRandom/nombreRandom.wlk","timeElapsed":137,"timestamp":"2026-09-16T14:34:55.975Z"}
{"level":"info","message":"⌛ Building environment","timeElapsed":167,"timestamp":"2026-09-16T14:34:56.144Z"}
{"level":"info","message":"⌛ Validating nombreRandom/nombreRandom.wlk","timeElapsed":160,"timestamp":"2026-09-16T14:34:56.305Z"}
{"level":"info","message":"⌛ Building environment","timeElapsed":106,"timestamp":"2026-09-16T14:34:56.508Z"}
{"level":"info","message":"⌛ Validating nombreRandom/nombreRandom.wlk","timeElapsed":151,"timestamp":"2026-09-16T14:34:56.669Z"}
{"level":"info","message":"⌛ Validating nombreRandom/nombreRandom.wlk","timeElapsed":150,"timestamp":"2026-09-16T14:34:56.912Z"}
{"level":"info","message":"⌛ Validating nombreRandom/nombreRandom.wlk","timeElapsed":148,"timestamp":"2026-09-16T14:34:57.150Z"}
{"level":"info","message":"⌛ Validating nombreRandom/nombreRandom.wlk","timeElapsed":141,"timestamp":"2026-09-16T14:34:57.292Z"}
{"level":"info","message":"⌛ Building environment","timeElapsed":104,"timestamp":"2026-09-16T14:34:57.396Z"}
{"level":"info","message":"⌛ Building environment","timeElapsed":129,"timestamp":"2026-09-16T14:34:57.531Z"}
{"level":"info","message":"⌛ Validating nombreRandom/nombreRandom.wlk","timeElapsed":146,"timestamp":"2026-09-16T14:34:57.678Z"}
{"level":"info","message":"⌛ Validating nombreRandom/nombreRandom.wlk","timeElapsed":183,"timestamp":"2026-09-16T14:34:57.863Z"}
{"level":"info","message":"⌛ Building environment","timeElapsed":113,"timestamp":"2026-09-16T14:34:57.978Z"}
{"level":"info","message":"⌛ Validating nombreRandom/nombreRandom.wlk","timeElapsed":145,"timestamp":"2026-09-16T14:34:58.217Z"}
{"level":"info","message":"⌛ Validating nombreRandom/nombreRandom.wlk","timeElapsed":182,"timestamp":"2026-09-16T14:34:58.486Z"}
{"level":"info","message":"⌛ Building environment","timeElapsed":115,"timestamp":"2026-09-16T14:34:58.601Z"}
{"level":"info","message":"⌛ Validating nombreRandom/nombreRandom.wlk","timeElapsed":129,"timestamp":"2026-09-16T14:34:58.730Z"}
{"level":"info","message":"⌛ Validating nombreRandom/nombreRandom.wlk","timeElapsed":119,"timestamp":"2026-09-16T14:34:58.855Z"}
{"level":"info","message":"⌛ Validating nombreRandom/nombreRandom.wlk","timeElapsed":127,"timestamp":"2026-09-16T14:34:59.061Z"}
{"level":"info","message":"⌛ Validating nombreRandom/nombreRandom.wlk","timeElapsed":143,"timestamp":"2026-09-16T14:34:59.298Z"}
{"level":"info","message":"⌛ Building environment","timeElapsed":111,"timestamp":"2026-09-16T14:34:59.325Z"}
{"level":"info","message":"⌛ Validating nombreRandom/nombreRandom.wlk","timeElapsed":161,"timestamp":"2026-09-16T14:34:59.464Z"}
{"level":"info","message":"⌛ Validating nombreRandom/nombreRandom.wlk","timeElapsed":182,"timestamp":"2026-09-16T14:34:59.515Z"}
{"level":"info","message":"⌛ Validating nombreRandom/nombreRandom.wlk","timeElapsed":135,"timestamp":"2026-09-16T14:34:59.600Z"}
{"level":"info","message":"⌛ Validating nombreRandom/nombreRandom.wlk","timeElapsed":120,"timestamp":"2026-09-16T14:34:59.720Z"}
{"level":"info","message":"⌛ Validating nombreRandom/nombreRandom.wlk","timeElapsed":142,"timestamp":"2026-09-16T14:34:59.862Z"}
{"level":"info","message":"⌛ Validating nombreRandom/nombreRandom.wlk","timeElapsed":127,"timestamp":"2026-09-16T14:35:00.515Z"}
{"level":"info","message":"⌛ Building environment","timeElapsed":116,"timestamp":"2026-09-16T14:35:00.901Z"}
{"level":"info","message":"⌛ Validating nombreRandom/nombreRandom.wlk","timeElapsed":132,"timestamp":"2026-09-16T14:35:01.038Z"}
{"level":"info","message":"⌛ Validating nombreRandom/nombreRandom.wlk","timeElapsed":138,"timestamp":"2026-09-16T14:35:01.402Z"}
{"level":"info","message":"⌛ Building environment","timeElapsed":122,"timestamp":"2026-09-16T14:35:02.432Z"}
{"level":"info","message":"⌛ Building environment","timeElapsed":179,"timestamp":"2026-09-16T14:35:02.495Z"}
{"level":"info","message":"⌛ Validating nombreRandom/nombreRandom.wlk","timeElapsed":150,"timestamp":"2026-09-16T14:35:02.649Z"}
{"level":"info","message":"⌛ Validating nombreRandom/nombreRandom.wlk","timeElapsed":226,"timestamp":"2026-09-16T14:35:02.688Z"}
{"level":"info","message":"⌛ Validating nombreRandom/nombreRandom.wlk","timeElapsed":129,"timestamp":"2026-09-16T14:35:03.063Z"}
{"level":"info","message":"⌛ Building environment","timeElapsed":165,"timestamp":"2026-09-16T14:35:03.230Z"}
{"level":"info","message":"⌛ Building environment","timeElapsed":104,"timestamp":"2026-09-16T14:35:03.334Z"}
{"level":"info","message":"⌛ Validating nombreRandom/nombreRandom.wlk","timeElapsed":147,"timestamp":"2026-09-16T14:35:03.481Z"}
{"level":"info","message":"⌛ Validating nombreRandom/nombreRandom.wlk","timeElapsed":152,"timestamp":"2026-09-16T14:35:03.739Z"}
{"level":"info","message":"⌛ Building environment","timeElapsed":112,"timestamp":"2026-09-16T14:35:03.852Z"}
{"level":"info","message":"⌛ Validating nombreRandom/nombreRandom.wlk","timeElapsed":198,"timestamp":"2026-09-16T14:35:04.051Z"}
{"level":"info","message":"⌛ Building environment","timeElapsed":107,"timestamp":"2026-09-16T14:35:04.255Z"}
{"level":"info","message":"⌛ Validating nombreRandom/nombreRandom.wlk","timeElapsed":157,"timestamp":"2026-09-16T14:35:04.412Z"}
{"level":"info","message":"⌛ Building environment","timeElapsed":111,"timestamp":"2026-09-16T14:35:04.615Z"}
{"level":"info","message":"⌛ Validating nombreRandom/nombreRandom.wlk","timeElapsed":155,"timestamp":"2026-09-16T14:35:04.771Z"}
{"level":"info","message":"⌛ Validating nombreRandom/nombreRandom.wlk","timeElapsed":138,"timestamp":"2026-09-16T14:35:04.914Z"}
{"level":"info","message":"⌛ Building environment","timeElapsed":171,"timestamp":"2026-09-16T14:35:05.096Z"}
{"level":"info","message":"⌛ Validating nombreRandom/nombreRandom.wlk","timeElapsed":135,"timestamp":"2026-09-16T14:35:05.231Z"}
{"level":"info","message":"⌛ Validating nombreRandom/nombreRandom.wlk","timeElapsed":159,"timestamp":"2026-09-16T14:35:05.391Z"}
{"level":"info","message":"⌛ Validating nombreRandom/nombreRandom.wlk","timeElapsed":131,"timestamp":"2026-09-16T14:35:05.618Z"}
{"level":"info","message":"⌛ Validating nombreRandom/nombreRandom.wlk","timeElapsed":129,"timestamp":"2026-09-16T14:35:05.845Z"}
{"level":"info","message":"⌛ Validating nombreRandom/nombreRandom.wlk","timeElapsed":123,"timestamp":"2026-09-16T14:35:05.969Z"}
{"level":"info","message":"⌛ Building environment","timeElapsed":111,"timestamp":"2026-09-16T14:35:06.436Z"}
{"level":"info","message":"⌛ Building environment","timeElapsed":132,"timestamp":"2026-09-16T14:35:06.448Z"}
{"level":"info","message":"⌛ Validating nombreRandom/nombreRandom.wlk","timeElapsed":170,"timestamp":"2026-09-16T14:35:06.610Z"}
{"level":"info","message":"⌛ Validating nombreRandom/nombreRandom.wlk","timeElapsed":207,"timestamp":"2026-09-16T14:35:06.659Z"}
{"level":"info","message":"⌛ Validating nombreRandom/nombreRandom.wlk","timeElapsed":142,"timestamp":"2026-09-16T14:35:06.858Z"}
{"level":"info","message":"⌛ Building environment","timeElapsed":112,"timestamp":"2026-09-16T14:35:07.678Z"}
{"level":"info","message":"⌛ Building environment","timeElapsed":124,"timestamp":"2026-09-16T14:35:07.728Z"}
{"level":"info","message":"⌛ Validating nombreRandom/nombreRandom.wlk","timeElapsed":196,"timestamp":"2026-09-16T14:35:07.880Z"}
{"level":"info","message":"⌛ Validating nombreRandom/nombreRandom.wlk","timeElapsed":186,"timestamp":"2026-09-16T14:35:07.916Z"}
{"level":"info","message":"⌛ Validating nombreRandom/nombreRandom.wlk","timeElapsed":156,"timestamp":"2026-09-16T14:35:08.995Z"}
{"level":"info","message":"⌛ Building environment","timeElapsed":160,"timestamp":"2026-09-16T14:37:12.957Z"}
{"level":"info","message":"⌛ Validating nombreRandom/nombreRandom.wlk","timeElapsed":163,"timestamp":"2026-09-16T14:37:13.140Z"}
{"level":"info","message":"⌛ Building environment","timeElapsed":150,"timestamp":"2026-09-16T14:37:13.291Z"}
{"level":"info","message":"⌛ Validating nombreRandom/nombreRandom.wlk","timeElapsed":154,"timestamp":"2026-09-16T14:37:13.453Z"}
{"level":"info","message":"⌛ Building environment","timeElapsed":146,"timestamp":"2026-09-16T14:37:13.949Z"}
{"level":"info","message":"⌛ Validating nombreRandom/nombreRandom.wlk","timeElapsed":208,"timestamp":"2026-09-16T14:37:14.160Z"}
{"level":"info","message":"⌛ Building environment","timeElapsed":110,"timestamp":"2026-09-16T14:37:14.271Z"}
{"level":"info","message":"⌛ Validating nombreRandom/nombreRandom.wlk","timeElapsed":132,"timestamp":"2026-09-16T14:37:14.407Z"}
{"level":"info","message":"⌛ Validating nombreRandom/nombreRandom.wlk","timeElapsed":129,"timestamp":"2026-09-16T14:37:14.721Z"}
{"level":"info","message":"⌛ Building environment","timeElapsed":151,"timestamp":"2026-09-16T14:37:15.746Z"}
{"level":"info","message":"⌛ Validating nombreRandom/nombreRandom.wlk","timeElapsed":166,"timestamp":"2026-09-16T14:37:15.918Z"}
{"level":"info","message":"⌛ Building environment","timeElapsed":152,"timestamp":"2026-09-16T14:37:16.391Z"}
{"level":"info","message":"⌛ Validating nombreRandom/nombreRandom.wlk","timeElapsed":185,"timestamp":"2026-09-16T14:37:16.579Z"}
{"level":"info","message":"⌛ Building environment","timeElapsed":159,"timestamp":"2026-09-16T14:37:16.739Z"}
{"level":"info","message":"⌛ Validating nombreRandom/nombreRandom.wlk","timeElapsed":191,"timestamp":"2026-09-16T14:37:16.932Z"}
{"level":"info","message":"⌛ Validating nombreRandom/nombreRandom.wlk","timeElapsed":146,"timestamp":"2026-09-16T14:37:17.172Z"}
{"level":"info","message":"⌛ Validating nombreRandom/nombreRandom.wlk","timeElapsed":143,"timestamp":"2026-09-16T14:37:17.428Z"}
{"level":"info","message":"⌛ Building environment","timeElapsed":181,"timestamp":"2026-09-16T14:37:17.611Z"}
{"level":"info","message":"⌛ Building environment","timeElapsed":106,"timestamp":"2026-09-16T14:37:17.718Z"}
{"level":"info","message":"⌛ Validating nombreRandom/nombreRandom.wlk","timeElapsed":154,"timestamp":"2026-09-16T14:37:17.873Z"}
{"level":"info","message":"⌛ Validating nombreRandom/nombreRandom.wlk","timeElapsed":151,"timestamp":"2026-09-16T14:37:18.024Z"}
{"level":"info","message":"⌛ Building environment","timeElapsed":103,"timestamp":"2026-09-16T14:37:19.097Z"}
{"level":"info","message":"⌛ Validating nombreRandom/nombreRandom.wlk","timeElapsed":134,"timestamp":"2026-09-16T14:37:19.240Z"}
{"level":"info","message":"⌛ Validating nombreRandom/nombreRandom.wlk","timeElapsed":147,"timestamp":"2026-09-16T14:37:19.502Z"}
{"level":"info","message":"⌛ Building environment","timeElapsed":190,"timestamp":"2026-09-16T14:37:19.694Z"}
{"level":"info","message":"⌛ Building environment","timeElapsed":104,"timestamp":"2026-09-16T14:37:19.799Z"}
{"level":"info","message":"⌛ Validating nombreRandom/nombreRandom.wlk","timeElapsed":160,"timestamp":"2026-09-16T14:37:19.960Z"}
{"level":"info","message":"⌛ Validating nombreRandom/nombreRandom.wlk","timeElapsed":135,"timestamp":"2026-09-16T14:37:20.096Z"}
{"level":"info","message":"⌛ Validating nombreRandom/nombreRandom.wlk","timeElapsed":129,"timestamp":"2026-09-16T14:37:20.325Z"}
{"level":"info","message":"⌛ Validating nombreRandom/nombreRandom.wlk","timeElapsed":139,"timestamp":"2026-09-16T14:37:20.652Z"}
{"level":"info","message":"⌛ Building environment","timeElapsed":108,"timestamp":"2026-09-16T14:37:20.858Z"}
{"level":"info","message":"⌛ Validating nombreRandom/nombreRandom.wlk","timeElapsed":145,"timestamp":"2026-09-16T14:37:21.005Z"}
{"level":"info","message":"⌛ Building environment","timeElapsed":103,"timestamp":"2026-09-16T14:37:21.347Z"}
{"level":"info","message":"⌛ Validating nombreRandom/nombreRandom.wlk","timeElapsed":141,"timestamp":"2026-09-16T14:37:21.491Z"}
{"level":"info","message":"⌛ Building environment","timeElapsed":113,"timestamp":"2026-09-16T14:37:22.462Z"}
{"level":"info","message":"⌛ Validating nombreRandom/nombreRandom.wlk","timeElapsed":139,"timestamp":"2026-09-16T14:37:22.608Z"}
{"level":"info","message":"⌛ Building environment","timeElapsed":101,"timestamp":"2026-09-16T14:37:23.593Z"}
{"level":"info","message":"⌛ Validating nombreRandom/nombreRandom.wlk","timeElapsed":135,"timestamp":"2026-09-16T14:37:23.732Z"}
{"level":"info","message":"⌛ Building environment","timeElapsed":136,"timestamp":"2026-09-16T14:37:24.653Z"}
{"level":"info","message":"⌛ Building environment","timeElapsed":125,"timestamp":"2026-09-16T14:37:24.718Z"}
{"level":"info","message":"⌛ Validating nombreRandom/nombreRandom.wlk","timeElapsed":221,"timestamp":"2026-09-16T14:37:24.878Z"}
{"level":"info","message":"⌛ Validating nombreRandom/nombreRandom.wlk","timeElapsed":238,"timestamp":"2026-09-16T14:37:24.970Z"}
{"level":"info","message":"⌛ Validating nombreRandom/nombreRandom.wlk","timeElapsed":152,"timestamp":"2026-09-16T14:37:25.189Z"}
{"level":"info","message":"⌛ Validating nombreRandom/nombreRandom.wlk","timeElapsed":132,"timestamp":"2026-09-16T14:37:25.425Z"}
{"level":"info","message":"⌛ Validating nombreRandom/nombreRandom.wlk","timeElapsed":150,"timestamp":"2026-09-16T14:37:25.746Z"}
{"level":"info","message":"⌛ Validating nombreRandom/nombreRandom.wlk","timeElapsed":152,"timestamp":"2026-09-16T14:37:26.195Z"}
{"level":"info","message":"⌛ Building environment","timeElapsed":180,"timestamp":"2026-09-16T14:37:26.376Z"}
{"level":"info","message":"⌛ Building environment","timeElapsed":111,"timestamp":"2026-09-16T14:37:26.488Z"}
{"level":"info","message":"⌛ Validating nombreRandom/nombreRandom.wlk","timeElapsed":198,"timestamp":"2026-09-16T14:37:26.688Z"}
{"level":"info","message":"⌛ Validating nombreRandom/nombreRandom.wlk","timeElapsed":138,"timestamp":"2026-09-16T14:37:26.826Z"}
{"level":"info","message":"⌛ Building environment","timeElapsed":112,"timestamp":"2026-09-16T14:37:27.587Z"}
{"level":"info","message":"⌛ Validating nombreRandom/nombreRandom.wlk","timeElapsed":136,"timestamp":"2026-09-16T14:37:27.727Z"}
{"level":"info","message":"⌛ Building environment","timeElapsed":157,"timestamp":"2026-09-16T14:37:29.138Z"}
{"level":"info","message":"⌛ Validating nombreRandom/nombreRandom.wlk","timeElapsed":149,"timestamp":"2026-09-16T14:37:29.291Z"}
{"level":"info","message":"⌛ Validating nombreRandom/nombreRandom.wlk","timeElapsed":130,"timestamp":"2026-09-16T14:37:29.511Z"}
{"level":"info","message":"⌛ Building environment","timeElapsed":120,"timestamp":"2026-09-16T14:37:29.705Z"}
{"level":"info","message":"⌛ Validating nombreRandom/nombreRandom.wlk","timeElapsed":148,"timestamp":"2026-09-16T14:37:29.859Z"}
{"level":"info","message":"⌛ Building environment","timeElapsed":108,"timestamp":"2026-09-16T14:37:30.024Z"}
{"level":"info","message":"⌛ Validating nombreRandom/nombreRandom.wlk","timeElapsed":144,"timestamp":"2026-09-16T14:37:30.171Z"}
{"level":"info","message":"⌛ Building environment","timeElapsed":119,"timestamp":"2026-09-16T14:37:30.867Z"}
{"level":"info","message":"⌛ Validating nombreRandom/nombreRandom.wlk","timeElapsed":146,"timestamp":"2026-09-16T14:37:31.017Z"}
{"level":"info","message":"⌛ Building environment","timeElapsed":132,"timestamp":"2026-09-16T14:37:31.520Z"}
{"level":"info","message":"⌛ Validating nombreRandom/nombreRandom.wlk","timeElapsed":143,"timestamp":"2026-09-16T14:37:31.671Z"}
{"level":"info","message":"⌛ Building environment","timeElapsed":108,"timestamp":"2026-09-16T14:37:32.627Z"}
{"level":"info","message":"⌛ Validating nombreRandom/nombreRandom.wlk","timeElapsed":173,"timestamp":"2026-09-16T14:37:32.804Z"}
{"level":"info","message":"⌛ Building environment","timeElapsed":147,"timestamp":"2026-09-16T14:37:32.876Z"}
{"level":"info","message":"⌛ Validating nombreRandom/nombreRandom.wlk","timeElapsed":139,"timestamp":"2026-09-16T14:37:33.018Z"}
{"level":"info","message":"⌛ Building environment","timeElapsed":150,"timestamp":"2026-09-16T14:37:33.983Z"}
{"level":"info","message":"⌛ Building environment","timeElapsed":105,"timestamp":"2026-09-16T14:37:33.993Z"}
{"level":"info","message":"⌛ Validating nombreRandom/nombreRandom.wlk","timeElapsed":174,"timestamp":"2026-09-16T14:37:34.170Z"}
{"level":"info","message":"⌛ Validating nombreRandom/nombreRandom.wlk","timeElapsed":221,"timestamp":"2026-09-16T14:37:34.206Z"}
{"level":"info","message":"⌛ Building environment","timeElapsed":223,"timestamp":"2026-09-16T14:37:34.394Z"}
{"level":"info","message":"⌛ Validating nombreRandom/nombreRandom.wlk","timeElapsed":158,"timestamp":"2026-09-16T14:37:34.650Z"}
{"level":"info","message":"⌛ Validating nombreRandom/nombreRandom.wlk","timeElapsed":159,"timestamp":"2026-09-16T14:37:34.908Z"}
{"level":"info","message":"⌛ Validating nombreRandom/nombreRandom.wlk","timeElapsed":143,"timestamp":"2026-09-16T14:37:35.147Z"}
{"level":"info","message":"⌛ Building environment","timeElapsed":175,"timestamp":"2026-09-16T14:37:35.324Z"}
{"level":"info","message":"⌛ Validating nombreRandom/nombreRandom.wlk","timeElapsed":141,"timestamp":"2026-09-16T14:37:35.466Z"}
{"level":"info","message":"⌛ Validating nombreRandom/nombreRandom.wlk","timeElapsed":134,"timestamp":"2026-09-16T14:37:35.606Z"}
{"level":"info","message":"⌛ Building environment","timeElapsed":113,"timestamp":"2026-09-16T14:37:36.149Z"}
{"level":"info","message":"⌛ Validating nombreRandom/nombreRandom.wlk","timeElapsed":163,"timestamp":"2026-09-16T14:37:36.318Z"}
{"level":"info","message":"⌛ Building environment","timeElapsed":171,"timestamp":"2026-09-16T14:37:36.712Z"}
{"level":"info","message":"⌛ Validating nombreRandom/nombreRandom.wlk","timeElapsed":181,"timestamp":"2026-09-16T14:37:36.947Z"}
{"level":"info","message":"⌛ Validating nombreRandom/nombreRandom.wlk","timeElapsed":145,"timestamp":"2026-09-16T14:37:37.878Z"}
{"level":"info","message":"⌛ Building environment","timeElapsed":134,"timestamp":"2026-09-16T14:37:45.471Z"}
{"level":"info","message":"⌛ Validating nombreRandom/nombreRandom.wlk","timeElapsed":150,"timestamp":"2026-09-16T14:37:45.624Z"}
{"level":"info","message":"⌛ Validating nombreRandom/nombreRandom.wlk","timeElapsed":131,"timestamp":"2026-09-16T14:37:45.852Z"}
{"level":"info","message":"⌛ Building environment","timeElapsed":109,"timestamp":"2026-09-16T14:37:46.476Z"}
{"level":"info","message":"⌛ Validating nombreRandom/nombreRandom.wlk","timeElapsed":141,"timestamp":"2026-09-16T14:37:46.619Z"}
{"level":"info","message":"⌛ Building environment","timeElapsed":121,"timestamp":"2026-09-16T14:37:47.100Z"}
{"level":"info","message":"⌛ Validating nombreRandom/nombreRandom.wlk","timeElapsed":141,"timestamp":"2026-09-16T14:37:47.244Z"}
{"level":"info","message":"⌛ Building environment","timeElapsed":104,"timestamp":"2026-09-16T14:37:47.411Z"}
{"level":"info","message":"⌛ Validating nombreRandom/nombreRandom.wlk","timeElapsed":129,"timestamp":"2026-09-16T14:37:47.545Z"}
{"level":"info","message":"⌛ Building environment","timeElapsed":115,"timestamp":"2026-09-16T14:37:47.987Z"}
{"level":"info","message":"⌛ Validating nombreRandom/nombreRandom.wlk","timeElapsed":156,"timestamp":"2026-09-16T14:37:48.146Z"}
{"level":"info","message":"⌛ Building environment","timeElapsed":131,"timestamp":"2026-09-16T14:37:48.278Z"}
{"level":"info","message":"⌛ Validating nombreRandom/nombreRandom.wlk","timeElapsed":150,"timestamp":"2026-09-16T14:37:48.523Z"}
{"level":"info","message":"⌛ Validating nombreRandom/nombreRandom.wlk","timeElapsed":183,"timestamp":"2026-09-16T14:37:48.707Z"}
{"level":"info","message":"⌛ Building environment","timeElapsed":101,"timestamp":"2026-09-16T14:37:48.819Z"}
{"level":"info","message":"⌛ Validating nombreRandom/nombreRandom.wlk","timeElapsed":161,"timestamp":"2026-09-16T14:37:48.986Z"}
{"level":"info","message":"⌛ Validating nombreRandom/nombreRandom.wlk","timeElapsed":157,"timestamp":"2026-09-16T14:37:49.242Z"}
{"level":"info","message":"⌛ Building environment","timeElapsed":160,"timestamp":"2026-09-16T14:37:49.403Z"}
{"level":"info","message":"⌛ Building environment","timeElapsed":121,"timestamp":"2026-09-16T14:37:49.524Z"}
{"level":"info","message":"⌛ Validating nombreRandom/nombreRandom.wlk","timeElapsed":187,"timestamp":"2026-09-16T14:37:49.711Z"}
{"level":"info","message":"⌛ Validating nombreRandom/nombreRandom.wlk","timeElapsed":147,"timestamp":"2026-09-16T14:37:49.955Z"}
{"level":"info","message":"⌛ Building environment","timeElapsed":104,"timestamp":"2026-09-16T14:37:50.060Z"}
{"level":"info","message":"⌛ Validating nombreRandom/nombreRandom.wlk","timeElapsed":290,"timestamp":"2026-09-16T14:37:50.352Z"}
{"level":"info","message":"⌛ Building environment","timeElapsed":112,"timestamp":"2026-09-16T14:37:50.466Z"}
{"level":"info","message":"⌛ Validating nombreRandom/nombreRandom.wlk","timeElapsed":160,"timestamp":"2026-09-16T14:37:50.729Z"}
{"level":"info","message":"⌛ Building environment","timeElapsed":127,"timestamp":"2026-09-16T14:37:50.864Z"}
{"level":"info","message":"⌛ Validating nombreRandom/nombreRandom.wlk","timeElapsed":154,"timestamp":"2026-09-16T14:37:51.019Z"}
{"level":"info","message":"⌛ Validating nombreRandom/nombreRandom.wlk","timeElapsed":185,"timestamp":"2026-09-16T14:37:51.205Z"}
{"level":"info","message":"⌛ Building environment","timeElapsed":120,"timestamp":"2026-09-16T14:37:51.326Z"}
{"level":"info","message":"⌛ Validating nombreRandom/nombreRandom.wlk","timeElapsed":151,"timestamp":"2026-09-16T14:37:51.573Z"}
{"level":"info","message":"⌛ Validating nombreRandom/nombreRandom.wlk","timeElapsed":166,"timestamp":"2026-09-16T14:37:52.029Z"}
{"level":"info","message":"⌛ Validating nombreRandom/nombreRandom.wlk","timeElapsed":124,"timestamp":"2026-09-16T14:37:52.153Z"}
{"level":"info","message":"⌛ Building environment","timeElapsed":102,"timestamp":"2026-09-16T14:37:52.255Z"}
{"level":"info","message":"⌛ Validating nombreRandom/nombreRandom.wlk","timeElapsed":129,"timestamp":"2026-09-16T14:37:52.385Z"}
{"level":"info","message":"⌛ Validating nombreRandom/nombreRandom.wlk","timeElapsed":133,"timestamp":"2026-09-16T14:37:52.522Z"}
{"level":"info","message":"⌛ Validating nombreRandom/nombreRandom.wlk","timeElapsed":150,"timestamp":"2026-09-16T14:37:52.674Z"}
{"level":"info","message":"⌛ Building environment","timeElapsed":117,"timestamp":"2026-09-16T14:37:52.705Z"}
{"level":"info","message":"⌛ Validating nombreRandom/nombreRandom.wlk","timeElapsed":151,"timestamp":"2026-09-16T14:37:52.826Z"}
{"level":"info","message":"⌛ Validating nombreRandom/nombreRandom.wlk","timeElapsed":229,"timestamp":"2026-09-16T14:37:52.937Z"}
{"level":"info","message":"⌛ Building environment","timeElapsed":128,"timestamp":"2026-09-16T14:37:55.872Z"}
{"level":"info","message":"⌛ Building environment","timeElapsed":106,"timestamp":"2026-09-16T14:37:55.979Z"}
{"level":"info","message":"⌛ Validating nombreRandom/nombreRandom.wlk","timeElapsed":175,"timestamp":"2026-09-16T14:37:56.156Z"}
{"level":"info","message":"⌛ Validating nombreRandom/nombreRandom.wlk","timeElapsed":129,"timestamp":"2026-09-16T14:37:56.285Z"}
{"level":"info","message":"⌛ Building environment","timeElapsed":106,"timestamp":"2026-09-16T14:37:56.571Z"}
{"level":"info","message":"⌛ Validating nombreRandom/nombreRandom.wlk","timeElapsed":163,"timestamp":"2026-09-16T14:37:56.738Z"}
{"level":"info","message":"⌛ Building environment","timeElapsed":163,"timestamp":"2026-09-16T14:37:56.902Z"}
{"level":"info","message":"⌛ Building environment","timeElapsed":107,"timestamp":"2026-09-16T14:37:57.109Z"}
{"level":"info","message":"⌛ Validating nombreRandom/nombreRandom.wlk","timeElapsed":159,"timestamp":"2026-09-16T14:37:57.285Z"}
{"level":"info","message":"⌛ Validating nombreRandom/nombreRandom.wlk","timeElapsed":195,"timestamp":"2026-09-16T14:37:57.565Z"}
{"level":"info","message":"⌛ Validating nombreRandom/nombreRandom.wlk","timeElapsed":131,"timestamp":"2026-09-16T14:37:57.696Z"}
{"level":"info","message":"⌛ Building environment","timeElapsed":129,"timestamp":"2026-09-16T14:37:57.826Z"}
{"level":"info","message":"⌛ Validating nombreRandom/nombreRandom.wlk","timeElapsed":139,"timestamp":"2026-09-16T14:37:57.966Z"}
{"level":"info","message":"⌛ Validating nombreRandom/nombreRandom.wlk","timeElapsed":143,"timestamp":"2026-09-16T14:37:58.310Z"}
{"level":"info","message":"⌛ Building environment","timeElapsed":162,"timestamp":"2026-09-16T14:37:58.473Z"}
{"level":"info","message":"⌛ Validating nombreRandom/nombreRandom.wlk","timeElapsed":137,"timestamp":"2026-09-16T14:37:58.611Z"}
{"level":"info","message":"⌛ Validating nombreRandom/nombreRandom.wlk","timeElapsed":135,"timestamp":"2026-09-16T14:37:58.840Z"}
{"level":"info","message":"⌛ Validating nombreRandom/nombreRandom.wlk","timeElapsed":127,"timestamp":"2026-09-16T14:37:58.971Z"}
{"level":"info","message":"⌛ Validating nombreRandom/nombreRandom.wlk","timeElapsed":124,"timestamp":"2026-09-16T14:37:59.100Z"}
{"level":"info","message":"⌛ Building environment","timeElapsed":138,"timestamp":"2026-09-16T14:37:59.416Z"}
{"level":"info","message":"⌛ Validating nombreRandom/nombreRandom.wlk","timeElapsed":165,"timestamp":"2026-09-16T14:37:59.574Z"}
{"level":"info","message":"⌛ Validating nombreRandom/nombreRandom.wlk","timeElapsed":207,"timestamp":"2026-09-16T14:37:59.628Z"}
{"level":"info","message":"⌛ Building environment","timeElapsed":193,"timestamp":"2026-09-16T14:37:59.769Z"}
{"level":"info","message":"⌛ Building environment","timeElapsed":103,"timestamp":"2026-09-16T14:37:59.982Z"}
{"level":"info","message":"⌛ Validating nombreRandom/nombreRandom.wlk","timeElapsed":160,"timestamp":"2026-09-16T14:38:00.142Z"}
{"level":"info","message":"⌛ Validating nombreRandom/nombreRandom.wlk","timeElapsed":154,"timestamp":"2026-09-16T14:38:00.385Z"}
{"level":"info","message":"⌛ Building environment","timeElapsed":157,"timestamp":"2026-09-16T14:38:00.544Z"}
{"level":"info","message":"⌛ Validating nombreRandom/nombreRandom.wlk","timeElapsed":161,"timestamp":"2026-09-16T14:38:00.706Z"}
{"level":"info","message":"⌛ Validating nombreRandom/nombreRandom.wlk","timeElapsed":136,"timestamp":"2026-09-16T14:38:00.842Z"}
{"level":"info","message":"⌛ Validating nombreRandom/nombreRandom.wlk","timeElapsed":141,"timestamp":"2026-09-16T14:38:00.991Z"}
{"level":"info","message":"⌛ Validating nombreRandom/nombreRandom.wlk","timeElapsed":142,"timestamp":"2026-09-16T14:38:01.364Z"}
{"level":"info","message":"⌛ Building environment","timeElapsed":120,"timestamp":"2026-09-16T14:38:03.621Z"}
{"level":"info","message":"⌛ Validating nombreRandom/nombreRandom.wlk","timeElapsed":145,"timestamp":"2026-09-16T14:38:03.768Z"}
{"level":"info","message":"⌛ Validating nombreRandom/nombreRandom.wlk","timeElapsed":126,"timestamp":"2026-09-16T14:38:04.195Z"}
{"level":"info","message":"⌛ Building environment","timeElapsed":112,"timestamp":"2026-09-16T14:38:05.184Z"}
{"level":"info","message":"⌛ Validating nombreRandom/nombreRandom.wlk","timeElapsed":134,"timestamp":"2026-09-16T14:38:05.323Z"}
{"level":"info","message":"⌛ Building environment","timeElapsed":104,"timestamp":"2026-09-16T14:38:05.984Z"}
{"level":"info","message":"⌛ Validating nombreRandom/nombreRandom.wlk","timeElapsed":155,"timestamp":"2026-09-16T14:38:06.142Z"}
{"level":"info","message":"⌛ Building environment","timeElapsed":101,"timestamp":"2026-09-16T14:38:06.244Z"}
{"level":"info","message":"⌛ Validating nombreRandom/nombreRandom.wlk","timeElapsed":174,"timestamp":"2026-09-16T14:38:06.421Z"}
{"level":"info","message":"⌛ Building environment","timeElapsed":103,"timestamp":"2026-09-16T14:38:06.617Z"}
{"level":"info","message":"⌛ Validating nombreRandom/nombreRandom.wlk","timeElapsed":150,"timestamp":"2026-09-16T14:38:06.776Z"}
{"level":"info","message":"⌛ Building environment","timeElapsed":158,"timestamp":"2026-09-16T14:38:06.936Z"}
{"level":"info","message":"⌛ Validating nombreRandom/nombreRandom.wlk","timeElapsed":149,"timestamp":"2026-09-16T14:38:07.086Z"}
{"level":"info","message":"⌛ Building environment","timeElapsed":122,"timestamp":"2026-09-16T14:38:07.209Z"}
{"level":"info","message":"⌛ Building environment","timeElapsed":118,"timestamp":"2026-09-16T14:38:07.328Z"}
{"level":"info","message":"⌛ Validating nombreRandom/nombreRandom.wlk","timeElapsed":167,"timestamp":"2026-09-16T14:38:07.591Z"}
{"level":"info","message":"⌛ Building environment","timeElapsed":181,"timestamp":"2026-09-16T14:38:07.774Z"}
{"level":"info","message":"⌛ Validating nombreRandom/nombreRandom.wlk","timeElapsed":164,"timestamp":"2026-09-16T14:38:07.939Z"}
{"level":"info","message":"⌛ Validating nombreRandom/nombreRandom.wlk","timeElapsed":142,"timestamp":"2026-09-16T14:38:08.170Z"}
{"level":"info","message":"⌛ Building environment","timeElapsed":101,"timestamp":"2026-09-16T14:38:08.271Z"}
{"level":"info","message":"⌛ Validating nombreRandom/nombreRandom.wlk","timeElapsed":164,"timestamp":"2026-09-16T14:38:08.436Z"}
{"level":"info","message":"⌛ Building environment","timeElapsed":115,"timestamp":"2026-09-16T14:38:08.640Z"}
{"level":"info","message":"⌛ Validating nombreRandom/nombreRandom.wlk","timeElapsed":146,"timestamp":"2026-09-16T14:38:08.786Z"}
{"level":"info","message":"⌛ Building environment","timeElapsed":268,"timestamp":"2026-09-16T14:38:09.056Z"}
{"level":"info","message":"⌛ Validating nombreRandom/nombreRandom.wlk","timeElapsed":148,"timestamp":"2026-09-16T14:38:09.205Z"}
{"level":"info","message":"⌛ Building environment","timeElapsed":104,"timestamp":"2026-09-16T14:38:09.310Z"}
{"level":"info","message":"⌛ Validating nombreRandom/nombreRandom.wlk","timeElapsed":146,"timestamp":"2026-09-16T14:38:09.544Z"}
{"level":"info","message":"⌛ Validating nombreRandom/nombreRandom.wlk","timeElapsed":164,"timestamp":"2026-09-16T14:38:09.903Z"}
{"level":"info","message":"⌛ Validating nombreRandom/nombreRandom.wlk","timeElapsed":127,"timestamp":"2026-09-16T14:38:10.035Z"}
{"level":"info","message":"⌛ Building environment","timeElapsed":113,"timestamp":"2026-09-16T14:38:10.260Z"}
{"level":"info","message":"⌛ Validating nombreRandom/nombreRandom.wlk","timeElapsed":185,"timestamp":"2026-09-16T14:38:10.446Z"}
{"level":"info","message":"⌛ Building environment","timeElapsed":116,"timestamp":"2026-09-16T14:38:10.563Z"}
{"level":"info","message":"⌛ Validating nombreRandom/nombreRandom.wlk","timeElapsed":156,"timestamp":"2026-09-16T14:38:10.719Z"}
{"level":"info","message":"⌛ Validating nombreRandom/nombreRandom.wlk","timeElapsed":139,"timestamp":"2026-09-16T14:38:10.858Z"}
{"level":"info","message":"⌛ Building environment","timeElapsed":133,"timestamp":"2026-09-16T14:38:11.000Z"}
{"level":"info","message":"⌛ Building environment","timeElapsed":155,"timestamp":"2026-09-16T14:38:11.092Z"}
{"level":"info","message":"⌛ Validating nombreRandom/nombreRandom.wlk","timeElapsed":180,"timestamp":"2026-09-16T14:38:11.187Z"}
{"level":"info","message":"⌛ Validating nombreRandom/nombreRandom.wlk","timeElapsed":181,"timestamp":"2026-09-16T14:38:11.276Z"}
{"level":"info","message":"⌛ Validating nombreRandom/nombreRandom.wlk","timeElapsed":137,"timestamp":"2026-09-16T14:38:11.325Z"}
{"level":"info","message":"⌛ Validating nombreRandom/nombreRandom.wlk","timeElapsed":137,"timestamp":"2026-09-16T14:38:11.566Z"}
{"level":"info","message":"⌛ Validating nombreRandom/nombreRandom.wlk","timeElapsed":125,"timestamp":"2026-09-16T14:38:11.692Z"}
{"level":"info","message":"⌛ Validating nombreRandom/nombreRandom.wlk","timeElapsed":138,"timestamp":"2026-09-16T14:38:11.836Z"}
{"level":"info","message":"⌛ Validating nombreRandom/nombreRandom.wlk","timeElapsed":136,"timestamp":"2026-09-16T14:38:12.026Z"}
{"level":"info","message":"⌛ Validating nombreRandom/nombreRandom.wlk","timeElapsed":129,"timestamp":"2026-09-16T14:38:12.157Z"}
{"level":"info","message":"⌛ Building environment","timeElapsed":104,"timestamp":"2026-09-16T14:38:12.263Z"}
{"level":"info","message":"⌛ Validating nombreRandom/nombreRandom.wlk","timeElapsed":135,"timestamp":"2026-09-16T14:38:12.405Z"}
{"level":"info","message":"⌛ Building environment","timeElapsed":126,"timestamp":"2026-09-16T14:38:13.183Z"}
{"level":"info","message":"⌛ Validating nombreRandom/nombreRandom.wlk","timeElapsed":148,"timestamp":"2026-09-16T14:38:13.335Z"}
{"level":"info","message":"⌛ Building environment","timeElapsed":116,"timestamp":"2026-09-16T14:38:14.396Z"}
{"level":"info","message":"⌛ Validating nombreRandom/nombreRandom.wlk","timeElapsed":123,"timestamp":"2026-09-16T14:38:14.522Z"}
{"level":"info","message":"⌛ Validating nombreRandom/nombreRandom.wlk","timeElapsed":123,"timestamp":"2026-09-16T14:38:14.833Z"}
{"level":"info","message":"⌛ Building environment","timeElapsed":143,"timestamp":"2026-09-16T14:38:15.693Z"}
{"level":"info","message":"⌛ Validating nombreRandom/nombreRandom.wlk","timeElapsed":144,"timestamp":"2026-09-16T14:38:15.841Z"}
{"level":"info","message":"⌛ Building environment","timeElapsed":109,"timestamp":"2026-09-16T14:38:16.262Z"}
{"level":"info","message":"⌛ Validating nombreRandom/nombreRandom.wlk","timeElapsed":147,"timestamp":"2026-09-16T14:38:16.414Z"}
{"level":"info","message":"⌛ Building environment","timeElapsed":132,"timestamp":"2026-09-16T14:38:17.387Z"}
{"level":"info","message":"⌛ Validating nombreRandom/nombreRandom.wlk","timeElapsed":139,"timestamp":"2026-09-16T14:38:17.530Z"}
{"level":"info","message":"⌛ Building environment","timeElapsed":120,"timestamp":"2026-09-16T14:38:18.610Z"}
{"level":"info","message":"⌛ Validating nombreRandom/nombreRandom.wlk","timeElapsed":137,"timestamp":"2026-09-16T14:38:18.755Z"}
{"level":"info","message":"⌛ Validating nombreRandom/nombreRandom.wlk","timeElapsed":128,"timestamp":"2026-09-16T14:38:19.062Z"}
{"level":"info","message":"⌛ Building environment","timeElapsed":129,"timestamp":"2026-09-16T14:38:20.026Z"}
{"level":"info","message":"⌛ Validating nombreRandom/nombreRandom.wlk","timeElapsed":141,"timestamp":"2026-09-16T14:38:20.172Z"}
{"level":"info","message":"⌛ Validating nombreRandom/nombreRandom.wlk","timeElapsed":137,"timestamp":"2026-09-16T14:38:20.417Z"}
{"level":"info","message":"⌛ Validating nombreRandom/nombreRandom.wlk","timeElapsed":170,"timestamp":"2026-09-16T14:38:20.684Z"}
{"level":"info","message":"⌛ Building environment","timeElapsed":137,"timestamp":"2026-09-16T14:38:21.599Z"}
{"level":"info","message":"⌛ Validating nombreRandom/nombreRandom.wlk","timeElapsed":152,"timestamp":"2026-09-16T14:38:21.755Z"}
{"level":"info","message":"⌛ Building environment","timeElapsed":131,"timestamp":"2026-09-16T14:38:24.027Z"}
{"level":"info","message":"⌛ Validating nombreRandom/nombreRandom.wlk","timeElapsed":135,"timestamp":"2026-09-16T14:38:24.167Z"}
{"level":"info","message":"⌛ Building environment","timeElapsed":112,"timestamp":"2026-09-16T14:38:24.429Z"}
{"level":"info","message":"⌛ Validating nombreRandom/nombreRandom.wlk","timeElapsed":121,"timestamp":"2026-09-16T14:38:24.556Z"}
{"level":"info","message":"⌛ Building environment","timeElapsed":125,"timestamp":"2026-09-16T14:38:25.300Z"}
{"level":"info","message":"⌛ Validating nombreRandom/nombreRandom.wlk","timeElapsed":142,"timestamp":"2026-09-16T14:38:25.447Z"}
{"level":"info","message":"⌛ Building environment","timeElapsed":133,"timestamp":"2026-09-16T14:38:25.766Z"}
{"level":"info","message":"⌛ Validating nombreRandom/nombreRandom.wlk","timeElapsed":143,"timestamp":"2026-09-16T14:38:25.912Z"}
{"level":"info","message":"⌛ Validating nombreRandom/nombreRandom.wlk","timeElapsed":140,"timestamp":"2026-09-16T14:38:26.964Z"}
{"level":"info","message":"⌛ Building environment","timeElapsed":131,"timestamp":"2026-09-16T14:38:41.066Z"}
{"level":"info","message":"⌛ Validating nombreRandom/nombreRandom.wlk","timeElapsed":148,"timestamp":"2026-09-16T14:38:41.219Z"}
{"level":"info","message":"⌛ Building environment","timeElapsed":140,"timestamp":"2026-09-16T14:38:42.180Z"}
{"level":"info","message":"⌛ Validating nombreRandom/nombreRandom.wlk","timeElapsed":143,"timestamp":"2026-09-16T14:38:42.326Z"}
{"level":"info","message":"⌛ Building environment","timeElapsed":129,"timestamp":"2026-09-16T14:38:42.604Z"}
{"level":"info","message":"⌛ Validating nombreRandom/nombreRandom.wlk","timeElapsed":152,"timestamp":"2026-09-16T14:38:42.759Z"}
{"level":"info","message":"⌛ Validating nombreRandom/nombreRandom.wlk","timeElapsed":133,"timestamp":"2026-09-16T14:38:42.999Z"}
{"level":"info","message":"⌛ Building environment","timeElapsed":111,"timestamp":"2026-09-16T14:38:43.134Z"}
{"level":"info","message":"⌛ Validating nombreRandom/nombreRandom.wlk","timeElapsed":136,"timestamp":"2026-09-16T14:38:43.274Z"}
{"level":"info","message":"⌛ Validating nombreRandom/nombreRandom.wlk","timeElapsed":141,"timestamp":"2026-09-16T14:38:43.529Z"}
{"level":"info","message":"⌛ Validating nombreRandom/nombreRandom.wlk","timeElapsed":160,"timestamp":"2026-09-16T14:38:43.797Z"}
{"level":"info","message":"⌛ Building environment","timeElapsed":103,"timestamp":"2026-09-16T14:38:44.638Z"}
{"level":"info","message":"⌛ Validating nombreRandom/nombreRandom.wlk","timeElapsed":140,"timestamp":"2026-09-16T14:38:44.782Z"}
{"level":"info","message":"⌛ Building environment","timeElapsed":135,"timestamp":"2026-09-16T14:38:45.971Z"}
{"level":"info","message":"⌛ Validating nombreRandom/nombreRandom.wlk","timeElapsed":156,"timestamp":"2026-09-16T14:38:46.131Z"}
{"level":"info","message":"⌛ Building environment","timeElapsed":102,"timestamp":"2026-09-16T14:38:46.235Z"}
{"level":"info","message":"⌛ Validating nombreRandom/nombreRandom.wlk","timeElapsed":157,"timestamp":"2026-09-16T14:38:46.492Z"}
{"level":"info","message":"⌛ Validating nombreRandom/nombreRandom.wlk","timeElapsed":230,"timestamp":"2026-09-16T14:38:46.722Z"}
{"level":"info","message":"⌛ Validating nombreRandom/nombreRandom.wlk","timeElapsed":142,"timestamp":"2026-09-16T14:38:46.967Z"}
{"level":"info","message":"⌛ Validating nombreRandom/nombreRandom.wlk","timeElapsed":124,"timestamp":"2026-09-16T14:38:47.276Z"}
{"level":"info","message":"⌛ Validating nombreRandom/nombreRandom.wlk","timeElapsed":149,"timestamp":"2026-09-16T14:38:47.697Z"}
{"level":"info","message":"⌛ Validating nombreRandom/nombreRandom.wlk","timeElapsed":132,"timestamp":"2026-09-16T14:38:48.112Z"}
{"level":"info","message":"⌛ Building environment","timeElapsed":139,"timestamp":"2026-09-16T14:38:48.266Z"}
{"level":"info","message":"⌛ Validating nombreRandom/nombreRandom.wlk","timeElapsed":127,"timestamp":"2026-09-16T14:38:48.397Z"}
{"level":"info","message":"⌛ Building environment","timeElapsed":110,"timestamp":"2026-09-16T14:38:48.584Z"}
{"level":"info","message":"⌛ Building environment","timeElapsed":110,"timestamp":"2026-09-16T14:38:48.695Z"}
{"level":"info","message":"⌛ Validating nombreRandom/nombreRandom.wlk","timeElapsed":145,"timestamp":"2026-09-16T14:38:48.841Z"}
{"level":"info","message":"⌛ Building environment","timeElapsed":103,"timestamp":"2026-09-16T14:38:48.945Z"}
{"level":"info","message":"⌛ Validating nombreRandom/nombreRandom.wlk","timeElapsed":143,"timestamp":"2026-09-16T14:38:49.168Z"}
{"level":"info","message":"⌛ Validating nombreRandom/nombreRandom.wlk","timeElapsed":119,"timestamp":"2026-09-16T14:38:49.293Z"}
{"level":"info","message":"⌛ Validating nombreRandom/nombreRandom.wlk","timeElapsed":117,"timestamp":"2026-09-16T14:38:49.412Z"}
{"level":"info","message":"⌛ Building environment","timeElapsed":112,"timestamp":"2026-09-16T14:38:49.915Z"}
{"level":"info","message":"⌛ Validating nombreRandom/nombreRandom.wlk","timeElapsed":137,"timestamp":"2026-09-16T14:38:50.054Z"}
{"level":"info","message":"⌛ Building environment","timeElapsed":117,"timestamp":"2026-09-16T14:38:51.353Z"}
{"level":"info","message":"⌛ Validating nombreRandom/nombreRandom.wlk","timeElapsed":135,"timestamp":"2026-09-16T14:38:51.492Z"}
{"level":"info","message":"⌛ Building environment","timeElapsed":130,"timestamp":"2026-09-16T14:38:52.468Z"}
{"level":"info","message":"⌛ Validating nombreRandom/nombreRandom.wlk","timeElapsed":141,"timestamp":"2026-09-16T14:38:52.613Z"}
{"level":"info","message":"⌛ Building environment","timeElapsed":144,"timestamp":"2026-09-16T14:38:53.232Z"}
{"level":"info","message":"⌛ Validating nombreRandom/nombreRandom.wlk","timeElapsed":130,"timestamp":"2026-09-16T14:38:53.412Z"}
{"level":"info","message":"⌛ Validating nombreRandom/nombreRandom.wlk","timeElapsed":187,"timestamp":"2026-09-16T14:38:53.853Z"}
{"level":"info","message":"⌛ Validating nombreRandom/nombreRandom.wlk","timeElapsed":183,"timestamp":"2026-09-16T14:38:54.037Z"}
{"level":"info","message":"⌛ Building environment","timeElapsed":126,"timestamp":"2026-09-16T14:38:54.745Z"}
{"level":"info","message":"⌛ Validating nombreRandom/nombreRandom.wlk","timeElapsed":157,"timestamp":"2026-09-16T14:38:54.908Z"}
{"level":"info","message":"⌛ Building environment","timeElapsed":153,"timestamp":"2026-09-16T14:39:00.815Z"}
{"level":"info","message":"⌛ Validating nombreRandom/nombreRandom.wlk","timeElapsed":146,"timestamp":"2026-09-16T14:39:00.966Z"}
{"level":"info","message":"⌛ Validating nombreRandom/nombreRandom.wlk","timeElapsed":132,"timestamp":"2026-09-16T14:39:01.298Z"}
{"level":"info","message":"⌛ Validating nombreRandom/nombreRandom.wlk","timeElapsed":143,"timestamp":"2026-09-16T14:39:01.442Z"}
{"level":"info","message":"⌛ Validating nombreRandom/nombreRandom.wlk","timeElapsed":128,"timestamp":"2026-09-16T14:39:01.663Z"}
{"level":"info","message":"⌛ Building environment","timeElapsed":111,"timestamp":"2026-09-16T14:39:02.510Z"}
{"level":"info","message":"⌛ Validating nombreRandom/nombreRandom.wlk","timeElapsed":141,"timestamp":"2026-09-16T14:39:02.655Z"}
{"level":"info","message":"⌛ Building environment","timeElapsed":111,"timestamp":"2026-09-16T14:39:04.557Z"}
{"level":"info","message":"⌛ Validating nombreRandom/nombreRandom.wlk","timeElapsed":126,"timestamp":"2026-09-16T14:39:04.688Z"}
{"level":"info","message":"⌛ Building environment","timeElapsed":115,"timestamp":"2026-09-16T14:39:05.666Z"}
{"level":"info","message":"⌛ Validating nombreRandom/nombreRandom.wlk","timeElapsed":144,"timestamp":"2026-09-16T14:39:05.814Z"}
{"level":"info","message":"⌛ Validating nombreRandom/nombreRandom.wlk","timeElapsed":134,"timestamp":"2026-09-16T14:39:06.529Z"}
{"level":"info","message":"⌛ Building environment","timeElapsed":112,"timestamp":"2026-09-16T14:39:07.140Z"}
{"level":"info","message":"⌛ Validating nombreRandom/nombreRandom.wlk","timeElapsed":128,"timestamp":"2026-09-16T14:39:07.284Z"}
{"level":"info","message":"⌛ Building environment","timeElapsed":173,"timestamp":"2026-09-16T14:39:07.475Z"}
{"level":"info","message":"⌛ Validating nombreRandom/nombreRandom.wlk","timeElapsed":158,"timestamp":"2026-09-16T14:39:07.647Z"}
{"level":"info","message":"⌛ Validating nombreRandom/nombreRandom.wlk","timeElapsed":139,"timestamp":"2026-09-16T14:39:07.883Z"}
{"level":"info","message":"⌛ Building environment","timeElapsed":111,"timestamp":"2026-09-16T14:39:08.742Z"}
{"level":"info","message":"⌛ Validating nombreRandom/nombreRandom.wlk","timeElapsed":150,"timestamp":"2026-09-16T14:39:08.895Z"}
{"level":"info","message":"⌛ Validating nombreRandom/nombreRandom.wlk","timeElapsed":129,"timestamp":"2026-09-16T14:39:09.268Z"}
{"level":"info","message":"⌛ Validating nombreRandom/nombreRandom.wlk","timeElapsed":140,"timestamp":"2026-09-16T14:39:10.380Z"}
{"level":"info","message":"⌛ Building environment","timeElapsed":133,"timestamp":"2026-09-16T14:39:12.002Z"}
{"level":"info","message":"⌛ Validating nombreRandom/nombreRandom.wlk","timeElapsed":136,"timestamp":"2026-09-16T14:39:12.141Z"}
{"level":"info","message":"⌛ Building environment","timeElapsed":191,"timestamp":"2026-09-16T14:39:13.163Z"}
{"level":"info","message":"⌛ Building environment","timeElapsed":164,"timestamp":"2026-09-16T14:39:13.181Z"}
{"level":"info","message":"⌛ Validating nombreRandom/nombreRandom.wlk","timeElapsed":227,"timestamp":"2026-09-16T14:39:13.432Z"}
{"level":"info","message":"⌛ Validating nombreRandom/nombreRandom.wlk","timeElapsed":265,"timestamp":"2026-09-16T14:39:13.436Z"}
{"level":"info","message":"⌛ Building environment","timeElapsed":139,"timestamp":"2026-09-16T14:39:13.571Z"}
{"level":"info","message":"⌛ Building environment","timeElapsed":109,"timestamp":"2026-09-16T14:39:13.681Z"}
{"level":"info","message":"⌛ Validating nombreRandom/nombreRandom.wlk","timeElapsed":155,"timestamp":"2026-09-16T14:39:13.837Z"}
{"level":"info","message":"⌛ Validating nombreRandom/nombreRandom.wlk","timeElapsed":130,"timestamp":"2026-09-16T14:39:13.971Z"}
{"level":"info","message":"⌛ Building environment","timeElapsed":110,"timestamp":"2026-09-16T14:39:14.656Z"}
{"level":"info","message":"⌛ Validating nombreRandom/nombreRandom.wlk","timeElapsed":137,"timestamp":"2026-09-16T14:39:14.797Z"}
{"level":"info","message":"⌛ Validating nombreRandom/nombreRandom.wlk","timeElapsed":125,"timestamp":"2026-09-16T14:39:15.298Z"}
{"level":"info","message":"⌛ Building environment","timeElapsed":138,"timestamp":"2026-09-16T14:39:16.319Z"}
{"level":"info","message":"⌛ Validating nombreRandom/nombreRandom.wlk","timeElapsed":145,"timestamp":"2026-09-16T14:39:16.468Z"}
{"level":"info","message":"⌛ Building environment","timeElapsed":123,"timestamp":"2026-09-16T14:39:43.887Z"}
{"level":"info","message":"⌛ Validating nombreRandom/nombreRandom.wlk","timeElapsed":138,"timestamp":"2026-09-16T14:39:44.033Z"}
{"level":"info","message":"⌛ Building environment","timeElapsed":111,"timestamp":"2026-09-16T14:39:44.145Z"}
{"level":"info","message":"⌛ Building environment","timeElapsed":105,"timestamp":"2026-09-16T14:39:44.339Z"}
{"level":"info","message":"⌛ Validating nombreRandom/nombreRandom.wlk","timeElapsed":136,"timestamp":"2026-09-16T14:39:44.476Z"}
{"level":"info","message":"⌛ Validating nombreRandom/nombreRandom.wlk","timeElapsed":126,"timestamp":"2026-09-16T14:39:44.603Z"}
{"level":"info","message":"⌛ Validating nombreRandom/nombreRandom.wlk","timeElapsed":141,"timestamp":"2026-09-16T14:39:44.825Z"}
{"level":"info","message":"⌛ Validating nombreRandom/nombreRandom.wlk","timeElapsed":167,"timestamp":"2026-09-16T14:39:45.049Z"}
{"level":"info","message":"⌛ Building environment","timeElapsed":107,"timestamp":"2026-09-16T14:39:45.156Z"}
{"level":"info","message":"⌛ Building environment","timeElapsed":115,"timestamp":"2026-09-16T14:39:45.272Z"}
{"level":"info","message":"⌛ Building environment","timeElapsed":123,"timestamp":"2026-09-16T14:39:45.396Z"}
{"level":"info","message":"⌛ Validating nombreRandom/nombreRandom.wlk","timeElapsed":132,"timestamp":"2026-09-16T14:39:45.529Z"}
{"level":"info","message":"⌛ Validating nombreRandom/nombreRandom.wlk","timeElapsed":140,"timestamp":"2026-09-16T14:39:45.670Z"}
{"level":"info","message":"⌛ Validating nombreRandom/nombreRandom.wlk","timeElapsed":151,"timestamp":"2026-09-16T14:39:45.918Z"}
{"level":"info","message":"⌛ Validating nombreRandom/nombreRandom.wlk","timeElapsed":136,"timestamp":"2026-09-16T14:39:46.135Z"}
{"level":"info","message":"⌛ Building environment","timeElapsed":108,"timestamp":"2026-09-16T14:39:46.247Z"}
{"level":"info","message":"⌛ Validating nombreRandom/nombreRandom.wlk","timeElapsed":153,"timestamp":"2026-09-16T14:39:46.407Z"}
{"level":"info","message":"⌛ Validating nombreRandom/nombreRandom.wlk","timeElapsed":138,"timestamp":"2026-09-16T14:39:46.547Z"}
{"level":"info","message":"⌛ Building environment","timeElapsed":101,"timestamp":"2026-09-16T14:39:46.736Z"}
{"level":"info","message":"⌛ Validating nombreRandom/nombreRandom.wlk","timeElapsed":166,"timestamp":"2026-09-16T14:39:46.903Z"}
{"level":"info","message":"⌛ Building environment","timeElapsed":160,"timestamp":"2026-09-16T14:39:47.065Z"}
{"level":"info","message":"⌛ Validating nombreRandom/nombreRandom.wlk","timeElapsed":218,"timestamp":"2026-09-16T14:39:47.284Z"}
{"level":"info","message":"⌛ Validating nombreRandom/nombreRandom.wlk","timeElapsed":161,"timestamp":"2026-09-16T14:39:47.535Z"}
{"level":"info","message":"⌛ Validating nombreRandom/nombreRandom.wlk","timeElapsed":166,"timestamp":"2026-09-16T14:39:47.794Z"}
{"level":"info","message":"⌛ Validating nombreRandom/nombreRandom.wlk","timeElapsed":147,"timestamp":"2026-09-16T14:39:48.036Z"}
{"level":"info","message":"⌛ Building environment","timeElapsed":105,"timestamp":"2026-09-16T14:39:48.142Z"}
{"level":"info","message":"⌛ Building environment","timeElapsed":110,"timestamp":"2026-09-16T14:39:48.252Z"}
{"level":"info","message":"⌛ Validating nombreRandom/nombreRandom.wlk","timeElapsed":146,"timestamp":"2026-09-16T14:39:48.399Z"}
{"level":"info","message":"⌛ Validating nombreRandom/nombreRandom.wlk","timeElapsed":147,"timestamp":"2026-09-16T14:39:48.721Z"}
{"level":"info","message":"⌛ Building environment","timeElapsed":104,"timestamp":"2026-09-16T14:39:48.826Z"}
{"level":"info","message":"⌛ Validating nombreRandom/nombreRandom.wlk","timeElapsed":130,"timestamp":"2026-09-16T14:39:48.957Z"}
{"level":"info","message":"⌛ Building environment","timeElapsed":190,"timestamp":"2026-09-16T14:39:49.148Z"}
{"level":"info","message":"⌛ Validating nombreRandom/nombreRandom.wlk","timeElapsed":140,"timestamp":"2026-09-16T14:39:49.289Z"}
{"level":"info","message":"⌛ Validating nombreRandom/nombreRandom.wlk","timeElapsed":127,"timestamp":"2026-09-16T14:39:49.417Z"}
{"level":"info","message":"⌛ Building environment","timeElapsed":117,"timestamp":"2026-09-16T14:39:49.535Z"}
{"level":"info","message":"⌛ Validating nombreRandom/nombreRandom.wlk","timeElapsed":148,"timestamp":"2026-09-16T14:39:49.786Z"}
{"level":"info","message":"⌛ Validating nombreRandom/nombreRandom.wlk","timeElapsed":144,"timestamp":"2026-09-16T14:39:50.023Z"}
{"level":"info","message":"⌛ Validating nombreRandom/nombreRandom.wlk","timeElapsed":140,"timestamp":"2026-09-16T14:39:50.172Z"}
{"level":"info","message":"⌛ Validating nombreRandom/nombreRandom.wlk","timeElapsed":134,"timestamp":"2026-09-16T14:39:50.392Z"}
{"level":"info","message":"⌛ Validating nombreRandom/nombreRandom.wlk","timeElapsed":149,"timestamp":"2026-09-16T14:39:50.628Z"}
{"level":"info","message":"⌛ Building environment","timeElapsed":102,"timestamp":"2026-09-16T14:39:50.812Z"}
{"level":"info","message":"⌛ Validating nombreRandom/nombreRandom.wlk","timeElapsed":139,"timestamp":"2026-09-16T14:39:50.952Z"}
{"level":"info","message":"⌛ Validating nombreRandom/nombreRandom.wlk","timeElapsed":128,"timestamp":"2026-09-16T14:39:51.178Z"}
{"level":"info","message":"⌛ Validating nombreRandom/nombreRandom.wlk","timeElapsed":130,"timestamp":"2026-09-16T14:39:51.310Z"}
{"level":"info","message":"⌛ Validating nombreRandom/nombreRandom.wlk","timeElapsed":154,"timestamp":"2026-09-16T14:39:51.548Z"}
{"level":"info","message":"⌛ Building environment","timeElapsed":101,"timestamp":"2026-09-16T14:39:51.648Z"}
{"level":"info","message":"⌛ Validating nombreRandom/nombreRandom.wlk","timeElapsed":146,"timestamp":"2026-09-16T14:39:51.892Z"}
{"level":"info","message":"⌛ Validating nombreRandom/nombreRandom.wlk","timeElapsed":140,"timestamp":"2026-09-16T14:39:52.215Z"}
{"level":"info","message":"⌛ Building environment","timeElapsed":229,"timestamp":"2026-09-16T14:39:52.445Z"}
{"level":"info","message":"⌛ Validating nombreRandom/nombreRandom.wlk","timeElapsed":143,"timestamp":"2026-09-16T14:39:52.677Z"}
{"level":"info","message":"⌛ Validating nombreRandom/nombreRandom.wlk","timeElapsed":196,"timestamp":"2026-09-16T14:39:52.874Z"}
{"level":"info","message":"⌛ Building environment","timeElapsed":119,"timestamp":"2026-09-16T14:39:52.994Z"}
{"level":"info","message":"⌛ Validating nombreRandom/nombreRandom.wlk","timeElapsed":147,"timestamp":"2026-09-16T14:39:53.234Z"}
{"level":"info","message":"⌛ Validating nombreRandom/nombreRandom.wlk","timeElapsed":129,"timestamp":"2026-09-16T14:39:53.447Z"}
{"level":"info","message":"⌛ Validating nombreRandom/nombreRandom.wlk","timeElapsed":119,"timestamp":"2026-09-16T14:39:53.571Z"}
{"level":"info","message":"⌛ Validating nombreRandom/nombreRandom.wlk","timeElapsed":137,"timestamp":"2026-09-16T14:39:53.715Z"}
{"level":"info","message":"⌛ Validating nombreRandom/nombreRandom.wlk","timeElapsed":148,"timestamp":"2026-09-16T14:39:54.054Z"}
{"level":"info","message":"⌛ Validating nombreRandom/nombreRandom.wlk","timeElapsed":123,"timestamp":"2026-09-16T14:39:54.177Z"}
{"level":"info","message":"⌛ Building environment","timeElapsed":142,"timestamp":"2026-09-16T14:39:54.320Z"}
{"level":"info","message":"⌛ Validating nombreRandom/nombreRandom.wlk","timeElapsed":146,"timestamp":"2026-09-16T14:39:54.467Z"}
{"level":"info","message":"⌛ Validating nombreRandom/nombreRandom.wlk","timeElapsed":142,"timestamp":"2026-09-16T14:39:54.711Z"}
{"level":"info","message":"⌛ Building environment","timeElapsed":153,"timestamp":"2026-09-16T14:39:54.865Z"}
{"level":"info","message":"⌛ Validating nombreRandom/nombreRandom.wlk","timeElapsed":167,"timestamp":"2026-09-16T14:39:55.033Z"}
{"level":"info","message":"⌛ Building environment","timeElapsed":105,"timestamp":"2026-09-16T14:39:55.217Z"}
{"level":"info","message":"⌛ Validating nombreRandom/nombreRandom.wlk","timeElapsed":148,"timestamp":"2026-09-16T14:39:55.365Z"}
{"level":"info","message":"⌛ Building environment","timeElapsed":168,"timestamp":"2026-09-16T14:39:55.535Z"}
{"level":"info","message":"⌛ Validating nombreRandom/nombreRandom.wlk","timeElapsed":146,"timestamp":"2026-09-16T14:39:55.682Z"}
{"level":"info","message":"⌛ Building environment","timeElapsed":109,"timestamp":"2026-09-16T14:39:55.792Z"}
{"level":"info","message":"⌛ Validating nombreRandom/nombreRandom.wlk","timeElapsed":168,"timestamp":"2026-09-16T14:39:55.961Z"}
{"level":"info","message":"⌛ Validating nombreRandom/nombreRandom.wlk","timeElapsed":136,"timestamp":"2026-09-16T14:39:56.181Z"}
{"level":"info","message":"⌛ Validating nombreRandom/nombreRandom.wlk","timeElapsed":148,"timestamp":"2026-09-16T14:39:56.410Z"}
{"level":"info","message":"⌛ Validating nombreRandom/nombreRandom.wlk","timeElapsed":144,"timestamp":"2026-09-16T14:39:56.736Z"}
{"level":"info","message":"⌛ Building environment","timeElapsed":108,"timestamp":"2026-09-16T14:39:56.845Z"}
{"level":"info","message":"⌛ Validating nombreRandom/nombreRandom.wlk","timeElapsed":161,"timestamp":"2026-09-16T14:39:57.007Z"}
{"level":"info","message":"⌛ Validating nombreRandom/nombreRandom.wlk","timeElapsed":121,"timestamp":"2026-09-16T14:39:57.129Z"}
{"level":"info","message":"⌛ Validating nombreRandom/nombreRandom.wlk","timeElapsed":127,"timestamp":"2026-09-16T14:39:57.261Z"}
{"level":"info","message":"⌛ Validating nombreRandom/nombreRandom.wlk","timeElapsed":134,"timestamp":"2026-09-16T14:39:57.479Z"}
{"level":"info","message":"⌛ Validating nombreRandom/nombreRandom.wlk","timeElapsed":118,"timestamp":"2026-09-16T14:39:57.597Z"}
{"level":"info","message":"⌛ Validating nombreRandom/nombreRandom.wlk","timeElapsed":125,"timestamp":"2026-09-16T14:39:57.729Z"}
{"level":"info","message":"⌛ Validating nombreRandom/nombreRandom.wlk","timeElapsed":143,"timestamp":"2026-09-16T14:39:58.035Z"}
{"level":"info","message":"⌛ Building environment","timeElapsed":112,"timestamp":"2026-09-16T14:39:58.148Z"}
{"level":"info","message":"⌛ Validating nombreRandom/nombreRandom.wlk","timeElapsed":144,"timestamp":"2026-09-16T14:39:58.292Z"}
{"level":"info","message":"⌛ Validating nombreRandom/nombreRandom.wlk","timeElapsed":136,"timestamp":"2026-09-16T14:39:58.621Z"}
{"level":"info","message":"⌛ Validating nombreRandom/nombreRandom.wlk","timeElapsed":130,"timestamp":"2026-09-16T14:39:58.751Z"}
{"level":"info","message":"⌛ Validating nombreRandom/nombreRandom.wlk","timeElapsed":126,"timestamp":"2026-09-16T14:39:58.881Z"}
{"level":"info","message":"⌛ Building environment","timeElapsed":121,"timestamp":"2026-09-16T14:39:59.359Z"}
{"level":"info","message":"⌛ Validating nombreRandom/nombreRandom.wlk","timeElapsed":209,"timestamp":"2026-09-16T14:39:59.575Z"}
{"level":"info","message":"⌛ Building environment","timeElapsed":155,"timestamp":"2026-09-16T14:39:59.579Z"}
{"level":"info","message":"⌛ Validating nombreRandom/nombreRandom.wlk","timeElapsed":151,"timestamp":"2026-09-16T14:39:59.733Z"}
{"level":"info","message":"⌛ Validating nombreRandom/nombreRandom.wlk","timeElapsed":138,"timestamp":"2026-09-16T14:39:59.981Z"}
{"level":"info","message":"⌛ Validating nombreRandom/nombreRandom.wlk","timeElapsed":136,"timestamp":"2026-09-16T14:40:00.212Z"}
{"level":"info","message":"⌛ Validating nombreRandom/nombreRandom.wlk","timeElapsed":125,"timestamp":"2026-09-16T14:40:00.516Z"}
{"level":"info","message":"⌛ Building environment","timeElapsed":149,"timestamp":"2026-09-16T14:40:00.666Z"}
{"level":"info","message":"⌛ Validating nombreRandom/nombreRandom.wlk","timeElapsed":158,"timestamp":"2026-09-16T14:40:00.828Z"}
{"level":"info","message":"⌛ Validating nombreRandom/nombreRandom.wlk","timeElapsed":135,"timestamp":"2026-09-16T14:40:01.064Z"}
{"level":"info","message":"⌛ Validating nombreRandom/nombreRandom.wlk","timeElapsed":132,"timestamp":"2026-09-16T14:40:01.478Z"}
{"level":"info","message":"⌛ Building environment","timeElapsed":118,"timestamp":"2026-09-16T14:40:02.099Z"}
{"level":"info","message":"⌛ Validating nombreRandom/nombreRandom.wlk","timeElapsed":133,"timestamp":"2026-09-16T14:40:02.236Z"}
{"level":"info","message":"⌛ Building environment","timeElapsed":101,"timestamp":"2026-09-16T14:40:02.545Z"}
{"level":"info","message":"⌛ Validating nombreRandom/nombreRandom.wlk","timeElapsed":134,"timestamp":"2026-09-16T14:40:02.684Z"}
{"level":"info","message":"⌛ Building environment","timeElapsed":164,"timestamp":"2026-09-16T14:40:03.380Z"}
{"level":"info","message":"⌛ Validating nombreRandom/nombreRandom.wlk","timeElapsed":171,"timestamp":"2026-09-16T14:40:03.562Z"}
{"level":"info","message":"⌛ Building environment","timeElapsed":108,"timestamp":"2026-09-16T14:40:04.429Z"}
{"level":"info","message":"⌛ Validating nombreRandom/nombreRandom.wlk","timeElapsed":139,"timestamp":"2026-09-16T14:40:04.573Z"}
{"level":"info","message":"⌛ Building environment","timeElapsed":135,"timestamp":"2026-09-16T14:40:06.428Z"}
{"level":"info","message":"⌛ Validating nombreRandom/nombreRandom.wlk","timeElapsed":137,"timestamp":"2026-09-16T14:40:06.570Z"}
{"level":"info","message":"⌛ Validating nombreRandom/nombreRandom.wlk","timeElapsed":133,"timestamp":"2026-09-16T14:40:06.933Z"}
{"level":"info","message":"⌛ Validating nombreRandom/nombreRandom.wlk","timeElapsed":127,"timestamp":"2026-09-16T14:40:07.195Z"}
{"level":"info","message":"⌛ Building environment","timeElapsed":109,"timestamp":"2026-09-16T14:40:07.371Z"}
{"level":"info","message":"⌛ Validating nombreRandom/nombreRandom.wlk","timeElapsed":143,"timestamp":"2026-09-16T14:40:07.517Z"}
{"level":"info","message":"⌛ Building environment","timeElapsed":114,"timestamp":"2026-09-16T14:40:08.467Z"}
{"level":"info","message":"⌛ Building environment","timeElapsed":142,"timestamp":"2026-09-16T14:40:08.501Z"}
{"level":"info","message":"⌛ Validating nombreRandom/nombreRandom.wlk","timeElapsed":172,"timestamp":"2026-09-16T14:40:08.642Z"}
{"level":"info","message":"⌛ Validating nombreRandom/nombreRandom.wlk","timeElapsed":181,"timestamp":"2026-09-16T14:40:08.721Z"}
{"level":"info","message":"⌛ Building environment","timeElapsed":108,"timestamp":"2026-09-16T14:40:09.636Z"}
{"level":"info","message":"⌛ Validating nombreRandom/nombreRandom.wlk","timeElapsed":153,"timestamp":"2026-09-16T14:40:10.032Z"}
{"level":"info","message":"⌛ Building environment","timeElapsed":132,"timestamp":"2026-09-16T14:40:10.722Z"}
{"level":"info","message":"⌛ Validating nombreRandom/nombreRandom.wlk","timeElapsed":154,"timestamp":"2026-09-16T14:40:10.879Z"}
{"level":"info","message":"⌛ Validating nombreRandom/nombreRandom.wlk","timeElapsed":131,"timestamp":"2026-09-16T14:40:11.148Z"}
{"level":"info","message":"⌛ Validating nombreRandom/nombreRandom.wlk","timeElapsed":133,"timestamp":"2026-09-16T14:40:11.380Z"}
{"level":"info","message":"⌛ Building environment","timeElapsed":101,"timestamp":"2026-09-16T14:40:12.348Z"}
{"level":"info","message":"⌛ Validating nombreRandom/nombreRandom.wlk","timeElapsed":155,"timestamp":"2026-09-16T14:40:12.509Z"}
{"level":"info","message":"⌛ Building environment","timeElapsed":135,"timestamp":"2026-09-16T14:40:14.820Z"}
{"level":"info","message":"⌛ Validating nombreRandom/nombreRandom.wlk","timeElapsed":146,"timestamp":"2026-09-16T14:40:14.970Z"}
{"level":"info","message":"⌛ Validating nombreRandom/nombreRandom.wlk","timeElapsed":134,"timestamp":"2026-09-16T14:40:16.022Z"}
{"level":"info","message":"⌛ Building environment","timeElapsed":106,"timestamp":"2026-09-16T14:40:18.467Z"}
{"level":"info","message":"⌛ Validating nombreRandom/nombreRandom.wlk","timeElapsed":128,"timestamp":"2026-09-16T14:40:18.600Z"}
{"level":"info","message":"⌛ Building environment","timeElapsed":124,"timestamp":"2026-09-16T14:40:18.736Z"}
{"level":"info","message":"⌛ Validating nombreRandom/nombreRandom.wlk","timeElapsed":136,"timestamp":"2026-09-16T14:40:18.876Z"}
{"level":"info","message":"⌛ Building environment","timeElapsed":155,"timestamp":"2026-09-16T14:40:19.879Z"}
{"level":"info","message":"⌛ Building environment","timeElapsed":224,"timestamp":"2026-09-16T14:40:19.934Z"}
{"level":"info","message":"⌛ Validating nombreRandom/nombreRandom.wlk","timeElapsed":167,"timestamp":"2026-09-16T14:40:20.049Z"}
{"level":"info","message":"⌛ Validating nombreRandom/nombreRandom.wlk","timeElapsed":212,"timestamp":"2026-09-16T14:40:20.150Z"}
{"level":"info","message":"⌛ Building environment","timeElapsed":122,"timestamp":"2026-09-16T14:40:20.944Z"}
{"level":"info","message":"⌛ Validating nombreRandom/nombreRandom.wlk","timeElapsed":143,"timestamp":"2026-09-16T14:40:21.090Z"}
{"level":"info","message":"⌛ Building environment","timeElapsed":141,"timestamp":"2026-09-16T14:40:57.175Z"}
{"level":"info","message":"⌛ Validating nombreRandom/nombreRandom.wlk","timeElapsed":134,"timestamp":"2026-09-16T14:40:57.313Z"}
{"level":"info","message":"⌛ Validating nombreRandom/nombreRandom.wlk","timeElapsed":134,"timestamp":"2026-09-16T14:40:57.602Z"}
{"level":"info","message":"⌛ Building environment","timeElapsed":156,"timestamp":"2026-09-16T14:40:57.760Z"}
{"level":"info","message":"⌛ Validating nombreRandom/nombreRandom.wlk","timeElapsed":142,"timestamp":"2026-09-16T14:40:58.000Z"}
{"level":"info","message":"⌛ Validating nombreRandom/nombreRandom.wlk","timeElapsed":130,"timestamp":"2026-09-16T14:40:58.130Z"}
{"level":"info","message":"⌛ Building environment","timeElapsed":120,"timestamp":"2026-09-16T14:40:58.958Z"}
{"level":"info","message":"⌛ Validating nombreRandom/nombreRandom.wlk","timeElapsed":136,"timestamp":"2026-09-16T14:40:59.098Z"}
{"level":"info","message":"⌛ Building environment","timeElapsed":115,"timestamp":"2026-09-16T14:40:59.510Z"}
{"level":"info","message":"⌛ Validating nombreRandom/nombreRandom.wlk","timeElapsed":136,"timestamp":"2026-09-16T14:40:59.652Z"}
{"level":"info","message":"⌛ Building environment","timeElapsed":104,"timestamp":"2026-09-16T14:40:59.763Z"}
{"level":"info","message":"⌛ Validating nombreRandom/nombreRandom.wlk","timeElapsed":157,"timestamp":"2026-09-16T14:40:59.924Z"}
{"level":"info","message":"⌛ Validating nombreRandom/nombreRandom.wlk","timeElapsed":135,"timestamp":"2026-09-16T14:41:00.507Z"}
{"level":"info","message":"⌛ Building environment","timeElapsed":132,"timestamp":"2026-09-16T14:41:01.496Z"}
{"level":"info","message":"⌛ Building environment","timeElapsed":102,"timestamp":"2026-09-16T14:41:01.561Z"}
{"level":"info","message":"⌛ Validating nombreRandom/nombreRandom.wlk","timeElapsed":189,"timestamp":"2026-09-16T14:41:01.689Z"}
{"level":"info","message":"⌛ Validating nombreRandom/nombreRandom.wlk","timeElapsed":164,"timestamp":"2026-09-16T14:41:01.728Z"}
{"level":"info","message":"⌛ Validating nombreRandom/nombreRandom.wlk","timeElapsed":146,"timestamp":"2026-09-16T14:41:02.832Z"}
{"level":"info","message":"⌛ Building environment","timeElapsed":108,"timestamp":"2026-09-16T14:41:03.048Z"}
{"level":"info","message":"⌛ Validating nombreRandom/nombreRandom.wlk","timeElapsed":131,"timestamp":"2026-09-16T14:41:03.183Z"}
{"level":"info","message":"⌛ Building environment","timeElapsed":128,"timestamp":"2026-09-16T14:41:03.513Z"}
{"level":"info","message":"⌛ Validating nombreRandom/nombreRandom.wlk","timeElapsed":129,"timestamp":"2026-09-16T14:41:03.647Z"}
{"level":"info","message":"⌛ Validating nombreRandom/nombreRandom.wlk","timeElapsed":127,"timestamp":"2026-09-16T14:41:04.026Z"}
{"level":"info","message":"⌛ Validating nombreRandom/nombreRandom.wlk","timeElapsed":141,"timestamp":"2026-09-16T14:41:04.325Z"}
{"level":"info","message":"⌛ Building environment","timeElapsed":220,"timestamp":"2026-09-16T14:41:04.547Z"}
{"level":"info","message":"⌛ Validating nombreRandom/nombreRandom.wlk","timeElapsed":153,"timestamp":"2026-09-16T14:41:04.881Z"}
{"level":"info","message":"⌛ Validating nombreRandom/nombreRandom.wlk","timeElapsed":163,"timestamp":"2026-09-16T14:41:05.046Z"}
{"level":"info","message":"⌛ Validating nombreRandom/nombreRandom.wlk","timeElapsed":140,"timestamp":"2026-09-16T14:41:05.271Z"}
{"level":"info","message":"⌛ Validating nombreRandom/nombreRandom.wlk","timeElapsed":123,"timestamp":"2026-09-16T14:41:05.400Z"}
{"level":"info","message":"⌛ Validating nombreRandom/nombreRandom.wlk","timeElapsed":136,"timestamp":"2026-09-16T14:41:06.039Z"}
{"level":"info","message":"⌛ Building environment","timeElapsed":132,"timestamp":"2026-09-16T14:41:11.918Z"}
{"level":"info","message":"⌛ Validating nombreRandom/nombreRandom.wlk","timeElapsed":133,"timestamp":"2026-09-16T14:41:12.055Z"}
{"level":"info","message":"⌛ Building environment","timeElapsed":114,"timestamp":"2026-09-16T14:41:13.004Z"}
{"level":"info","message":"⌛ Validating nombreRandom/nombreRandom.wlk","timeElapsed":155,"timestamp":"2026-09-16T14:41:13.164Z"}
{"level":"info","message":"⌛ Building environment","timeElapsed":132,"timestamp":"2026-09-16T14:41:14.795Z"}
{"level":"info","message":"⌛ Validating nombreRandom/nombreRandom.wlk","timeElapsed":141,"timestamp":"2026-09-16T14:41:14.942Z"}
{"level":"info","message":"⌛ Building environment","timeElapsed":101,"timestamp":"2026-09-16T14:41:15.254Z"}
{"level":"info","message":"⌛ Validating nombreRandom/nombreRandom.wlk","timeElapsed":140,"timestamp":"2026-09-16T14:41:15.397Z"}
{"level":"info","message":"⌛ Building environment","timeElapsed":101,"timestamp":"2026-09-16T14:41:15.499Z"}
{"level":"info","message":"⌛ Building environment","timeElapsed":185,"timestamp":"2026-09-16T14:41:15.684Z"}
{"level":"info","message":"⌛ Validating nombreRandom/nombreRandom.wlk","timeElapsed":149,"timestamp":"2026-09-16T14:41:15.833Z"}
{"level":"info","message":"⌛ Validating nombreRandom/nombreRandom.wlk","timeElapsed":124,"timestamp":"2026-09-16T14:41:16.055Z"}
{"level":"info","message":"⌛ Validating nombreRandom/nombreRandom.wlk","timeElapsed":142,"timestamp":"2026-09-16T14:41:16.390Z"}
{"level":"info","message":"⌛ Building environment","timeElapsed":105,"timestamp":"2026-09-16T14:41:16.495Z"}
{"level":"info","message":"⌛ Validating nombreRandom/nombreRandom.wlk","timeElapsed":138,"timestamp":"2026-09-16T14:41:16.634Z"}
{"level":"info","message":"⌛ Validating nombreRandom/nombreRandom.wlk","timeElapsed":147,"timestamp":"2026-09-16T14:41:16.860Z"}
{"level":"info","message":"⌛ Validating nombreRandom/nombreRandom.wlk","timeElapsed":119,"timestamp":"2026-09-16T14:41:16.978Z"}
{"level":"info","message":"⌛ Validating nombreRandom/nombreRandom.wlk","timeElapsed":127,"timestamp":"2026-09-16T14:41:17.110Z"}
{"level":"info","message":"⌛ Building environment","timeElapsed":121,"timestamp":"2026-09-16T14:41:17.232Z"}
{"level":"info","message":"⌛ Validating nombreRandom/nombreRandom.wlk","timeElapsed":135,"timestamp":"2026-09-16T14:41:17.470Z"}
{"level":"info","message":"⌛ Validating nombreRandom/nombreRandom.wlk","timeElapsed":121,"timestamp":"2026-09-16T14:41:17.592Z"}
{"level":"info","message":"⌛ Building environment","timeElapsed":110,"timestamp":"2026-09-16T14:41:18.374Z"}
{"level":"info","message":"⌛ Validating nombreRandom/nombreRandom.wlk","timeElapsed":155,"timestamp":"2026-09-16T14:41:18.534Z"}
{"level":"info","message":"⌛ Building environment","timeElapsed":103,"timestamp":"2026-09-16T14:41:18.597Z"}
{"level":"info","message":"⌛ Validating nombreRandom/nombreRandom.wlk","timeElapsed":127,"timestamp":"2026-09-16T14:41:18.728Z"}
{"level":"info","message":"⌛ Building environment","timeElapsed":106,"timestamp":"2026-09-16T14:41:18.854Z"}
{"level":"info","message":"⌛ Validating nombreRandom/nombreRandom.wlk","timeElapsed":178,"timestamp":"2026-09-16T14:41:19.035Z"}
{"level":"info","message":"⌛ Building environment","timeElapsed":253,"timestamp":"2026-09-16T14:41:19.292Z"}
{"level":"info","message":"⌛ Building environment","timeElapsed":117,"timestamp":"2026-09-16T14:41:19.508Z"}
{"level":"info","message":"⌛ Validating nombreRandom/nombreRandom.wlk","timeElapsed":162,"timestamp":"2026-09-16T14:41:19.760Z"}
{"level":"info","message":"⌛ Validating nombreRandom/nombreRandom.wlk","timeElapsed":147,"timestamp":"2026-09-16T14:41:19.909Z"}
{"level":"info","message":"⌛ Validating nombreRandom/nombreRandom.wlk","timeElapsed":158,"timestamp":"2026-09-16T14:41:20.163Z"}
{"level":"info","message":"⌛ Validating nombreRandom/nombreRandom.wlk","timeElapsed":153,"timestamp":"2026-09-16T14:41:20.316Z"}
{"level":"info","message":"⌛ Building environment","timeElapsed":111,"timestamp":"2026-09-16T14:41:20.428Z"}
{"level":"info","message":"⌛ Validating nombreRandom/nombreRandom.wlk","timeElapsed":131,"timestamp":"2026-09-16T14:41:20.660Z"}
{"level":"info","message":"⌛ Validating nombreRandom/nombreRandom.wlk","timeElapsed":195,"timestamp":"2026-09-16T14:41:21.129Z"}
{"level":"info","message":"⌛ Validating nombreRandom/nombreRandom.wlk","timeElapsed":140,"timestamp":"2026-09-16T14:41:21.274Z"}
{"level":"info","message":"⌛ Validating nombreRandom/nombreRandom.wlk","timeElapsed":140,"timestamp":"2026-09-16T14:41:21.419Z"}
{"level":"info","message":"⌛ Validating nombreRandom/nombreRandom.wlk","timeElapsed":134,"timestamp":"2026-09-16T14:41:21.552Z"}
{"level":"info","message":"⌛ Validating nombreRandom/nombreRandom.wlk","timeElapsed":148,"timestamp":"2026-09-16T14:41:21.706Z"}
{"level":"info","message":"⌛ Building environment","timeElapsed":113,"timestamp":"2026-09-16T14:41:21.820Z"}
{"level":"info","message":"⌛ Building environment","timeElapsed":106,"timestamp":"2026-09-16T14:41:22.113Z"}
{"level":"info","message":"⌛ Building environment","timeElapsed":125,"timestamp":"2026-09-16T14:41:22.340Z"}
{"level":"info","message":"⌛ Validating nombreRandom/nombreRandom.wlk","timeElapsed":141,"timestamp":"2026-09-16T14:41:22.494Z"}
{"level":"info","message":"⌛ Validating nombreRandom/nombreRandom.wlk","timeElapsed":117,"timestamp":"2026-09-16T14:41:22.611Z"}
{"level":"info","message":"⌛ Validating nombreRandom/nombreRandom.wlk","timeElapsed":136,"timestamp":"2026-09-16T14:41:22.829Z"}
{"level":"info","message":"⌛ Validating nombreRandom/nombreRandom.wlk","timeElapsed":127,"timestamp":"2026-09-16T14:41:23.036Z"}
{"level":"info","message":"⌛ Validating nombreRandom/nombreRandom.wlk","timeElapsed":126,"timestamp":"2026-09-16T14:41:23.251Z"}
{"level":"info","message":"⌛ Validating nombreRandom/nombreRandom.wlk","timeElapsed":127,"timestamp":"2026-09-16T14:41:23.379Z"}
{"level":"info","message":"⌛ Building environment","timeElapsed":112,"timestamp":"2026-09-16T14:41:23.393Z"}
{"level":"info","message":"⌛ Validating nombreRandom/nombreRandom.wlk","timeElapsed":176,"timestamp":"2026-09-16T14:41:23.574Z"}
{"level":"info","message":"⌛ Validating nombreRandom/nombreRandom.wlk","timeElapsed":150,"timestamp":"2026-09-16T14:41:23.616Z"}
{"level":"info","message":"⌛ Validating nombreRandom/nombreRandom.wlk","timeElapsed":154,"timestamp":"2026-09-16T14:41:23.772Z"}
{"level":"info","message":"⌛ Validating nombreRandom/nombreRandom.wlk","timeElapsed":158,"timestamp":"2026-09-16T14:41:23.932Z"}
{"level":"info","message":"⌛ Building environment","timeElapsed":138,"timestamp":"2026-09-16T14:41:48.606Z"}
{"level":"info","message":"⌛ Validating nombreRandom/nombreRandom.wlk","timeElapsed":125,"timestamp":"2026-09-16T14:41:48.737Z"}
{"level":"info","message":"⌛ Building environment","timeElapsed":126,"timestamp":"2026-09-16T14:41:49.723Z"}
{"level":"info","message":"⌛ Validating nombreRandom/nombreRandom.wlk","timeElapsed":150,"timestamp":"2026-09-16T14:41:49.877Z"}
{"level":"info","message":"⌛ Building environment","timeElapsed":123,"timestamp":"2026-09-16T14:42:04.790Z"}
{"level":"info","message":"⌛ Validating nombreRandom/nombreRandom.wlk","timeElapsed":133,"timestamp":"2026-09-16T14:42:04.928Z"}
{"level":"info","message":"⌛ Building environment","timeElapsed":106,"timestamp":"2026-09-16T14:42:05.158Z"}
{"level":"info","message":"⌛ Validating nombreRandom/nombreRandom.wlk","timeElapsed":132,"timestamp":"2026-09-16T14:42:05.294Z"}
{"level":"info","message":"⌛ Building environment","timeElapsed":104,"timestamp":"2026-09-16T14:42:05.491Z"}
{"level":"info","message":"⌛ Validating nombreRandom/nombreRandom.wlk","timeElapsed":135,"timestamp":"2026-09-16T14:42:05.630Z"}
{"level":"info","message":"⌛ Validating nombreRandom/nombreRandom.wlk","timeElapsed":128,"timestamp":"2026-09-16T14:42:06.563Z"}
{"level":"info","message":"⌛ Validating nombreRandom/nombreRandom.wlk","timeElapsed":154,"timestamp":"2026-09-16T14:42:06.853Z"}
{"level":"info","message":"⌛ Validating nombreRandom/nombreRandom.wlk","timeElapsed":140,"timestamp":"2026-09-16T14:42:07.180Z"}
{"level":"info","message":"⌛ Validating nombreRandom/nombreRandom.wlk","timeElapsed":155,"timestamp":"2026-09-16T14:42:07.337Z"}
{"level":"info","message":"⌛ Building environment","timeElapsed":193,"timestamp":"2026-09-16T14:42:08.116Z"}
{"level":"info","message":"⌛ Building environment","timeElapsed":207,"timestamp":"2026-09-16T14:42:08.210Z"}
{"level":"info","message":"⌛ Validating nombreRandom/nombreRandom.wlk","timeElapsed":201,"timestamp":"2026-09-16T14:42:08.373Z"}
{"level":"info","message":"⌛ Validating nombreRandom/nombreRandom.wlk","timeElapsed":193,"timestamp":"2026-09-16T14:42:08.413Z"}
{"level":"info","message":"⌛ Validating nombreRandom/nombreRandom.wlk","timeElapsed":158,"timestamp":"2026-09-16T14:42:08.761Z"}
{"level":"info","message":"⌛ Building environment","timeElapsed":101,"timestamp":"2026-09-16T14:42:08.862Z"}
{"level":"info","message":"⌛ Validating nombreRandom/nombreRandom.wlk","timeElapsed":162,"timestamp":"2026-09-16T14:42:09.028Z"}
{"level":"info","message":"⌛ Validating nombreRandom/nombreRandom.wlk","timeElapsed":158,"timestamp":"2026-09-16T14:42:09.293Z"}
{"level":"info","message":"⌛ Validating nombreRandom/nombreRandom.wlk","timeElapsed":131,"timestamp":"2026-09-16T14:42:09.516Z"}
{"level":"info","message":"⌛ Building environment","timeElapsed":104,"timestamp":"2026-09-16T14:42:10.432Z"}
{"level":"info","message":"⌛ Validating nombreRandom/nombreRandom.wlk","timeElapsed":144,"timestamp":"2026-09-16T14:42:10.580Z"}
{"level":"info","message":"⌛ Building environment","timeElapsed":105,"timestamp":"2026-09-16T14:42:11.030Z"}
{"level":"info","message":"⌛ Validating nombreRandom/nombreRandom.wlk","timeElapsed":145,"timestamp":"2026-09-16T14:42:11.180Z"}
{"level":"info","message":"⌛ Validating nombreRandom/nombreRandom.wlk","timeElapsed":122,"timestamp":"2026-09-16T14:42:11.389Z"}
{"level":"info","message":"⌛ Building environment","timeElapsed":181,"timestamp":"2026-09-16T14:42:12.388Z"}
{"level":"info","message":"⌛ Building environment","timeElapsed":198,"timestamp":"2026-09-16T14:42:12.486Z"}
{"level":"info","message":"⌛ Validating nombreRandom/nombreRandom.wlk","timeElapsed":280,"timestamp":"2026-09-16T14:42:12.673Z"}
{"level":"info","message":"⌛ Validating nombreRandom/nombreRandom.wlk","timeElapsed":198,"timestamp":"2026-09-16T14:42:12.696Z"}
{"level":"info","message":"⌛ Validating nombreRandom/nombreRandom.wlk","timeElapsed":179,"timestamp":"2026-09-16T14:42:13.659Z"}
{"level":"info","message":"⌛ Building environment","timeElapsed":134,"timestamp":"2026-09-16T14:42:13.725Z"}
{"level":"info","message":"⌛ Validating nombreRandom/nombreRandom.wlk","timeElapsed":173,"timestamp":"2026-09-16T14:42:13.901Z"}
{"level":"info","message":"⌛ Building environment","timeElapsed":109,"timestamp":"2026-09-16T14:42:14.012Z"}
{"level":"info","message":"⌛ Validating nombreRandom/nombreRandom.wlk","timeElapsed":165,"timestamp":"2026-09-16T14:42:14.180Z"}
{"level":"info","message":"⌛ Validating nombreRandom/nombreRandom.wlk","timeElapsed":149,"timestamp":"2026-09-16T14:42:14.530Z"}
{"level":"info","message":"⌛ Validating nombreRandom/nombreRandom.wlk","timeElapsed":132,"timestamp":"2026-09-16T14:42:14.760Z"}
{"level":"info","message":"⌛ Validating nombreRandom/nombreRandom.wlk","timeElapsed":140,"timestamp":"2026-09-16T14:42:14.990Z"}
{"level":"info","message":"⌛ Validating nombreRandom/nombreRandom.wlk","timeElapsed":128,"timestamp":"2026-09-16T14:42:15.124Z"}
{"level":"info","message":"⌛ Building environment","timeElapsed":103,"timestamp":"2026-09-16T14:42:15.709Z"}
{"level":"info","message":"⌛ Building environment","timeElapsed":108,"timestamp":"2026-09-16T14:42:15.879Z"}
{"level":"info","message":"⌛ Validating nombreRandom/nombreRandom.wlk","timeElapsed":175,"timestamp":"2026-09-16T14:42:15.889Z"}
{"level":"info","message":"⌛ Validating nombreRandom/nombreRandom.wlk","timeElapsed":132,"timestamp":"2026-09-16T14:42:16.017Z"}
{"level":"info","message":"⌛ Validating nombreRandom/nombreRandom.wlk","timeElapsed":139,"timestamp":"2026-09-16T14:42:17.116Z"}
{"level":"info","message":"⌛ Building environment","timeElapsed":113,"timestamp":"2026-09-16T14:42:17.494Z"}
{"level":"info","message":"⌛ Validating nombreRandom/nombreRandom.wlk","timeElapsed":134,"timestamp":"2026-09-16T14:42:17.632Z"}
{"level":"info","message":"⌛ Building environment","timeElapsed":126,"timestamp":"2026-09-16T14:42:17.883Z"}
{"level":"info","message":"⌛ Validating nombreRandom/nombreRandom.wlk","timeElapsed":153,"timestamp":"2026-09-16T14:42:18.040Z"}
{"level":"info","message":"⌛ Building environment","timeElapsed":111,"timestamp":"2026-09-16T14:42:18.152Z"}
{"level":"info","message":"⌛ Validating nombreRandom/nombreRandom.wlk","timeElapsed":165,"timestamp":"2026-09-16T14:42:18.412Z"}
{"level":"info","message":"⌛ Validating nombreRandom/nombreRandom.wlk","timeElapsed":136,"timestamp":"2026-09-16T14:42:18.549Z"}
{"level":"info","message":"⌛ Validating nombreRandom/nombreRandom.wlk","timeElapsed":202,"timestamp":"2026-09-16T14:42:18.862Z"}
{"level":"info","message":"⌛ Building environment","timeElapsed":101,"timestamp":"2026-09-16T14:42:18.966Z"}
{"level":"info","message":"⌛ Validating nombreRandom/nombreRandom.wlk","timeElapsed":161,"timestamp":"2026-09-16T14:42:19.132Z"}
{"level":"info","message":"⌛ Validating nombreRandom/nombreRandom.wlk","timeElapsed":135,"timestamp":"2026-09-16T14:42:19.368Z"}
{"level":"info","message":"⌛ Validating nombreRandom/nombreRandom.wlk","timeElapsed":128,"timestamp":"2026-09-16T14:42:19.617Z"}
{"level":"info","message":"⌛ Building environment","timeElapsed":120,"timestamp":"2026-09-16T14:42:19.916Z"}
{"level":"info","message":"⌛ Validating nombreRandom/nombreRandom.wlk","timeElapsed":134,"timestamp":"2026-09-16T14:42:20.054Z"}
{"level":"info","message":"⌛ Building environment","timeElapsed":156,"timestamp":"2026-09-16T14:42:20.211Z"}
{"level":"info","message":"⌛ Validating nombreRandom/nombreRandom.wlk","timeElapsed":167,"timestamp":"2026-09-16T14:42:20.471Z"}
{"level":"info","message":"⌛ Validating nombreRandom/nombreRandom.wlk","timeElapsed":142,"timestamp":"2026-09-16T14:42:20.614Z"}
{"level":"info","message":"⌛ Validating nombreRandom/nombreRandom.wlk","timeElapsed":149,"timestamp":"2026-09-16T14:42:21.045Z"}
{"level":"info","message":"⌛ Validating nombreRandom/nombreRandom.wlk","timeElapsed":140,"timestamp":"2026-09-16T14:42:21.186Z"}
{"level":"info","message":"⌛ Validating nombreRandom/nombreRandom.wlk","timeElapsed":137,"timestamp":"2026-09-16T14:42:21.414Z"}
{"level":"info","message":"⌛ Validating nombreRandom/nombreRandom.wlk","timeElapsed":149,"timestamp":"2026-09-16T14:42:21.743Z"}
{"level":"info","message":"⌛ Validating nombreRandom/nombreRandom.wlk","timeElapsed":128,"timestamp":"2026-09-16T14:42:21.878Z"}
{"level":"info","message":"⌛ Validating nombreRandom/nombreRandom.wlk","timeElapsed":120,"timestamp":"2026-09-16T14:42:21.998Z"}
{"level":"info","message":"⌛ Building environment","timeElapsed":106,"timestamp":"2026-09-16T14:42:22.359Z"}
{"level":"info","message":"⌛ Validating nombreRandom/nombreRandom.wlk","timeElapsed":136,"timestamp":"2026-09-16T14:42:22.500Z"}
{"level":"info","message":"⌛ Building environment","timeElapsed":110,"timestamp":"2026-09-16T14:42:22.907Z"}
{"level":"info","message":"⌛ Validating nombreRandom/nombreRandom.wlk","timeElapsed":132,"timestamp":"2026-09-16T14:42:23.042Z"}
{"level":"info","message":"⌛ Building environment","timeElapsed":113,"timestamp":"2026-09-16T14:42:23.348Z"}
{"level":"info","message":"⌛ Validating nombreRandom/nombreRandom.wlk","timeElapsed":132,"timestamp":"2026-09-16T14:42:23.483Z"}
{"level":"info","message":"⌛ Building environment","timeElapsed":128,"timestamp":"2026-09-16T14:42:24.230Z"}
{"level":"info","message":"⌛ Validating nombreRandom/nombreRandom.wlk","timeElapsed":134,"timestamp":"2026-09-16T14:42:24.372Z"}
{"level":"info","message":"⌛ Validating nombreRandom/nombreRandom.wlk","timeElapsed":138,"timestamp":"2026-09-16T14:42:25.295Z"}
{"level":"info","message":"⌛ Validating nombreRandom/nombreRandom.wlk","timeElapsed":127,"timestamp":"2026-09-16T14:42:25.520Z"}
{"level":"info","message":"⌛ Building environment","timeElapsed":101,"timestamp":"2026-09-16T14:42:25.935Z"}
{"level":"info","message":"⌛ Validating nombreRandom/nombreRandom.wlk","timeElapsed":139,"timestamp":"2026-09-16T14:42:26.078Z"}
{"level":"info","message":"⌛ Building environment","timeElapsed":119,"timestamp":"2026-09-16T14:42:26.198Z"}
{"level":"info","message":"⌛ Validating nombreRandom/nombreRandom.wlk","timeElapsed":133,"timestamp":"2026-09-16T14:42:26.421Z"}
{"level":"info","message":"⌛ Validating nombreRandom/nombreRandom.wlk","timeElapsed":131,"timestamp":"2026-09-16T14:42:26.553Z"}
{"level":"info","message":"⌛ Building environment","timeElapsed":165,"timestamp":"2026-09-16T14:42:26.720Z"}
{"level":"info","message":"⌛ Building environment","timeElapsed":123,"timestamp":"2026-09-16T14:42:26.944Z"}
{"level":"info","message":"⌛ Validating nombreRandom/nombreRandom.wlk","timeElapsed":162,"timestamp":"2026-09-16T14:42:27.124Z"}
{"level":"info","message":"⌛ Validating nombreRandom/nombreRandom.wlk","timeElapsed":140,"timestamp":"2026-09-16T14:42:27.358Z"}
{"level":"info","message":"⌛ Validating nombreRandom/nombreRandom.wlk","timeElapsed":151,"timestamp":"2026-09-16T14:42:27.509Z"}
{"level":"info","message":"⌛ Validating nombreRandom/nombreRandom.wlk","timeElapsed":147,"timestamp":"2026-09-16T14:42:27.848Z"}
{"level":"info","message":"⌛ Building environment","timeElapsed":105,"timestamp":"2026-09-16T14:42:27.953Z"}
{"level":"info","message":"⌛ Validating nombreRandom/nombreRandom.wlk","timeElapsed":144,"timestamp":"2026-09-16T14:42:28.188Z"}
{"level":"info","message":"⌛ Validating nombreRandom/nombreRandom.wlk","timeElapsed":135,"timestamp":"2026-09-16T14:42:28.323Z"}
{"level":"info","message":"⌛ Validating nombreRandom/nombreRandom.wlk","timeElapsed":121,"timestamp":"2026-09-16T14:42:28.532Z"}
{"level":"info","message":"⌛ Validating nombreRandom/nombreRandom.wlk","timeElapsed":133,"timestamp":"2026-09-16T14:42:28.719Z"}
{"level":"info","message":"⌛ Validating nombreRandom/nombreRandom.wlk","timeElapsed":135,"timestamp":"2026-09-16T14:42:28.956Z"}
{"level":"info","message":"⌛ Validating nombreRandom/nombreRandom.wlk","timeElapsed":130,"timestamp":"2026-09-16T14:42:29.088Z"}
{"level":"info","message":"⌛ Building environment","timeElapsed":111,"timestamp":"2026-09-16T14:42:29.350Z"}
{"level":"info","message":"⌛ Validating nombreRandom/nombreRandom.wlk","timeElapsed":164,"timestamp":"2026-09-16T14:42:29.355Z"}
{"level":"info","message":"⌛ Building environment","timeElapsed":126,"timestamp":"2026-09-16T14:42:29.497Z"}
{"level":"info","message":"⌛ Validating nombreRandom/nombreRandom.wlk","timeElapsed":207,"timestamp":"2026-09-16T14:42:29.561Z"}
{"level":"info","message":"⌛ Validating nombreRandom/nombreRandom.wlk","timeElapsed":147,"timestamp":"2026-09-16T14:42:29.647Z"}
{"level":"info","message":"⌛ Validating nombreRandom/nombreRandom.wlk","timeElapsed":125,"timestamp":"2026-09-16T14:42:29.921Z"}
{"level":"info","message":"⌛ Validating nombreRandom/nombreRandom.wlk","timeElapsed":132,"timestamp":"2026-09-16T14:42:30.823Z"}
{"level":"info","message":"⌛ Building environment","timeElapsed":102,"timestamp":"2026-09-16T14:42:31.597Z"}
{"level":"info","message":"⌛ Validating nombreRandom/nombreRandom.wlk","timeElapsed":140,"timestamp":"2026-09-16T14:42:31.780Z"}
{"level":"info","message":"⌛ Building environment","timeElapsed":113,"timestamp":"2026-09-16T14:42:32.702Z"}
{"level":"info","message":"⌛ Validating nombreRandom/nombreRandom.wlk","timeElapsed":148,"timestamp":"2026-09-16T14:42:32.854Z"}
{"level":"info","message":"⌛ Building environment","timeElapsed":140,"timestamp":"2026-09-16T14:42:33.060Z"}
{"level":"info","message":"⌛ Validating nombreRandom/nombreRandom.wlk","timeElapsed":131,"timestamp":"2026-09-16T14:42:33.195Z"}
{"level":"info","message":"⌛ Validating nombreRandom/nombreRandom.wlk","timeElapsed":123,"timestamp":"2026-09-16T14:42:33.498Z"}
{"level":"info","message":"⌛ Building environment","timeElapsed":117,"timestamp":"2026-09-16T14:42:33.663Z"}
{"level":"info","message":"⌛ Validating nombreRandom/nombreRandom.wlk","timeElapsed":178,"timestamp":"2026-09-16T14:42:33.844Z"}
{"level":"info","message":"⌛ Building environment","timeElapsed":101,"timestamp":"2026-09-16T14:42:33.946Z"}
{"level":"info","message":"⌛ Validating nombreRandom/nombreRandom.wlk","timeElapsed":145,"timestamp":"2026-09-16T14:42:34.093Z"}
{"level":"info","message":"⌛ Validating nombreRandom/nombreRandom.wlk","timeElapsed":129,"timestamp":"2026-09-16T14:42:35.097Z"}
{"level":"info","message":"⌛ Building environment","timeElapsed":110,"timestamp":"2026-09-16T14:42:35.440Z"}
{"level":"info","message":"⌛ Validating nombreRandom/nombreRandom.wlk","timeElapsed":140,"timestamp":"2026-09-16T14:42:35.584Z"}
{"level":"info","message":"⌛ Validating nombreRandom/nombreRandom.wlk","timeElapsed":153,"timestamp":"2026-09-16T14:42:35.839Z"}
{"level":"info","message":"⌛ Validating nombreRandom/nombreRandom.wlk","timeElapsed":154,"timestamp":"2026-09-16T14:42:36.176Z"}
{"level":"info","message":"⌛ Validating nombreRandom/nombreRandom.wlk","timeElapsed":144,"timestamp":"2026-09-16T14:42:36.320Z"}
{"level":"info","message":"⌛ Building environment","timeElapsed":103,"timestamp":"2026-09-16T14:42:36.515Z"}
{"level":"info","message":"⌛ Building environment","timeElapsed":101,"timestamp":"2026-09-16T14:42:36.617Z"}
{"level":"info","message":"⌛ Validating nombreRandom/nombreRandom.wlk","timeElapsed":137,"timestamp":"2026-09-16T14:42:36.755Z"}
{"level":"info","message":"⌛ Validating nombreRandom/nombreRandom.wlk","timeElapsed":169,"timestamp":"2026-09-16T14:42:36.925Z"}
{"level":"info","message":"⌛ Building environment","timeElapsed":105,"timestamp":"2026-09-16T14:42:37.031Z"}
{"level":"info","message":"⌛ Validating nombreRandom/nombreRandom.wlk","timeElapsed":133,"timestamp":"2026-09-16T14:42:37.164Z"}
{"level":"info","message":"⌛ Validating nombreRandom/nombreRandom.wlk","timeElapsed":127,"timestamp":"2026-09-16T14:42:37.379Z"}
{"level":"info","message":"⌛ Validating nombreRandom/nombreRandom.wlk","timeElapsed":118,"timestamp":"2026-09-16T14:42:37.502Z"}
{"level":"info","message":"⌛ Building environment","timeElapsed":119,"timestamp":"2026-09-16T14:42:38.202Z"}
{"level":"info","message":"⌛ Validating nombreRandom/nombreRandom.wlk","timeElapsed":143,"timestamp":"2026-09-16T14:42:38.348Z"}
{"level":"info","message":"⌛ Building environment","timeElapsed":205,"timestamp":"2026-09-16T14:42:38.990Z"}
{"level":"info","message":"⌛ Validating nombreRandom/nombreRandom.wlk","timeElapsed":143,"timestamp":"2026-09-16T14:42:39.139Z"}
{"level":"info","message":"⌛ Validating nombreRandom/nombreRandom.wlk","timeElapsed":136,"timestamp":"2026-09-16T14:42:40.126Z"}
{"level":"info","message":"⌛ Building environment","timeElapsed":116,"timestamp":"2026-09-16T14:42:40.789Z"}
{"level":"info","message":"⌛ Validating nombreRandom/nombreRandom.wlk","timeElapsed":138,"timestamp":"2026-09-16T14:42:40.932Z"}
{"level":"info","message":"⌛ Validating nombreRandom/nombreRandom.wlk","timeElapsed":135,"timestamp":"2026-09-16T14:42:41.165Z"}
{"level":"info","message":"⌛ Validating nombreRandom/nombreRandom.wlk","timeElapsed":135,"timestamp":"2026-09-16T14:42:41.400Z"}
{"level":"info","message":"⌛ Validating nombreRandom/nombreRandom.wlk","timeElapsed":129,"timestamp":"2026-09-16T14:42:41.626Z"}
{"level":"info","message":"⌛ Building environment","timeElapsed":101,"timestamp":"2026-09-16T14:42:42.515Z"}
{"level":"info","message":"⌛ Validating nombreRandom/nombreRandom.wlk","timeElapsed":143,"timestamp":"2026-09-16T14:42:42.662Z"}
{"level":"info","message":"⌛ Building environment","timeElapsed":110,"timestamp":"2026-09-16T14:42:43.060Z"}
{"level":"info","message":"⌛ Validating nombreRandom/nombreRandom.wlk","timeElapsed":126,"timestamp":"2026-09-16T14:42:43.189Z"}
{"level":"info","message":"⌛ Building environment","timeElapsed":117,"timestamp":"2026-09-16T14:42:43.985Z"}
{"level":"info","message":"⌛ Validating nombreRandom/nombreRandom.wlk","timeElapsed":185,"timestamp":"2026-09-16T14:42:44.267Z"}
{"level":"info","message":"⌛ Validating nombreRandom/nombreRandom.wlk","timeElapsed":134,"timestamp":"2026-09-16T14:42:44.401Z"}
{"level":"info","message":"⌛ Validating nombreRandom/nombreRandom.wlk","timeElapsed":132,"timestamp":"2026-09-16T14:42:44.734Z"}
{"level":"info","message":"⌛ Validating nombreRandom/nombreRandom.wlk","timeElapsed":124,"timestamp":"2026-09-16T14:42:44.858Z"}
{"level":"info","message":"⌛ Validating nombreRandom/nombreRandom.wlk","timeElapsed":142,"timestamp":"2026-09-16T14:42:45.252Z"}
{"level":"info","message":"⌛ Building environment","timeElapsed":133,"timestamp":"2026-09-16T14:42:46.162Z"}
{"level":"info","message":"⌛ Building environment","timeElapsed":138,"timestamp":"2026-09-16T14:42:46.217Z"}
{"level":"info","message":"⌛ Validating nombreRandom/nombreRandom.wlk","timeElapsed":190,"timestamp":"2026-09-16T14:42:46.363Z"}
{"level":"info","message":"⌛ Validating nombreRandom/nombreRandom.wlk","timeElapsed":226,"timestamp":"2026-09-16T14:42:46.446Z"}
{"level":"info","message":"⌛ Validating nombreRandom/nombreRandom.wlk","timeElapsed":143,"timestamp":"2026-09-16T14:42:46.622Z"}
{"level":"info","message":"⌛ Validating nombreRandom/nombreRandom.wlk","timeElapsed":153,"timestamp":"2026-09-16T14:42:46.859Z"}
{"level":"info","message":"⌛ Validating nombreRandom/nombreRandom.wlk","timeElapsed":143,"timestamp":"2026-09-16T14:42:47.896Z"}
{"level":"info","message":"⌛ Building environment","timeElapsed":142,"timestamp":"2026-09-16T14:42:48.209Z"}
{"level":"info","message":"⌛ Validating nombreRandom/nombreRandom.wlk","timeElapsed":144,"timestamp":"2026-09-16T14:42:48.358Z"}
{"level":"info","message":"⌛ Building environment","timeElapsed":106,"timestamp":"2026-09-16T14:42:49.275Z"}
{"level":"info","message":"⌛ Validating nombreRandom/nombreRandom.wlk","timeElapsed":142,"timestamp":"2026-09-16T14:42:49.421Z"}
{"level":"info","message":"⌛ Building environment","timeElapsed":157,"timestamp":"2026-09-16T14:42:50.649Z"}
{"level":"info","message":"⌛ Validating nombreRandom/nombreRandom.wlk","timeElapsed":148,"timestamp":"2026-09-16T14:42:50.801Z"}
{"level":"info","message":"⌛ Building environment","timeElapsed":106,"timestamp":"2026-09-16T14:42:51.183Z"}
{"level":"info","message":"⌛ Validating nombreRandom/nombreRandom.wlk","timeElapsed":145,"timestamp":"2026-09-16T14:42:51.332Z"}
{"level":"info","message":"⌛ Building environment","timeElapsed":108,"timestamp":"2026-09-16T14:42:51.442Z"}
{"level":"info","message":"⌛ Validating nombreRandom/nombreRandom.wlk","timeElapsed":148,"timestamp":"2026-09-16T14:42:51.595Z"}
{"level":"info","message":"⌛ Validating nombreRandom/nombreRandom.wlk","timeElapsed":158,"timestamp":"2026-09-16T14:42:51.839Z"}
{"level":"info","message":"⌛ Validating nombreRandom/nombreRandom.wlk","timeElapsed":141,"timestamp":"2026-09-16T14:42:52.079Z"}
{"level":"info","message":"⌛ Validating nombreRandom/nombreRandom.wlk","timeElapsed":133,"timestamp":"2026-09-16T14:42:52.304Z"}
{"level":"info","message":"⌛ Building environment","timeElapsed":122,"timestamp":"2026-09-16T14:42:52.426Z"}
{"level":"info","message":"⌛ Building environment","timeElapsed":103,"timestamp":"2026-09-16T14:42:52.529Z"}
{"level":"info","message":"⌛ Validating nombreRandom/nombreRandom.wlk","timeElapsed":131,"timestamp":"2026-09-16T14:42:52.661Z"}
{"level":"info","message":"⌛ Building environment","timeElapsed":180,"timestamp":"2026-09-16T14:42:52.843Z"}
{"level":"info","message":"⌛ Validating nombreRandom/nombreRandom.wlk","timeElapsed":151,"timestamp":"2026-09-16T14:42:52.995Z"}
{"level":"info","message":"⌛ Building environment","timeElapsed":109,"timestamp":"2026-09-16T14:42:53.105Z"}
{"level":"info","message":"⌛ Validating nombreRandom/nombreRandom.wlk","timeElapsed":137,"timestamp":"2026-09-16T14:42:53.243Z"}
{"level":"info","message":"⌛ Validating nombreRandom/nombreRandom.wlk","timeElapsed":144,"timestamp":"2026-09-16T14:42:53.475Z"}
{"level":"info","message":"⌛ Validating nombreRandom/nombreRandom.wlk","timeElapsed":124,"timestamp":"2026-09-16T14:42:53.605Z"}
{"level":"info","message":"⌛ Validating nombreRandom/nombreRandom.wlk","timeElapsed":141,"timestamp":"2026-09-16T14:42:53.838Z"}
{"level":"info","message":"⌛ Validating nombreRandom/nombreRandom.wlk","timeElapsed":138,"timestamp":"2026-09-16T14:42:54.602Z"}
{"level":"info","message":"⌛ Validating nombreRandom/nombreRandom.wlk","timeElapsed":129,"timestamp":"2026-09-16T14:42:54.830Z"}
{"level":"info","message":"⌛ Validating nombreRandom/nombreRandom.wlk","timeElapsed":132,"timestamp":"2026-09-16T14:42:55.243Z"}
{"level":"info","message":"⌛ Validating nombreRandom/nombreRandom.wlk","timeElapsed":132,"timestamp":"2026-09-16T14:42:55.472Z"}
{"level":"info","message":"⌛ Building environment","timeElapsed":135,"timestamp":"2026-09-16T14:42:56.410Z"}
{"level":"info","message":"⌛ Validating nombreRandom/nombreRandom.wlk","timeElapsed":156,"timestamp":"2026-09-16T14:42:56.570Z"}
{"level":"info","message":"⌛ Building environment","timeElapsed":121,"timestamp":"2026-09-16T14:42:56.647Z"}
{"level":"info","message":"⌛ Validating nombreRandom/nombreRandom.wlk","timeElapsed":157,"timestamp":"2026-09-16T14:42:56.808Z"}
{"level":"info","message":"⌛ Validating nombreRandom/nombreRandom.wlk","timeElapsed":139,"timestamp":"2026-09-16T14:42:57.858Z"}
{"level":"info","message":"⌛ Building environment","timeElapsed":123,"timestamp":"2026-09-16T14:43:00.223Z"}
{"level":"info","message":"⌛ Validating nombreRandom/nombreRandom.wlk","timeElapsed":140,"timestamp":"2026-09-16T14:43:00.367Z"}
{"level":"info","message":"⌛ Building environment","timeElapsed":101,"timestamp":"2026-09-16T14:43:01.303Z"}
{"level":"info","message":"⌛ Validating nombreRandom/nombreRandom.wlk","timeElapsed":141,"timestamp":"2026-09-16T14:43:01.448Z"}
{"level":"info","message":"⌛ Building environment","timeElapsed":131,"timestamp":"2026-09-16T14:43:01.988Z"}
{"level":"info","message":"⌛ Validating nombreRandom/nombreRandom.wlk","timeElapsed":160,"timestamp":"2026-09-16T14:43:02.241Z"}
{"level":"info","message":"⌛ Validating nombreRandom/nombreRandom.wlk","timeElapsed":127,"timestamp":"2026-09-16T14:43:02.369Z"}
{"level":"info","message":"⌛ Validating nombreRandom/nombreRandom.wlk","timeElapsed":152,"timestamp":"2026-09-16T14:43:02.730Z"}
{"level":"info","message":"⌛ Validating nombreRandom/nombreRandom.wlk","timeElapsed":130,"timestamp":"2026-09-16T14:43:02.861Z"}
{"level":"info","message":"⌛ Building environment","timeElapsed":114,"timestamp":"2026-09-16T14:43:03.425Z"}
{"level":"info","message":"⌛ Validating nombreRandom/nombreRandom.wlk","timeElapsed":132,"timestamp":"2026-09-16T14:43:03.562Z"}
{"level":"info","message":"⌛ Validating nombreRandom/nombreRandom.wlk","timeElapsed":161,"timestamp":"2026-09-16T14:43:03.878Z"}
{"level":"info","message":"⌛ Validating nombreRandom/nombreRandom.wlk","timeElapsed":127,"timestamp":"2026-09-16T14:43:04.562Z"}
{"level":"info","message":"⌛ Building environment","timeElapsed":216,"timestamp":"2026-09-16T14:43:04.805Z"}
{"level":"info","message":"⌛ Validating nombreRandom/nombreRandom.wlk","timeElapsed":180,"timestamp":"2026-09-16T14:43:04.988Z"}
{"level":"info","message":"⌛ Validating nombreRandom/nombreRandom.wlk","timeElapsed":137,"timestamp":"2026-09-16T14:43:05.320Z"}
{"level":"info","message":"⌛ Validating nombreRandom/nombreRandom.wlk","timeElapsed":129,"timestamp":"2026-09-16T14:43:05.449Z"}
{"level":"info","message":"⌛ Validating nombreRandom/nombreRandom.wlk","timeElapsed":148,"timestamp":"2026-09-16T14:43:05.897Z"}
{"level":"info","message":"⌛ Validating nombreRandom/nombreRandom.wlk","timeElapsed":153,"timestamp":"2026-09-16T14:43:06.142Z"}
{"level":"info","message":"⌛ Building environment","timeElapsed":112,"timestamp":"2026-09-16T14:43:06.255Z"}
{"level":"info","message":"⌛ Validating nombreRandom/nombreRandom.wlk","timeElapsed":146,"timestamp":"2026-09-16T14:43:06.597Z"}
{"level":"info","message":"⌛ Validating nombreRandom/nombreRandom.wlk","timeElapsed":131,"timestamp":"2026-09-16T14:43:06.728Z"}
{"level":"info","message":"⌛ Building environment","timeElapsed":111,"timestamp":"2026-09-16T14:43:06.840Z"}
{"level":"info","message":"⌛ Validating nombreRandom/nombreRandom.wlk","timeElapsed":143,"timestamp":"2026-09-16T14:43:06.983Z"}
{"level":"info","message":"⌛ Validating nombreRandom/nombreRandom.wlk","timeElapsed":142,"timestamp":"2026-09-16T14:43:07.192Z"}
{"level":"info","message":"⌛ Building environment","timeElapsed":101,"timestamp":"2026-09-16T14:43:07.294Z"}
{"level":"info","message":"⌛ Validating nombreRandom/nombreRandom.wlk","timeElapsed":158,"timestamp":"2026-09-16T14:43:07.558Z"}
{"level":"info","message":"⌛ Validating nombreRandom/nombreRandom.wlk","timeElapsed":130,"timestamp":"2026-09-16T14:43:07.689Z"}
{"level":"info","message":"⌛ Building environment","timeElapsed":107,"timestamp":"2026-09-16T14:43:07.958Z"}
{"level":"info","message":"⌛ Validating nombreRandom/nombreRandom.wlk","timeElapsed":128,"timestamp":"2026-09-16T14:43:08.089Z"}
{"level":"info","message":"⌛ Validating nombreRandom/nombreRandom.wlk","timeElapsed":126,"timestamp":"2026-09-16T14:43:08.421Z"}
{"level":"info","message":"⌛ Validating nombreRandom/nombreRandom.wlk","timeElapsed":134,"timestamp":"2026-09-16T14:43:08.719Z"}
{"level":"info","message":"⌛ Building environment","timeElapsed":132,"timestamp":"2026-09-16T14:43:09.112Z"}
{"level":"info","message":"⌛ Validating nombreRandom/nombreRandom.wlk","timeElapsed":133,"timestamp":"2026-09-16T14:43:09.249Z"}
{"level":"info","message":"⌛ Validating nombreRandom/nombreRandom.wlk","timeElapsed":131,"timestamp":"2026-09-16T14:43:09.489Z"}
{"level":"info","message":"⌛ Validating nombreRandom/nombreRandom.wlk","timeElapsed":178,"timestamp":"2026-09-16T14:43:09.763Z"}
{"level":"info","message":"⌛ Building environment","timeElapsed":112,"timestamp":"2026-09-16T14:43:09.875Z"}
{"level":"info","message":"⌛ Validating nombreRandom/nombreRandom.wlk","timeElapsed":128,"timestamp":"2026-09-16T14:43:10.094Z"}
{"level":"info","message":"⌛ Validating nombreRandom/nombreRandom.wlk","timeElapsed":118,"timestamp":"2026-09-16T14:43:10.213Z"}
{"level":"info","message":"⌛ Building environment","timeElapsed":103,"timestamp":"2026-09-16T14:43:10.685Z"}
{"level":"info","message":"⌛ Validating nombreRandom/nombreRandom.wlk","timeElapsed":129,"timestamp":"2026-09-16T14:43:10.818Z"}
{"level":"info","message":"⌛ Building environment","timeElapsed":101,"timestamp":"2026-09-16T14:43:11.469Z"}
{"level":"info","message":"⌛ Validating nombreRandom/nombreRandom.wlk","timeElapsed":129,"timestamp":"2026-09-16T14:43:11.602Z"}
{"level":"info","message":"⌛ Building environment","timeElapsed":140,"timestamp":"2026-09-16T14:43:12.603Z"}
{"level":"info","message":"⌛ Validating nombreRandom/nombreRandom.wlk","timeElapsed":132,"timestamp":"2026-09-16T14:43:12.739Z"}
{"level":"info","message":"⌛ Building environment","timeElapsed":124,"timestamp":"2026-09-16T14:43:13.182Z"}
{"level":"info","message":"⌛ Validating nombreRandom/nombreRandom.wlk","timeElapsed":136,"timestamp":"2026-09-16T14:43:13.358Z"}
{"level":"info","message":"⌛ Building environment","timeElapsed":108,"timestamp":"2026-09-16T14:43:13.466Z"}
{"level":"info","message":"⌛ Validating nombreRandom/nombreRandom.wlk","timeElapsed":149,"timestamp":"2026-09-16T14:43:13.795Z"}
{"level":"info","message":"⌛ Validating nombreRandom/nombreRandom.wlk","timeElapsed":144,"timestamp":"2026-09-16T14:43:14.057Z"}
{"level":"info","message":"⌛ Validating nombreRandom/nombreRandom.wlk","timeElapsed":163,"timestamp":"2026-09-16T14:43:14.230Z"}
{"level":"info","message":"⌛ Building environment","timeElapsed":115,"timestamp":"2026-09-16T14:43:14.347Z"}
{"level":"info","message":"⌛ Validating nombreRandom/nombreRandom.wlk","timeElapsed":132,"timestamp":"2026-09-16T14:43:14.483Z"}
{"level":"info","message":"⌛ Validating nombreRandom/nombreRandom.wlk","timeElapsed":134,"timestamp":"2026-09-16T14:43:14.812Z"}
{"level":"info","message":"⌛ Building environment","timeElapsed":118,"timestamp":"2026-09-16T14:43:15.494Z"}
{"level":"info","message":"⌛ Validating nombreRandom/nombreRandom.wlk","timeElapsed":132,"timestamp":"2026-09-16T14:43:15.630Z"}
{"level":"info","message":"⌛ Building environment","timeElapsed":103,"timestamp":"2026-09-16T14:43:16.082Z"}
{"level":"info","message":"⌛ Validating nombreRandom/nombreRandom.wlk","timeElapsed":153,"timestamp":"2026-09-16T14:43:16.238Z"}
{"level":"info","message":"⌛ Building environment","timeElapsed":101,"timestamp":"2026-09-16T14:43:16.432Z"}
{"level":"info","message":"⌛ Validating nombreRandom/nombreRandom.wlk","timeElapsed":139,"timestamp":"2026-09-16T14:43:16.675Z"}
{"level":"info","message":"⌛ Validating nombreRandom/nombreRandom.wlk","timeElapsed":144,"timestamp":"2026-09-16T14:43:16.820Z"}
{"level":"info","message":"⌛ Building environment","timeElapsed":111,"timestamp":"2026-09-16T14:43:16.933Z"}
{"level":"info","message":"⌛ Validating nombreRandom/nombreRandom.wlk","timeElapsed":154,"timestamp":"2026-09-16T14:43:17.088Z"}
{"level":"info","message":"⌛ Building environment","timeElapsed":140,"timestamp":"2026-09-16T14:43:17.229Z"}
{"level":"info","message":"⌛ Building environment","timeElapsed":112,"timestamp":"2026-09-16T14:43:17.341Z"}
{"level":"info","message":"⌛ Validating nombreRandom/nombreRandom.wlk","timeElapsed":144,"timestamp":"2026-09-16T14:43:17.684Z"}
{"level":"info","message":"⌛ Validating nombreRandom/nombreRandom.wlk","timeElapsed":147,"timestamp":"2026-09-16T14:43:17.913Z"}
{"level":"info","message":"⌛ Validating nombreRandom/nombreRandom.wlk","timeElapsed":144,"timestamp":"2026-09-16T14:43:18.151Z"}
{"level":"info","message":"⌛ Validating nombreRandom/nombreRandom.wlk","timeElapsed":142,"timestamp":"2026-09-16T14:43:18.294Z"}
{"level":"info","message":"⌛ Validating nombreRandom/nombreRandom.wlk","timeElapsed":131,"timestamp":"2026-09-16T14:43:18.434Z"}
{"level":"info","message":"⌛ Validating nombreRandom/nombreRandom.wlk","timeElapsed":141,"timestamp":"2026-09-16T14:43:18.577Z"}
{"level":"info","message":"⌛ Building environment","timeElapsed":108,"timestamp":"2026-09-16T14:43:18.685Z"}
{"level":"info","message":"⌛ Validating nombreRandom/nombreRandom.wlk","timeElapsed":146,"timestamp":"2026-09-16T14:43:18.832Z"}
{"level":"info","message":"⌛ Validating nombreRandom/nombreRandom.wlk","timeElapsed":188,"timestamp":"2026-09-16T14:43:19.394Z"}
{"level":"info","message":"⌛ Building environment","timeElapsed":111,"timestamp":"2026-09-16T14:43:19.504Z"}
{"level":"info","message":"⌛ Validating nombreRandom/nombreRandom.wlk","timeElapsed":125,"timestamp":"2026-09-16T14:43:19.630Z"}
{"level":"info","message":"⌛ Validating nombreRandom/nombreRandom.wlk","timeElapsed":129,"timestamp":"2026-09-16T14:43:19.838Z"}
{"level":"info","message":"⌛ Validating nombreRandom/nombreRandom.wlk","timeElapsed":118,"timestamp":"2026-09-16T14:43:19.957Z"}
{"level":"info","message":"⌛ Validating nombreRandom/nombreRandom.wlk","timeElapsed":125,"timestamp":"2026-09-16T14:43:20.083Z"}
{"level":"info","message":"⌛ Validating nombreRandom/nombreRandom.wlk","timeElapsed":131,"timestamp":"2026-09-16T14:43:20.222Z"}
{"level":"info","message":"⌛ Building environment","timeElapsed":106,"timestamp":"2026-09-16T14:43:20.227Z"}
{"level":"info","message":"⌛ Validating nombreRandom/nombreRandom.wlk","timeElapsed":135,"timestamp":"2026-09-16T14:43:20.358Z"}
{"level":"info","message":"⌛ Validating nombreRandom/nombreRandom.wlk","timeElapsed":161,"timestamp":"2026-09-16T14:43:20.390Z"}
{"level":"info","message":"⌛ Building environment","timeElapsed":110,"timestamp":"2026-09-16T14:43:23.134Z"}
{"level":"info","message":"⌛ Validating nombreRandom/nombreRandom.wlk","timeElapsed":126,"timestamp":"2026-09-16T14:43:23.265Z"}
{"level":"info","message":"⌛ Validating nombreRandom/nombreRandom.wlk","timeElapsed":124,"timestamp":"2026-09-16T14:43:23.712Z"}
{"level":"info","message":"⌛ Building environment","timeElapsed":118,"timestamp":"2026-09-16T14:43:24.116Z"}
{"level":"info","message":"⌛ Validating nombreRandom/nombreRandom.wlk","timeElapsed":143,"timestamp":"2026-09-16T14:43:24.263Z"}
{"level":"info","message":"⌛ Building environment","timeElapsed":114,"timestamp":"2026-09-16T14:43:24.379Z"}
{"level":"info","message":"⌛ Validating nombreRandom/nombreRandom.wlk","timeElapsed":129,"timestamp":"2026-09-16T14:43:24.512Z"}
{"level":"info","message":"⌛ Validating nombreRandom/nombreRandom.wlk","timeElapsed":127,"timestamp":"2026-09-16T14:43:25.210Z"}
{"level":"info","message":"⌛ Building environment","timeElapsed":104,"timestamp":"2026-09-16T14:43:25.462Z"}
{"level":"info","message":"⌛ Validating nombreRandom/nombreRandom.wlk","timeElapsed":122,"timestamp":"2026-09-16T14:43:25.588Z"}
{"level":"info","message":"⌛ Validating nombreRandom/nombreRandom.wlk","timeElapsed":129,"timestamp":"2026-09-16T14:43:25.918Z"}
{"level":"info","message":"⌛ Building environment","timeElapsed":168,"timestamp":"2026-09-16T14:43:26.088Z"}
{"level":"info","message":"⌛ Building environment","timeElapsed":104,"timestamp":"2026-09-16T14:43:26.192Z"}
{"level":"info","message":"⌛ Validating nombreRandom/nombreRandom.wlk","timeElapsed":163,"timestamp":"2026-09-16T14:43:26.355Z"}
{"level":"info","message":"⌛ Validating nombreRandom/nombreRandom.wlk","timeElapsed":180,"timestamp":"2026-09-16T14:43:26.536Z"}
{"level":"info","message":"⌛ Validating nombreRandom/nombreRandom.wlk","timeElapsed":145,"timestamp":"2026-09-16T14:43:26.881Z"}
{"level":"info","message":"⌛ Validating nombreRandom/nombreRandom.wlk","timeElapsed":136,"timestamp":"2026-09-16T14:43:27.098Z"}
{"level":"info","message":"⌛ Building environment","timeElapsed":110,"timestamp":"2026-09-16T14:43:27.209Z"}
{"level":"info","message":"⌛ Validating nombreRandom/nombreRandom.wlk","timeElapsed":151,"timestamp":"2026-09-16T14:43:27.361Z"}
{"level":"info","message":"⌛ Validating nombreRandom/nombreRandom.wlk","timeElapsed":161,"timestamp":"2026-09-16T14:43:27.629Z"}
{"level":"info","message":"⌛ Validating nombreRandom/nombreRandom.wlk","timeElapsed":131,"timestamp":"2026-09-16T14:43:27.839Z"}
{"level":"info","message":"⌛ Validating nombreRandom/nombreRandom.wlk","timeElapsed":124,"timestamp":"2026-09-16T14:43:28.057Z"}
{"level":"info","message":"⌛ Validating nombreRandom/nombreRandom.wlk","timeElapsed":135,"timestamp":"2026-09-16T14:43:28.244Z"}
{"level":"info","message":"⌛ Building environment","timeElapsed":148,"timestamp":"2026-09-16T14:43:28.860Z"}
{"level":"info","message":"⌛ Building environment","timeElapsed":131,"timestamp":"2026-09-16T14:43:28.944Z"}
{"level":"info","message":"⌛ Validating nombreRandom/nombreRandom.wlk","timeElapsed":171,"timestamp":"2026-09-16T14:43:29.040Z"}
{"level":"info","message":"⌛ Validating nombreRandom/nombreRandom.wlk","timeElapsed":161,"timestamp":"2026-09-16T14:43:29.108Z"}
{"level":"info","message":"⌛ Validating nombreRandom/nombreRandom.wlk","timeElapsed":136,"timestamp":"2026-09-16T14:43:29.356Z"}
{"level":"info","message":"⌛ Building environment","timeElapsed":155,"timestamp":"2026-09-16T14:43:29.512Z"}
{"level":"info","message":"⌛ Validating nombreRandom/nombreRandom.wlk","timeElapsed":169,"timestamp":"2026-09-16T14:43:29.686Z"}
{"level":"info","message":"⌛ Building environment","timeElapsed":131,"timestamp":"2026-09-16T14:43:29.818Z"}
{"level":"info","message":"⌛ Validating nombreRandom/nombreRandom.wlk","timeElapsed":134,"timestamp":"2026-09-16T14:43:29.957Z"}
{"level":"info","message":"⌛ Validating nombreRandom/nombreRandom.wlk","timeElapsed":148,"timestamp":"2026-09-16T14:43:30.292Z"}
{"level":"info","message":"⌛ Validating nombreRandom/nombreRandom.wlk","timeElapsed":119,"timestamp":"2026-09-16T14:43:30.411Z"}
{"level":"info","message":"⌛ Building environment","timeElapsed":102,"timestamp":"2026-09-16T14:43:30.513Z"}
{"level":"info","message":"⌛ Validating nombreRandom/nombreRandom.wlk","timeElapsed":125,"timestamp":"2026-09-16T14:43:30.643Z"}
{"level":"info","message":"⌛ Building environment","timeElapsed":105,"timestamp":"2026-09-16T14:43:31.309Z"}
{"level":"info","message":"⌛ Building environment","timeElapsed":121,"timestamp":"2026-09-16T14:43:31.403Z"}
{"level":"info","message":"⌛ Validating nombreRandom/nombreRandom.wlk","timeElapsed":204,"timestamp":"2026-09-16T14:43:31.520Z"}
{"level":"info","message":"⌛ Validating nombreRandom/nombreRandom.wlk","timeElapsed":204,"timestamp":"2026-09-16T14:43:31.612Z"}
{"level":"info","message":"⌛ Building environment","timeElapsed":172,"timestamp":"2026-09-16T14:43:31.693Z"}
{"level":"info","message":"⌛ Validating nombreRandom/nombreRandom.wlk","timeElapsed":134,"timestamp":"2026-09-16T14:43:32.028Z"}
{"level":"info","message":"⌛ Validating nombreRandom/nombreRandom.wlk","timeElapsed":153,"timestamp":"2026-09-16T14:43:32.182Z"}
{"level":"info","message":"⌛ Validating nombreRandom/nombreRandom.wlk","timeElapsed":132,"timestamp":"2026-09-16T14:43:32.401Z"}
{"level":"info","message":"⌛ Building environment","timeElapsed":101,"timestamp":"2026-09-16T14:43:32.605Z"}
{"level":"info","message":"⌛ Building environment","timeElapsed":117,"timestamp":"2026-09-16T14:43:32.723Z"}
{"level":"info","message":"⌛ Validating nombreRandom/nombreRandom.wlk","timeElapsed":160,"timestamp":"2026-09-16T14:43:32.882Z"}
{"level":"info","message":"⌛ Validating nombreRandom/nombreRandom.wlk","timeElapsed":140,"timestamp":"2026-09-16T14:43:33.114Z"}
{"level":"info","message":"⌛ Validating nombreRandom/nombreRandom.wlk","timeElapsed":176,"timestamp":"2026-09-16T14:43:33.292Z"}
{"level":"info","message":"⌛ Building environment","timeElapsed":113,"timestamp":"2026-09-16T14:43:33.406Z"}
{"level":"info","message":"⌛ Validating nombreRandom/nombreRandom.wlk","timeElapsed":131,"timestamp":"2026-09-16T14:43:33.538Z"}
{"level":"info","message":"⌛ Validating nombreRandom/nombreRandom.wlk","timeElapsed":136,"timestamp":"2026-09-16T14:43:33.680Z"}
{"level":"info","message":"⌛ Building environment","timeElapsed":106,"timestamp":"2026-09-16T14:43:33.962Z"}
{"level":"info","message":"⌛ Validating nombreRandom/nombreRandom.wlk","timeElapsed":130,"timestamp":"2026-09-16T14:43:34.092Z"}
{"level":"info","message":"⌛ Validating nombreRandom/nombreRandom.wlk","timeElapsed":122,"timestamp":"2026-09-16T14:43:34.295Z"}
{"level":"info","message":"⌛ Validating nombreRandom/nombreRandom.wlk","timeElapsed":116,"timestamp":"2026-09-16T14:43:34.416Z"}
{"level":"info","message":"⌛ Validating nombreRandom/nombreRandom.wlk","timeElapsed":115,"timestamp":"2026-09-16T14:43:34.535Z"}
{"level":"info","message":"⌛ Validating nombreRandom/nombreRandom.wlk","timeElapsed":127,"timestamp":"2026-09-16T14:43:34.663Z"}
{"level":"info","message":"⌛ Building environment","timeElapsed":118,"timestamp":"2026-09-16T14:43:34.828Z"}
{"level":"info","message":"⌛ Validating nombreRandom/nombreRandom.wlk","timeElapsed":153,"timestamp":"2026-09-16T14:43:34.985Z"}
{"level":"info","message":"⌛ Building environment","timeElapsed":131,"timestamp":"2026-09-16T14:45:04.342Z"}
{"level":"info","message":"⌛ Validating nombreRandom/nombreRandom.wlk","timeElapsed":151,"timestamp":"2026-09-16T14:45:04.501Z"}
{"level":"info","message":"⌛ Validating nombreRandom/nombreRandom.wlk","timeElapsed":131,"timestamp":"2026-09-16T14:45:04.727Z"}
{"level":"info","message":"⌛ Building environment","timeElapsed":150,"timestamp":"2026-09-16T14:45:05.670Z"}
{"level":"info","message":"⌛ Building environment","timeElapsed":127,"timestamp":"2026-09-16T14:45:05.733Z"}
{"level":"info","message":"⌛ Validating nombreRandom/nombreRandom.wlk","timeElapsed":172,"timestamp":"2026-09-16T14:45:05.845Z"}
{"level":"info","message":"⌛ Validating nombreRandom/nombreRandom.wlk","timeElapsed":161,"timestamp":"2026-09-16T14:45:05.898Z"}
{"level":"info","message":"⌛ Building environment","timeElapsed":131,"timestamp":"2026-09-16T14:45:06.841Z"}
{"level":"info","message":"⌛ Building environment","timeElapsed":147,"timestamp":"2026-09-16T14:45:06.858Z"}
{"level":"info","message":"⌛ Validating nombreRandom/nombreRandom.wlk","timeElapsed":160,"timestamp":"2026-09-16T14:45:07.011Z"}
{"level":"info","message":"⌛ Validating nombreRandom/nombreRandom.wlk","timeElapsed":173,"timestamp":"2026-09-16T14:45:07.036Z"}
{"level":"info","message":"⌛ Building environment","timeElapsed":105,"timestamp":"2026-09-16T14:45:07.919Z"}
{"level":"info","message":"⌛ Validating nombreRandom/nombreRandom.wlk","timeElapsed":139,"timestamp":"2026-09-16T14:45:08.061Z"}
{"level":"info","message":"⌛ Building environment","timeElapsed":198,"timestamp":"2026-09-16T14:45:15.414Z"}
{"level":"info","message":"⌛ Validating nombreRandom/nombreRandom.wlk","timeElapsed":177,"timestamp":"2026-09-16T14:45:15.595Z"}
{"level":"info","message":"⌛ Validating nombreRandom/nombreRandom.wlk","timeElapsed":131,"timestamp":"2026-09-16T14:45:15.846Z"}
{"level":"info","message":"⌛ Validating nombreRandom/nombreRandom.wlk","timeElapsed":126,"timestamp":"2026-09-16T14:45:16.079Z"}
{"level":"info","message":"⌛ Validating nombreRandom/nombreRandom.wlk","timeElapsed":132,"timestamp":"2026-09-16T14:45:16.391Z"}
{"level":"info","message":"⌛ Building environment","timeElapsed":105,"timestamp":"2026-09-16T14:45:16.537Z"}
{"level":"info","message":"⌛ Validating nombreRandom/nombreRandom.wlk","timeElapsed":137,"timestamp":"2026-09-16T14:45:16.678Z"}
{"level":"info","message":"⌛ Validating nombreRandom/nombreRandom.wlk","timeElapsed":128,"timestamp":"2026-09-16T14:45:16.906Z"}
{"level":"info","message":"⌛ Building environment","timeElapsed":195,"timestamp":"2026-09-16T14:45:17.987Z"}
{"level":"info","message":"⌛ Validating nombreRandom/nombreRandom.wlk","timeElapsed":165,"timestamp":"2026-09-16T14:45:18.157Z"}
{"level":"info","message":"⌛ Building environment","timeElapsed":146,"timestamp":"2026-09-16T14:45:47.756Z"}
{"level":"info","message":"⌛ Validating nombreRandom/nombreRandom.wlk","timeElapsed":167,"timestamp":"2026-09-16T14:45:48.014Z"}
{"level":"info","message":"⌛ Validating nombreRandom/nombreRandom.wlk","timeElapsed":135,"timestamp":"2026-09-16T14:45:48.261Z"}
{"level":"info","message":"⌛ Validating nombreRandom/nombreRandom.wlk","timeElapsed":132,"timestamp":"2026-09-16T14:45:48.668Z"}
{"level":"info","message":"⌛ Building environment","timeElapsed":132,"timestamp":"2026-09-16T14:45:48.825Z"}
{"level":"info","message":"⌛ Validating nombreRandom/nombreRandom.wlk","timeElapsed":197,"timestamp":"2026-09-16T14:45:49.027Z"}
{"level":"info","message":"⌛ Building environment","timeElapsed":106,"timestamp":"2026-09-16T14:45:49.134Z"}
{"level":"info","message":"⌛ Validating nombreRandom/nombreRandom.wlk","timeElapsed":172,"timestamp":"2026-09-16T14:45:49.496Z"}
{"level":"info","message":"⌛ Validating nombreRandom/nombreRandom.wlk","timeElapsed":131,"timestamp":"2026-09-16T14:45:49.628Z"}
{"level":"info","message":"⌛ Validating nombreRandom/nombreRandom.wlk","timeElapsed":119,"timestamp":"2026-09-16T14:45:49.753Z"}
{"level":"info","message":"⌛ Building environment","timeElapsed":165,"timestamp":"2026-09-16T14:45:50.369Z"}
{"level":"info","message":"⌛ Validating nombreRandom/nombreRandom.wlk","timeElapsed":165,"timestamp":"2026-09-16T14:45:50.537Z"}
{"level":"info","message":"⌛ Building environment","timeElapsed":149,"timestamp":"2026-09-16T14:45:51.522Z"}
{"level":"info","message":"⌛ Validating nombreRandom/nombreRandom.wlk","timeElapsed":160,"timestamp":"2026-09-16T14:45:51.712Z"}
{"level":"info","message":"⌛ Building environment","timeElapsed":115,"timestamp":"2026-09-16T14:45:52.292Z"}
{"level":"info","message":"⌛ Validating nombreRandom/nombreRandom.wlk","timeElapsed":133,"timestamp":"2026-09-16T14:45:52.429Z"}
{"level":"info","message":"⌛ Building environment","timeElapsed":105,"timestamp":"2026-09-16T14:45:52.535Z"}
{"level":"info","message":"⌛ Building environment","timeElapsed":103,"timestamp":"2026-09-16T14:45:52.648Z"}
{"level":"info","message":"⌛ Validating nombreRandom/nombreRandom.wlk","timeElapsed":151,"timestamp":"2026-09-16T14:45:52.800Z"}
{"level":"info","message":"⌛ Validating nombreRandom/nombreRandom.wlk","timeElapsed":156,"timestamp":"2026-09-16T14:45:52.956Z"}
{"level":"info","message":"⌛ Building environment","timeElapsed":102,"timestamp":"2026-09-16T14:45:53.147Z"}
{"level":"info","message":"⌛ Validating nombreRandom/nombreRandom.wlk","timeElapsed":135,"timestamp":"2026-09-16T14:45:53.363Z"}
{"level":"info","message":"⌛ Validating nombreRandom/nombreRandom.wlk","timeElapsed":122,"timestamp":"2026-09-16T14:45:53.486Z"}
{"level":"info","message":"⌛ Validating nombreRandom/nombreRandom.wlk","timeElapsed":122,"timestamp":"2026-09-16T14:45:53.609Z"}
{"level":"info","message":"⌛ Building environment","timeElapsed":135,"timestamp":"2026-09-16T14:45:54.321Z"}
{"level":"info","message":"⌛ Validating nombreRandom/nombreRandom.wlk","timeElapsed":176,"timestamp":"2026-09-16T14:45:54.502Z"}
{"level":"info","message":"⌛ Building environment","timeElapsed":116,"timestamp":"2026-09-16T14:45:54.637Z"}
{"level":"info","message":"⌛ Validating nombreRandom/nombreRandom.wlk","timeElapsed":137,"timestamp":"2026-09-16T14:45:54.778Z"}
{"level":"info","message":"⌛ Building environment","timeElapsed":115,"timestamp":"2026-09-16T14:45:55.738Z"}
{"level":"info","message":"⌛ Validating nombreRandom/nombreRandom.wlk","timeElapsed":137,"timestamp":"2026-09-16T14:45:55.879Z"}
{"level":"info","message":"⌛ Building environment","timeElapsed":218,"timestamp":"2026-09-16T14:46:00.778Z"}
{"level":"info","message":"⌛ Building environment","timeElapsed":117,"timestamp":"2026-09-16T14:46:00.895Z"}
{"level":"info","message":"⌛ Validating nombreRandom/nombreRandom.wlk","timeElapsed":155,"timestamp":"2026-09-16T14:46:01.061Z"}
{"level":"info","message":"⌛ Validating nombreRandom/nombreRandom.wlk","timeElapsed":142,"timestamp":"2026-09-16T14:46:01.202Z"}
{"level":"info","message":"⌛ Building environment","timeElapsed":104,"timestamp":"2026-09-16T14:46:01.307Z"}
{"level":"info","message":"⌛ Building environment","timeElapsed":173,"timestamp":"2026-09-16T14:46:01.481Z"}
{"level":"info","message":"⌛ Validating nombreRandom/nombreRandom.wlk","timeElapsed":161,"timestamp":"2026-09-16T14:46:01.741Z"}
{"level":"info","message":"⌛ Validating nombreRandom/nombreRandom.wlk","timeElapsed":139,"timestamp":"2026-09-16T14:46:01.973Z"}
{"level":"info","message":"⌛ Validating nombreRandom/nombreRandom.wlk","timeElapsed":131,"timestamp":"2026-09-16T14:46:02.194Z"}
{"level":"info","message":"⌛ Validating nombreRandom/nombreRandom.wlk","timeElapsed":120,"timestamp":"2026-09-16T14:46:02.315Z"}
{"level":"info","message":"⌛ Validating nombreRandom/nombreRandom.wlk","timeElapsed":119,"timestamp":"2026-09-16T14:46:02.439Z"}
{"level":"info","message":"⌛ Building environment","timeElapsed":115,"timestamp":"2026-09-16T14:46:02.847Z"}
{"level":"info","message":"⌛ Validating nombreRandom/nombreRandom.wlk","timeElapsed":139,"timestamp":"2026-09-16T14:46:02.991Z"}
{"level":"info","message":"⌛ Building environment","timeElapsed":116,"timestamp":"2026-09-16T14:46:07.332Z"}
{"level":"info","message":"⌛ Validating nombreRandom/nombreRandom.wlk","timeElapsed":123,"timestamp":"2026-09-16T14:46:07.459Z"}
{"level":"info","message":"⌛ Validating nombreRandom/nombreRandom.wlk","timeElapsed":138,"timestamp":"2026-09-16T14:46:07.977Z"}
{"level":"info","message":"⌛ Validating nombreRandom/nombreRandom.wlk","timeElapsed":130,"timestamp":"2026-09-16T14:46:08.198Z"}
{"level":"info","message":"⌛ Building environment","timeElapsed":105,"timestamp":"2026-09-16T14:46:08.759Z"}
{"level":"info","message":"⌛ Validating nombreRandom/nombreRandom.wlk","timeElapsed":131,"timestamp":"2026-09-16T14:46:08.892Z"}
{"level":"info","message":"⌛ Building environment","timeElapsed":138,"timestamp":"2026-09-16T14:46:09.667Z"}
{"level":"info","message":"⌛ Validating nombreRandom/nombreRandom.wlk","timeElapsed":143,"timestamp":"2026-09-16T14:46:09.814Z"}
{"level":"info","message":"⌛ Building environment","timeElapsed":138,"timestamp":"2026-09-16T14:46:10.766Z"}
{"level":"info","message":"⌛ Validating nombreRandom/nombreRandom.wlk","timeElapsed":159,"timestamp":"2026-09-16T14:46:10.930Z"}
{"level":"info","message":"⌛ Building environment","timeElapsed":128,"timestamp":"2026-09-16T14:46:11.045Z"}
{"level":"info","message":"⌛ Validating nombreRandom/nombreRandom.wlk","timeElapsed":150,"timestamp":"2026-09-16T14:46:11.199Z"}
{"level":"info","message":"⌛ Validating nombreRandom/nombreRandom.wlk","timeElapsed":134,"timestamp":"2026-09-16T14:46:11.430Z"}
{"level":"info","message":"⌛ Building environment","timeElapsed":136,"timestamp":"2026-09-16T14:46:12.346Z"}
{"level":"info","message":"⌛ Validating nombreRandom/nombreRandom.wlk","timeElapsed":147,"timestamp":"2026-09-16T14:46:12.496Z"}
{"level":"info","message":"⌛ Building environment","timeElapsed":199,"timestamp":"2026-09-16T14:46:46.862Z"}
{"level":"info","message":"⌛ Validating nombreRandom/nombreRandom.wlk","timeElapsed":194,"timestamp":"2026-09-16T14:46:47.060Z"}
{"level":"info","message":"⌛ Building environment","timeElapsed":123,"timestamp":"2026-09-16T14:46:47.889Z"}
{"level":"info","message":"⌛ Validating nombreRandom/nombreRandom.wlk","timeElapsed":159,"timestamp":"2026-09-16T14:46:48.051Z"}
{"level":"info","message":"⌛ Building environment","timeElapsed":138,"timestamp":"2026-09-16T14:47:09.169Z"}
{"level":"info","message":"⌛ Validating nombreRandom/nombreRandom.wlk","timeElapsed":133,"timestamp":"2026-09-16T14:47:09.310Z"}
{"level":"info","message":"⌛ Validating nombreRandom/nombreRandom.wlk","timeElapsed":148,"timestamp":"2026-09-16T14:47:09.680Z"}
{"level":"info","message":"⌛ Validating nombreRandom/nombreRandom.wlk","timeElapsed":129,"timestamp":"2026-09-16T14:47:09.911Z"}
{"level":"info","message":"⌛ Building environment","timeElapsed":102,"timestamp":"2026-09-16T14:47:10.262Z"}
{"level":"info","message":"⌛ Validating nombreRandom/nombreRandom.wlk","timeElapsed":128,"timestamp":"2026-09-16T14:47:10.395Z"}
{"level":"info","message":"⌛ Building environment","timeElapsed":105,"timestamp":"2026-09-16T14:47:10.552Z"}
{"level":"info","message":"⌛ Validating nombreRandom/nombreRandom.wlk","timeElapsed":134,"timestamp":"2026-09-16T14:47:10.690Z"}
{"level":"info","message":"⌛ Validating nombreRandom/nombreRandom.wlk","timeElapsed":128,"timestamp":"2026-09-16T14:47:10.904Z"}
{"level":"info","message":"⌛ Validating nombreRandom/nombreRandom.wlk","timeElapsed":137,"timestamp":"2026-09-16T14:47:11.902Z"}
{"level":"info","message":"⌛ Building environment","timeElapsed":111,"timestamp":"2026-09-16T14:47:12.195Z"}
{"level":"info","message":"⌛ Validating nombreRandom/nombreRandom.wlk","timeElapsed":154,"timestamp":"2026-09-16T14:47:12.353Z"}
{"level":"info","message":"⌛ Building environment","timeElapsed":114,"timestamp":"2026-09-16T14:47:13.299Z"}
{"level":"info","message":"⌛ Validating nombreRandom/nombreRandom.wlk","timeElapsed":151,"timestamp":"2026-09-16T14:47:13.454Z"}
{"level":"info","message":"⌛ Building environment","timeElapsed":146,"timestamp":"2026-09-16T14:47:17.349Z"}
{"level":"info","message":"⌛ Validating nombreRandom/nombreRandom.wlk","timeElapsed":134,"timestamp":"2026-09-16T14:47:17.486Z"}
{"level":"info","message":"⌛ Validating nombreRandom/nombreRandom.wlk","timeElapsed":129,"timestamp":"2026-09-16T14:47:17.825Z"}
{"level":"info","message":"⌛ Building environment","timeElapsed":121,"timestamp":"2026-09-16T14:47:18.322Z"}
{"level":"info","message":"⌛ Validating nombreRandom/nombreRandom.wlk","timeElapsed":149,"timestamp":"2026-09-16T14:47:18.563Z"}
{"level":"info","message":"⌛ Validating nombreRandom/nombreRandom.wlk","timeElapsed":120,"timestamp":"2026-09-16T14:47:18.682Z"}
{"level":"info","message":"⌛ Validating nombreRandom/nombreRandom.wlk","timeElapsed":127,"timestamp":"2026-09-16T14:47:18.911Z"}
{"level":"info","message":"⌛ Building environment","timeElapsed":120,"timestamp":"2026-09-16T14:47:19.707Z"}
{"level":"info","message":"⌛ Validating nombreRandom/nombreRandom.wlk","timeElapsed":137,"timestamp":"2026-09-16T14:47:19.849Z"}
{"level":"info","message":"⌛ Building environment","timeElapsed":119,"timestamp":"2026-09-16T14:47:20.393Z"}
{"level":"info","message":"⌛ Validating nombreRandom/nombreRandom.wlk","timeElapsed":137,"timestamp":"2026-09-16T14:47:20.534Z"}
{"level":"info","message":"⌛ Building environment","timeElapsed":122,"timestamp":"2026-09-16T14:47:21.480Z"}
{"level":"info","message":"⌛ Building environment","timeElapsed":122,"timestamp":"2026-09-16T14:47:21.501Z"}
{"level":"info","message":"⌛ Validating nombreRandom/nombreRandom.wlk","timeElapsed":181,"timestamp":"2026-09-16T14:47:21.666Z"}
{"level":"info","message":"⌛ Validating nombreRandom/nombreRandom.wlk","timeElapsed":201,"timestamp":"2026-09-16T14:47:21.706Z"}
{"level":"info","message":"⌛ Building environment","timeElapsed":122,"timestamp":"2026-09-16T14:47:21.960Z"}
{"level":"info","message":"⌛ Validating nombreRandom/nombreRandom.wlk","timeElapsed":128,"timestamp":"2026-09-16T14:47:22.090Z"}
{"level":"info","message":"⌛ Validating nombreRandom/nombreRandom.wlk","timeElapsed":148,"timestamp":"2026-09-16T14:47:23.176Z"}
{"level":"info","message":"⌛ Building environment","timeElapsed":127,"timestamp":"2026-09-16T14:47:24.068Z"}
{"level":"info","message":"⌛ Validating nombreRandom/nombreRandom.wlk","timeElapsed":144,"timestamp":"2026-09-16T14:47:24.218Z"}
{"level":"info","message":"⌛ Validating nombreRandom/nombreRandom.wlk","timeElapsed":129,"timestamp":"2026-09-16T14:47:24.613Z"}
{"level":"info","message":"⌛ Building environment","timeElapsed":108,"timestamp":"2026-09-16T14:47:25.536Z"}
{"level":"info","message":"⌛ Building environment","timeElapsed":113,"timestamp":"2026-09-16T14:47:25.600Z"}
{"level":"info","message":"⌛ Validating nombreRandom/nombreRandom.wlk","timeElapsed":184,"timestamp":"2026-09-16T14:47:25.724Z"}
{"level":"info","message":"⌛ Validating nombreRandom/nombreRandom.wlk","timeElapsed":198,"timestamp":"2026-09-16T14:47:25.802Z"}
{"level":"info","message":"⌛ Building environment","timeElapsed":121,"timestamp":"2026-09-16T14:47:25.845Z"}
{"level":"info","message":"⌛ Validating nombreRandom/nombreRandom.wlk","timeElapsed":138,"timestamp":"2026-09-16T14:47:25.989Z"}
{"level":"info","message":"⌛ Validating nombreRandom/nombreRandom.wlk","timeElapsed":131,"timestamp":"2026-09-16T14:47:26.471Z"}
{"level":"info","message":"⌛ Validating nombreRandom/nombreRandom.wlk","timeElapsed":135,"timestamp":"2026-09-16T14:47:27.578Z"}
{"level":"info","message":"⌛ Building environment","timeElapsed":119,"timestamp":"2026-09-16T14:47:27.712Z"}
{"level":"info","message":"⌛ Validating nombreRandom/nombreRandom.wlk","timeElapsed":165,"timestamp":"2026-09-16T14:47:27.885Z"}
{"level":"info","message":"⌛ Validating nombreRandom/nombreRandom.wlk","timeElapsed":139,"timestamp":"2026-09-16T14:47:28.110Z"}
{"level":"info","message":"⌛ Building environment","timeElapsed":107,"timestamp":"2026-09-16T14:47:28.217Z"}
{"level":"info","message":"⌛ Validating nombreRandom/nombreRandom.wlk","timeElapsed":131,"timestamp":"2026-09-16T14:47:28.350Z"}
{"level":"info","message":"⌛ Building environment","timeElapsed":103,"timestamp":"2026-09-16T14:47:28.813Z"}
{"level":"info","message":"⌛ Validating nombreRandom/nombreRandom.wlk","timeElapsed":171,"timestamp":"2026-09-16T14:47:28.988Z"}
{"level":"info","message":"⌛ Building environment","timeElapsed":117,"timestamp":"2026-09-16T14:47:29.106Z"}
{"level":"info","message":"⌛ Validating nombreRandom/nombreRandom.wlk","timeElapsed":122,"timestamp":"2026-09-16T14:47:29.333Z"}
{"level":"info","message":"⌛ Validating nombreRandom/nombreRandom.wlk","timeElapsed":129,"timestamp":"2026-09-16T14:47:29.553Z"}
{"level":"info","message":"⌛ Validating nombreRandom/nombreRandom.wlk","timeElapsed":115,"timestamp":"2026-09-16T14:47:29.673Z"}
{"level":"info","message":"⌛ Validating nombreRandom/nombreRandom.wlk","timeElapsed":185,"timestamp":"2026-09-16T14:47:30.598Z"}
{"level":"info","message":"⌛ Building environment","timeElapsed":120,"timestamp":"2026-09-16T14:47:30.639Z"}
{"level":"info","message":"⌛ Validating nombreRandom/nombreRandom.wlk","timeElapsed":149,"timestamp":"2026-09-16T14:47:30.791Z"}
{"level":"info","message":"⌛ Building environment","timeElapsed":120,"timestamp":"2026-09-16T14:47:30.912Z"}
{"level":"info","message":"⌛ Validating nombreRandom/nombreRandom.wlk","timeElapsed":258,"timestamp":"2026-09-16T14:47:31.266Z"}
{"level":"info","message":"⌛ Validating nombreRandom/nombreRandom.wlk","timeElapsed":145,"timestamp":"2026-09-16T14:47:31.412Z"}
{"level":"info","message":"⌛ Building environment","timeElapsed":110,"timestamp":"2026-09-16T14:47:31.781Z"}
{"level":"info","message":"⌛ Validating nombreRandom/nombreRandom.wlk","timeElapsed":174,"timestamp":"2026-09-16T14:47:31.957Z"}
{"level":"info","message":"⌛ Validating nombreRandom/nombreRandom.wlk","timeElapsed":118,"timestamp":"2026-09-16T14:47:32.075Z"}
{"level":"info","message":"⌛ Validating nombreRandom/nombreRandom.wlk","timeElapsed":117,"timestamp":"2026-09-16T14:47:32.200Z"}
{"level":"info","message":"⌛ Validating nombreRandom/nombreRandom.wlk","timeElapsed":118,"timestamp":"2026-09-16T14:47:32.319Z"}
{"level":"info","message":"⌛ Validating nombreRandom/nombreRandom.wlk","timeElapsed":143,"timestamp":"2026-09-16T14:47:32.784Z"}
{"level":"info","message":"⌛ Building environment","timeElapsed":151,"timestamp":"2026-09-16T14:47:44.585Z"}
{"level":"info","message":"⌛ Validating nombreRandom/nombreRandom.wlk","timeElapsed":140,"timestamp":"2026-09-16T14:47:44.729Z"}
{"level":"info","message":"⌛ Building environment","timeElapsed":160,"timestamp":"2026-09-16T14:47:44.890Z"}
{"level":"info","message":"⌛ Validating nombreRandom/nombreRandom.wlk","timeElapsed":164,"timestamp":"2026-09-16T14:47:45.154Z"}
{"level":"info","message":"⌛ Validating nombreRandom/nombreRandom.wlk","timeElapsed":142,"timestamp":"2026-09-16T14:47:45.295Z"}
{"level":"info","message":"⌛ Validating nombreRandom/nombreRandom.wlk","timeElapsed":144,"timestamp":"2026-09-16T14:47:45.625Z"}
{"level":"info","message":"⌛ Validating nombreRandom/nombreRandom.wlk","timeElapsed":126,"timestamp":"2026-09-16T14:47:45.755Z"}
{"level":"info","message":"⌛ Building environment","timeElapsed":104,"timestamp":"2026-09-16T14:47:45.859Z"}
{"level":"info","message":"⌛ Validating nombreRandom/nombreRandom.wlk","timeElapsed":144,"timestamp":"2026-09-16T14:47:46.102Z"}
{"level":"info","message":"⌛ Validating nombreRandom/nombreRandom.wlk","timeElapsed":135,"timestamp":"2026-09-16T14:47:46.238Z"}
{"level":"info","message":"⌛ Building environment","timeElapsed":120,"timestamp":"2026-09-16T14:47:46.548Z"}
{"level":"info","message":"⌛ Validating nombreRandom/nombreRandom.wlk","timeElapsed":139,"timestamp":"2026-09-16T14:47:46.688Z"}
{"level":"info","message":"⌛ Validating nombreRandom/nombreRandom.wlk","timeElapsed":194,"timestamp":"2026-09-16T14:47:46.883Z"}
{"level":"info","message":"⌛ Validating nombreRandom/nombreRandom.wlk","timeElapsed":194,"timestamp":"2026-09-16T14:47:47.089Z"}
{"level":"info","message":"⌛ Building environment","timeElapsed":103,"timestamp":"2026-09-16T14:47:47.193Z"}
{"level":"info","message":"⌛ Validating nombreRandom/nombreRandom.wlk","timeElapsed":133,"timestamp":"2026-09-16T14:47:47.514Z"}
{"level":"info","message":"⌛ Validating nombreRandom/nombreRandom.wlk","timeElapsed":119,"timestamp":"2026-09-16T14:47:47.638Z"}
{"level":"info","message":"⌛ Validating nombreRandom/nombreRandom.wlk","timeElapsed":123,"timestamp":"2026-09-16T14:47:47.767Z"}
{"level":"info","message":"⌛ Building environment","timeElapsed":113,"timestamp":"2026-09-16T14:47:48.199Z"}
{"level":"info","message":"⌛ Validating nombreRandom/nombreRandom.wlk","timeElapsed":145,"timestamp":"2026-09-16T14:47:48.366Z"}
{"level":"info","message":"⌛ Building environment","timeElapsed":155,"timestamp":"2026-09-16T14:48:01.946Z"}
{"level":"info","message":"⌛ Validating nombreRandom/nombreRandom.wlk","timeElapsed":187,"timestamp":"2026-09-16T14:48:02.137Z"}
{"level":"info","message":"⌛ Building environment","timeElapsed":124,"timestamp":"2026-09-16T14:48:02.262Z"}
{"level":"info","message":"⌛ Building environment","timeElapsed":101,"timestamp":"2026-09-16T14:48:02.363Z"}
{"level":"info","message":"⌛ Validating nombreRandom/nombreRandom.wlk","timeElapsed":146,"timestamp":"2026-09-16T14:48:02.509Z"}
{"level":"info","message":"⌛ Validating nombreRandom/nombreRandom.wlk","timeElapsed":125,"timestamp":"2026-09-16T14:48:02.635Z"}
{"level":"info","message":"⌛ Validating nombreRandom/nombreRandom.wlk","timeElapsed":130,"timestamp":"2026-09-16T14:48:03.072Z"}
{"level":"info","message":"⌛ Validating nombreRandom/nombreRandom.wlk","timeElapsed":133,"timestamp":"2026-09-16T14:48:03.315Z"}
{"level":"info","message":"⌛ Building environment","timeElapsed":147,"timestamp":"2026-09-16T14:48:03.462Z"}
{"level":"info","message":"⌛ Building environment","timeElapsed":107,"timestamp":"2026-09-16T14:48:03.570Z"}
{"level":"info","message":"⌛ Validating nombreRandom/nombreRandom.wlk","timeElapsed":149,"timestamp":"2026-09-16T14:48:03.719Z"}
{"level":"info","message":"⌛ Validating nombreRandom/nombreRandom.wlk","timeElapsed":129,"timestamp":"2026-09-16T14:48:03.951Z"}
{"level":"info","message":"⌛ Validating nombreRandom/nombreRandom.wlk","timeElapsed":135,"timestamp":"2026-09-16T14:48:04.172Z"}
{"level":"info","message":"⌛ Validating nombreRandom/nombreRandom.wlk","timeElapsed":122,"timestamp":"2026-09-16T14:48:04.299Z"}
{"level":"info","message":"⌛ Building environment","timeElapsed":168,"timestamp":"2026-09-16T14:48:04.736Z"}
{"level":"info","message":"⌛ Validating nombreRandom/nombreRandom.wlk","timeElapsed":158,"timestamp":"2026-09-16T14:48:04.898Z"}
{"level":"info","message":"⌛ Validating nombreRandom/nombreRandom.wlk","timeElapsed":137,"timestamp":"2026-09-16T14:48:05.118Z"}
{"level":"info","message":"⌛ Validating nombreRandom/nombreRandom.wlk","timeElapsed":137,"timestamp":"2026-09-16T14:48:05.355Z"}
{"level":"info","message":"⌛ Validating nombreRandom/nombreRandom.wlk","timeElapsed":128,"timestamp":"2026-09-16T14:48:05.601Z"}
{"level":"info","message":"⌛ Validating nombreRandom/nombreRandom.wlk","timeElapsed":124,"timestamp":"2026-09-16T14:48:05.995Z"}
{"level":"info","message":"⌛ Building environment","timeElapsed":141,"timestamp":"2026-09-16T14:48:07.028Z"}
{"level":"info","message":"⌛ Building environment","timeElapsed":182,"timestamp":"2026-09-16T14:48:07.059Z"}
{"level":"info","message":"⌛ Validating nombreRandom/nombreRandom.wlk","timeElapsed":177,"timestamp":"2026-09-16T14:48:07.208Z"}
{"level":"info","message":"⌛ Validating nombreRandom/nombreRandom.wlk","timeElapsed":183,"timestamp":"2026-09-16T14:48:07.246Z"}
{"level":"info","message":"⌛ Validating nombreRandom/nombreRandom.wlk","timeElapsed":164,"timestamp":"2026-09-16T14:48:07.474Z"}
{"level":"info","message":"⌛ Validating nombreRandom/nombreRandom.wlk","timeElapsed":174,"timestamp":"2026-09-16T14:48:07.828Z"}
{"level":"info","message":"⌛ Validating nombreRandom/nombreRandom.wlk","timeElapsed":144,"timestamp":"2026-09-16T14:48:08.073Z"}
{"level":"info","message":"⌛ Building environment","timeElapsed":108,"timestamp":"2026-09-16T14:48:08.274Z"}
{"level":"info","message":"⌛ Validating nombreRandom/nombreRandom.wlk","timeElapsed":163,"timestamp":"2026-09-16T14:48:08.437Z"}
{"level":"info","message":"⌛ Validating nombreRandom/nombreRandom.wlk","timeElapsed":156,"timestamp":"2026-09-16T14:48:08.774Z"}
{"level":"info","message":"⌛ Building environment","timeElapsed":282,"timestamp":"2026-09-16T14:48:09.058Z"}
{"level":"info","message":"⌛ Validating nombreRandom/nombreRandom.wlk","timeElapsed":194,"timestamp":"2026-09-16T14:48:09.252Z"}
{"level":"info","message":"⌛ Validating nombreRandom/nombreRandom.wlk","timeElapsed":160,"timestamp":"2026-09-16T14:48:09.504Z"}
{"level":"info","message":"⌛ Validating nombreRandom/nombreRandom.wlk","timeElapsed":151,"timestamp":"2026-09-16T14:48:09.742Z"}
{"level":"info","message":"⌛ Building environment","timeElapsed":111,"timestamp":"2026-09-16T14:48:10.027Z"}
{"level":"info","message":"⌛ Validating nombreRandom/nombreRandom.wlk","timeElapsed":151,"timestamp":"2026-09-16T14:48:10.179Z"}
{"level":"info","message":"⌛ Building environment","timeElapsed":110,"timestamp":"2026-09-16T14:48:10.371Z"}
{"level":"info","message":"⌛ Validating nombreRandom/nombreRandom.wlk","timeElapsed":142,"timestamp":"2026-09-16T14:48:10.513Z"}
{"level":"info","message":"⌛ Validating nombreRandom/nombreRandom.wlk","timeElapsed":129,"timestamp":"2026-09-16T14:48:10.832Z"}
{"level":"info","message":"⌛ Validating nombreRandom/nombreRandom.wlk","timeElapsed":146,"timestamp":"2026-09-16T14:48:11.162Z"}
{"level":"info","message":"⌛ Building environment","timeElapsed":235,"timestamp":"2026-09-16T14:48:11.397Z"}
{"level":"info","message":"⌛ Validating nombreRandom/nombreRandom.wlk","timeElapsed":125,"timestamp":"2026-09-16T14:48:11.522Z"}
{"level":"info","message":"⌛ Validating nombreRandom/nombreRandom.wlk","timeElapsed":123,"timestamp":"2026-09-16T14:48:11.645Z"}
{"level":"info","message":"⌛ Validating nombreRandom/nombreRandom.wlk","timeElapsed":132,"timestamp":"2026-09-16T14:48:11.952Z"}
{"level":"info","message":"⌛ Validating nombreRandom/nombreRandom.wlk","timeElapsed":130,"timestamp":"2026-09-16T14:48:12.166Z"}
{"level":"info","message":"⌛ Validating nombreRandom/nombreRandom.wlk","timeElapsed":137,"timestamp":"2026-09-16T14:48:12.487Z"}
{"level":"info","message":"⌛ Building environment","timeElapsed":151,"timestamp":"2026-09-16T14:48:12.661Z"}
{"level":"info","message":"⌛ Validating nombreRandom/nombreRandom.wlk","timeElapsed":375,"timestamp":"2026-09-16T14:48:12.865Z"}
{"level":"info","message":"⌛ Validating nombreRandom/nombreRandom.wlk","timeElapsed":266,"timestamp":"2026-09-16T14:48:12.930Z"}
{"level":"info","message":"⌛ Building environment","timeElapsed":169,"timestamp":"2026-09-16T14:48:13.042Z"}
{"level":"info","message":"⌛ Validating nombreRandom/nombreRandom.wlk","timeElapsed":131,"timestamp":"2026-09-16T14:48:13.174Z"}
{"level":"info","message":"⌛ Validating nombreRandom/nombreRandom.wlk","timeElapsed":141,"timestamp":"2026-09-16T14:48:13.321Z"}
{"level":"info","message":"⌛ Building environment","timeElapsed":101,"timestamp":"2026-09-16T14:48:13.513Z"}
{"level":"info","message":"⌛ Building environment","timeElapsed":104,"timestamp":"2026-09-16T14:48:13.618Z"}
{"level":"info","message":"⌛ Validating nombreRandom/nombreRandom.wlk","timeElapsed":137,"timestamp":"2026-09-16T14:48:13.755Z"}
{"level":"info","message":"⌛ Validating nombreRandom/nombreRandom.wlk","timeElapsed":128,"timestamp":"2026-09-16T14:48:13.891Z"}
{"level":"info","message":"⌛ Validating nombreRandom/nombreRandom.wlk","timeElapsed":119,"timestamp":"2026-09-16T14:48:14.009Z"}
{"level":"info","message":"⌛ Validating nombreRandom/nombreRandom.wlk","timeElapsed":134,"timestamp":"2026-09-16T14:48:14.144Z"}
{"level":"info","message":"⌛ Validating nombreRandom/nombreRandom.wlk","timeElapsed":118,"timestamp":"2026-09-16T14:48:14.262Z"}
{"level":"info","message":"⌛ Validating nombreRandom/nombreRandom.wlk","timeElapsed":122,"timestamp":"2026-09-16T14:48:14.385Z"}
{"level":"info","message":"⌛ Validating nombreRandom/nombreRandom.wlk","timeElapsed":140,"timestamp":"2026-09-16T14:48:14.693Z"}
{"level":"info","message":"⌛ Validating nombreRandom/nombreRandom.wlk","timeElapsed":131,"timestamp":"2026-09-16T14:48:14.918Z"}
{"level":"info","message":"⌛ Validating nombreRandom/nombreRandom.wlk","timeElapsed":137,"timestamp":"2026-09-16T14:48:15.143Z"}
{"level":"info","message":"⌛ Validating nombreRandom/nombreRandom.wlk","timeElapsed":120,"timestamp":"2026-09-16T14:48:15.263Z"}
{"level":"info","message":"⌛ Validating nombreRandom/nombreRandom.wlk","timeElapsed":126,"timestamp":"2026-09-16T14:48:15.487Z"}
{"level":"info","message":"⌛ Validating nombreRandom/nombreRandom.wlk","timeElapsed":121,"timestamp":"2026-09-16T14:48:15.608Z"}
{"level":"info","message":"⌛ Building environment","timeElapsed":160,"timestamp":"2026-09-16T14:48:15.772Z"}
{"level":"info","message":"⌛ Validating nombreRandom/nombreRandom.wlk","timeElapsed":128,"timestamp":"2026-09-16T14:48:15.900Z"}
{"level":"info","message":"⌛ Validating nombreRandom/nombreRandom.wlk","timeElapsed":149,"timestamp":"2026-09-16T14:48:16.108Z"}
{"level":"info","message":"⌛ Building environment","timeElapsed":104,"timestamp":"2026-09-16T14:48:16.212Z"}
{"level":"info","message":"⌛ Validating nombreRandom/nombreRandom.wlk","timeElapsed":133,"timestamp":"2026-09-16T14:48:16.352Z"}
{"level":"info","message":"⌛ Validating nombreRandom/nombreRandom.wlk","timeElapsed":120,"timestamp":"2026-09-16T14:48:16.480Z"}
{"level":"info","message":"⌛ Validating nombreRandom/nombreRandom.wlk","timeElapsed":144,"timestamp":"2026-09-16T14:48:16.711Z"}
{"level":"info","message":"⌛ Validating nombreRandom/nombreRandom.wlk","timeElapsed":120,"timestamp":"2026-09-16T14:48:16.832Z"}
{"level":"info","message":"⌛ Building environment","timeElapsed":117,"timestamp":"2026-09-16T14:48:17.080Z"}
{"level":"info","message":"⌛ Validating nombreRandom/nombreRandom.wlk","timeElapsed":138,"timestamp":"2026-09-16T14:48:17.219Z"}
{"level":"info","message":"⌛ Building environment","timeElapsed":108,"timestamp":"2026-09-16T14:48:17.327Z"}
{"level":"info","message":"⌛ Validating nombreRandom/nombreRandom.wlk","timeElapsed":125,"timestamp":"2026-09-16T14:48:17.461Z"}
{"level":"info","message":"⌛ Building environment","timeElapsed":138,"timestamp":"2026-09-16T14:48:17.599Z"}
{"level":"info","message":"⌛ Building environment","timeElapsed":145,"timestamp":"2026-09-16T14:48:17.745Z"}
{"level":"info","message":"⌛ Validating nombreRandom/nombreRandom.wlk","timeElapsed":125,"timestamp":"2026-09-16T14:48:17.870Z"}
{"level":"info","message":"⌛ Validating nombreRandom/nombreRandom.wlk","timeElapsed":121,"timestamp":"2026-09-16T14:48:17.996Z"}
{"level":"info","message":"⌛ Validating nombreRandom/nombreRandom.wlk","timeElapsed":121,"timestamp":"2026-09-16T14:48:18.216Z"}
{"level":"info","message":"⌛ Validating nombreRandom/nombreRandom.wlk","timeElapsed":135,"timestamp":"2026-09-16T14:48:18.403Z"}
{"level":"info","message":"⌛ Building environment","timeElapsed":110,"timestamp":"2026-09-16T14:48:18.748Z"}
{"level":"info","message":"⌛ Validating nombreRandom/nombreRandom.wlk","timeElapsed":141,"timestamp":"2026-09-16T14:48:18.894Z"}
{"level":"info","message":"⌛ Validating nombreRandom/nombreRandom.wlk","timeElapsed":133,"timestamp":"2026-09-16T14:48:19.393Z"}
{"level":"info","message":"⌛ Validating nombreRandom/nombreRandom.wlk","timeElapsed":128,"timestamp":"2026-09-16T14:48:19.801Z"}
{"level":"info","message":"⌛ Validating nombreRandom/nombreRandom.wlk","timeElapsed":125,"timestamp":"2026-09-16T14:48:20.211Z"}
{"level":"info","message":"⌛ Building environment","timeElapsed":111,"timestamp":"2026-09-16T14:48:21.197Z"}
{"level":"info","message":"⌛ Validating nombreRandom/nombreRandom.wlk","timeElapsed":151,"timestamp":"2026-09-16T14:48:21.351Z"}
{"level":"info","message":"⌛ Building environment","timeElapsed":126,"timestamp":"2026-09-16T14:48:34.666Z"}
{"level":"info","message":"⌛ Validating nombreRandom/nombreRandom.wlk","timeElapsed":171,"timestamp":"2026-09-16T14:48:34.841Z"}
{"level":"info","message":"⌛ Building environment","timeElapsed":112,"timestamp":"2026-09-16T14:48:35.089Z"}
{"level":"info","message":"⌛ Validating nombreRandom/nombreRandom.wlk","timeElapsed":127,"timestamp":"2026-09-16T14:48:35.220Z"}
{"level":"info","message":"⌛ Building environment","timeElapsed":110,"timestamp":"2026-09-16T14:48:36.189Z"}
{"level":"info","message":"⌛ Validating nombreRandom/nombreRandom.wlk","timeElapsed":132,"timestamp":"2026-09-16T14:48:36.326Z"}
{"level":"info","message":"⌛ Building environment","timeElapsed":129,"timestamp":"2026-09-16T14:48:37.693Z"}
{"level":"info","message":"⌛ Validating nombreRandom/nombreRandom.wlk","timeElapsed":127,"timestamp":"2026-09-16T14:48:37.828Z"}
{"level":"info","message":"⌛ Building environment","timeElapsed":121,"timestamp":"2026-09-16T14:48:38.285Z"}
{"level":"info","message":"⌛ Building environment","timeElapsed":117,"timestamp":"2026-09-16T14:48:38.402Z"}
{"level":"info","message":"⌛ Validating nombreRandom/nombreRandom.wlk","timeElapsed":242,"timestamp":"2026-09-16T14:48:38.646Z"}
{"level":"info","message":"⌛ Building environment","timeElapsed":140,"timestamp":"2026-09-16T14:48:38.787Z"}
{"level":"info","message":"⌛ Validating nombreRandom/nombreRandom.wlk","timeElapsed":168,"timestamp":"2026-09-16T14:48:39.069Z"}
{"level":"info","message":"⌛ Building environment","timeElapsed":148,"timestamp":"2026-09-16T14:48:39.216Z"}
{"level":"info","message":"⌛ Building environment","timeElapsed":135,"timestamp":"2026-09-16T14:48:39.351Z"}
{"level":"info","message":"⌛ Validating nombreRandom/nombreRandom.wlk","timeElapsed":138,"timestamp":"2026-09-16T14:48:39.490Z"}
{"level":"info","message":"⌛ Building environment","timeElapsed":104,"timestamp":"2026-09-16T14:48:39.594Z"}
{"level":"info","message":"⌛ Building environment","timeElapsed":103,"timestamp":"2026-09-16T14:48:39.890Z"}
{"level":"info","message":"⌛ Building environment","timeElapsed":117,"timestamp":"2026-09-16T14:48:40.177Z"}
{"level":"info","message":"⌛ Validating nombreRandom/nombreRandom.wlk","timeElapsed":147,"timestamp":"2026-09-16T14:48:40.415Z"}
{"level":"info","message":"⌛ Building environment","timeElapsed":231,"timestamp":"2026-09-16T14:48:40.647Z"}
{"level":"info","message":"⌛ Validating nombreRandom/nombreRandom.wlk","timeElapsed":163,"timestamp":"2026-09-16T14:48:40.904Z"}
{"level":"info","message":"⌛ Validating nombreRandom/nombreRandom.wlk","timeElapsed":129,"timestamp":"2026-09-16T14:48:41.492Z"}
{"level":"info","message":"⌛ Validating nombreRandom/nombreRandom.wlk","timeElapsed":128,"timestamp":"2026-09-16T14:48:41.621Z"}
{"level":"info","message":"⌛ Validating nombreRandom/nombreRandom.wlk","timeElapsed":122,"timestamp":"2026-09-16T14:48:41.752Z"}
{"level":"info","message":"⌛ Validating nombreRandom/nombreRandom.wlk","timeElapsed":133,"timestamp":"2026-09-16T14:48:41.884Z"}
{"level":"info","message":"⌛ Validating nombreRandom/nombreRandom.wlk","timeElapsed":152,"timestamp":"2026-09-16T14:48:42.041Z"}
{"level":"info","message":"⌛ Building environment","timeElapsed":134,"timestamp":"2026-09-16T14:48:42.061Z"}
{"level":"info","message":"⌛ Validating nombreRandom/nombreRandom.wlk","timeElapsed":138,"timestamp":"2026-09-16T14:48:42.180Z"}
{"level":"info","message":"⌛ Validating nombreRandom/nombreRandom.wlk","timeElapsed":147,"timestamp":"2026-09-16T14:48:42.212Z"}
{"level":"info","message":"⌛ Validating nombreRandom/nombreRandom.wlk","timeElapsed":146,"timestamp":"2026-09-16T14:48:42.327Z"}
{"level":"info","message":"⌛ Validating nombreRandom/nombreRandom.wlk","timeElapsed":119,"timestamp":"2026-09-16T14:48:42.447Z"}
{"level":"info","message":"⌛ Validating nombreRandom/nombreRandom.wlk","timeElapsed":129,"timestamp":"2026-09-16T14:48:42.656Z"}
{"level":"info","message":"⌛ Validating nombreRandom/nombreRandom.wlk","timeElapsed":141,"timestamp":"2026-09-16T14:48:42.797Z"}
{"level":"info","message":"⌛ Building environment","timeElapsed":102,"timestamp":"2026-09-16T14:48:42.906Z"}
{"level":"info","message":"⌛ Validating nombreRandom/nombreRandom.wlk","timeElapsed":140,"timestamp":"2026-09-16T14:48:43.149Z"}
{"level":"info","message":"⌛ Validating nombreRandom/nombreRandom.wlk","timeElapsed":121,"timestamp":"2026-09-16T14:48:43.271Z"}
{"level":"info","message":"⌛ Validating nombreRandom/nombreRandom.wlk","timeElapsed":169,"timestamp":"2026-09-16T14:48:43.538Z"}
{"level":"info","message":"⌛ Validating nombreRandom/nombreRandom.wlk","timeElapsed":163,"timestamp":"2026-09-16T14:48:43.706Z"}
{"level":"info","message":"⌛ Validating nombreRandom/nombreRandom.wlk","timeElapsed":175,"timestamp":"2026-09-16T14:48:43.887Z"}
{"level":"info","message":"⌛ Validating nombreRandom/nombreRandom.wlk","timeElapsed":165,"timestamp":"2026-09-16T14:48:44.053Z"}
{"level":"info","message":"⌛ Validating nombreRandom/nombreRandom.wlk","timeElapsed":163,"timestamp":"2026-09-16T14:48:44.216Z"}
{"level":"info","message":"⌛ Validating nombreRandom/nombreRandom.wlk","timeElapsed":162,"timestamp":"2026-09-16T14:48:44.379Z"}
{"level":"info","message":"⌛ Building environment","timeElapsed":132,"timestamp":"2026-09-16T14:48:44.512Z"}
{"level":"info","message":"⌛ Validating nombreRandom/nombreRandom.wlk","timeElapsed":177,"timestamp":"2026-09-16T14:48:44.690Z"}
{"level":"info","message":"⌛ Validating nombreRandom/nombreRandom.wlk","timeElapsed":170,"timestamp":"2026-09-16T14:48:44.861Z"}
{"level":"info","message":"⌛ Building environment","timeElapsed":113,"timestamp":"2026-09-16T14:48:44.982Z"}
{"level":"info","message":"⌛ Validating nombreRandom/nombreRandom.wlk","timeElapsed":182,"timestamp":"2026-09-16T14:48:45.164Z"}
{"level":"info","message":"⌛ Building environment","timeElapsed":467,"timestamp":"2026-09-16T14:48:45.633Z"}
{"level":"info","message":"⌛ Building environment","timeElapsed":124,"timestamp":"2026-09-16T14:48:45.758Z"}
{"level":"info","message":"⌛ Building environment","timeElapsed":126,"timestamp":"2026-09-16T14:48:45.884Z"}
{"level":"info","message":"⌛ Building environment","timeElapsed":103,"timestamp":"2026-09-16T14:48:46.009Z"}
{"level":"info","message":"⌛ Building environment","timeElapsed":131,"timestamp":"2026-09-16T14:48:46.141Z"}
{"level":"info","message":"⌛ Building environment","timeElapsed":137,"timestamp":"2026-09-16T14:48:46.278Z"}
{"level":"info","message":"⌛ Building environment","timeElapsed":116,"timestamp":"2026-09-16T14:48:46.395Z"}
{"level":"info","message":"⌛ Building environment","timeElapsed":124,"timestamp":"2026-09-16T14:48:46.641Z"}
{"level":"info","message":"⌛ Building environment","timeElapsed":120,"timestamp":"2026-09-16T14:48:46.761Z"}
{"level":"info","message":"⌛ Building environment","timeElapsed":129,"timestamp":"2026-09-16T14:48:46.891Z"}
{"level":"info","message":"⌛ Building environment","timeElapsed":159,"timestamp":"2026-09-16T14:48:47.070Z"}
{"level":"info","message":"⌛ Building environment","timeElapsed":150,"timestamp":"2026-09-16T14:48:47.221Z"}
{"level":"info","message":"⌛ Building environment","timeElapsed":118,"timestamp":"2026-09-16T14:48:47.340Z"}
{"level":"info","message":"⌛ Building environment","timeElapsed":101,"timestamp":"2026-09-16T14:48:47.441Z"}
{"level":"info","message":"⌛ Building environment","timeElapsed":105,"timestamp":"2026-09-16T14:48:47.558Z"}
{"level":"info","message":"⌛ Building environment","timeElapsed":128,"timestamp":"2026-09-16T14:48:47.687Z"}
{"level":"info","message":"⌛ Building environment","timeElapsed":106,"timestamp":"2026-09-16T14:48:47.794Z"}
{"level":"info","message":"⌛ Building environment","timeElapsed":108,"timestamp":"2026-09-16T14:48:47.903Z"}
{"level":"info","message":"⌛ Building environment","timeElapsed":131,"timestamp":"2026-09-16T14:48:48.149Z"}
{"level":"info","message":"⌛ Building environment","timeElapsed":128,"timestamp":"2026-09-16T14:48:48.259Z"}
{"level":"info","message":"⌛ Building environment","timeElapsed":113,"timestamp":"2026-09-16T14:48:48.263Z"}
{"level":"info","message":"⌛ Validating nombreRandom/nombreRandom.wlk","timeElapsed":180,"timestamp":"2026-09-16T14:48:48.441Z"}
{"level":"info","message":"⌛ Validating nombreRandom/nombreRandom.wlk","timeElapsed":146,"timestamp":"2026-09-16T14:48:48.520Z"}
{"level":"info","message":"⌛ Building environment","timeElapsed":104,"timestamp":"2026-09-16T14:48:48.807Z"}
{"level":"info","message":"⌛ Building environment","timeElapsed":104,"timestamp":"2026-09-16T14:48:49.093Z"}
{"level":"info","message":"⌛ Building environment","timeElapsed":117,"timestamp":"2026-09-16T14:48:49.209Z"}
{"level":"info","message":"⌛ Building environment","timeElapsed":132,"timestamp":"2026-09-16T14:48:49.342Z"}
{"level":"info","message":"⌛ Validating nombreRandom/nombreRandom.wlk","timeElapsed":139,"timestamp":"2026-09-16T14:48:49.671Z"}
{"level":"info","message":"⌛ Building environment","timeElapsed":229,"timestamp":"2026-09-16T14:48:50.602Z"}
{"level":"info","message":"⌛ Building environment","timeElapsed":303,"timestamp":"2026-09-16T14:48:50.906Z"}
{"level":"info","message":"⌛ Building environment","timeElapsed":120,"timestamp":"2026-09-16T14:48:51.026Z"}
{"level":"info","message":"⌛ Building environment","timeElapsed":106,"timestamp":"2026-09-16T14:48:51.133Z"}
{"level":"info","message":"⌛ Building environment","timeElapsed":137,"timestamp":"2026-09-16T14:48:51.271Z"}
{"level":"info","message":"⌛ Validating nombreRandom/nombreRandom.wlk","timeElapsed":192,"timestamp":"2026-09-16T14:48:51.464Z"}
{"level":"info","message":"⌛ Building environment","timeElapsed":138,"timestamp":"2026-09-16T14:48:51.602Z"}
{"level":"info","message":"⌛ Building environment","timeElapsed":103,"timestamp":"2026-09-16T14:48:51.719Z"}
{"level":"info","message":"⌛ Validating nombreRandom/nombreRandom.wlk","timeElapsed":182,"timestamp":"2026-09-16T14:48:51.902Z"}
{"level":"info","message":"⌛ Building environment","timeElapsed":116,"timestamp":"2026-09-16T14:48:52.019Z"}
{"level":"info","message":"⌛ Building environment","timeElapsed":116,"timestamp":"2026-09-16T14:48:52.136Z"}
{"level":"info","message":"⌛ Building environment","timeElapsed":149,"timestamp":"2026-09-16T14:48:52.285Z"}
{"level":"info","message":"⌛ Validating nombreRandom/nombreRandom.wlk","timeElapsed":194,"timestamp":"2026-09-16T14:48:52.498Z"}
{"level":"info","message":"⌛ Building environment","timeElapsed":103,"timestamp":"2026-09-16T14:48:52.601Z"}
{"level":"info","message":"⌛ Building environment","timeElapsed":131,"timestamp":"2026-09-16T14:48:52.733Z"}
{"level":"info","message":"⌛ Validating nombreRandom/nombreRandom.wlk","timeElapsed":195,"timestamp":"2026-09-16T14:48:52.929Z"}
{"level":"info","message":"⌛ Building environment","timeElapsed":123,"timestamp":"2026-09-16T14:48:53.052Z"}
{"level":"info","message":"⌛ Building environment","timeElapsed":104,"timestamp":"2026-09-16T14:48:53.157Z"}
{"level":"info","message":"⌛ Building environment","timeElapsed":117,"timestamp":"2026-09-16T14:48:53.275Z"}
{"level":"info","message":"⌛ Validating nombreRandom/nombreRandom.wlk","timeElapsed":204,"timestamp":"2026-09-16T14:48:53.480Z"}
{"level":"info","message":"⌛ Building environment","timeElapsed":115,"timestamp":"2026-09-16T14:48:53.595Z"}
{"level":"info","message":"⌛ Building environment","timeElapsed":140,"timestamp":"2026-09-16T14:48:53.735Z"}
{"level":"info","message":"⌛ Validating nombreRandom/nombreRandom.wlk","timeElapsed":162,"timestamp":"2026-09-16T14:48:53.910Z"}
{"level":"info","message":"⌛ Building environment","timeElapsed":179,"timestamp":"2026-09-16T14:48:54.191Z"}
{"level":"info","message":"⌛ Building environment","timeElapsed":109,"timestamp":"2026-09-16T14:48:54.301Z"}
{"level":"info","message":"⌛ Validating nombreRandom/nombreRandom.wlk","timeElapsed":179,"timestamp":"2026-09-16T14:48:54.481Z"}
{"level":"info","message":"⌛ Building environment","timeElapsed":104,"timestamp":"2026-09-16T14:48:54.586Z"}
{"level":"info","message":"⌛ Building environment","timeElapsed":187,"timestamp":"2026-09-16T14:48:54.774Z"}
{"level":"info","message":"⌛ Validating nombreRandom/nombreRandom.wlk","timeElapsed":178,"timestamp":"2026-09-16T14:48:54.953Z"}
{"level":"info","message":"⌛ Building environment","timeElapsed":145,"timestamp":"2026-09-16T14:48:55.098Z"}
{"level":"info","message":"⌛ Building environment","timeElapsed":103,"timestamp":"2026-09-16T14:48:55.202Z"}
{"level":"info","message":"⌛ Building environment","timeElapsed":122,"timestamp":"2026-09-16T14:48:55.325Z"}
{"level":"info","message":"⌛ Validating nombreRandom/nombreRandom.wlk","timeElapsed":183,"timestamp":"2026-09-16T14:48:55.509Z"}
{"level":"info","message":"⌛ Building environment","timeElapsed":110,"timestamp":"2026-09-16T14:48:55.618Z"}
{"level":"info","message":"⌛ Building environment","timeElapsed":120,"timestamp":"2026-09-16T14:48:55.739Z"}
{"level":"info","message":"⌛ Validating nombreRandom/nombreRandom.wlk","timeElapsed":184,"timestamp":"2026-09-16T14:48:55.935Z"}
{"level":"info","message":"⌛ Building environment","timeElapsed":118,"timestamp":"2026-09-16T14:48:56.052Z"}
{"level":"info","message":"⌛ Building environment","timeElapsed":110,"timestamp":"2026-09-16T14:48:56.164Z"}
{"level":"info","message":"⌛ Building environment","timeElapsed":113,"timestamp":"2026-09-16T14:48:56.278Z"}
{"level":"info","message":"⌛ Validating nombreRandom/nombreRandom.wlk","timeElapsed":129,"timestamp":"2026-09-16T14:48:56.406Z"}
{"level":"info","message":"⌛ Validating nombreRandom/nombreRandom.wlk","timeElapsed":137,"timestamp":"2026-09-16T14:48:56.731Z"}
{"level":"info","message":"⌛ Validating nombreRandom/nombreRandom.wlk","timeElapsed":122,"timestamp":"2026-09-16T14:48:56.854Z"}
{"level":"info","message":"⌛ Validating nombreRandom/nombreRandom.wlk","timeElapsed":119,"timestamp":"2026-09-16T14:48:56.980Z"}
{"level":"info","message":"⌛ Validating nombreRandom/nombreRandom.wlk","timeElapsed":127,"timestamp":"2026-09-16T14:48:57.109Z"}
{"level":"info","message":"⌛ Building environment","timeElapsed":107,"timestamp":"2026-09-16T14:48:57.254Z"}
{"level":"info","message":"⌛ Validating nombreRandom/nombreRandom.wlk","timeElapsed":154,"timestamp":"2026-09-16T14:48:57.264Z"}
{"level":"info","message":"⌛ Validating nombreRandom/nombreRandom.wlk","timeElapsed":127,"timestamp":"2026-09-16T14:48:57.390Z"}
{"level":"info","message":"⌛ Validating nombreRandom/nombreRandom.wlk","timeElapsed":158,"timestamp":"2026-09-16T14:48:57.417Z"}
{"level":"info","message":"⌛ Validating nombreRandom/nombreRandom.wlk","timeElapsed":120,"timestamp":"2026-09-16T14:48:57.510Z"}
{"level":"info","message":"⌛ Validating nombreRandom/nombreRandom.wlk","timeElapsed":116,"timestamp":"2026-09-16T14:48:57.627Z"}
{"level":"info","message":"⌛ Validating nombreRandom/nombreRandom.wlk","timeElapsed":122,"timestamp":"2026-09-16T14:48:57.750Z"}
{"level":"info","message":"⌛ Validating nombreRandom/nombreRandom.wlk","timeElapsed":135,"timestamp":"2026-09-16T14:48:57.886Z"}
{"level":"info","message":"⌛ Validating nombreRandom/nombreRandom.wlk","timeElapsed":131,"timestamp":"2026-09-16T14:48:58.019Z"}
{"level":"info","message":"⌛ Validating nombreRandom/nombreRandom.wlk","timeElapsed":112,"timestamp":"2026-09-16T14:48:58.133Z"}
{"level":"info","message":"⌛ Validating nombreRandom/nombreRandom.wlk","timeElapsed":127,"timestamp":"2026-09-16T14:48:58.262Z"}
{"level":"info","message":"⌛ Validating nombreRandom/nombreRandom.wlk","timeElapsed":115,"timestamp":"2026-09-16T14:48:58.379Z"}
{"level":"info","message":"⌛ Validating nombreRandom/nombreRandom.wlk","timeElapsed":118,"timestamp":"2026-09-16T14:48:58.500Z"}
{"level":"info","message":"⌛ Validating nombreRandom/nombreRandom.wlk","timeElapsed":114,"timestamp":"2026-09-16T14:48:58.616Z"}
{"level":"info","message":"⌛ Validating nombreRandom/nombreRandom.wlk","timeElapsed":114,"timestamp":"2026-09-16T14:48:58.732Z"}
{"level":"info","message":"⌛ Validating nombreRandom/nombreRandom.wlk","timeElapsed":121,"timestamp":"2026-09-16T14:48:58.854Z"}
{"level":"info","message":"⌛ Validating nombreRandom/nombreRandom.wlk","timeElapsed":128,"timestamp":"2026-09-16T14:48:58.983Z"}
{"level":"info","message":"⌛ Validating nombreRandom/nombreRandom.wlk","timeElapsed":129,"timestamp":"2026-09-16T14:48:59.113Z"}
{"level":"info","message":"⌛ Validating nombreRandom/nombreRandom.wlk","timeElapsed":130,"timestamp":"2026-09-16T14:48:59.244Z"}
{"level":"info","message":"⌛ Validating nombreRandom/nombreRandom.wlk","timeElapsed":119,"timestamp":"2026-09-16T14:48:59.365Z"}
{"level":"info","message":"⌛ Validating nombreRandom/nombreRandom.wlk","timeElapsed":119,"timestamp":"2026-09-16T14:48:59.486Z"}
{"level":"info","message":"⌛ Validating nombreRandom/nombreRandom.wlk","timeElapsed":117,"timestamp":"2026-09-16T14:48:59.606Z"}
{"level":"info","message":"⌛ Validating nombreRandom/nombreRandom.wlk","timeElapsed":115,"timestamp":"2026-09-16T14:48:59.722Z"}
{"level":"info","message":"⌛ Validating nombreRandom/nombreRandom.wlk","timeElapsed":116,"timestamp":"2026-09-16T14:48:59.840Z"}
{"level":"info","message":"⌛ Validating nombreRandom/nombreRandom.wlk","timeElapsed":113,"timestamp":"2026-09-16T14:48:59.954Z"}
{"level":"info","message":"⌛ Validating nombreRandom/nombreRandom.wlk","timeElapsed":119,"timestamp":"2026-09-16T14:49:00.075Z"}
{"level":"info","message":"⌛ Validating nombreRandom/nombreRandom.wlk","timeElapsed":120,"timestamp":"2026-09-16T14:49:00.195Z"}
{"level":"info","message":"⌛ Validating nombreRandom/nombreRandom.wlk","timeElapsed":144,"timestamp":"2026-09-16T14:49:00.341Z"}
{"level":"info","message":"⌛ Validating nombreRandom/nombreRandom.wlk","timeElapsed":161,"timestamp":"2026-09-16T14:49:00.474Z"}
{"level":"info","message":"⌛ Validating nombreRandom/nombreRandom.wlk","timeElapsed":136,"timestamp":"2026-09-16T14:49:00.562Z"}
{"level":"info","message":"⌛ Validating nombreRandom/nombreRandom.wlk","timeElapsed":118,"timestamp":"2026-09-16T14:49:00.686Z"}
{"level":"info","message":"⌛ Validating nombreRandom/nombreRandom.wlk","timeElapsed":118,"timestamp":"2026-09-16T14:49:00.993Z"}
{"level":"info","message":"⌛ Building environment","timeElapsed":115,"timestamp":"2026-09-16T14:49:01.192Z"}
{"level":"info","message":"⌛ Validating nombreRandom/nombreRandom.wlk","timeElapsed":147,"timestamp":"2026-09-16T14:49:01.340Z"}
{"level":"info","message":"⌛ Building environment","timeElapsed":101,"timestamp":"2026-09-16T14:49:01.623Z"}
{"level":"info","message":"⌛ Validating nombreRandom/nombreRandom.wlk","timeElapsed":146,"timestamp":"2026-09-16T14:49:01.770Z"}
{"level":"info","message":"⌛ Building environment","timeElapsed":103,"timestamp":"2026-09-16T14:49:02.149Z"}
{"level":"info","message":"⌛ Validating nombreRandom/nombreRandom.wlk","timeElapsed":149,"timestamp":"2026-09-16T14:49:02.590Z"}
{"level":"info","message":"⌛ Building environment","timeElapsed":107,"timestamp":"2026-09-16T14:49:02.697Z"}
{"level":"info","message":"⌛ Building environment","timeElapsed":127,"timestamp":"2026-09-16T14:49:02.825Z"}
{"level":"info","message":"⌛ Validating nombreRandom/nombreRandom.wlk","timeElapsed":136,"timestamp":"2026-09-16T14:49:02.962Z"}
{"level":"info","message":"⌛ Building environment","timeElapsed":112,"timestamp":"2026-09-16T14:49:03.250Z"}
{"level":"info","message":"⌛ Building environment","timeElapsed":185,"timestamp":"2026-09-16T14:49:03.435Z"}
{"level":"info","message":"⌛ Building environment","timeElapsed":103,"timestamp":"2026-09-16T14:49:03.642Z"}
{"level":"info","message":"⌛ Validating nombreRandom/nombreRandom.wlk","timeElapsed":146,"timestamp":"2026-09-16T14:49:03.788Z"}
{"level":"info","message":"⌛ Building environment","timeElapsed":744,"timestamp":"2026-09-16T14:49:04.536Z"}
{"level":"info","message":"⌛ Building environment","timeElapsed":106,"timestamp":"2026-09-16T14:49:04.643Z"}
{"level":"info","message":"⌛ Validating nombreRandom/nombreRandom.wlk","timeElapsed":150,"timestamp":"2026-09-16T14:49:04.793Z"}
{"level":"info","message":"⌛ Building environment","timeElapsed":183,"timestamp":"2026-09-16T14:49:04.978Z"}
{"level":"info","message":"⌛ Building environment","timeElapsed":173,"timestamp":"2026-09-16T14:49:05.256Z"}
{"level":"info","message":"⌛ Validating nombreRandom/nombreRandom.wlk","timeElapsed":197,"timestamp":"2026-09-16T14:49:05.454Z"}
{"level":"info","message":"⌛ Building environment","timeElapsed":104,"timestamp":"2026-09-16T14:49:05.559Z"}
{"level":"info","message":"⌛ Building environment","timeElapsed":102,"timestamp":"2026-09-16T14:49:06.041Z"}
{"level":"info","message":"⌛ Building environment","timeElapsed":115,"timestamp":"2026-09-16T14:49:06.166Z"}
{"level":"info","message":"⌛ Validating nombreRandom/nombreRandom.wlk","timeElapsed":155,"timestamp":"2026-09-16T14:49:06.321Z"}
{"level":"info","message":"⌛ Validating nombreRandom/nombreRandom.wlk","timeElapsed":146,"timestamp":"2026-09-16T14:49:06.656Z"}
{"level":"info","message":"⌛ Building environment","timeElapsed":106,"timestamp":"2026-09-16T14:49:07.205Z"}
{"level":"info","message":"⌛ Validating nombreRandom/nombreRandom.wlk","timeElapsed":160,"timestamp":"2026-09-16T14:49:07.453Z"}
{"level":"info","message":"⌛ Validating nombreRandom/nombreRandom.wlk","timeElapsed":135,"timestamp":"2026-09-16T14:49:07.759Z"}
{"level":"info","message":"⌛ Validating nombreRandom/nombreRandom.wlk","timeElapsed":135,"timestamp":"2026-09-16T14:49:08.070Z"}
{"level":"info","message":"⌛ Building environment","timeElapsed":106,"timestamp":"2026-09-16T14:49:08.367Z"}
{"level":"info","message":"⌛ Validating nombreRandom/nombreRandom.wlk","timeElapsed":142,"timestamp":"2026-09-16T14:49:08.788Z"}
{"level":"info","message":"⌛ Building environment","timeElapsed":102,"timestamp":"2026-09-16T14:49:09.060Z"}
{"level":"info","message":"⌛ Validating nombreRandom/nombreRandom.wlk","timeElapsed":129,"timestamp":"2026-09-16T14:49:09.190Z"}
{"level":"info","message":"⌛ Validating nombreRandom/nombreRandom.wlk","timeElapsed":128,"timestamp":"2026-09-16T14:49:09.871Z"}
{"level":"info","message":"⌛ Building environment","timeElapsed":101,"timestamp":"2026-09-16T14:49:10.146Z"}
{"level":"info","message":"⌛ Validating nombreRandom/nombreRandom.wlk","timeElapsed":127,"timestamp":"2026-09-16T14:49:10.273Z"}
{"level":"info","message":"⌛ Building environment","timeElapsed":127,"timestamp":"2026-09-16T14:49:10.489Z"}
{"level":"info","message":"⌛ Validating nombreRandom/nombreRandom.wlk","timeElapsed":123,"timestamp":"2026-09-16T14:49:10.712Z"}
{"level":"info","message":"⌛ Building environment","timeElapsed":767,"timestamp":"2026-09-16T14:49:11.480Z"}
{"level":"info","message":"⌛ Building environment","timeElapsed":130,"timestamp":"2026-09-16T14:49:11.611Z"}
{"level":"info","message":"⌛ Validating nombreRandom/nombreRandom.wlk","timeElapsed":142,"timestamp":"2026-09-16T14:49:12.018Z"}
{"level":"info","message":"⌛ Validating nombreRandom/nombreRandom.wlk","timeElapsed":187,"timestamp":"2026-09-16T14:49:12.203Z"}
{"level":"info","message":"⌛ Building environment","timeElapsed":492,"timestamp":"2026-09-16T14:49:12.606Z"}
{"level":"info","message":"⌛ Building environment","timeElapsed":105,"timestamp":"2026-09-16T14:49:12.710Z"}
{"level":"info","message":"⌛ Building environment","timeElapsed":117,"timestamp":"2026-09-16T14:49:12.828Z"}
{"level":"info","message":"⌛ Validating nombreRandom/nombreRandom.wlk","timeElapsed":159,"timestamp":"2026-09-16T14:49:13.000Z"}
{"level":"info","message":"⌛ Building environment","timeElapsed":140,"timestamp":"2026-09-16T14:49:13.141Z"}
{"level":"info","message":"⌛ Building environment","timeElapsed":137,"timestamp":"2026-09-16T14:49:13.279Z"}
{"level":"info","message":"⌛ Building environment","timeElapsed":103,"timestamp":"2026-09-16T14:49:13.383Z"}
{"level":"info","message":"⌛ Validating nombreRandom/nombreRandom.wlk","timeElapsed":160,"timestamp":"2026-09-16T14:49:13.824Z"}
{"level":"info","message":"⌛ Validating nombreRandom/nombreRandom.wlk","timeElapsed":142,"timestamp":"2026-09-16T14:49:14.231Z"}
{"level":"info","message":"⌛ Building environment","timeElapsed":108,"timestamp":"2026-09-16T14:49:14.425Z"}
{"level":"info","message":"⌛ Validating nombreRandom/nombreRandom.wlk","timeElapsed":133,"timestamp":"2026-09-16T14:49:14.557Z"}
{"level":"info","message":"⌛ Validating nombreRandom/nombreRandom.wlk","timeElapsed":151,"timestamp":"2026-09-16T14:49:15.215Z"}
{"level":"info","message":"⌛ Building environment","timeElapsed":117,"timestamp":"2026-09-16T14:49:15.333Z"}
{"level":"info","message":"⌛ Validating nombreRandom/nombreRandom.wlk","timeElapsed":177,"timestamp":"2026-09-16T14:49:15.424Z"}
{"level":"info","message":"⌛ Validating nombreRandom/nombreRandom.wlk","timeElapsed":134,"timestamp":"2026-09-16T14:49:15.572Z"}
{"level":"info","message":"⌛ Building environment","timeElapsed":105,"timestamp":"2026-09-16T14:49:15.771Z"}
{"level":"info","message":"⌛ Validating nombreRandom/nombreRandom.wlk","timeElapsed":147,"timestamp":"2026-09-16T14:49:16.306Z"}
{"level":"info","message":"⌛ Validating nombreRandom/nombreRandom.wlk","timeElapsed":120,"timestamp":"2026-09-16T14:49:16.427Z"}
{"level":"info","message":"⌛ Validating nombreRandom/nombreRandom.wlk","timeElapsed":141,"timestamp":"2026-09-16T14:49:16.576Z"}
{"level":"info","message":"⌛ Validating nombreRandom/nombreRandom.wlk","timeElapsed":122,"timestamp":"2026-09-16T14:49:16.699Z"}
{"level":"info","message":"⌛ Validating nombreRandom/nombreRandom.wlk","timeElapsed":125,"timestamp":"2026-09-16T14:49:16.824Z"}
{"level":"info","message":"⌛ Validating nombreRandom/nombreRandom.wlk","timeElapsed":144,"timestamp":"2026-09-16T14:49:17.152Z"}
{"level":"info","message":"⌛ Validating nombreRandom/nombreRandom.wlk","timeElapsed":125,"timestamp":"2026-09-16T14:49:17.278Z"}
{"level":"info","message":"⌛ Validating nombreRandom/nombreRandom.wlk","timeElapsed":124,"timestamp":"2026-09-16T14:49:17.402Z"}
{"level":"info","message":"⌛ Validating nombreRandom/nombreRandom.wlk","timeElapsed":120,"timestamp":"2026-09-16T14:49:17.613Z"}
{"level":"info","message":"⌛ Validating nombreRandom/nombreRandom.wlk","timeElapsed":119,"timestamp":"2026-09-16T14:49:17.734Z"}
{"level":"info","message":"⌛ Validating nombreRandom/nombreRandom.wlk","timeElapsed":145,"timestamp":"2026-09-16T14:49:17.959Z"}
{"level":"info","message":"⌛ Building environment","timeElapsed":103,"timestamp":"2026-09-16T14:49:18.063Z"}
{"level":"info","message":"⌛ Validating nombreRandom/nombreRandom.wlk","timeElapsed":147,"timestamp":"2026-09-16T14:49:18.211Z"}
{"level":"info","message":"⌛ Validating nombreRandom/nombreRandom.wlk","timeElapsed":137,"timestamp":"2026-09-16T14:49:18.349Z"}
{"level":"info","message":"⌛ Validating nombreRandom/nombreRandom.wlk","timeElapsed":144,"timestamp":"2026-09-16T14:49:18.585Z"}
{"level":"info","message":"⌛ Validating nombreRandom/nombreRandom.wlk","timeElapsed":120,"timestamp":"2026-09-16T14:49:18.706Z"}
{"level":"info","message":"⌛ Building environment","timeElapsed":225,"timestamp":"2026-09-16T14:49:18.940Z"}
{"level":"info","message":"⌛ Validating nombreRandom/nombreRandom.wlk","timeElapsed":143,"timestamp":"2026-09-16T14:49:19.084Z"}
{"level":"info","message":"⌛ Validating nombreRandom/nombreRandom.wlk","timeElapsed":129,"timestamp":"2026-09-16T14:49:19.212Z"}
{"level":"info","message":"⌛ Validating nombreRandom/nombreRandom.wlk","timeElapsed":122,"timestamp":"2026-09-16T14:49:19.335Z"}
{"level":"info","message":"⌛ Validating nombreRandom/nombreRandom.wlk","timeElapsed":136,"timestamp":"2026-09-16T14:49:19.571Z"}
{"level":"info","message":"⌛ Validating nombreRandom/nombreRandom.wlk","timeElapsed":137,"timestamp":"2026-09-16T14:49:19.797Z"}
{"level":"info","message":"⌛ Building environment","timeElapsed":101,"timestamp":"2026-09-16T14:49:20.082Z"}
{"level":"info","message":"⌛ Validating nombreRandom/nombreRandom.wlk","timeElapsed":132,"timestamp":"2026-09-16T14:49:20.215Z"}
{"level":"info","message":"⌛ Validating nombreRandom/nombreRandom.wlk","timeElapsed":115,"timestamp":"2026-09-16T14:49:20.331Z"}
{"level":"info","message":"⌛ Validating nombreRandom/nombreRandom.wlk","timeElapsed":137,"timestamp":"2026-09-16T14:49:20.549Z"}
{"level":"info","message":"⌛ Validating nombreRandom/nombreRandom.wlk","timeElapsed":124,"timestamp":"2026-09-16T14:49:20.760Z"}
{"level":"info","message":"⌛ Building environment","timeElapsed":123,"timestamp":"2026-09-16T14:49:20.883Z"}
{"level":"info","message":"⌛ Validating nombreRandom/nombreRandom.wlk","timeElapsed":123,"timestamp":"2026-09-16T14:49:21.015Z"}
{"level":"info","message":"⌛ Validating nombreRandom/nombreRandom.wlk","timeElapsed":144,"timestamp":"2026-09-16T14:49:21.241Z"}
{"level":"info","message":"⌛ Building environment","timeElapsed":116,"timestamp":"2026-09-16T14:49:21.358Z"}
{"level":"info","message":"⌛ Validating nombreRandom/nombreRandom.wlk","timeElapsed":163,"timestamp":"2026-09-16T14:49:21.415Z"}
{"level":"info","message":"⌛ Validating nombreRandom/nombreRandom.wlk","timeElapsed":132,"timestamp":"2026-09-16T14:49:21.490Z"}
{"level":"info","message":"⌛ Validating nombreRandom/nombreRandom.wlk","timeElapsed":115,"timestamp":"2026-09-16T14:49:21.606Z"}
{"level":"info","message":"⌛ Building environment","timeElapsed":112,"timestamp":"2026-09-16T14:49:21.719Z"}
{"level":"info","message":"⌛ Building environment","timeElapsed":1367,"timestamp":"2026-09-16T14:49:23.192Z"}
{"level":"info","message":"⌛ Validating nombreRandom/nombreRandom.wlk","timeElapsed":136,"timestamp":"2026-09-16T14:49:23.425Z"}
{"level":"info","message":"⌛ Validating nombreRandom/nombreRandom.wlk","timeElapsed":132,"timestamp":"2026-09-16T14:49:23.558Z"}
{"level":"info","message":"⌛ Validating nombreRandom/nombreRandom.wlk","timeElapsed":129,"timestamp":"2026-09-16T14:49:23.788Z"}
{"level":"info","message":"⌛ Validating nombreRandom/nombreRandom.wlk","timeElapsed":131,"timestamp":"2026-09-16T14:49:24.001Z"}
{"level":"info","message":"⌛ Validating nombreRandom/nombreRandom.wlk","timeElapsed":129,"timestamp":"2026-09-16T14:49:24.322Z"}
{"level":"info","message":"⌛ Validating nombreRandom/nombreRandom.wlk","timeElapsed":138,"timestamp":"2026-09-16T14:49:24.636Z"}
{"level":"info","message":"⌛ Validating nombreRandom/nombreRandom.wlk","timeElapsed":132,"timestamp":"2026-09-16T14:49:24.768Z"}
{"level":"info","message":"⌛ Building environment","timeElapsed":147,"timestamp":"2026-09-16T14:49:24.915Z"}
{"level":"info","message":"⌛ Building environment","timeElapsed":157,"timestamp":"2026-09-16T14:49:24.931Z"}
{"level":"info","message":"⌛ Validating nombreRandom/nombreRandom.wlk","timeElapsed":222,"timestamp":"2026-09-16T14:49:25.152Z"}
{"level":"info","message":"⌛ Validating nombreRandom/nombreRandom.wlk","timeElapsed":260,"timestamp":"2026-09-16T14:49:25.195Z"}
{"level":"info","message":"⌛ Validating nombreRandom/nombreRandom.wlk","timeElapsed":126,"timestamp":"2026-09-16T14:49:25.380Z"}
{"level":"info","message":"⌛ Validating nombreRandom/nombreRandom.wlk","timeElapsed":122,"timestamp":"2026-09-16T14:49:25.502Z"}
{"level":"info","message":"⌛ Validating nombreRandom/nombreRandom.wlk","timeElapsed":131,"timestamp":"2026-09-16T14:49:25.806Z"}
{"level":"info","message":"⌛ Validating nombreRandom/nombreRandom.wlk","timeElapsed":144,"timestamp":"2026-09-16T14:49:26.030Z"}
{"level":"info","message":"⌛ Validating nombreRandom/nombreRandom.wlk","timeElapsed":125,"timestamp":"2026-09-16T14:49:26.249Z"}
{"level":"info","message":"⌛ Validating nombreRandom/nombreRandom.wlk","timeElapsed":125,"timestamp":"2026-09-16T14:49:26.474Z"}
{"level":"info","message":"⌛ Building environment","timeElapsed":104,"timestamp":"2026-09-16T14:49:26.657Z"}
{"level":"info","message":"⌛ Validating nombreRandom/nombreRandom.wlk","timeElapsed":222,"timestamp":"2026-09-16T14:49:26.879Z"}
{"level":"info","message":"⌛ Validating nombreRandom/nombreRandom.wlk","timeElapsed":118,"timestamp":"2026-09-16T14:49:26.997Z"}
{"level":"info","message":"⌛ Validating nombreRandom/nombreRandom.wlk","timeElapsed":595,"timestamp":"2026-09-16T14:49:27.596Z"}
{"level":"info","message":"⌛ Building environment","timeElapsed":141,"timestamp":"2026-09-16T14:49:27.612Z"}
{"level":"info","message":"⌛ Validating nombreRandom/nombreRandom.wlk","timeElapsed":146,"timestamp":"2026-09-16T14:49:27.744Z"}
{"level":"info","message":"⌛ Validating nombreRandom/nombreRandom.wlk","timeElapsed":158,"timestamp":"2026-09-16T14:49:27.774Z"}
{"level":"info","message":"⌛ Validating nombreRandom/nombreRandom.wlk","timeElapsed":156,"timestamp":"2026-09-16T14:49:27.906Z"}
{"level":"info","message":"⌛ Building environment","timeElapsed":970,"timestamp":"2026-09-16T14:49:28.876Z"}
{"level":"info","message":"⌛ Validating nombreRandom/nombreRandom.wlk","timeElapsed":153,"timestamp":"2026-09-16T14:49:29.029Z"}
{"level":"info","message":"⌛ Validating nombreRandom/nombreRandom.wlk","timeElapsed":122,"timestamp":"2026-09-16T14:49:29.151Z"}
{"level":"info","message":"⌛ Validating nombreRandom/nombreRandom.wlk","timeElapsed":123,"timestamp":"2026-09-16T14:49:29.451Z"}
{"level":"info","message":"⌛ Validating nombreRandom/nombreRandom.wlk","timeElapsed":117,"timestamp":"2026-09-16T14:49:29.568Z"}
{"level":"info","message":"⌛ Validating nombreRandom/nombreRandom.wlk","timeElapsed":115,"timestamp":"2026-09-16T14:49:29.694Z"}
{"level":"info","message":"⌛ Validating nombreRandom/nombreRandom.wlk","timeElapsed":132,"timestamp":"2026-09-16T14:49:29.908Z"}
{"level":"info","message":"⌛ Validating nombreRandom/nombreRandom.wlk","timeElapsed":153,"timestamp":"2026-09-16T14:49:30.152Z"}
{"level":"info","message":"⌛ Building environment","timeElapsed":121,"timestamp":"2026-09-16T14:49:30.167Z"}
{"level":"info","message":"⌛ Building environment","timeElapsed":108,"timestamp":"2026-09-16T14:49:30.260Z"}
{"level":"info","message":"⌛ Validating nombreRandom/nombreRandom.wlk","timeElapsed":204,"timestamp":"2026-09-16T14:49:30.377Z"}
{"level":"info","message":"⌛ Validating nombreRandom/nombreRandom.wlk","timeElapsed":169,"timestamp":"2026-09-16T14:49:30.429Z"}
{"level":"info","message":"⌛ Validating nombreRandom/nombreRandom.wlk","timeElapsed":125,"timestamp":"2026-09-16T14:49:30.638Z"}
{"level":"info","message":"⌛ Validating nombreRandom/nombreRandom.wlk","timeElapsed":136,"timestamp":"2026-09-16T14:49:30.855Z"}
{"level":"info","message":"⌛ Validating nombreRandom/nombreRandom.wlk","timeElapsed":118,"timestamp":"2026-09-16T14:49:30.972Z"}
{"level":"info","message":"⌛ Validating nombreRandom/nombreRandom.wlk","timeElapsed":119,"timestamp":"2026-09-16T14:49:31.091Z"}
{"level":"info","message":"⌛ Validating nombreRandom/nombreRandom.wlk","timeElapsed":138,"timestamp":"2026-09-16T14:49:31.396Z"}
{"level":"info","message":"⌛ Validating nombreRandom/nombreRandom.wlk","timeElapsed":143,"timestamp":"2026-09-16T14:49:31.540Z"}
{"level":"info","message":"⌛ Building environment","timeElapsed":119,"timestamp":"2026-09-16T14:49:31.574Z"}
{"level":"info","message":"⌛ Building environment","timeElapsed":105,"timestamp":"2026-09-16T14:49:31.646Z"}
{"level":"info","message":"⌛ Validating nombreRandom/nombreRandom.wlk","timeElapsed":138,"timestamp":"2026-09-16T14:49:31.784Z"}
{"level":"info","message":"⌛ Validating nombreRandom/nombreRandom.wlk","timeElapsed":128,"timestamp":"2026-09-16T14:49:31.912Z"}
{"level":"info","message":"⌛ Validating nombreRandom/nombreRandom.wlk","timeElapsed":200,"timestamp":"2026-09-16T14:49:32.149Z"}
{"level":"info","message":"⌛ Validating nombreRandom/nombreRandom.wlk","timeElapsed":189,"timestamp":"2026-09-16T14:49:32.203Z"}
{"level":"info","message":"⌛ Validating nombreRandom/nombreRandom.wlk","timeElapsed":130,"timestamp":"2026-09-16T14:49:32.335Z"}
{"level":"info","message":"⌛ Validating nombreRandom/nombreRandom.wlk","timeElapsed":122,"timestamp":"2026-09-16T14:49:32.467Z"}
{"level":"info","message":"⌛ Validating nombreRandom/nombreRandom.wlk","timeElapsed":130,"timestamp":"2026-09-16T14:49:32.598Z"}
{"level":"info","message":"⌛ Validating nombreRandom/nombreRandom.wlk","timeElapsed":138,"timestamp":"2026-09-16T14:49:32.830Z"}
{"level":"info","message":"⌛ Validating nombreRandom/nombreRandom.wlk","timeElapsed":126,"timestamp":"2026-09-16T14:49:33.042Z"}
{"level":"info","message":"⌛ Validating nombreRandom/nombreRandom.wlk","timeElapsed":116,"timestamp":"2026-09-16T14:49:33.158Z"}
{"level":"info","message":"⌛ Validating nombreRandom/nombreRandom.wlk","timeElapsed":125,"timestamp":"2026-09-16T14:49:33.389Z"}
{"level":"info","message":"⌛ Validating nombreRandom/nombreRandom.wlk","timeElapsed":129,"timestamp":"2026-09-16T14:49:33.601Z"}
{"level":"info","message":"⌛ Validating nombreRandom/nombreRandom.wlk","timeElapsed":129,"timestamp":"2026-09-16T14:49:33.815Z"}
{"level":"info","message":"⌛ Validating nombreRandom/nombreRandom.wlk","timeElapsed":117,"timestamp":"2026-09-16T14:49:34.016Z"}
{"level":"info","message":"⌛ Validating nombreRandom/nombreRandom.wlk","timeElapsed":123,"timestamp":"2026-09-16T14:49:34.320Z"}
{"level":"info","message":"⌛ Validating nombreRandom/nombreRandom.wlk","timeElapsed":115,"timestamp":"2026-09-16T14:49:34.434Z"}
{"level":"info","message":"⌛ Validating nombreRandom/nombreRandom.wlk","timeElapsed":122,"timestamp":"2026-09-16T14:49:34.557Z"}
{"level":"info","message":"⌛ Validating nombreRandom/nombreRandom.wlk","timeElapsed":115,"timestamp":"2026-09-16T14:49:34.672Z"}
{"level":"info","message":"⌛ Validating nombreRandom/nombreRandom.wlk","timeElapsed":113,"timestamp":"2026-09-16T14:49:34.786Z"}
{"level":"info","message":"⌛ Validating nombreRandom/nombreRandom.wlk","timeElapsed":115,"timestamp":"2026-09-16T14:49:34.901Z"}
{"level":"info","message":"⌛ Validating nombreRandom/nombreRandom.wlk","timeElapsed":113,"timestamp":"2026-09-16T14:49:35.015Z"}
{"level":"info","message":"⌛ Validating nombreRandom/nombreRandom.wlk","timeElapsed":114,"timestamp":"2026-09-16T14:49:35.130Z"}
{"level":"info","message":"⌛ Validating nombreRandom/nombreRandom.wlk","timeElapsed":113,"timestamp":"2026-09-16T14:49:35.243Z"}
{"level":"info","message":"⌛ Validating nombreRandom/nombreRandom.wlk","timeElapsed":124,"timestamp":"2026-09-16T14:49:35.536Z"}
{"level":"info","message":"⌛ Validating nombreRandom/nombreRandom.wlk","timeElapsed":124,"timestamp":"2026-09-16T14:49:35.744Z"}
{"level":"info","message":"⌛ Validating nombreRandom/nombreRandom.wlk","timeElapsed":118,"timestamp":"2026-09-16T14:49:35.864Z"}
{"level":"info","message":"⌛ Validating nombreRandom/nombreRandom.wlk","timeElapsed":126,"timestamp":"2026-09-16T14:49:36.069Z"}
{"level":"info","message":"⌛ Validating nombreRandom/nombreRandom.wlk","timeElapsed":116,"timestamp":"2026-09-16T14:49:36.186Z"}
{"level":"info","message":"⌛ Validating nombreRandom/nombreRandom.wlk","timeElapsed":119,"timestamp":"2026-09-16T14:49:36.304Z"}
{"level":"info","message":"⌛ Validating nombreRandom/nombreRandom.wlk","timeElapsed":115,"timestamp":"2026-09-16T14:49:36.426Z"}
{"level":"info","message":"⌛ Validating nombreRandom/nombreRandom.wlk","timeElapsed":131,"timestamp":"2026-09-16T14:49:36.558Z"}
{"level":"info","message":"⌛ Validating nombreRandom/nombreRandom.wlk","timeElapsed":126,"timestamp":"2026-09-16T14:49:36.766Z"}
{"level":"info","message":"⌛ Validating nombreRandom/nombreRandom.wlk","timeElapsed":140,"timestamp":"2026-09-16T14:49:36.907Z"}
{"level":"info","message":"⌛ Validating nombreRandom/nombreRandom.wlk","timeElapsed":113,"timestamp":"2026-09-16T14:49:37.025Z"}
{"level":"info","message":"⌛ Validating nombreRandom/nombreRandom.wlk","timeElapsed":140,"timestamp":"2026-09-16T14:49:37.171Z"}
{"level":"info","message":"⌛ Validating nombreRandom/nombreRandom.wlk","timeElapsed":132,"timestamp":"2026-09-16T14:49:37.305Z"}
{"level":"info","message":"⌛ Validating nombreRandom/nombreRandom.wlk","timeElapsed":132,"timestamp":"2026-09-16T14:49:37.439Z"}
{"level":"info","message":"⌛ Validating nombreRandom/nombreRandom.wlk","timeElapsed":122,"timestamp":"2026-09-16T14:49:37.566Z"}
{"level":"info","message":"⌛ Validating nombreRandom/nombreRandom.wlk","timeElapsed":123,"timestamp":"2026-09-16T14:49:37.690Z"}
{"level":"info","message":"⌛ Validating nombreRandom/nombreRandom.wlk","timeElapsed":116,"timestamp":"2026-09-16T14:49:37.808Z"}
{"level":"info","message":"⌛ Building environment","timeElapsed":101,"timestamp":"2026-09-16T14:49:37.911Z"}
{"level":"info","message":"⌛ Validating nombreRandom/nombreRandom.wlk","timeElapsed":203,"timestamp":"2026-09-16T14:49:38.114Z"}
{"level":"info","message":"⌛ Validating nombreRandom/nombreRandom.wlk","timeElapsed":117,"timestamp":"2026-09-16T14:49:38.231Z"}
{"level":"info","message":"⌛ Validating nombreRandom/nombreRandom.wlk","timeElapsed":119,"timestamp":"2026-09-16T14:49:38.448Z"}
{"level":"info","message":"⌛ Validating nombreRandom/nombreRandom.wlk","timeElapsed":114,"timestamp":"2026-09-16T14:49:38.563Z"}
{"level":"info","message":"⌛ Validating nombreRandom/nombreRandom.wlk","timeElapsed":121,"timestamp":"2026-09-16T14:49:38.684Z"}
{"level":"info","message":"⌛ Validating nombreRandom/nombreRandom.wlk","timeElapsed":128,"timestamp":"2026-09-16T14:49:38.816Z"}
{"level":"info","message":"⌛ Validating nombreRandom/nombreRandom.wlk","timeElapsed":148,"timestamp":"2026-09-16T14:49:38.943Z"}
{"level":"info","message":"⌛ Validating nombreRandom/nombreRandom.wlk","timeElapsed":132,"timestamp":"2026-09-16T14:49:38.949Z"}
{"level":"info","message":"⌛ Validating nombreRandom/nombreRandom.wlk","timeElapsed":113,"timestamp":"2026-09-16T14:49:39.062Z"}
{"level":"info","message":"⌛ Validating nombreRandom/nombreRandom.wlk","timeElapsed":126,"timestamp":"2026-09-16T14:49:39.364Z"}
{"level":"info","message":"⌛ Validating nombreRandom/nombreRandom.wlk","timeElapsed":115,"timestamp":"2026-09-16T14:49:39.480Z"}
{"level":"info","message":"⌛ Validating nombreRandom/nombreRandom.wlk","timeElapsed":121,"timestamp":"2026-09-16T14:49:39.687Z"}
{"level":"info","message":"⌛ Validating nombreRandom/nombreRandom.wlk","timeElapsed":147,"timestamp":"2026-09-16T14:49:39.835Z"}
{"level":"info","message":"⌛ Validating nombreRandom/nombreRandom.wlk","timeElapsed":128,"timestamp":"2026-09-16T14:49:40.130Z"}
{"level":"info","message":"⌛ Validating nombreRandom/nombreRandom.wlk","timeElapsed":131,"timestamp":"2026-09-16T14:49:40.423Z"}
{"level":"info","message":"⌛ Validating nombreRandom/nombreRandom.wlk","timeElapsed":121,"timestamp":"2026-09-16T14:49:40.717Z"}
{"level":"info","message":"⌛ Validating nombreRandom/nombreRandom.wlk","timeElapsed":119,"timestamp":"2026-09-16T14:49:40.935Z"}
{"level":"info","message":"⌛ Validating nombreRandom/nombreRandom.wlk","timeElapsed":129,"timestamp":"2026-09-16T14:49:41.141Z"}
{"level":"info","message":"⌛ Validating nombreRandom/nombreRandom.wlk","timeElapsed":128,"timestamp":"2026-09-16T14:49:41.440Z"}
{"level":"info","message":"⌛ Validating nombreRandom/nombreRandom.wlk","timeElapsed":120,"timestamp":"2026-09-16T14:49:41.560Z"}
{"level":"info","message":"⌛ Validating nombreRandom/nombreRandom.wlk","timeElapsed":122,"timestamp":"2026-09-16T14:49:41.768Z"}
{"level":"info","message":"⌛ Validating nombreRandom/nombreRandom.wlk","timeElapsed":113,"timestamp":"2026-09-16T14:49:41.887Z"}
{"level":"info","message":"⌛ Validating nombreRandom/nombreRandom.wlk","timeElapsed":115,"timestamp":"2026-09-16T14:49:42.002Z"}
{"level":"info","message":"⌛ Validating nombreRandom/nombreRandom.wlk","timeElapsed":118,"timestamp":"2026-09-16T14:49:42.120Z"}
{"level":"info","message":"⌛ Validating nombreRandom/nombreRandom.wlk","timeElapsed":115,"timestamp":"2026-09-16T14:49:42.236Z"}
{"level":"info","message":"⌛ Validating nombreRandom/nombreRandom.wlk","timeElapsed":115,"timestamp":"2026-09-16T14:49:42.351Z"}
{"level":"info","message":"⌛ Validating nombreRandom/nombreRandom.wlk","timeElapsed":121,"timestamp":"2026-09-16T14:49:42.472Z"}
{"level":"info","message":"⌛ Validating nombreRandom/nombreRandom.wlk","timeElapsed":119,"timestamp":"2026-09-16T14:49:42.591Z"}
{"level":"info","message":"⌛ Validating nombreRandom/nombreRandom.wlk","timeElapsed":120,"timestamp":"2026-09-16T14:49:43.064Z"}
{"level":"info","message":"⌛ Validating nombreRandom/nombreRandom.wlk","timeElapsed":123,"timestamp":"2026-09-16T14:49:43.267Z"}
{"level":"info","message":"⌛ Validating nombreRandom/nombreRandom.wlk","timeElapsed":125,"timestamp":"2026-09-16T14:49:43.570Z"}
{"level":"info","message":"⌛ Validating nombreRandom/nombreRandom.wlk","timeElapsed":126,"timestamp":"2026-09-16T14:49:43.778Z"}
{"level":"info","message":"⌛ Validating nombreRandom/nombreRandom.wlk","timeElapsed":115,"timestamp":"2026-09-16T14:49:43.897Z"}
{"level":"info","message":"⌛ Validating nombreRandom/nombreRandom.wlk","timeElapsed":114,"timestamp":"2026-09-16T14:49:44.012Z"}
{"level":"info","message":"⌛ Validating nombreRandom/nombreRandom.wlk","timeElapsed":118,"timestamp":"2026-09-16T14:49:44.133Z"}
{"level":"info","message":"⌛ Validating nombreRandom/nombreRandom.wlk","timeElapsed":116,"timestamp":"2026-09-16T14:49:44.249Z"}
{"level":"info","message":"⌛ Validating nombreRandom/nombreRandom.wlk","timeElapsed":134,"timestamp":"2026-09-16T14:49:44.386Z"}
{"level":"info","message":"⌛ Validating nombreRandom/nombreRandom.wlk","timeElapsed":131,"timestamp":"2026-09-16T14:49:44.562Z"}
{"level":"info","message":"⌛ Validating nombreRandom/nombreRandom.wlk","timeElapsed":124,"timestamp":"2026-09-16T14:49:44.686Z"}
{"level":"info","message":"⌛ Validating nombreRandom/nombreRandom.wlk","timeElapsed":115,"timestamp":"2026-09-16T14:49:44.802Z"}
{"level":"info","message":"⌛ Validating nombreRandom/nombreRandom.wlk","timeElapsed":118,"timestamp":"2026-09-16T14:49:44.923Z"}
{"level":"info","message":"⌛ Validating nombreRandom/nombreRandom.wlk","timeElapsed":135,"timestamp":"2026-09-16T14:49:45.144Z"}
{"level":"info","message":"⌛ Building environment","timeElapsed":709,"timestamp":"2026-09-16T14:49:45.965Z"}
{"level":"info","message":"⌛ Validating nombreRandom/nombreRandom.wlk","timeElapsed":162,"timestamp":"2026-09-16T14:49:46.128Z"}
{"level":"info","message":"⌛ Validating nombreRandom/nombreRandom.wlk","timeElapsed":164,"timestamp":"2026-09-16T14:49:46.291Z"}
{"level":"info","message":"⌛ Building environment","timeElapsed":118,"timestamp":"2026-09-16T14:49:46.295Z"}
{"level":"info","message":"⌛ Validating nombreRandom/nombreRandom.wlk","timeElapsed":176,"timestamp":"2026-09-16T14:49:46.476Z"}
{"level":"info","message":"⌛ Validating nombreRandom/nombreRandom.wlk","timeElapsed":181,"timestamp":"2026-09-16T14:49:46.480Z"}
{"level":"info","message":"⌛ Validating nombreRandom/nombreRandom.wlk","timeElapsed":134,"timestamp":"2026-09-16T14:49:46.724Z"}
{"level":"info","message":"⌛ Building environment","timeElapsed":153,"timestamp":"2026-09-16T14:49:46.878Z"}
{"level":"info","message":"⌛ Validating nombreRandom/nombreRandom.wlk","timeElapsed":163,"timestamp":"2026-09-16T14:49:47.048Z"}
{"level":"info","message":"⌛ Validating nombreRandom/nombreRandom.wlk","timeElapsed":129,"timestamp":"2026-09-16T14:49:47.177Z"}
{"level":"info","message":"⌛ Validating nombreRandom/nombreRandom.wlk","timeElapsed":127,"timestamp":"2026-09-16T14:49:47.307Z"}
{"level":"info","message":"⌛ Validating nombreRandom/nombreRandom.wlk","timeElapsed":131,"timestamp":"2026-09-16T14:49:47.438Z"}
{"level":"info","message":"⌛ Validating nombreRandom/nombreRandom.wlk","timeElapsed":137,"timestamp":"2026-09-16T14:49:47.661Z"}
{"level":"info","message":"⌛ Building environment","timeElapsed":159,"timestamp":"2026-09-16T14:49:47.821Z"}
{"level":"info","message":"⌛ Validating nombreRandom/nombreRandom.wlk","timeElapsed":134,"timestamp":"2026-09-16T14:49:47.963Z"}
{"level":"info","message":"⌛ Validating nombreRandom/nombreRandom.wlk","timeElapsed":126,"timestamp":"2026-09-16T14:49:48.090Z"}
{"level":"info","message":"⌛ Validating nombreRandom/nombreRandom.wlk","timeElapsed":149,"timestamp":"2026-09-16T14:49:48.239Z"}
{"level":"info","message":"⌛ Validating nombreRandom/nombreRandom.wlk","timeElapsed":124,"timestamp":"2026-09-16T14:49:48.363Z"}
{"level":"info","message":"⌛ Validating nombreRandom/nombreRandom.wlk","timeElapsed":127,"timestamp":"2026-09-16T14:49:48.495Z"}
{"level":"info","message":"⌛ Validating nombreRandom/nombreRandom.wlk","timeElapsed":219,"timestamp":"2026-09-16T14:49:48.715Z"}
{"level":"info","message":"⌛ Validating nombreRandom/nombreRandom.wlk","timeElapsed":186,"timestamp":"2026-09-16T14:49:48.799Z"}
{"level":"info","message":"⌛ Validating nombreRandom/nombreRandom.wlk","timeElapsed":189,"timestamp":"2026-09-16T14:49:48.905Z"}
{"level":"info","message":"⌛ Validating nombreRandom/nombreRandom.wlk","timeElapsed":126,"timestamp":"2026-09-16T14:49:49.030Z"}
{"level":"info","message":"⌛ Validating nombreRandom/nombreRandom.wlk","timeElapsed":126,"timestamp":"2026-09-16T14:49:49.156Z"}
{"level":"info","message":"⌛ Validating nombreRandom/nombreRandom.wlk","timeElapsed":113,"timestamp":"2026-09-16T14:49:49.270Z"}
{"level":"info","message":"⌛ Validating nombreRandom/nombreRandom.wlk","timeElapsed":121,"timestamp":"2026-09-16T14:49:49.392Z"}
{"level":"info","message":"⌛ Validating nombreRandom/nombreRandom.wlk","timeElapsed":119,"timestamp":"2026-09-16T14:49:49.512Z"}
{"level":"info","message":"⌛ Validating nombreRandom/nombreRandom.wlk","timeElapsed":119,"timestamp":"2026-09-16T14:49:49.665Z"}
{"level":"info","message":"⌛ Validating nombreRandom/nombreRandom.wlk","timeElapsed":140,"timestamp":"2026-09-16T14:49:49.805Z"}
{"level":"info","message":"⌛ Validating nombreRandom/nombreRandom.wlk","timeElapsed":118,"timestamp":"2026-09-16T14:49:49.924Z"}
{"level":"info","message":"⌛ Validating nombreRandom/nombreRandom.wlk","timeElapsed":114,"timestamp":"2026-09-16T14:49:50.039Z"}
{"level":"info","message":"⌛ Validating nombreRandom/nombreRandom.wlk","timeElapsed":114,"timestamp":"2026-09-16T14:49:50.157Z"}
{"level":"info","message":"⌛ Validating nombreRandom/nombreRandom.wlk","timeElapsed":118,"timestamp":"2026-09-16T14:49:50.277Z"}
{"level":"info","message":"⌛ Validating nombreRandom/nombreRandom.wlk","timeElapsed":131,"timestamp":"2026-09-16T14:49:50.502Z"}
{"level":"info","message":"⌛ Validating nombreRandom/nombreRandom.wlk","timeElapsed":123,"timestamp":"2026-09-16T14:49:51.076Z"}
{"level":"info","message":"⌛ Validating nombreRandom/nombreRandom.wlk","timeElapsed":123,"timestamp":"2026-09-16T14:49:51.203Z"}
{"level":"info","message":"⌛ Validating nombreRandom/nombreRandom.wlk","timeElapsed":123,"timestamp":"2026-09-16T14:49:51.326Z"}
{"level":"info","message":"⌛ Validating nombreRandom/nombreRandom.wlk","timeElapsed":122,"timestamp":"2026-09-16T14:49:51.448Z"}
{"level":"info","message":"⌛ Validating nombreRandom/nombreRandom.wlk","timeElapsed":123,"timestamp":"2026-09-16T14:49:51.574Z"}
{"level":"info","message":"⌛ Validating nombreRandom/nombreRandom.wlk","timeElapsed":119,"timestamp":"2026-09-16T14:49:51.694Z"}
{"level":"info","message":"⌛ Validating nombreRandom/nombreRandom.wlk","timeElapsed":117,"timestamp":"2026-09-16T14:49:51.812Z"}
{"level":"info","message":"⌛ Validating nombreRandom/nombreRandom.wlk","timeElapsed":113,"timestamp":"2026-09-16T14:49:51.929Z"}
{"level":"info","message":"⌛ Validating nombreRandom/nombreRandom.wlk","timeElapsed":115,"timestamp":"2026-09-16T14:49:52.046Z"}
{"level":"info","message":"⌛ Validating nombreRandom/nombreRandom.wlk","timeElapsed":112,"timestamp":"2026-09-16T14:49:52.163Z"}
{"level":"info","message":"⌛ Validating nombreRandom/nombreRandom.wlk","timeElapsed":123,"timestamp":"2026-09-16T14:49:52.286Z"}
{"level":"info","message":"⌛ Validating nombreRandom/nombreRandom.wlk","timeElapsed":113,"timestamp":"2026-09-16T14:49:52.404Z"}
{"level":"info","message":"⌛ Validating nombreRandom/nombreRandom.wlk","timeElapsed":114,"timestamp":"2026-09-16T14:49:52.518Z"}
{"level":"info","message":"⌛ Validating nombreRandom/nombreRandom.wlk","timeElapsed":129,"timestamp":"2026-09-16T14:49:52.649Z"}
{"level":"info","message":"⌛ Validating nombreRandom/nombreRandom.wlk","timeElapsed":114,"timestamp":"2026-09-16T14:49:52.764Z"}
{"level":"info","message":"⌛ Validating nombreRandom/nombreRandom.wlk","timeElapsed":136,"timestamp":"2026-09-16T14:49:52.903Z"}
{"level":"info","message":"⌛ Validating nombreRandom/nombreRandom.wlk","timeElapsed":116,"timestamp":"2026-09-16T14:49:53.021Z"}
{"level":"info","message":"⌛ Validating nombreRandom/nombreRandom.wlk","timeElapsed":122,"timestamp":"2026-09-16T14:49:53.145Z"}
{"level":"info","message":"⌛ Validating nombreRandom/nombreRandom.wlk","timeElapsed":118,"timestamp":"2026-09-16T14:49:53.268Z"}
{"level":"info","message":"⌛ Validating nombreRandom/nombreRandom.wlk","timeElapsed":120,"timestamp":"2026-09-16T14:49:53.391Z"}
{"level":"info","message":"⌛ Validating nombreRandom/nombreRandom.wlk","timeElapsed":115,"timestamp":"2026-09-16T14:49:53.507Z"}
{"level":"info","message":"⌛ Validating nombreRandom/nombreRandom.wlk","timeElapsed":116,"timestamp":"2026-09-16T14:49:53.625Z"}
{"level":"info","message":"⌛ Validating nombreRandom/nombreRandom.wlk","timeElapsed":114,"timestamp":"2026-09-16T14:49:53.741Z"}
{"level":"info","message":"⌛ Validating nombreRandom/nombreRandom.wlk","timeElapsed":124,"timestamp":"2026-09-16T14:49:53.871Z"}
{"level":"info","message":"⌛ Validating nombreRandom/nombreRandom.wlk","timeElapsed":138,"timestamp":"2026-09-16T14:49:54.099Z"}
{"level":"info","message":"⌛ Building environment","timeElapsed":106,"timestamp":"2026-09-16T14:49:54.206Z"}
{"level":"info","message":"⌛ Validating nombreRandom/nombreRandom.wlk","timeElapsed":181,"timestamp":"2026-09-16T14:49:54.288Z"}
{"level":"info","message":"⌛ Validating nombreRandom/nombreRandom.wlk","timeElapsed":144,"timestamp":"2026-09-16T14:49:54.361Z"}
{"level":"info","message":"⌛ Validating nombreRandom/nombreRandom.wlk","timeElapsed":144,"timestamp":"2026-09-16T14:49:54.505Z"}
{"level":"info","message":"⌛ Validating nombreRandom/nombreRandom.wlk","timeElapsed":197,"timestamp":"2026-09-16T14:49:54.703Z"}
{"level":"info","message":"⌛ Building environment","timeElapsed":103,"timestamp":"2026-09-16T14:49:54.810Z"}
{"level":"info","message":"⌛ Validating nombreRandom/nombreRandom.wlk","timeElapsed":124,"timestamp":"2026-09-16T14:49:54.941Z"}
{"level":"info","message":"⌛ Validating nombreRandom/nombreRandom.wlk","timeElapsed":116,"timestamp":"2026-09-16T14:49:55.061Z"}
{"level":"info","message":"⌛ Validating nombreRandom/nombreRandom.wlk","timeElapsed":119,"timestamp":"2026-09-16T14:49:55.215Z"}
{"level":"info","message":"⌛ Validating nombreRandom/nombreRandom.wlk","timeElapsed":115,"timestamp":"2026-09-16T14:49:55.331Z"}
{"level":"info","message":"⌛ Validating nombreRandom/nombreRandom.wlk","timeElapsed":116,"timestamp":"2026-09-16T14:49:55.448Z"}
{"level":"info","message":"⌛ Validating nombreRandom/nombreRandom.wlk","timeElapsed":124,"timestamp":"2026-09-16T14:49:55.574Z"}
{"level":"info","message":"⌛ Validating nombreRandom/nombreRandom.wlk","timeElapsed":144,"timestamp":"2026-09-16T14:49:55.719Z"}
{"level":"info","message":"⌛ Validating nombreRandom/nombreRandom.wlk","timeElapsed":142,"timestamp":"2026-09-16T14:49:55.862Z"}
{"level":"info","message":"⌛ Validating nombreRandom/nombreRandom.wlk","timeElapsed":175,"timestamp":"2026-09-16T14:49:55.863Z"}
{"level":"info","message":"⌛ Validating nombreRandom/nombreRandom.wlk","timeElapsed":115,"timestamp":"2026-09-16T14:49:56.134Z"}
{"level":"info","message":"⌛ Validating nombreRandom/nombreRandom.wlk","timeElapsed":117,"timestamp":"2026-09-16T14:49:56.252Z"}
{"level":"info","message":"⌛ Validating nombreRandom/nombreRandom.wlk","timeElapsed":114,"timestamp":"2026-09-16T14:49:56.494Z"}
{"level":"info","message":"⌛ Validating nombreRandom/nombreRandom.wlk","timeElapsed":114,"timestamp":"2026-09-16T14:49:56.704Z"}
{"level":"info","message":"⌛ Validating nombreRandom/nombreRandom.wlk","timeElapsed":136,"timestamp":"2026-09-16T14:49:56.845Z"}
{"level":"info","message":"⌛ Building environment","timeElapsed":112,"timestamp":"2026-09-16T14:49:56.958Z"}
{"level":"info","message":"⌛ Validating nombreRandom/nombreRandom.wlk","timeElapsed":124,"timestamp":"2026-09-16T14:49:57.087Z"}
{"level":"info","message":"⌛ Building environment","timeElapsed":129,"timestamp":"2026-09-16T14:49:57.983Z"}
{"level":"info","message":"⌛ Building environment","timeElapsed":123,"timestamp":"2026-09-16T14:49:58.163Z"}
{"level":"info","message":"⌛ Validating nombreRandom/nombreRandom.wlk","timeElapsed":196,"timestamp":"2026-09-16T14:49:58.184Z"}
{"level":"info","message":"⌛ Validating nombreRandom/nombreRandom.wlk","timeElapsed":155,"timestamp":"2026-09-16T14:49:58.321Z"}
{"level":"info","message":"⌛ Building environment","timeElapsed":113,"timestamp":"2026-09-16T14:49:59.254Z"}
{"level":"info","message":"⌛ Validating nombreRandom/nombreRandom.wlk","timeElapsed":146,"timestamp":"2026-09-16T14:49:59.404Z"}
{"level":"info","message":"⌛ Building environment","timeElapsed":110,"timestamp":"2026-09-16T14:49:59.875Z"}
{"level":"info","message":"⌛ Validating nombreRandom/nombreRandom.wlk","timeElapsed":119,"timestamp":"2026-09-16T14:50:00.000Z"}
{"level":"info","message":"⌛ Building environment","timeElapsed":183,"timestamp":"2026-09-16T14:50:01.050Z"}
{"level":"info","message":"⌛ Building environment","timeElapsed":148,"timestamp":"2026-09-16T14:50:01.060Z"}
{"level":"info","message":"⌛ Validating nombreRandom/nombreRandom.wlk","timeElapsed":165,"timestamp":"2026-09-16T14:50:01.231Z"}
{"level":"info","message":"⌛ Validating nombreRandom/nombreRandom.wlk","timeElapsed":187,"timestamp":"2026-09-16T14:50:01.239Z"}
{"level":"info","message":"⌛ Building environment","timeElapsed":106,"timestamp":"2026-09-16T14:50:02.122Z"}
{"level":"info","message":"⌛ Validating nombreRandom/nombreRandom.wlk","timeElapsed":144,"timestamp":"2026-09-16T14:50:02.271Z"}
{"level":"info","message":"⌛ Building environment","timeElapsed":163,"timestamp":"2026-09-16T14:50:04.076Z"}
{"level":"info","message":"⌛ Validating nombreRandom/nombreRandom.wlk","timeElapsed":162,"timestamp":"2026-09-16T14:50:04.243Z"}
{"level":"info","message":"⌛ Building environment","timeElapsed":122,"timestamp":"2026-09-16T14:50:05.138Z"}
{"level":"info","message":"⌛ Validating nombreRandom/nombreRandom.wlk","timeElapsed":133,"timestamp":"2026-09-16T14:50:05.276Z"}
{"level":"info","message":"⌛ Building environment","timeElapsed":163,"timestamp":"2026-09-16T14:50:19.795Z"}
{"level":"info","message":"⌛ Validating nombreRandom/nombreRandom.wlk","timeElapsed":175,"timestamp":"2026-09-16T14:50:19.977Z"}
{"level":"info","message":"⌛ Validating nombreRandom/nombreRandom.wlk","timeElapsed":142,"timestamp":"2026-09-16T14:50:20.308Z"}
{"level":"info","message":"⌛ Validating nombreRandom/nombreRandom.wlk","timeElapsed":162,"timestamp":"2026-09-16T14:50:20.472Z"}
{"level":"info","message":"⌛ Building environment","timeElapsed":119,"timestamp":"2026-09-16T14:50:20.745Z"}
{"level":"info","message":"⌛ Validating nombreRandom/nombreRandom.wlk","timeElapsed":142,"timestamp":"2026-09-16T14:50:20.894Z"}
{"level":"info","message":"⌛ Validating nombreRandom/nombreRandom.wlk","timeElapsed":125,"timestamp":"2026-09-16T14:50:21.119Z"}
{"level":"info","message":"⌛ Validating nombreRandom/nombreRandom.wlk","timeElapsed":135,"timestamp":"2026-09-16T14:50:21.441Z"}
{"level":"info","message":"⌛ Building environment","timeElapsed":101,"timestamp":"2026-09-16T14:50:21.543Z"}
{"level":"info","message":"⌛ Validating nombreRandom/nombreRandom.wlk","timeElapsed":137,"timestamp":"2026-09-16T14:50:21.684Z"}
{"level":"info","message":"⌛ Validating nombreRandom/nombreRandom.wlk","timeElapsed":138,"timestamp":"2026-09-16T14:50:21.911Z"}
{"level":"info","message":"⌛ Validating nombreRandom/nombreRandom.wlk","timeElapsed":150,"timestamp":"2026-09-16T14:50:22.164Z"}
{"level":"info","message":"⌛ Validating nombreRandom/nombreRandom.wlk","timeElapsed":141,"timestamp":"2026-09-16T14:50:22.488Z"}
{"level":"info","message":"⌛ Building environment","timeElapsed":109,"timestamp":"2026-09-16T14:50:22.598Z"}
{"level":"info","message":"⌛ Validating nombreRandom/nombreRandom.wlk","timeElapsed":155,"timestamp":"2026-09-16T14:50:22.753Z"}
{"level":"info","message":"⌛ Validating nombreRandom/nombreRandom.wlk","timeElapsed":139,"timestamp":"2026-09-16T14:50:22.980Z"}
{"level":"info","message":"⌛ Validating nombreRandom/nombreRandom.wlk","timeElapsed":129,"timestamp":"2026-09-16T14:50:23.201Z"}
{"level":"info","message":"⌛ Building environment","timeElapsed":192,"timestamp":"2026-09-16T14:50:23.393Z"}
{"level":"info","message":"⌛ Validating nombreRandom/nombreRandom.wlk","timeElapsed":248,"timestamp":"2026-09-16T14:50:23.641Z"}
{"level":"info","message":"⌛ Validating nombreRandom/nombreRandom.wlk","timeElapsed":143,"timestamp":"2026-09-16T14:50:24.001Z"}
{"level":"info","message":"⌛ Building environment","timeElapsed":101,"timestamp":"2026-09-16T14:50:24.102Z"}
{"level":"info","message":"⌛ Building environment","timeElapsed":102,"timestamp":"2026-09-16T14:50:24.204Z"}
{"level":"info","message":"⌛ Validating nombreRandom/nombreRandom.wlk","timeElapsed":179,"timestamp":"2026-09-16T14:50:24.383Z"}
{"level":"info","message":"⌛ Validating nombreRandom/nombreRandom.wlk","timeElapsed":151,"timestamp":"2026-09-16T14:50:24.627Z"}
{"level":"info","message":"⌛ Validating nombreRandom/nombreRandom.wlk","timeElapsed":132,"timestamp":"2026-09-16T14:50:24.855Z"}
{"level":"info","message":"⌛ Validating nombreRandom/nombreRandom.wlk","timeElapsed":127,"timestamp":"2026-09-16T14:50:25.065Z"}
{"level":"info","message":"⌛ Validating nombreRandom/nombreRandom.wlk","timeElapsed":120,"timestamp":"2026-09-16T14:50:25.266Z"}
{"level":"info","message":"⌛ Validating nombreRandom/nombreRandom.wlk","timeElapsed":120,"timestamp":"2026-09-16T14:50:25.391Z"}
{"level":"info","message":"⌛ Building environment","timeElapsed":101,"timestamp":"2026-09-16T14:50:25.528Z"}
{"level":"info","message":"⌛ Validating nombreRandom/nombreRandom.wlk","timeElapsed":144,"timestamp":"2026-09-16T14:50:25.536Z"}
{"level":"info","message":"⌛ Validating nombreRandom/nombreRandom.wlk","timeElapsed":125,"timestamp":"2026-09-16T14:50:25.660Z"}
{"level":"info","message":"⌛ Validating nombreRandom/nombreRandom.wlk","timeElapsed":141,"timestamp":"2026-09-16T14:50:25.672Z"}
{"level":"info","message":"⌛ Validating nombreRandom/nombreRandom.wlk","timeElapsed":128,"timestamp":"2026-09-16T14:50:27.472Z"}
{"level":"info","message":"⌛ Building environment","timeElapsed":114,"timestamp":"2026-09-16T14:50:27.700Z"}
{"level":"info","message":"⌛ Building environment","timeElapsed":104,"timestamp":"2026-09-16T14:50:27.810Z"}
{"level":"info","message":"⌛ Validating nombreRandom/nombreRandom.wlk","timeElapsed":157,"timestamp":"2026-09-16T14:50:27.968Z"}
{"level":"info","message":"⌛ Validating nombreRandom/nombreRandom.wlk","timeElapsed":139,"timestamp":"2026-09-16T14:50:28.107Z"}
{"level":"info","message":"⌛ Validating nombreRandom/nombreRandom.wlk","timeElapsed":145,"timestamp":"2026-09-16T14:50:28.350Z"}
{"level":"info","message":"⌛ Validating nombreRandom/nombreRandom.wlk","timeElapsed":133,"timestamp":"2026-09-16T14:50:28.573Z"}
{"level":"info","message":"⌛ Validating nombreRandom/nombreRandom.wlk","timeElapsed":139,"timestamp":"2026-09-16T14:50:28.793Z"}
{"level":"info","message":"⌛ Building environment","timeElapsed":129,"timestamp":"2026-09-16T14:50:28.923Z"}
{"level":"info","message":"⌛ Validating nombreRandom/nombreRandom.wlk","timeElapsed":129,"timestamp":"2026-09-16T14:50:29.143Z"}
{"level":"info","message":"⌛ Validating nombreRandom/nombreRandom.wlk","timeElapsed":146,"timestamp":"2026-09-16T14:50:29.290Z"}
{"level":"info","message":"⌛ Validating nombreRandom/nombreRandom.wlk","timeElapsed":134,"timestamp":"2026-09-16T14:50:29.521Z"}
{"level":"info","message":"⌛ Validating nombreRandom/nombreRandom.wlk","timeElapsed":137,"timestamp":"2026-09-16T14:50:29.751Z"}
{"level":"info","message":"⌛ Validating nombreRandom/nombreRandom.wlk","timeElapsed":138,"timestamp":"2026-09-16T14:50:30.072Z"}
{"level":"info","message":"⌛ Validating nombreRandom/nombreRandom.wlk","timeElapsed":136,"timestamp":"2026-09-16T14:50:30.208Z"}
{"level":"info","message":"⌛ Building environment","timeElapsed":194,"timestamp":"2026-09-16T14:50:30.404Z"}
{"level":"info","message":"⌛ Building environment","timeElapsed":105,"timestamp":"2026-09-16T14:50:30.510Z"}
{"level":"info","message":"⌛ Validating nombreRandom/nombreRandom.wlk","timeElapsed":163,"timestamp":"2026-09-16T14:50:30.673Z"}
{"level":"info","message":"⌛ Building environment","timeElapsed":127,"timestamp":"2026-09-16T14:50:30.805Z"}
{"level":"info","message":"⌛ Validating nombreRandom/nombreRandom.wlk","timeElapsed":144,"timestamp":"2026-09-16T14:50:30.959Z"}
{"level":"info","message":"⌛ Validating nombreRandom/nombreRandom.wlk","timeElapsed":146,"timestamp":"2026-09-16T14:50:31.189Z"}
{"level":"info","message":"⌛ Validating nombreRandom/nombreRandom.wlk","timeElapsed":129,"timestamp":"2026-09-16T14:50:31.508Z"}
{"level":"info","message":"⌛ Validating nombreRandom/nombreRandom.wlk","timeElapsed":130,"timestamp":"2026-09-16T14:50:31.724Z"}
{"level":"info","message":"⌛ Validating nombreRandom/nombreRandom.wlk","timeElapsed":139,"timestamp":"2026-09-16T14:50:31.865Z"}
{"level":"info","message":"⌛ Validating nombreRandom/nombreRandom.wlk","timeElapsed":130,"timestamp":"2026-09-16T14:50:32.005Z"}
{"level":"info","message":"⌛ Validating nombreRandom/nombreRandom.wlk","timeElapsed":138,"timestamp":"2026-09-16T14:50:32.431Z"}
{"level":"info","message":"⌛ Validating nombreRandom/nombreRandom.wlk","timeElapsed":150,"timestamp":"2026-09-16T14:50:32.662Z"}
{"level":"info","message":"⌛ Validating nombreRandom/nombreRandom.wlk","timeElapsed":173,"timestamp":"2026-09-16T14:50:32.834Z"}
{"level":"info","message":"⌛ Validating nombreRandom/nombreRandom.wlk","timeElapsed":152,"timestamp":"2026-09-16T14:50:33.085Z"}
{"level":"info","message":"⌛ Building environment","timeElapsed":151,"timestamp":"2026-09-16T14:50:33.236Z"}
{"level":"info","message":"⌛ Building environment","timeElapsed":104,"timestamp":"2026-09-16T14:50:33.429Z"}
{"level":"info","message":"⌛ Validating nombreRandom/nombreRandom.wlk","timeElapsed":139,"timestamp":"2026-09-16T14:50:33.567Z"}
{"level":"info","message":"⌛ Validating nombreRandom/nombreRandom.wlk","timeElapsed":135,"timestamp":"2026-09-16T14:50:33.795Z"}
{"level":"info","message":"⌛ Validating nombreRandom/nombreRandom.wlk","timeElapsed":154,"timestamp":"2026-09-16T14:50:34.030Z"}
{"level":"info","message":"⌛ Validating nombreRandom/nombreRandom.wlk","timeElapsed":121,"timestamp":"2026-09-16T14:50:34.152Z"}
{"level":"info","message":"⌛ Building environment","timeElapsed":121,"timestamp":"2026-09-16T14:50:34.340Z"}
{"level":"info","message":"⌛ Validating nombreRandom/nombreRandom.wlk","timeElapsed":151,"timestamp":"2026-09-16T14:50:34.492Z"}
{"level":"info","message":"⌛ Validating nombreRandom/nombreRandom.wlk","timeElapsed":132,"timestamp":"2026-09-16T14:50:34.719Z"}
{"level":"info","message":"⌛ Validating nombreRandom/nombreRandom.wlk","timeElapsed":134,"timestamp":"2026-09-16T14:50:34.957Z"}
{"level":"info","message":"⌛ Validating nombreRandom/nombreRandom.wlk","timeElapsed":242,"timestamp":"2026-09-16T14:50:35.204Z"}
{"level":"info","message":"⌛ Building environment","timeElapsed":160,"timestamp":"2026-09-16T14:50:35.260Z"}
{"level":"info","message":"⌛ Validating nombreRandom/nombreRandom.wlk","timeElapsed":175,"timestamp":"2026-09-16T14:50:35.380Z"}
{"level":"info","message":"⌛ Validating nombreRandom/nombreRandom.wlk","timeElapsed":147,"timestamp":"2026-09-16T14:50:35.412Z"}
{"level":"info","message":"⌛ Building environment","timeElapsed":121,"timestamp":"2026-09-16T14:51:05.331Z"}
{"level":"info","message":"⌛ Validating nombreRandom/nombreRandom.wlk","timeElapsed":155,"timestamp":"2026-09-16T14:51:05.491Z"}
{"level":"info","message":"⌛ Building environment","timeElapsed":116,"timestamp":"2026-09-16T14:51:05.693Z"}
{"level":"info","message":"⌛ Validating nombreRandom/nombreRandom.wlk","timeElapsed":134,"timestamp":"2026-09-16T14:51:05.827Z"}
{"level":"info","message":"⌛ Building environment","timeElapsed":121,"timestamp":"2026-09-16T14:51:05.949Z"}
{"level":"info","message":"⌛ Validating nombreRandom/nombreRandom.wlk","timeElapsed":140,"timestamp":"2026-09-16T14:51:06.089Z"}
{"level":"info","message":"⌛ Validating nombreRandom/nombreRandom.wlk","timeElapsed":133,"timestamp":"2026-09-16T14:51:06.313Z"}
{"level":"info","message":"⌛ Validating nombreRandom/nombreRandom.wlk","timeElapsed":138,"timestamp":"2026-09-16T14:51:06.632Z"}
{"level":"info","message":"⌛ Validating nombreRandom/nombreRandom.wlk","timeElapsed":137,"timestamp":"2026-09-16T14:51:06.769Z"}
{"level":"info","message":"⌛ Validating nombreRandom/nombreRandom.wlk","timeElapsed":125,"timestamp":"2026-09-16T14:51:06.898Z"}
{"level":"info","message":"⌛ Building environment","timeElapsed":125,"timestamp":"2026-09-16T14:51:07.068Z"}
{"level":"info","message":"⌛ Building environment","timeElapsed":112,"timestamp":"2026-09-16T14:51:07.181Z"}
{"level":"info","message":"⌛ Building environment","timeElapsed":120,"timestamp":"2026-09-16T14:51:07.301Z"}
{"level":"info","message":"⌛ Validating nombreRandom/nombreRandom.wlk","timeElapsed":151,"timestamp":"2026-09-16T14:51:07.453Z"}
{"level":"info","message":"⌛ Validating nombreRandom/nombreRandom.wlk","timeElapsed":147,"timestamp":"2026-09-16T14:51:07.684Z"}
{"level":"info","message":"⌛ Validating nombreRandom/nombreRandom.wlk","timeElapsed":138,"timestamp":"2026-09-16T14:51:07.822Z"}
{"level":"info","message":"⌛ Building environment","timeElapsed":111,"timestamp":"2026-09-16T14:51:08.014Z"}
{"level":"info","message":"⌛ Validating nombreRandom/nombreRandom.wlk","timeElapsed":155,"timestamp":"2026-09-16T14:51:08.170Z"}
{"level":"info","message":"⌛ Building environment","timeElapsed":108,"timestamp":"2026-09-16T14:51:08.279Z"}
{"level":"info","message":"⌛ Validating nombreRandom/nombreRandom.wlk","timeElapsed":142,"timestamp":"2026-09-16T14:51:08.422Z"}
{"level":"info","message":"⌛ Building environment","timeElapsed":102,"timestamp":"2026-09-16T14:51:08.608Z"}
{"level":"info","message":"⌛ Validating nombreRandom/nombreRandom.wlk","timeElapsed":228,"timestamp":"2026-09-16T14:51:08.837Z"}
{"level":"info","message":"⌛ Building environment","timeElapsed":139,"timestamp":"2026-09-16T14:51:08.976Z"}
{"level":"info","message":"⌛ Validating nombreRandom/nombreRandom.wlk","timeElapsed":121,"timestamp":"2026-09-16T14:51:09.098Z"}
{"level":"info","message":"⌛ Validating nombreRandom/nombreRandom.wlk","timeElapsed":136,"timestamp":"2026-09-16T14:51:09.333Z"}
{"level":"info","message":"⌛ Validating nombreRandom/nombreRandom.wlk","timeElapsed":133,"timestamp":"2026-09-16T14:51:09.559Z"}
{"level":"info","message":"⌛ Building environment","timeElapsed":187,"timestamp":"2026-09-16T14:51:09.748Z"}
{"level":"info","message":"⌛ Building environment","timeElapsed":114,"timestamp":"2026-09-16T14:51:09.862Z"}
{"level":"info","message":"⌛ Building environment","timeElapsed":101,"timestamp":"2026-09-16T14:51:09.963Z"}
{"level":"info","message":"⌛ Validating nombreRandom/nombreRandom.wlk","timeElapsed":172,"timestamp":"2026-09-16T14:51:10.136Z"}
{"level":"info","message":"⌛ Validating nombreRandom/nombreRandom.wlk","timeElapsed":143,"timestamp":"2026-09-16T14:51:10.361Z"}
{"level":"info","message":"⌛ Building environment","timeElapsed":114,"timestamp":"2026-09-16T14:51:10.475Z"}
{"level":"info","message":"⌛ Validating nombreRandom/nombreRandom.wlk","timeElapsed":131,"timestamp":"2026-09-16T14:51:10.606Z"}
{"level":"info","message":"⌛ Validating nombreRandom/nombreRandom.wlk","timeElapsed":157,"timestamp":"2026-09-16T14:51:10.959Z"}
{"level":"info","message":"⌛ Validating nombreRandom/nombreRandom.wlk","timeElapsed":127,"timestamp":"2026-09-16T14:51:11.257Z"}
{"level":"info","message":"⌛ Validating nombreRandom/nombreRandom.wlk","timeElapsed":121,"timestamp":"2026-09-16T14:51:11.378Z"}
{"level":"info","message":"⌛ Validating nombreRandom/nombreRandom.wlk","timeElapsed":127,"timestamp":"2026-09-16T14:51:11.584Z"}
{"level":"info","message":"⌛ Building environment","timeElapsed":102,"timestamp":"2026-09-16T14:51:11.687Z"}
{"level":"info","message":"⌛ Validating nombreRandom/nombreRandom.wlk","timeElapsed":147,"timestamp":"2026-09-16T14:51:11.835Z"}
{"level":"info","message":"⌛ Validating nombreRandom/nombreRandom.wlk","timeElapsed":139,"timestamp":"2026-09-16T14:51:12.065Z"}
{"level":"info","message":"⌛ Validating nombreRandom/nombreRandom.wlk","timeElapsed":128,"timestamp":"2026-09-16T14:51:12.275Z"}
{"level":"info","message":"⌛ Building environment","timeElapsed":218,"timestamp":"2026-09-16T14:51:12.496Z"}
{"level":"info","message":"⌛ Validating nombreRandom/nombreRandom.wlk","timeElapsed":150,"timestamp":"2026-09-16T14:51:12.647Z"}
{"level":"info","message":"⌛ Validating nombreRandom/nombreRandom.wlk","timeElapsed":138,"timestamp":"2026-09-16T14:51:12.786Z"}
{"level":"info","message":"⌛ Validating nombreRandom/nombreRandom.wlk","timeElapsed":140,"timestamp":"2026-09-16T14:51:12.936Z"}
{"level":"info","message":"⌛ Validating nombreRandom/nombreRandom.wlk","timeElapsed":134,"timestamp":"2026-09-16T14:51:13.243Z"}
{"level":"info","message":"⌛ Validating nombreRandom/nombreRandom.wlk","timeElapsed":127,"timestamp":"2026-09-16T14:51:13.455Z"}
{"level":"info","message":"⌛ Validating nombreRandom/nombreRandom.wlk","timeElapsed":116,"timestamp":"2026-09-16T14:51:13.576Z"}
{"level":"info","message":"⌛ Validating nombreRandom/nombreRandom.wlk","timeElapsed":121,"timestamp":"2026-09-16T14:51:13.781Z"}
{"level":"info","message":"⌛ Validating nombreRandom/nombreRandom.wlk","timeElapsed":144,"timestamp":"2026-09-16T14:51:14.114Z"}
{"level":"info","message":"⌛ Validating nombreRandom/nombreRandom.wlk","timeElapsed":151,"timestamp":"2026-09-16T14:51:14.171Z"}
{"level":"info","message":"⌛ Validating nombreRandom/nombreRandom.wlk","timeElapsed":123,"timestamp":"2026-09-16T14:51:14.237Z"}
{"level":"info","message":"⌛ Validating nombreRandom/nombreRandom.wlk","timeElapsed":116,"timestamp":"2026-09-16T14:51:14.364Z"}
{"level":"info","message":"⌛ Validating nombreRandom/nombreRandom.wlk","timeElapsed":119,"timestamp":"2026-09-16T14:51:14.483Z"}
{"level":"info","message":"⌛ Validating nombreRandom/nombreRandom.wlk","timeElapsed":116,"timestamp":"2026-09-16T14:51:14.600Z"}
{"level":"info","message":"⌛ Validating nombreRandom/nombreRandom.wlk","timeElapsed":117,"timestamp":"2026-09-16T14:51:14.716Z"}
{"level":"info","message":"⌛ Building environment","timeElapsed":101,"timestamp":"2026-09-16T14:51:16.213Z"}
{"level":"info","message":"⌛ Validating nombreRandom/nombreRandom.wlk","timeElapsed":121,"timestamp":"2026-09-16T14:51:16.342Z"}
{"level":"info","message":"⌛ Building environment","timeElapsed":102,"timestamp":"2026-09-16T14:51:16.774Z"}
{"level":"info","message":"⌛ Validating nombreRandom/nombreRandom.wlk","timeElapsed":126,"timestamp":"2026-09-16T14:51:16.904Z"}
{"level":"info","message":"⌛ Building environment","timeElapsed":129,"timestamp":"2026-09-16T14:51:17.301Z"}
{"level":"info","message":"⌛ Building environment","timeElapsed":224,"timestamp":"2026-09-16T14:51:17.526Z"}
{"level":"info","message":"⌛ Validating nombreRandom/nombreRandom.wlk","timeElapsed":135,"timestamp":"2026-09-16T14:51:17.755Z"}
{"level":"info","message":"⌛ Validating nombreRandom/nombreRandom.wlk","timeElapsed":149,"timestamp":"2026-09-16T14:51:18.281Z"}
{"level":"info","message":"⌛ Building environment","timeElapsed":224,"timestamp":"2026-09-16T14:51:18.507Z"}
{"level":"info","message":"⌛ Validating nombreRandom/nombreRandom.wlk","timeElapsed":158,"timestamp":"2026-09-16T14:51:18.666Z"}
{"level":"info","message":"⌛ Validating nombreRandom/nombreRandom.wlk","timeElapsed":150,"timestamp":"2026-09-16T14:51:18.817Z"}
{"level":"info","message":"⌛ Validating nombreRandom/nombreRandom.wlk","timeElapsed":149,"timestamp":"2026-09-16T14:51:18.965Z"}
{"level":"info","message":"⌛ Validating nombreRandom/nombreRandom.wlk","timeElapsed":142,"timestamp":"2026-09-16T14:51:19.114Z"}
{"level":"info","message":"⌛ Validating nombreRandom/nombreRandom.wlk","timeElapsed":132,"timestamp":"2026-09-16T14:51:19.246Z"}
{"level":"info","message":"⌛ Building environment","timeElapsed":101,"timestamp":"2026-09-16T14:51:19.348Z"}
{"level":"info","message":"⌛ Building environment","timeElapsed":102,"timestamp":"2026-09-16T14:51:19.541Z"}
{"level":"info","message":"⌛ Building environment","timeElapsed":102,"timestamp":"2026-09-16T14:51:19.644Z"}
{"level":"info","message":"⌛ Validating nombreRandom/nombreRandom.wlk","timeElapsed":150,"timestamp":"2026-09-16T14:51:19.795Z"}
{"level":"info","message":"⌛ Building environment","timeElapsed":139,"timestamp":"2026-09-16T14:51:20.037Z"}
{"level":"info","message":"⌛ Validating nombreRandom/nombreRandom.wlk","timeElapsed":129,"timestamp":"2026-09-16T14:51:20.511Z"}
{"level":"info","message":"⌛ Validating nombreRandom/nombreRandom.wlk","timeElapsed":123,"timestamp":"2026-09-16T14:51:20.635Z"}
{"level":"info","message":"⌛ Building environment","timeElapsed":149,"timestamp":"2026-09-16T14:51:20.784Z"}
{"level":"info","message":"⌛ Building environment","timeElapsed":107,"timestamp":"2026-09-16T14:51:20.931Z"}
{"level":"info","message":"⌛ Validating nombreRandom/nombreRandom.wlk","timeElapsed":152,"timestamp":"2026-09-16T14:51:20.936Z"}
{"level":"info","message":"⌛ Validating nombreRandom/nombreRandom.wlk","timeElapsed":132,"timestamp":"2026-09-16T14:51:21.068Z"}
{"level":"info","message":"⌛ Validating nombreRandom/nombreRandom.wlk","timeElapsed":145,"timestamp":"2026-09-16T14:51:21.080Z"}
{"level":"info","message":"⌛ Validating nombreRandom/nombreRandom.wlk","timeElapsed":121,"timestamp":"2026-09-16T14:51:21.295Z"}
{"level":"info","message":"⌛ Validating nombreRandom/nombreRandom.wlk","timeElapsed":110,"timestamp":"2026-09-16T14:51:21.410Z"}
{"level":"info","message":"⌛ Validating nombreRandom/nombreRandom.wlk","timeElapsed":112,"timestamp":"2026-09-16T14:51:21.527Z"}
{"level":"info","message":"⌛ Validating nombreRandom/nombreRandom.wlk","timeElapsed":181,"timestamp":"2026-09-16T14:51:21.709Z"}
{"level":"info","message":"⌛ Validating nombreRandom/nombreRandom.wlk","timeElapsed":134,"timestamp":"2026-09-16T14:51:21.842Z"}
{"level":"info","message":"⌛ Validating nombreRandom/nombreRandom.wlk","timeElapsed":122,"timestamp":"2026-09-16T14:51:21.964Z"}
{"level":"info","message":"⌛ Validating nombreRandom/nombreRandom.wlk","timeElapsed":116,"timestamp":"2026-09-16T14:51:22.081Z"}
{"level":"info","message":"⌛ Validating nombreRandom/nombreRandom.wlk","timeElapsed":129,"timestamp":"2026-09-16T14:51:22.213Z"}
{"level":"info","message":"⌛ Building environment","timeElapsed":171,"timestamp":"2026-09-16T14:55:11.203Z"}
{"level":"info","message":"⌛ Validating nombreRandom/nombreRandom.wlk","timeElapsed":176,"timestamp":"2026-09-16T14:55:11.381Z"}
{"level":"info","message":"⌛ Building environment","timeElapsed":147,"timestamp":"2026-09-16T14:55:11.530Z"}
{"level":"info","message":"⌛ Validating nombreRandom/nombreRandom.wlk","timeElapsed":167,"timestamp":"2026-09-16T14:55:11.712Z"}
{"level":"info","message":"⌛ Validating nombreRandom/nombreRandom.wlk","timeElapsed":150,"timestamp":"2026-09-16T14:55:12.309Z"}
{"level":"info","message":"⌛ Building environment","timeElapsed":163,"timestamp":"2026-09-16T14:55:12.475Z"}
{"level":"info","message":"⌛ Validating nombreRandom/nombreRandom.wlk","timeElapsed":156,"timestamp":"2026-09-16T14:55:12.636Z"}
{"level":"info","message":"⌛ Building environment","timeElapsed":128,"timestamp":"2026-09-16T14:55:12.765Z"}
{"level":"info","message":"⌛ Validating nombreRandom/nombreRandom.wlk","timeElapsed":199,"timestamp":"2026-09-16T14:55:12.966Z"}
{"level":"info","message":"⌛ Building environment","timeElapsed":123,"timestamp":"2026-09-16T14:55:13.103Z"}
{"level":"info","message":"⌛ Validating nombreRandom/nombreRandom.wlk","timeElapsed":228,"timestamp":"2026-09-16T14:55:13.335Z"}
{"level":"info","message":"⌛ Building environment","timeElapsed":143,"timestamp":"2026-09-16T14:55:13.478Z"}
{"level":"info","message":"⌛ Building environment","timeElapsed":113,"timestamp":"2026-09-16T14:55:13.592Z"}
{"level":"info","message":"⌛ Validating nombreRandom/nombreRandom.wlk","timeElapsed":156,"timestamp":"2026-09-16T14:55:13.942Z"}
{"level":"info","message":"⌛ Building environment","timeElapsed":179,"timestamp":"2026-09-16T14:55:14.122Z"}
{"level":"info","message":"⌛ Validating nombreRandom/nombreRandom.wlk","timeElapsed":144,"timestamp":"2026-09-16T14:55:14.267Z"}
{"level":"info","message":"⌛ Validating nombreRandom/nombreRandom.wlk","timeElapsed":147,"timestamp":"2026-09-16T14:55:14.413Z"}
{"level":"info","message":"⌛ Validating nombreRandom/nombreRandom.wlk","timeElapsed":124,"timestamp":"2026-09-16T14:55:14.537Z"}
{"level":"info","message":"⌛ Building environment","timeElapsed":106,"timestamp":"2026-09-16T14:55:14.644Z"}
{"level":"info","message":"⌛ Validating nombreRandom/nombreRandom.wlk","timeElapsed":158,"timestamp":"2026-09-16T14:55:14.885Z"}
{"level":"info","message":"⌛ Building environment","timeElapsed":116,"timestamp":"2026-09-16T14:55:15.091Z"}
{"level":"info","message":"⌛ Validating nombreRandom/nombreRandom.wlk","timeElapsed":135,"timestamp":"2026-09-16T14:55:15.228Z"}
{"level":"info","message":"⌛ Validating nombreRandom/nombreRandom.wlk","timeElapsed":135,"timestamp":"2026-09-16T14:55:15.363Z"}
{"level":"info","message":"⌛ Building environment","timeElapsed":123,"timestamp":"2026-09-16T14:55:15.487Z"}
{"level":"info","message":"⌛ Validating nombreRandom/nombreRandom.wlk","timeElapsed":138,"timestamp":"2026-09-16T14:55:15.625Z"}
{"level":"info","message":"⌛ Validating nombreRandom/nombreRandom.wlk","timeElapsed":154,"timestamp":"2026-09-16T14:55:15.866Z"}
{"level":"info","message":"⌛ Building environment","timeElapsed":109,"timestamp":"2026-09-16T14:55:15.975Z"}
{"level":"info","message":"⌛ Validating nombreRandom/nombreRandom.wlk","timeElapsed":143,"timestamp":"2026-09-16T14:55:16.204Z"}
{"level":"info","message":"⌛ Validating nombreRandom/nombreRandom.wlk","timeElapsed":149,"timestamp":"2026-09-16T14:55:16.449Z"}
{"level":"info","message":"⌛ Validating nombreRandom/nombreRandom.wlk","timeElapsed":129,"timestamp":"2026-09-16T14:55:16.832Z"}
{"level":"info","message":"⌛ Building environment","timeElapsed":212,"timestamp":"2026-09-16T14:55:17.046Z"}
{"level":"info","message":"⌛ Validating nombreRandom/nombreRandom.wlk","timeElapsed":146,"timestamp":"2026-09-16T14:55:17.192Z"}
{"level":"info","message":"⌛ Building environment","timeElapsed":116,"timestamp":"2026-09-16T14:55:17.309Z"}
{"level":"info","message":"⌛ Validating nombreRandom/nombreRandom.wlk","timeElapsed":134,"timestamp":"2026-09-16T14:55:17.443Z"}
{"level":"info","message":"⌛ Validating nombreRandom/nombreRandom.wlk","timeElapsed":158,"timestamp":"2026-09-16T14:55:17.691Z"}
{"level":"info","message":"⌛ Validating nombreRandom/nombreRandom.wlk","timeElapsed":141,"timestamp":"2026-09-16T14:55:17.833Z"}
{"level":"info","message":"⌛ Validating nombreRandom/nombreRandom.wlk","timeElapsed":149,"timestamp":"2026-09-16T14:55:17.992Z"}
{"level":"info","message":"⌛ Building environment","timeElapsed":101,"timestamp":"2026-09-16T14:55:18.174Z"}
{"level":"info","message":"⌛ Validating nombreRandom/nombreRandom.wlk","timeElapsed":155,"timestamp":"2026-09-16T14:55:18.330Z"}
{"level":"info","message":"⌛ Validating nombreRandom/nombreRandom.wlk","timeElapsed":138,"timestamp":"2026-09-16T14:55:18.564Z"}
{"level":"info","message":"⌛ Validating nombreRandom/nombreRandom.wlk","timeElapsed":115,"timestamp":"2026-09-16T14:55:18.680Z"}
{"level":"info","message":"⌛ Building environment","timeElapsed":136,"timestamp":"2026-09-16T14:55:18.998Z"}
{"level":"info","message":"⌛ Validating nombreRandom/nombreRandom.wlk","timeElapsed":120,"timestamp":"2026-09-16T14:55:19.221Z"}
{"level":"info","message":"⌛ Validating nombreRandom/nombreRandom.wlk","timeElapsed":128,"timestamp":"2026-09-16T14:55:19.351Z"}
{"level":"info","message":"⌛ Validating nombreRandom/nombreRandom.wlk","timeElapsed":150,"timestamp":"2026-09-16T14:55:19.594Z"}
{"level":"info","message":"⌛ Validating nombreRandom/nombreRandom.wlk","timeElapsed":144,"timestamp":"2026-09-16T14:55:19.833Z"}
{"level":"info","message":"⌛ Validating nombreRandom/nombreRandom.wlk","timeElapsed":126,"timestamp":"2026-09-16T14:55:19.960Z"}
{"level":"info","message":"⌛ Validating nombreRandom/nombreRandom.wlk","timeElapsed":133,"timestamp":"2026-09-16T14:55:20.093Z"}
{"level":"info","message":"⌛ Validating nombreRandom/nombreRandom.wlk","timeElapsed":131,"timestamp":"2026-09-16T14:55:20.320Z"}
{"level":"info","message":"⌛ Building environment","timeElapsed":176,"timestamp":"2026-09-16T14:55:20.498Z"}
{"level":"info","message":"⌛ Building environment","timeElapsed":103,"timestamp":"2026-09-16T14:55:20.601Z"}
{"level":"info","message":"⌛ Validating nombreRandom/nombreRandom.wlk","timeElapsed":153,"timestamp":"2026-09-16T14:55:20.755Z"}
{"level":"info","message":"⌛ Validating nombreRandom/nombreRandom.wlk","timeElapsed":127,"timestamp":"2026-09-16T14:55:20.972Z"}
{"level":"info","message":"⌛ Building environment","timeElapsed":112,"timestamp":"2026-09-16T14:55:21.163Z"}
{"level":"info","message":"⌛ Building environment","timeElapsed":108,"timestamp":"2026-09-16T14:55:21.272Z"}
{"level":"info","message":"⌛ Validating nombreRandom/nombreRandom.wlk","timeElapsed":156,"timestamp":"2026-09-16T14:55:21.429Z"}
{"level":"info","message":"⌛ Building environment","timeElapsed":154,"timestamp":"2026-09-16T14:55:21.462Z"}
{"level":"info","message":"⌛ Validating nombreRandom/nombreRandom.wlk","timeElapsed":169,"timestamp":"2026-09-16T14:55:21.598Z"}
{"level":"info","message":"⌛ Validating nombreRandom/nombreRandom.wlk","timeElapsed":190,"timestamp":"2026-09-16T14:55:21.656Z"}
{"level":"info","message":"⌛ Validating nombreRandom/nombreRandom.wlk","timeElapsed":154,"timestamp":"2026-09-16T14:55:21.757Z"}
{"level":"info","message":"⌛ Validating nombreRandom/nombreRandom.wlk","timeElapsed":139,"timestamp":"2026-09-16T14:55:21.897Z"}
{"level":"info","message":"⌛ Validating nombreRandom/nombreRandom.wlk","timeElapsed":118,"timestamp":"2026-09-16T14:55:22.016Z"}
{"level":"info","message":"⌛ Validating nombreRandom/nombreRandom.wlk","timeElapsed":134,"timestamp":"2026-09-16T14:55:22.150Z"}
{"level":"info","message":"⌛ Validating nombreRandom/nombreRandom.wlk","timeElapsed":132,"timestamp":"2026-09-16T14:55:22.284Z"}
{"level":"info","message":"⌛ Building environment","timeElapsed":107,"timestamp":"2026-09-16T14:55:22.393Z"}
{"level":"info","message":"⌛ Building environment","timeElapsed":107,"timestamp":"2026-09-16T14:55:22.500Z"}
{"level":"info","message":"⌛ Building environment","timeElapsed":103,"timestamp":"2026-09-16T14:55:22.604Z"}
{"level":"info","message":"⌛ Validating nombreRandom/nombreRandom.wlk","timeElapsed":221,"timestamp":"2026-09-16T14:55:22.918Z"}
{"level":"info","message":"⌛ Validating nombreRandom/nombreRandom.wlk","timeElapsed":131,"timestamp":"2026-09-16T14:55:23.143Z"}
{"level":"info","message":"⌛ Validating nombreRandom/nombreRandom.wlk","timeElapsed":123,"timestamp":"2026-09-16T14:55:23.350Z"}
{"level":"info","message":"⌛ Validating nombreRandom/nombreRandom.wlk","timeElapsed":175,"timestamp":"2026-09-16T14:55:23.527Z"}
{"level":"info","message":"⌛ Validating nombreRandom/nombreRandom.wlk","timeElapsed":120,"timestamp":"2026-09-16T14:55:23.652Z"}
{"level":"info","message":"⌛ Building environment","timeElapsed":136,"timestamp":"2026-09-16T14:55:23.799Z"}
{"level":"info","message":"⌛ Validating nombreRandom/nombreRandom.wlk","timeElapsed":175,"timestamp":"2026-09-16T14:55:23.828Z"}
{"level":"info","message":"⌛ Building environment","timeElapsed":161,"timestamp":"2026-09-16T14:55:23.990Z"}
{"level":"info","message":"⌛ Validating nombreRandom/nombreRandom.wlk","timeElapsed":210,"timestamp":"2026-09-16T14:55:24.017Z"}
{"level":"info","message":"⌛ Validating nombreRandom/nombreRandom.wlk","timeElapsed":124,"timestamp":"2026-09-16T14:55:24.217Z"}
{"level":"info","message":"⌛ Validating nombreRandom/nombreRandom.wlk","timeElapsed":145,"timestamp":"2026-09-16T14:55:24.448Z"}
{"level":"info","message":"⌛ Building environment","timeElapsed":110,"timestamp":"2026-09-16T14:55:24.559Z"}
{"level":"info","message":"⌛ Validating nombreRandom/nombreRandom.wlk","timeElapsed":132,"timestamp":"2026-09-16T14:55:24.691Z"}
{"level":"info","message":"⌛ Building environment","timeElapsed":105,"timestamp":"2026-09-16T14:55:24.796Z"}
{"level":"info","message":"⌛ Validating nombreRandom/nombreRandom.wlk","timeElapsed":128,"timestamp":"2026-09-16T14:55:24.931Z"}
{"level":"info","message":"⌛ Validating nombreRandom/nombreRandom.wlk","timeElapsed":121,"timestamp":"2026-09-16T14:55:25.052Z"}
{"level":"info","message":"⌛ Building environment","timeElapsed":114,"timestamp":"2026-09-16T14:55:25.630Z"}
{"level":"info","message":"⌛ Validating nombreRandom/nombreRandom.wlk","timeElapsed":128,"timestamp":"2026-09-16T14:55:25.761Z"}
{"level":"info","message":"⌛ Validating nombreRandom/nombreRandom.wlk","timeElapsed":123,"timestamp":"2026-09-16T14:55:26.109Z"}
{"level":"info","message":"⌛ Building environment","timeElapsed":134,"timestamp":"2026-09-16T14:55:27.119Z"}
{"level":"info","message":"⌛ Validating nombreRandom/nombreRandom.wlk","timeElapsed":171,"timestamp":"2026-09-16T14:55:27.295Z"}
{"level":"info","message":"⌛ Building environment","timeElapsed":112,"timestamp":"2026-09-16T14:55:27.832Z"}
{"level":"info","message":"⌛ Validating nombreRandom/nombreRandom.wlk","timeElapsed":123,"timestamp":"2026-09-16T14:55:27.958Z"}
{"level":"info","message":"⌛ Building environment","timeElapsed":147,"timestamp":"2026-09-16T14:55:28.968Z"}
{"level":"info","message":"⌛ Validating nombreRandom/nombreRandom.wlk","timeElapsed":138,"timestamp":"2026-09-16T14:55:29.110Z"}
{"level":"info","message":"⌛ Building environment","timeElapsed":117,"timestamp":"2026-09-16T14:55:33.114Z"}
{"level":"info","message":"⌛ Validating nombreRandom/nombreRandom.wlk","timeElapsed":129,"timestamp":"2026-09-16T14:55:33.250Z"}
{"level":"info","message":"⌛ Building environment","timeElapsed":129,"timestamp":"2026-09-16T14:55:33.380Z"}
{"level":"info","message":"⌛ Validating nombreRandom/nombreRandom.wlk","timeElapsed":133,"timestamp":"2026-09-16T14:55:33.607Z"}
{"level":"info","message":"⌛ Validating nombreRandom/nombreRandom.wlk","timeElapsed":176,"timestamp":"2026-09-16T14:55:33.785Z"}
{"level":"info","message":"⌛ Building environment","timeElapsed":123,"timestamp":"2026-09-16T14:55:33.917Z"}
{"level":"info","message":"⌛ Validating nombreRandom/nombreRandom.wlk","timeElapsed":146,"timestamp":"2026-09-16T14:55:34.155Z"}
{"level":"info","message":"⌛ Validating nombreRandom/nombreRandom.wlk","timeElapsed":120,"timestamp":"2026-09-16T14:55:34.276Z"}
{"level":"info","message":"⌛ Validating nombreRandom/nombreRandom.wlk","timeElapsed":133,"timestamp":"2026-09-16T14:55:34.514Z"}
{"level":"info","message":"⌛ Validating nombreRandom/nombreRandom.wlk","timeElapsed":143,"timestamp":"2026-09-16T14:55:34.950Z"}
{"level":"info","message":"⌛ Validating nombreRandom/nombreRandom.wlk","timeElapsed":120,"timestamp":"2026-09-16T14:55:35.071Z"}
{"level":"info","message":"⌛ Building environment","timeElapsed":108,"timestamp":"2026-09-16T14:55:35.178Z"}
{"level":"info","message":"⌛ Validating nombreRandom/nombreRandom.wlk","timeElapsed":146,"timestamp":"2026-09-16T14:55:35.333Z"}
{"level":"info","message":"⌛ Building environment","timeElapsed":105,"timestamp":"2026-09-16T14:55:35.527Z"}
{"level":"info","message":"⌛ Validating nombreRandom/nombreRandom.wlk","timeElapsed":148,"timestamp":"2026-09-16T14:55:35.676Z"}
{"level":"info","message":"⌛ Validating nombreRandom/nombreRandom.wlk","timeElapsed":129,"timestamp":"2026-09-16T14:55:35.805Z"}
{"level":"info","message":"⌛ Validating nombreRandom/nombreRandom.wlk","timeElapsed":147,"timestamp":"2026-09-16T14:55:36.137Z"}
{"level":"info","message":"⌛ Validating nombreRandom/nombreRandom.wlk","timeElapsed":143,"timestamp":"2026-09-16T14:55:36.366Z"}
{"level":"info","message":"⌛ Validating nombreRandom/nombreRandom.wlk","timeElapsed":148,"timestamp":"2026-09-16T14:55:36.574Z"}
{"level":"info","message":"⌛ Building environment","timeElapsed":104,"timestamp":"2026-09-16T14:55:36.679Z"}
{"level":"info","message":"⌛ Building environment","timeElapsed":107,"timestamp":"2026-09-16T14:55:36.793Z"}
{"level":"info","message":"⌛ Validating nombreRandom/nombreRandom.wlk","timeElapsed":260,"timestamp":"2026-09-16T14:55:37.053Z"}
{"level":"info","message":"⌛ Building environment","timeElapsed":104,"timestamp":"2026-09-16T14:55:37.158Z"}
{"level":"info","message":"⌛ Validating nombreRandom/nombreRandom.wlk","timeElapsed":150,"timestamp":"2026-09-16T14:55:37.404Z"}
{"level":"info","message":"⌛ Validating nombreRandom/nombreRandom.wlk","timeElapsed":166,"timestamp":"2026-09-16T14:55:37.746Z"}
{"level":"info","message":"⌛ Building environment","timeElapsed":113,"timestamp":"2026-09-16T14:55:37.860Z"}
{"level":"info","message":"⌛ Validating nombreRandom/nombreRandom.wlk","timeElapsed":142,"timestamp":"2026-09-16T14:55:38.003Z"}
{"level":"info","message":"⌛ Validating nombreRandom/nombreRandom.wlk","timeElapsed":128,"timestamp":"2026-09-16T14:55:38.232Z"}
{"level":"info","message":"⌛ Validating nombreRandom/nombreRandom.wlk","timeElapsed":149,"timestamp":"2026-09-16T14:55:38.382Z"}
{"level":"info","message":"⌛ Building environment","timeElapsed":106,"timestamp":"2026-09-16T14:55:38.571Z"}
{"level":"info","message":"⌛ Validating nombreRandom/nombreRandom.wlk","timeElapsed":124,"timestamp":"2026-09-16T14:55:38.695Z"}
{"level":"info","message":"⌛ Building environment","timeElapsed":102,"timestamp":"2026-09-16T14:55:38.796Z"}
{"level":"info","message":"⌛ Validating nombreRandom/nombreRandom.wlk","timeElapsed":139,"timestamp":"2026-09-16T14:55:39.030Z"}
{"level":"info","message":"⌛ Building environment","timeElapsed":202,"timestamp":"2026-09-16T14:55:39.233Z"}
{"level":"info","message":"⌛ Validating nombreRandom/nombreRandom.wlk","timeElapsed":145,"timestamp":"2026-09-16T14:55:39.378Z"}
{"level":"info","message":"⌛ Building environment","timeElapsed":113,"timestamp":"2026-09-16T14:55:39.491Z"}
{"level":"info","message":"⌛ Validating nombreRandom/nombreRandom.wlk","timeElapsed":138,"timestamp":"2026-09-16T14:55:39.631Z"}
{"level":"info","message":"⌛ Validating nombreRandom/nombreRandom.wlk","timeElapsed":146,"timestamp":"2026-09-16T14:55:39.866Z"}
{"level":"info","message":"⌛ Validating nombreRandom/nombreRandom.wlk","timeElapsed":128,"timestamp":"2026-09-16T14:55:39.995Z"}
{"level":"info","message":"⌛ Validating nombreRandom/nombreRandom.wlk","timeElapsed":139,"timestamp":"2026-09-16T14:55:40.423Z"}
{"level":"info","message":"⌛ Building environment","timeElapsed":128,"timestamp":"2026-09-16T14:55:40.551Z"}
{"level":"info","message":"⌛ Validating nombreRandom/nombreRandom.wlk","timeElapsed":136,"timestamp":"2026-09-16T14:55:40.688Z"}
{"level":"info","message":"⌛ Validating nombreRandom/nombreRandom.wlk","timeElapsed":118,"timestamp":"2026-09-16T14:55:40.812Z"}
{"level":"info","message":"⌛ Validating nombreRandom/nombreRandom.wlk","timeElapsed":145,"timestamp":"2026-09-16T14:55:41.048Z"}
{"level":"info","message":"⌛ Validating nombreRandom/nombreRandom.wlk","timeElapsed":134,"timestamp":"2026-09-16T14:55:41.269Z"}
{"level":"info","message":"⌛ Validating nombreRandom/nombreRandom.wlk","timeElapsed":148,"timestamp":"2026-09-16T14:55:41.418Z"}
{"level":"info","message":"⌛ Validating nombreRandom/nombreRandom.wlk","timeElapsed":139,"timestamp":"2026-09-16T14:55:41.643Z"}
{"level":"info","message":"⌛ Validating nombreRandom/nombreRandom.wlk","timeElapsed":120,"timestamp":"2026-09-16T14:55:41.768Z"}
{"level":"info","message":"⌛ Validating nombreRandom/nombreRandom.wlk","timeElapsed":121,"timestamp":"2026-09-16T14:55:42.070Z"}
{"level":"info","message":"⌛ Building environment","timeElapsed":168,"timestamp":"2026-09-16T14:55:42.239Z"}
{"level":"info","message":"⌛ Validating nombreRandom/nombreRandom.wlk","timeElapsed":152,"timestamp":"2026-09-16T14:55:42.485Z"}
{"level":"info","message":"⌛ Building environment","timeElapsed":102,"timestamp":"2026-09-16T14:55:42.588Z"}
{"level":"info","message":"⌛ Validating nombreRandom/nombreRandom.wlk","timeElapsed":139,"timestamp":"2026-09-16T14:55:42.632Z"}
{"level":"info","message":"⌛ Validating nombreRandom/nombreRandom.wlk","timeElapsed":149,"timestamp":"2026-09-16T14:55:42.742Z"}
{"level":"info","message":"⌛ Validating nombreRandom/nombreRandom.wlk","timeElapsed":193,"timestamp":"2026-09-16T14:55:42.825Z"}
{"level":"info","message":"⌛ Validating nombreRandom/nombreRandom.wlk","timeElapsed":126,"timestamp":"2026-09-16T14:55:42.956Z"}
{"level":"info","message":"⌛ Validating nombreRandom/nombreRandom.wlk","timeElapsed":139,"timestamp":"2026-09-16T14:55:43.099Z"}
{"level":"info","message":"⌛ Building environment","timeElapsed":207,"timestamp":"2026-09-16T14:58:44.305Z"}
{"level":"info","message":"⌛ Building environment","timeElapsed":117,"timestamp":"2026-09-16T14:58:44.423Z"}
{"level":"info","message":"⌛ Validating nombreRandom/nombreRandom.wlk","timeElapsed":208,"timestamp":"2026-09-16T14:58:44.638Z"}
{"level":"info","message":"⌛ Building environment","timeElapsed":113,"timestamp":"2026-09-16T14:58:44.751Z"}
{"level":"info","message":"⌛ Validating nombreRandom/nombreRandom.wlk","timeElapsed":140,"timestamp":"2026-09-16T14:58:44.897Z"}
{"level":"info","message":"⌛ Validating nombreRandom/nombreRandom.wlk","timeElapsed":140,"timestamp":"2026-09-16T14:58:45.038Z"}
{"level":"info","message":"⌛ Validating nombreRandom/nombreRandom.wlk","timeElapsed":140,"timestamp":"2026-09-16T14:58:45.278Z"}
{"level":"info","message":"⌛ Building environment","timeElapsed":111,"timestamp":"2026-09-16T14:58:45.848Z"}
{"level":"info","message":"⌛ Validating nombreRandom/nombreRandom.wlk","timeElapsed":135,"timestamp":"2026-09-16T14:58:45.988Z"}
{"level":"info","message":"⌛ Validating nombreRandom/nombreRandom.wlk","timeElapsed":177,"timestamp":"2026-09-16T14:58:46.253Z"}
{"level":"info","message":"⌛ Building environment","timeElapsed":156,"timestamp":"2026-09-16T14:58:46.410Z"}
{"level":"info","message":"⌛ Building environment","timeElapsed":189,"timestamp":"2026-09-16T14:58:46.601Z"}
{"level":"info","message":"⌛ Validating nombreRandom/nombreRandom.wlk","timeElapsed":167,"timestamp":"2026-09-16T14:58:46.769Z"}
{"level":"info","message":"⌛ Validating nombreRandom/nombreRandom.wlk","timeElapsed":132,"timestamp":"2026-09-16T14:58:47.003Z"}
{"level":"info","message":"⌛ Validating nombreRandom/nombreRandom.wlk","timeElapsed":124,"timestamp":"2026-09-16T14:58:47.133Z"}
{"level":"info","message":"⌛ Building environment","timeElapsed":157,"timestamp":"2026-09-16T14:58:47.737Z"}
{"level":"info","message":"⌛ Building environment","timeElapsed":112,"timestamp":"2026-09-16T14:58:47.747Z"}
{"level":"info","message":"⌛ Validating nombreRandom/nombreRandom.wlk","timeElapsed":186,"timestamp":"2026-09-16T14:58:47.927Z"}
{"level":"info","message":"⌛ Validating nombreRandom/nombreRandom.wlk","timeElapsed":181,"timestamp":"2026-09-16T14:58:47.932Z"}
{"level":"info","message":"⌛ Building environment","timeElapsed":106,"timestamp":"2026-09-16T14:58:48.039Z"}
{"level":"info","message":"⌛ Validating nombreRandom/nombreRandom.wlk","timeElapsed":158,"timestamp":"2026-09-16T14:58:48.294Z"}
{"level":"info","message":"⌛ Validating nombreRandom/nombreRandom.wlk","timeElapsed":134,"timestamp":"2026-09-16T14:58:48.428Z"}
{"level":"info","message":"⌛ Building environment","timeElapsed":108,"timestamp":"2026-09-16T14:58:48.537Z"}
{"level":"info","message":"⌛ Building environment","timeElapsed":102,"timestamp":"2026-09-16T14:58:48.640Z"}
{"level":"info","message":"⌛ Validating nombreRandom/nombreRandom.wlk","timeElapsed":166,"timestamp":"2026-09-16T14:58:48.807Z"}
{"level":"info","message":"⌛ Validating nombreRandom/nombreRandom.wlk","timeElapsed":121,"timestamp":"2026-09-16T14:58:48.928Z"}
{"level":"info","message":"⌛ Validating nombreRandom/nombreRandom.wlk","timeElapsed":134,"timestamp":"2026-09-16T14:58:49.305Z"}
{"level":"info","message":"⌛ Validating nombreRandom/nombreRandom.wlk","timeElapsed":143,"timestamp":"2026-09-16T14:58:49.552Z"}
{"level":"info","message":"⌛ Validating nombreRandom/nombreRandom.wlk","timeElapsed":155,"timestamp":"2026-09-16T14:58:49.790Z"}
{"level":"info","message":"⌛ Building environment","timeElapsed":173,"timestamp":"2026-09-16T14:58:49.965Z"}
{"level":"info","message":"⌛ Building environment","timeElapsed":113,"timestamp":"2026-09-16T14:58:50.079Z"}
{"level":"info","message":"⌛ Validating nombreRandom/nombreRandom.wlk","timeElapsed":165,"timestamp":"2026-09-16T14:58:50.245Z"}
{"level":"info","message":"⌛ Building environment","timeElapsed":104,"timestamp":"2026-09-16T14:58:50.350Z"}
{"level":"info","message":"⌛ Validating nombreRandom/nombreRandom.wlk","timeElapsed":136,"timestamp":"2026-09-16T14:58:50.492Z"}
{"level":"info","message":"⌛ Validating nombreRandom/nombreRandom.wlk","timeElapsed":137,"timestamp":"2026-09-16T14:58:50.732Z"}
{"level":"info","message":"⌛ Validating nombreRandom/nombreRandom.wlk","timeElapsed":138,"timestamp":"2026-09-16T14:58:50.871Z"}
{"level":"info","message":"⌛ Validating nombreRandom/nombreRandom.wlk","timeElapsed":140,"timestamp":"2026-09-16T14:58:51.104Z"}
{"level":"info","message":"⌛ Validating nombreRandom/nombreRandom.wlk","timeElapsed":146,"timestamp":"2026-09-16T14:58:51.456Z"}
{"level":"info","message":"⌛ Validating nombreRandom/nombreRandom.wlk","timeElapsed":126,"timestamp":"2026-09-16T14:58:51.680Z"}
{"level":"info","message":"⌛ Building environment","timeElapsed":115,"timestamp":"2026-09-16T14:58:51.796Z"}
{"level":"info","message":"⌛ Validating nombreRandom/nombreRandom.wlk","timeElapsed":126,"timestamp":"2026-09-16T14:58:52.019Z"}
{"level":"info","message":"⌛ Validating nombreRandom/nombreRandom.wlk","timeElapsed":132,"timestamp":"2026-09-16T14:58:52.154Z"}
{"level":"info","message":"⌛ Validating nombreRandom/nombreRandom.wlk","timeElapsed":127,"timestamp":"2026-09-16T14:58:52.281Z"}
{"level":"info","message":"⌛ Building environment","timeElapsed":105,"timestamp":"2026-09-16T14:58:52.479Z"}
{"level":"info","message":"⌛ Validating nombreRandom/nombreRandom.wlk","timeElapsed":134,"timestamp":"2026-09-16T14:58:52.614Z"}
{"level":"info","message":"⌛ Building environment","timeElapsed":168,"timestamp":"2026-09-16T14:58:52.783Z"}
{"level":"info","message":"⌛ Validating nombreRandom/nombreRandom.wlk","timeElapsed":144,"timestamp":"2026-09-16T14:58:52.927Z"}
{"level":"info","message":"⌛ Validating nombreRandom/nombreRandom.wlk","timeElapsed":132,"timestamp":"2026-09-16T14:58:53.065Z"}
{"level":"info","message":"⌛ Validating nombreRandom/nombreRandom.wlk","timeElapsed":132,"timestamp":"2026-09-16T14:58:53.449Z"}
{"level":"info","message":"⌛ Building environment","timeElapsed":121,"timestamp":"2026-09-16T14:58:54.222Z"}
{"level":"info","message":"⌛ Validating nombreRandom/nombreRandom.wlk","timeElapsed":139,"timestamp":"2026-09-16T14:58:54.367Z"}
{"level":"info","message":"⌛ Building environment","timeElapsed":101,"timestamp":"2026-09-16T14:58:54.468Z"}
{"level":"info","message":"⌛ Validating nombreRandom/nombreRandom.wlk","timeElapsed":145,"timestamp":"2026-09-16T14:58:54.705Z"}
{"level":"info","message":"⌛ Validating nombreRandom/nombreRandom.wlk","timeElapsed":136,"timestamp":"2026-09-16T14:58:54.842Z"}
{"level":"info","message":"⌛ Validating nombreRandom/nombreRandom.wlk","timeElapsed":122,"timestamp":"2026-09-16T14:58:55.165Z"}
{"level":"info","message":"⌛ Validating nombreRandom/nombreRandom.wlk","timeElapsed":115,"timestamp":"2026-09-16T14:58:55.285Z"}
{"level":"info","message":"⌛ Building environment","timeElapsed":101,"timestamp":"2026-09-16T14:58:56.037Z"}
{"level":"info","message":"⌛ Validating nombreRandom/nombreRandom.wlk","timeElapsed":133,"timestamp":"2026-09-16T14:58:56.174Z"}
{"level":"info","message":"⌛ Building environment","timeElapsed":124,"timestamp":"2026-09-16T14:58:58.204Z"}
{"level":"info","message":"⌛ Validating nombreRandom/nombreRandom.wlk","timeElapsed":143,"timestamp":"2026-09-16T14:58:58.352Z"}
{"level":"info","message":"⌛ Building environment","timeElapsed":164,"timestamp":"2026-09-16T14:58:58.516Z"}
{"level":"info","message":"⌛ Building environment","timeElapsed":121,"timestamp":"2026-09-16T14:58:58.638Z"}
{"level":"info","message":"⌛ Validating nombreRandom/nombreRandom.wlk","timeElapsed":140,"timestamp":"2026-09-16T14:58:58.778Z"}
{"level":"info","message":"⌛ Validating nombreRandom/nombreRandom.wlk","timeElapsed":127,"timestamp":"2026-09-16T14:58:58.904Z"}
{"level":"info","message":"⌛ Building environment","timeElapsed":103,"timestamp":"2026-09-16T14:58:59.161Z"}
{"level":"info","message":"⌛ Building environment","timeElapsed":185,"timestamp":"2026-09-16T14:58:59.347Z"}
{"level":"info","message":"⌛ Validating nombreRandom/nombreRandom.wlk","timeElapsed":194,"timestamp":"2026-09-16T14:58:59.546Z"}
{"level":"info","message":"⌛ Building environment","timeElapsed":120,"timestamp":"2026-09-16T14:58:59.666Z"}
{"level":"info","message":"⌛ Validating nombreRandom/nombreRandom.wlk","timeElapsed":124,"timestamp":"2026-09-16T14:58:59.790Z"}
{"level":"info","message":"⌛ Validating nombreRandom/nombreRandom.wlk","timeElapsed":117,"timestamp":"2026-09-16T14:58:59.908Z"}
{"level":"info","message":"⌛ Validating nombreRandom/nombreRandom.wlk","timeElapsed":116,"timestamp":"2026-09-16T14:59:00.031Z"}
{"level":"info","message":"⌛ Building environment","timeElapsed":104,"timestamp":"2026-09-16T14:59:00.269Z"}
{"level":"info","message":"⌛ Validating nombreRandom/nombreRandom.wlk","timeElapsed":142,"timestamp":"2026-09-16T14:59:00.414Z"}
{"level":"info","message":"⌛ Validating nombreRandom/nombreRandom.wlk","timeElapsed":143,"timestamp":"2026-09-16T14:59:00.827Z"}
{"level":"info","message":"⌛ Building environment","timeElapsed":126,"timestamp":"2026-09-16T14:59:01.811Z"}
{"level":"info","message":"⌛ Validating nombreRandom/nombreRandom.wlk","timeElapsed":176,"timestamp":"2026-09-16T14:59:02.043Z"}
{"level":"info","message":"⌛ Building environment","timeElapsed":128,"timestamp":"2026-09-16T14:59:04.604Z"}
{"level":"info","message":"⌛ Validating nombreRandom/nombreRandom.wlk","timeElapsed":149,"timestamp":"2026-09-16T14:59:04.757Z"}
{"level":"info","message":"⌛ Building environment","timeElapsed":112,"timestamp":"2026-09-16T14:59:04.869Z"}
{"level":"info","message":"⌛ Building environment","timeElapsed":103,"timestamp":"2026-09-16T14:59:04.973Z"}
{"level":"info","message":"⌛ Validating nombreRandom/nombreRandom.wlk","timeElapsed":135,"timestamp":"2026-09-16T14:59:05.108Z"}
{"level":"info","message":"⌛ Validating nombreRandom/nombreRandom.wlk","timeElapsed":124,"timestamp":"2026-09-16T14:59:05.322Z"}
{"level":"info","message":"⌛ Validating nombreRandom/nombreRandom.wlk","timeElapsed":141,"timestamp":"2026-09-16T14:59:05.544Z"}
{"level":"info","message":"⌛ Validating nombreRandom/nombreRandom.wlk","timeElapsed":116,"timestamp":"2026-09-16T14:59:05.665Z"}
{"level":"info","message":"⌛ Validating nombreRandom/nombreRandom.wlk","timeElapsed":144,"timestamp":"2026-09-16T14:59:05.907Z"}
{"level":"info","message":"⌛ Validating nombreRandom/nombreRandom.wlk","timeElapsed":121,"timestamp":"2026-09-16T14:59:06.118Z"}
{"level":"info","message":"⌛ Building environment","timeElapsed":108,"timestamp":"2026-09-16T14:59:07.044Z"}
{"level":"info","message":"⌛ Validating nombreRandom/nombreRandom.wlk","timeElapsed":141,"timestamp":"2026-09-16T14:59:07.190Z"}
{"level":"info","message":"⌛ Building environment","timeElapsed":141,"timestamp":"2026-09-16T14:59:07.504Z"}
{"level":"info","message":"⌛ Validating nombreRandom/nombreRandom.wlk","timeElapsed":129,"timestamp":"2026-09-16T14:59:07.637Z"}
{"level":"info","message":"⌛ Building environment","timeElapsed":118,"timestamp":"2026-09-16T14:59:07.893Z"}
{"level":"info","message":"⌛ Validating nombreRandom/nombreRandom.wlk","timeElapsed":139,"timestamp":"2026-09-16T14:59:08.122Z"}
{"level":"info","message":"⌛ Validating nombreRandom/nombreRandom.wlk","timeElapsed":165,"timestamp":"2026-09-16T14:59:08.289Z"}
{"level":"info","message":"⌛ Building environment","timeElapsed":121,"timestamp":"2026-09-16T14:59:09.060Z"}
{"level":"info","message":"⌛ Validating nombreRandom/nombreRandom.wlk","timeElapsed":141,"timestamp":"2026-09-16T14:59:09.203Z"}
{"level":"info","message":"⌛ Building environment","timeElapsed":171,"timestamp":"2026-09-16T14:59:45.822Z"}
{"level":"info","message":"⌛ Validating nombreRandom/nombreRandom.wlk","timeElapsed":155,"timestamp":"2026-09-16T14:59:45.981Z"}
{"level":"info","message":"⌛ Validating nombreRandom/nombreRandom.wlk","timeElapsed":130,"timestamp":"2026-09-16T14:59:46.216Z"}
{"level":"info","message":"⌛ Validating nombreRandom/nombreRandom.wlk","timeElapsed":139,"timestamp":"2026-09-16T14:59:46.460Z"}
{"level":"info","message":"⌛ Validating nombreRandom/nombreRandom.wlk","timeElapsed":129,"timestamp":"2026-09-16T14:59:46.691Z"}
{"level":"info","message":"⌛ Validating nombreRandom/nombreRandom.wlk","timeElapsed":137,"timestamp":"2026-09-16T14:59:46.928Z"}
{"level":"info","message":"⌛ Validating nombreRandom/nombreRandom.wlk","timeElapsed":151,"timestamp":"2026-09-16T14:59:47.280Z"}
{"level":"info","message":"⌛ Validating nombreRandom/nombreRandom.wlk","timeElapsed":129,"timestamp":"2026-09-16T14:59:47.409Z"}
{"level":"info","message":"⌛ Building environment","timeElapsed":140,"timestamp":"2026-09-16T14:59:47.550Z"}
{"level":"info","message":"⌛ Building environment","timeElapsed":103,"timestamp":"2026-09-16T14:59:47.748Z"}
{"level":"info","message":"⌛ Validating nombreRandom/nombreRandom.wlk","timeElapsed":143,"timestamp":"2026-09-16T14:59:47.891Z"}
{"level":"info","message":"⌛ Validating nombreRandom/nombreRandom.wlk","timeElapsed":134,"timestamp":"2026-09-16T14:59:48.026Z"}
{"level":"info","message":"⌛ Validating nombreRandom/nombreRandom.wlk","timeElapsed":145,"timestamp":"2026-09-16T14:59:48.276Z"}
{"level":"info","message":"⌛ Building environment","timeElapsed":175,"timestamp":"2026-09-16T14:59:48.453Z"}
{"level":"info","message":"⌛ Building environment","timeElapsed":103,"timestamp":"2026-09-16T14:59:48.556Z"}
{"level":"info","message":"⌛ Validating nombreRandom/nombreRandom.wlk","timeElapsed":173,"timestamp":"2026-09-16T14:59:48.730Z"}
{"level":"info","message":"⌛ Building environment","timeElapsed":117,"timestamp":"2026-09-16T14:59:48.935Z"}
{"level":"info","message":"⌛ Validating nombreRandom/nombreRandom.wlk","timeElapsed":236,"timestamp":"2026-09-16T14:59:49.171Z"}
{"level":"info","message":"⌛ Validating nombreRandom/nombreRandom.wlk","timeElapsed":125,"timestamp":"2026-09-16T14:59:49.305Z"}
{"level":"info","message":"⌛ Validating nombreRandom/nombreRandom.wlk","timeElapsed":136,"timestamp":"2026-09-16T14:59:49.527Z"}
{"level":"info","message":"⌛ Validating nombreRandom/nombreRandom.wlk","timeElapsed":130,"timestamp":"2026-09-16T14:59:49.750Z"}
{"level":"info","message":"⌛ Validating nombreRandom/nombreRandom.wlk","timeElapsed":136,"timestamp":"2026-09-16T14:59:49.892Z"}
{"level":"info","message":"⌛ Validating nombreRandom/nombreRandom.wlk","timeElapsed":115,"timestamp":"2026-09-16T14:59:50.008Z"}
{"level":"info","message":"⌛ Validating nombreRandom/nombreRandom.wlk","timeElapsed":122,"timestamp":"2026-09-16T14:59:50.225Z"}
{"level":"info","message":"⌛ Building environment","timeElapsed":136,"timestamp":"2026-09-16T14:59:51.052Z"}
{"level":"info","message":"⌛ Validating nombreRandom/nombreRandom.wlk","timeElapsed":146,"timestamp":"2026-09-16T14:59:51.202Z"}
{"level":"info","message":"⌛ Building environment","timeElapsed":107,"timestamp":"2026-09-16T14:59:52.836Z"}
{"level":"info","message":"⌛ Validating nombreRandom/nombreRandom.wlk","timeElapsed":133,"timestamp":"2026-09-16T14:59:52.973Z"}
{"level":"info","message":"⌛ Building environment","timeElapsed":172,"timestamp":"2026-09-16T14:59:53.400Z"}
{"level":"info","message":"⌛ Building environment","timeElapsed":122,"timestamp":"2026-09-16T14:59:53.523Z"}
{"level":"info","message":"⌛ Building environment","timeElapsed":110,"timestamp":"2026-09-16T14:59:53.632Z"}
{"level":"info","message":"⌛ Building environment","timeElapsed":119,"timestamp":"2026-09-16T14:59:53.767Z"}
{"level":"info","message":"⌛ Validating nombreRandom/nombreRandom.wlk","timeElapsed":191,"timestamp":"2026-09-16T14:59:53.959Z"}
{"level":"info","message":"⌛ Building environment","timeElapsed":196,"timestamp":"2026-09-16T14:59:54.155Z"}
{"level":"info","message":"⌛ Building environment","timeElapsed":110,"timestamp":"2026-09-16T14:59:54.266Z"}
{"level":"info","message":"⌛ Validating nombreRandom/nombreRandom.wlk","timeElapsed":153,"timestamp":"2026-09-16T14:59:54.420Z"}
{"level":"info","message":"⌛ Validating nombreRandom/nombreRandom.wlk","timeElapsed":143,"timestamp":"2026-09-16T14:59:54.836Z"}
{"level":"info","message":"⌛ Building environment","timeElapsed":137,"timestamp":"2026-09-16T14:59:54.972Z"}
{"level":"info","message":"⌛ Validating nombreRandom/nombreRandom.wlk","timeElapsed":170,"timestamp":"2026-09-16T14:59:55.238Z"}
{"level":"info","message":"⌛ Validating nombreRandom/nombreRandom.wlk","timeElapsed":146,"timestamp":"2026-09-16T14:59:55.864Z"}
{"level":"info","message":"⌛ Validating nombreRandom/nombreRandom.wlk","timeElapsed":127,"timestamp":"2026-09-16T14:59:56.001Z"}
{"level":"info","message":"⌛ Validating nombreRandom/nombreRandom.wlk","timeElapsed":131,"timestamp":"2026-09-16T14:59:56.133Z"}
{"level":"info","message":"⌛ Validating nombreRandom/nombreRandom.wlk","timeElapsed":125,"timestamp":"2026-09-16T14:59:56.259Z"}
{"level":"info","message":"⌛ Validating nombreRandom/nombreRandom.wlk","timeElapsed":122,"timestamp":"2026-09-16T14:59:56.384Z"}
{"level":"info","message":"⌛ Validating nombreRandom/nombreRandom.wlk","timeElapsed":127,"timestamp":"2026-09-16T14:59:56.609Z"}
{"level":"info","message":"⌛ Validating nombreRandom/nombreRandom.wlk","timeElapsed":153,"timestamp":"2026-09-16T14:59:56.763Z"}
{"level":"info","message":"⌛ Building environment","timeElapsed":262,"timestamp":"2026-09-16T14:59:57.027Z"}
{"level":"info","message":"⌛ Validating nombreRandom/nombreRandom.wlk","timeElapsed":178,"timestamp":"2026-09-16T14:59:57.215Z"}
{"level":"info","message":"⌛ Validating nombreRandom/nombreRandom.wlk","timeElapsed":147,"timestamp":"2026-09-16T14:59:57.468Z"}
{"level":"info","message":"⌛ Validating nombreRandom/nombreRandom.wlk","timeElapsed":141,"timestamp":"2026-09-16T14:59:57.609Z"}
{"level":"info","message":"⌛ Validating nombreRandom/nombreRandom.wlk","timeElapsed":142,"timestamp":"2026-09-16T14:59:57.752Z"}
{"level":"info","message":"⌛ Validating nombreRandom/nombreRandom.wlk","timeElapsed":142,"timestamp":"2026-09-16T14:59:57.988Z"}
{"level":"info","message":"⌛ Validating nombreRandom/nombreRandom.wlk","timeElapsed":148,"timestamp":"2026-09-16T14:59:58.238Z"}
{"level":"info","message":"⌛ Building environment","timeElapsed":150,"timestamp":"2026-09-16T14:59:58.679Z"}
{"level":"info","message":"⌛ Validating nombreRandom/nombreRandom.wlk","timeElapsed":149,"timestamp":"2026-09-16T14:59:59.206Z"}
{"level":"info","message":"⌛ Building environment","timeElapsed":101,"timestamp":"2026-09-16T14:59:59.400Z"}
{"level":"info","message":"⌛ Validating nombreRandom/nombreRandom.wlk","timeElapsed":187,"timestamp":"2026-09-16T14:59:59.588Z"}
{"level":"info","message":"⌛ Building environment","timeElapsed":150,"timestamp":"2026-09-16T14:59:59.590Z"}
{"level":"info","message":"⌛ Validating nombreRandom/nombreRandom.wlk","timeElapsed":184,"timestamp":"2026-09-16T14:59:59.781Z"}
{"level":"info","message":"⌛ Building environment","timeElapsed":120,"timestamp":"2026-09-16T14:59:59.808Z"}
{"level":"info","message":"⌛ Validating nombreRandom/nombreRandom.wlk","timeElapsed":135,"timestamp":"2026-09-16T15:00:00.040Z"}
{"level":"info","message":"⌛ Building environment","timeElapsed":268,"timestamp":"2026-09-16T15:00:00.310Z"}
{"level":"info","message":"⌛ Validating nombreRandom/nombreRandom.wlk","timeElapsed":149,"timestamp":"2026-09-16T15:00:00.460Z"}
{"level":"info","message":"⌛ Validating nombreRandom/nombreRandom.wlk","timeElapsed":147,"timestamp":"2026-09-16T15:00:00.794Z"}
{"level":"info","message":"⌛ Validating nombreRandom/nombreRandom.wlk","timeElapsed":123,"timestamp":"2026-09-16T15:00:00.918Z"}
{"level":"info","message":"⌛ Validating nombreRandom/nombreRandom.wlk","timeElapsed":186,"timestamp":"2026-09-16T15:00:01.104Z"}
{"level":"info","message":"⌛ Validating nombreRandom/nombreRandom.wlk","timeElapsed":197,"timestamp":"2026-09-16T15:00:01.312Z"}
{"level":"info","message":"⌛ Building environment","timeElapsed":130,"timestamp":"2026-09-16T15:00:01.387Z"}
{"level":"info","message":"⌛ Validating nombreRandom/nombreRandom.wlk","timeElapsed":145,"timestamp":"2026-09-16T15:00:01.458Z"}
{"level":"info","message":"⌛ Validating nombreRandom/nombreRandom.wlk","timeElapsed":161,"timestamp":"2026-09-16T15:00:01.551Z"}
{"level":"info","message":"⌛ Validating nombreRandom/nombreRandom.wlk","timeElapsed":174,"timestamp":"2026-09-16T15:00:01.631Z"}
{"level":"info","message":"⌛ Validating nombreRandom/nombreRandom.wlk","timeElapsed":122,"timestamp":"2026-09-16T15:00:01.754Z"}
{"level":"info","message":"⌛ Validating nombreRandom/nombreRandom.wlk","timeElapsed":147,"timestamp":"2026-09-16T15:00:01.901Z"}
{"level":"info","message":"⌛ Validating nombreRandom/nombreRandom.wlk","timeElapsed":133,"timestamp":"2026-09-16T15:00:02.035Z"}
{"level":"info","message":"⌛ Validating nombreRandom/nombreRandom.wlk","timeElapsed":131,"timestamp":"2026-09-16T15:00:02.167Z"}
{"level":"info","message":"⌛ Validating nombreRandom/nombreRandom.wlk","timeElapsed":116,"timestamp":"2026-09-16T15:00:02.284Z"}
{"level":"info","message":"⌛ Validating nombreRandom/nombreRandom.wlk","timeElapsed":131,"timestamp":"2026-09-16T15:00:02.414Z"}
{"level":"info","message":"⌛ Validating nombreRandom/nombreRandom.wlk","timeElapsed":117,"timestamp":"2026-09-16T15:00:02.532Z"}
{"level":"info","message":"⌛ Validating nombreRandom/nombreRandom.wlk","timeElapsed":122,"timestamp":"2026-09-16T15:00:02.749Z"}
{"level":"info","message":"⌛ Validating nombreRandom/nombreRandom.wlk","timeElapsed":121,"timestamp":"2026-09-16T15:00:02.870Z"}
{"level":"info","message":"⌛ Validating nombreRandom/nombreRandom.wlk","timeElapsed":113,"timestamp":"2026-09-16T15:00:02.984Z"}
{"level":"info","message":"⌛ Building environment","timeElapsed":120,"timestamp":"2026-09-16T15:00:03.553Z"}
{"level":"info","message":"⌛ Building environment","timeElapsed":103,"timestamp":"2026-09-16T15:00:03.553Z"}
{"level":"info","message":"⌛ Validating nombreRandom/nombreRandom.wlk","timeElapsed":140,"timestamp":"2026-09-16T15:00:03.700Z"}
{"level":"info","message":"⌛ Validating nombreRandom/nombreRandom.wlk","timeElapsed":158,"timestamp":"2026-09-16T15:00:03.715Z"}
{"level":"info","message":"⌛ Validating nombreRandom/nombreRandom.wlk","timeElapsed":136,"timestamp":"2026-09-16T15:00:03.836Z"}
{"level":"info","message":"⌛ Validating nombreRandom/nombreRandom.wlk","timeElapsed":118,"timestamp":"2026-09-16T15:00:03.955Z"}
{"level":"info","message":"⌛ Validating nombreRandom/nombreRandom.wlk","timeElapsed":115,"timestamp":"2026-09-16T15:00:04.076Z"}
{"level":"info","message":"⌛ Validating nombreRandom/nombreRandom.wlk","timeElapsed":127,"timestamp":"2026-09-16T15:00:04.203Z"}
{"level":"info","message":"⌛ Validating nombreRandom/nombreRandom.wlk","timeElapsed":118,"timestamp":"2026-09-16T15:00:04.322Z"}
{"level":"info","message":"⌛ Validating nombreRandom/nombreRandom.wlk","timeElapsed":124,"timestamp":"2026-09-16T15:00:04.447Z"}
{"level":"info","message":"⌛ Validating nombreRandom/nombreRandom.wlk","timeElapsed":129,"timestamp":"2026-09-16T15:00:04.668Z"}
{"level":"info","message":"⌛ Validating nombreRandom/nombreRandom.wlk","timeElapsed":141,"timestamp":"2026-09-16T15:00:04.905Z"}
{"level":"info","message":"⌛ Building environment","timeElapsed":116,"timestamp":"2026-09-16T15:00:05.022Z"}
{"level":"info","message":"⌛ Validating nombreRandom/nombreRandom.wlk","timeElapsed":134,"timestamp":"2026-09-16T15:00:05.246Z"}
{"level":"info","message":"⌛ Validating nombreRandom/nombreRandom.wlk","timeElapsed":172,"timestamp":"2026-09-16T15:00:05.419Z"}
{"level":"info","message":"⌛ Building environment","timeElapsed":152,"timestamp":"2026-09-16T15:00:05.571Z"}
{"level":"info","message":"⌛ Validating nombreRandom/nombreRandom.wlk","timeElapsed":129,"timestamp":"2026-09-16T15:00:05.797Z"}
{"level":"info","message":"⌛ Validating nombreRandom/nombreRandom.wlk","timeElapsed":127,"timestamp":"2026-09-16T15:00:05.925Z"}
{"level":"info","message":"⌛ Building environment","timeElapsed":102,"timestamp":"2026-09-16T15:00:06.240Z"}
{"level":"info","message":"⌛ Validating nombreRandom/nombreRandom.wlk","timeElapsed":134,"timestamp":"2026-09-16T15:00:06.380Z"}
{"level":"info","message":"⌛ Validating nombreRandom/nombreRandom.wlk","timeElapsed":137,"timestamp":"2026-09-16T15:00:06.609Z"}
{"level":"info","message":"⌛ Validating nombreRandom/nombreRandom.wlk","timeElapsed":134,"timestamp":"2026-09-16T15:00:06.833Z"}
{"level":"info","message":"⌛ Building environment","timeElapsed":109,"timestamp":"2026-09-16T15:00:07.403Z"}
{"level":"info","message":"⌛ Validating nombreRandom/nombreRandom.wlk","timeElapsed":138,"timestamp":"2026-09-16T15:00:07.547Z"}
{"level":"info","message":"⌛ Validating nombreRandom/nombreRandom.wlk","timeElapsed":144,"timestamp":"2026-09-16T15:00:07.881Z"}
{"level":"info","message":"⌛ Validating nombreRandom/nombreRandom.wlk","timeElapsed":125,"timestamp":"2026-09-16T15:00:08.007Z"}
{"level":"info","message":"⌛ Validating nombreRandom/nombreRandom.wlk","timeElapsed":123,"timestamp":"2026-09-16T15:00:08.223Z"}
{"level":"info","message":"⌛ Building environment","timeElapsed":127,"timestamp":"2026-09-16T15:00:09.058Z"}
{"level":"info","message":"⌛ Validating nombreRandom/nombreRandom.wlk","timeElapsed":133,"timestamp":"2026-09-16T15:00:09.195Z"}
{"level":"info","message":"⌛ Building environment","timeElapsed":118,"timestamp":"2026-09-16T15:00:09.951Z"}
{"level":"info","message":"⌛ Validating nombreRandom/nombreRandom.wlk","timeElapsed":138,"timestamp":"2026-09-16T15:00:10.093Z"}
{"level":"info","message":"⌛ Building environment","timeElapsed":125,"timestamp":"2026-09-16T15:00:11.065Z"}
{"level":"info","message":"⌛ Validating nombreRandom/nombreRandom.wlk","timeElapsed":158,"timestamp":"2026-09-16T15:00:11.226Z"}
{"level":"info","message":"⌛ Building environment","timeElapsed":126,"timestamp":"2026-09-16T15:00:15.024Z"}
{"level":"info","message":"⌛ Validating nombreRandom/nombreRandom.wlk","timeElapsed":182,"timestamp":"2026-09-16T15:00:15.214Z"}
{"level":"info","message":"⌛ Building environment","timeElapsed":112,"timestamp":"2026-09-16T15:00:15.325Z"}
{"level":"info","message":"⌛ Validating nombreRandom/nombreRandom.wlk","timeElapsed":124,"timestamp":"2026-09-16T15:00:15.555Z"}
{"level":"info","message":"⌛ Validating nombreRandom/nombreRandom.wlk","timeElapsed":128,"timestamp":"2026-09-16T15:00:15.682Z"}
{"level":"info","message":"⌛ Building environment","timeElapsed":107,"timestamp":"2026-09-16T15:00:15.827Z"}
{"level":"info","message":"⌛ Validating nombreRandom/nombreRandom.wlk","timeElapsed":128,"timestamp":"2026-09-16T15:00:15.957Z"}
{"level":"info","message":"⌛ Validating nombreRandom/nombreRandom.wlk","timeElapsed":137,"timestamp":"2026-09-16T15:00:16.460Z"}
{"level":"info","message":"⌛ Validating nombreRandom/nombreRandom.wlk","timeElapsed":126,"timestamp":"2026-09-16T15:00:16.671Z"}
{"level":"info","message":"⌛ Building environment","timeElapsed":137,"timestamp":"2026-09-16T15:00:17.590Z"}
{"level":"info","message":"⌛ Validating nombreRandom/nombreRandom.wlk","timeElapsed":172,"timestamp":"2026-09-16T15:00:17.766Z"}
{"level":"info","message":"⌛ Building environment","timeElapsed":149,"timestamp":"2026-09-16T15:00:19.046Z"}
{"level":"info","message":"⌛ Validating nombreRandom/nombreRandom.wlk","timeElapsed":153,"timestamp":"2026-09-16T15:00:19.203Z"}
{"level":"info","message":"⌛ Building environment","timeElapsed":117,"timestamp":"2026-09-16T15:00:19.888Z"}
{"level":"info","message":"⌛ Validating nombreRandom/nombreRandom.wlk","timeElapsed":140,"timestamp":"2026-09-16T15:00:20.031Z"}
{"level":"info","message":"⌛ Building environment","timeElapsed":178,"timestamp":"2026-09-16T15:00:22.679Z"}
{"level":"info","message":"⌛ Validating nombreRandom/nombreRandom.wlk","timeElapsed":191,"timestamp":"2026-09-16T15:00:22.883Z"}
{"level":"info","message":"⌛ Building environment","timeElapsed":114,"timestamp":"2026-09-16T15:00:23.113Z"}
{"level":"info","message":"⌛ Validating nombreRandom/nombreRandom.wlk","timeElapsed":157,"timestamp":"2026-09-16T15:00:23.357Z"}
{"level":"info","message":"⌛ Validating nombreRandom/nombreRandom.wlk","timeElapsed":131,"timestamp":"2026-09-16T15:00:23.488Z"}
{"level":"info","message":"⌛ Validating nombreRandom/nombreRandom.wlk","timeElapsed":132,"timestamp":"2026-09-16T15:00:23.809Z"}
{"level":"info","message":"⌛ Validating nombreRandom/nombreRandom.wlk","timeElapsed":116,"timestamp":"2026-09-16T15:00:23.925Z"}
{"level":"info","message":"⌛ Building environment","timeElapsed":115,"timestamp":"2026-09-16T15:00:24.086Z"}
{"level":"info","message":"⌛ Validating nombreRandom/nombreRandom.wlk","timeElapsed":125,"timestamp":"2026-09-16T15:00:24.215Z"}
{"level":"info","message":"⌛ Building environment","timeElapsed":159,"timestamp":"2026-09-16T15:00:25.231Z"}
{"level":"info","message":"⌛ Validating nombreRandom/nombreRandom.wlk","timeElapsed":135,"timestamp":"2026-09-16T15:00:25.372Z"}
{"level":"info","message":"⌛ Building environment","timeElapsed":209,"timestamp":"2026-09-16T15:02:05.137Z"}
{"level":"info","message":"⌛ Building environment","timeElapsed":127,"timestamp":"2026-09-16T15:02:05.265Z"}
{"level":"info","message":"⌛ Validating nombreRandom/nombreRandom.wlk","timeElapsed":187,"timestamp":"2026-09-16T15:02:05.458Z"}
{"level":"info","message":"⌛ Validating nombreRandom/nombreRandom.wlk","timeElapsed":129,"timestamp":"2026-09-16T15:02:05.588Z"}
{"level":"info","message":"⌛ Building environment","timeElapsed":138,"timestamp":"2026-09-16T15:02:06.400Z"}
{"level":"info","message":"⌛ Validating nombreRandom/nombreRandom.wlk","timeElapsed":162,"timestamp":"2026-09-16T15:02:06.568Z"}
{"level":"info","message":"⌛ Building environment","timeElapsed":115,"timestamp":"2026-09-16T15:02:07.171Z"}
{"level":"info","message":"⌛ Validating nombreRandom/nombreRandom.wlk","timeElapsed":236,"timestamp":"2026-09-16T15:02:07.415Z"}
{"level":"info","message":"⌛ Building environment","timeElapsed":109,"timestamp":"2026-09-16T15:02:07.525Z"}
{"level":"info","message":"⌛ Building environment","timeElapsed":121,"timestamp":"2026-09-16T15:02:07.646Z"}
{"level":"info","message":"⌛ Validating nombreRandom/nombreRandom.wlk","timeElapsed":136,"timestamp":"2026-09-16T15:02:07.782Z"}
{"level":"info","message":"⌛ Building environment","timeElapsed":110,"timestamp":"2026-09-16T15:02:07.892Z"}
{"level":"info","message":"⌛ Validating nombreRandom/nombreRandom.wlk","timeElapsed":166,"timestamp":"2026-09-16T15:02:08.059Z"}
{"level":"info","message":"⌛ Building environment","timeElapsed":117,"timestamp":"2026-09-16T15:02:08.233Z"}
{"level":"info","message":"⌛ Validating nombreRandom/nombreRandom.wlk","timeElapsed":171,"timestamp":"2026-09-16T15:02:08.405Z"}
{"level":"info","message":"⌛ Building environment","timeElapsed":101,"timestamp":"2026-09-16T15:02:08.507Z"}
{"level":"info","message":"⌛ Building environment","timeElapsed":111,"timestamp":"2026-09-16T15:02:08.618Z"}
{"level":"info","message":"⌛ Validating nombreRandom/nombreRandom.wlk","timeElapsed":145,"timestamp":"2026-09-16T15:02:08.764Z"}
{"level":"info","message":"⌛ Building environment","timeElapsed":183,"timestamp":"2026-09-16T15:02:08.950Z"}
{"level":"info","message":"⌛ Validating nombreRandom/nombreRandom.wlk","timeElapsed":167,"timestamp":"2026-09-16T15:02:09.117Z"}
{"level":"info","message":"⌛ Building environment","timeElapsed":163,"timestamp":"2026-09-16T15:02:09.283Z"}
{"level":"info","message":"⌛ Validating nombreRandom/nombreRandom.wlk","timeElapsed":158,"timestamp":"2026-09-16T15:02:09.441Z"}
{"level":"info","message":"⌛ Validating nombreRandom/nombreRandom.wlk","timeElapsed":143,"timestamp":"2026-09-16T15:02:09.770Z"}
{"level":"info","message":"⌛ Building environment","timeElapsed":137,"timestamp":"2026-09-16T15:02:10.002Z"}
{"level":"info","message":"⌛ Validating nombreRandom/nombreRandom.wlk","timeElapsed":155,"timestamp":"2026-09-16T15:02:10.158Z"}
{"level":"info","message":"⌛ Building environment","timeElapsed":174,"timestamp":"2026-09-16T15:02:10.334Z"}
{"level":"info","message":"⌛ Validating nombreRandom/nombreRandom.wlk","timeElapsed":144,"timestamp":"2026-09-16T15:02:10.479Z"}
{"level":"info","message":"⌛ Validating nombreRandom/nombreRandom.wlk","timeElapsed":132,"timestamp":"2026-09-16T15:02:10.616Z"}
{"level":"info","message":"⌛ Validating nombreRandom/nombreRandom.wlk","timeElapsed":135,"timestamp":"2026-09-16T15:02:10.938Z"}
{"level":"info","message":"⌛ Validating nombreRandom/nombreRandom.wlk","timeElapsed":145,"timestamp":"2026-09-16T15:02:11.170Z"}
{"level":"info","message":"⌛ Building environment","timeElapsed":190,"timestamp":"2026-09-16T15:02:11.362Z"}
{"level":"info","message":"⌛ Building environment","timeElapsed":104,"timestamp":"2026-09-16T15:02:11.467Z"}
{"level":"info","message":"⌛ Validating nombreRandom/nombreRandom.wlk","timeElapsed":159,"timestamp":"2026-09-16T15:02:11.627Z"}
{"level":"info","message":"⌛ Building environment","timeElapsed":101,"timestamp":"2026-09-16T15:02:11.735Z"}
{"level":"info","message":"⌛ Validating nombreRandom/nombreRandom.wlk","timeElapsed":137,"timestamp":"2026-09-16T15:02:11.879Z"}
{"level":"info","message":"⌛ Validating nombreRandom/nombreRandom.wlk","timeElapsed":128,"timestamp":"2026-09-16T15:02:12.008Z"}
{"level":"info","message":"⌛ Validating nombreRandom/nombreRandom.wlk","timeElapsed":132,"timestamp":"2026-09-16T15:02:12.232Z"}
{"level":"info","message":"⌛ Building environment","timeElapsed":188,"timestamp":"2026-09-16T15:02:12.422Z"}
{"level":"info","message":"⌛ Building environment","timeElapsed":107,"timestamp":"2026-09-16T15:02:12.530Z"}
{"level":"info","message":"⌛ Validating nombreRandom/nombreRandom.wlk","timeElapsed":164,"timestamp":"2026-09-16T15:02:12.695Z"}
{"level":"info","message":"⌛ Validating nombreRandom/nombreRandom.wlk","timeElapsed":129,"timestamp":"2026-09-16T15:02:12.923Z"}
{"level":"info","message":"⌛ Validating nombreRandom/nombreRandom.wlk","timeElapsed":144,"timestamp":"2026-09-16T15:02:13.254Z"}
{"level":"info","message":"⌛ Validating nombreRandom/nombreRandom.wlk","timeElapsed":177,"timestamp":"2026-09-16T15:02:13.490Z"}
{"level":"info","message":"⌛ Building environment","timeElapsed":133,"timestamp":"2026-09-16T15:02:13.624Z"}
{"level":"info","message":"⌛ Validating nombreRandom/nombreRandom.wlk","timeElapsed":159,"timestamp":"2026-09-16T15:02:13.864Z"}
{"level":"info","message":"⌛ Validating nombreRandom/nombreRandom.wlk","timeElapsed":129,"timestamp":"2026-09-16T15:02:14.079Z"}
{"level":"info","message":"⌛ Validating nombreRandom/nombreRandom.wlk","timeElapsed":119,"timestamp":"2026-09-16T15:02:14.204Z"}
{"level":"info","message":"⌛ Validating nombreRandom/nombreRandom.wlk","timeElapsed":136,"timestamp":"2026-09-16T15:02:14.342Z"}
{"level":"info","message":"⌛ Validating nombreRandom/nombreRandom.wlk","timeElapsed":133,"timestamp":"2026-09-16T15:02:14.476Z"}
{"level":"info","message":"⌛ Building environment","timeElapsed":111,"timestamp":"2026-09-16T15:02:14.587Z"}
{"level":"info","message":"⌛ Validating nombreRandom/nombreRandom.wlk","timeElapsed":137,"timestamp":"2026-09-16T15:02:14.921Z"}
{"level":"info","message":"⌛ Validating nombreRandom/nombreRandom.wlk","timeElapsed":140,"timestamp":"2026-09-16T15:02:15.062Z"}
{"level":"info","message":"⌛ Building environment","timeElapsed":131,"timestamp":"2026-09-16T15:02:15.194Z"}
{"level":"info","message":"⌛ Validating nombreRandom/nombreRandom.wlk","timeElapsed":150,"timestamp":"2026-09-16T15:02:15.344Z"}
{"level":"info","message":"⌛ Validating nombreRandom/nombreRandom.wlk","timeElapsed":137,"timestamp":"2026-09-16T15:02:15.762Z"}
{"level":"info","message":"⌛ Validating nombreRandom/nombreRandom.wlk","timeElapsed":117,"timestamp":"2026-09-16T15:02:15.879Z"}
{"level":"info","message":"⌛ Validating nombreRandom/nombreRandom.wlk","timeElapsed":120,"timestamp":"2026-09-16T15:02:16.008Z"}
{"level":"info","message":"⌛ Validating nombreRandom/nombreRandom.wlk","timeElapsed":133,"timestamp":"2026-09-16T15:02:16.308Z"}
{"level":"info","message":"⌛ Validating nombreRandom/nombreRandom.wlk","timeElapsed":133,"timestamp":"2026-09-16T15:02:16.527Z"}
{"level":"info","message":"⌛ Building environment","timeElapsed":184,"timestamp":"2026-09-16T15:02:16.746Z"}
{"level":"info","message":"⌛ Validating nombreRandom/nombreRandom.wlk","timeElapsed":242,"timestamp":"2026-09-16T15:02:16.770Z"}
{"level":"info","message":"⌛ Validating nombreRandom/nombreRandom.wlk","timeElapsed":141,"timestamp":"2026-09-16T15:02:16.891Z"}
{"level":"info","message":"⌛ Validating nombreRandom/nombreRandom.wlk","timeElapsed":132,"timestamp":"2026-09-16T15:02:16.902Z"}
{"level":"info","message":"⌛ Validating nombreRandom/nombreRandom.wlk","timeElapsed":137,"timestamp":"2026-09-16T15:02:17.047Z"}
{"level":"info","message":"⌛ Validating nombreRandom/nombreRandom.wlk","timeElapsed":118,"timestamp":"2026-09-16T15:02:17.165Z"}
{"level":"info","message":"⌛ Validating nombreRandom/nombreRandom.wlk","timeElapsed":142,"timestamp":"2026-09-16T15:02:17.311Z"}
{"level":"info","message":"⌛ Building environment","timeElapsed":135,"timestamp":"2026-09-16T15:02:17.446Z"}
{"level":"info","message":"⌛ Building environment","timeElapsed":124,"timestamp":"2026-09-16T15:02:17.667Z"}
{"level":"info","message":"⌛ Building environment","timeElapsed":121,"timestamp":"2026-09-16T15:02:18.003Z"}
{"level":"info","message":"⌛ Validating nombreRandom/nombreRandom.wlk","timeElapsed":132,"timestamp":"2026-09-16T15:02:18.236Z"}
{"level":"info","message":"⌛ Validating nombreRandom/nombreRandom.wlk","timeElapsed":132,"timestamp":"2026-09-16T15:02:18.368Z"}
{"level":"info","message":"⌛ Validating nombreRandom/nombreRandom.wlk","timeElapsed":134,"timestamp":"2026-09-16T15:02:18.509Z"}
{"level":"info","message":"⌛ Validating nombreRandom/nombreRandom.wlk","timeElapsed":119,"timestamp":"2026-09-16T15:02:18.629Z"}
{"level":"info","message":"⌛ Building environment","timeElapsed":137,"timestamp":"2026-09-16T15:02:18.767Z"}
{"level":"info","message":"⌛ Validating nombreRandom/nombreRandom.wlk","timeElapsed":167,"timestamp":"2026-09-16T15:02:18.944Z"}
{"level":"info","message":"⌛ Validating nombreRandom/nombreRandom.wlk","timeElapsed":139,"timestamp":"2026-09-16T15:02:19.082Z"}
{"level":"info","message":"⌛ Validating nombreRandom/nombreRandom.wlk","timeElapsed":115,"timestamp":"2026-09-16T15:02:19.208Z"}
{"level":"info","message":"⌛ Building environment","timeElapsed":105,"timestamp":"2026-09-16T15:02:19.407Z"}
{"level":"info","message":"⌛ Validating nombreRandom/nombreRandom.wlk","timeElapsed":144,"timestamp":"2026-09-16T15:02:19.751Z"}
{"level":"info","message":"⌛ Building environment","timeElapsed":209,"timestamp":"2026-09-16T15:02:20.058Z"}
{"level":"info","message":"⌛ Validating nombreRandom/nombreRandom.wlk","timeElapsed":144,"timestamp":"2026-09-16T15:02:20.294Z"}
{"level":"info","message":"⌛ Validating nombreRandom/nombreRandom.wlk","timeElapsed":131,"timestamp":"2026-09-16T15:02:20.518Z"}
{"level":"info","message":"⌛ Validating nombreRandom/nombreRandom.wlk","timeElapsed":151,"timestamp":"2026-09-16T15:02:20.759Z"}
{"level":"info","message":"⌛ Validating nombreRandom/nombreRandom.wlk","timeElapsed":125,"timestamp":"2026-09-16T15:02:20.883Z"}
{"level":"info","message":"⌛ Building environment","timeElapsed":116,"timestamp":"2026-09-16T15:02:21.087Z"}
{"level":"info","message":"⌛ Building environment","timeElapsed":116,"timestamp":"2026-09-16T15:02:21.204Z"}
{"level":"info","message":"⌛ Validating nombreRandom/nombreRandom.wlk","timeElapsed":161,"timestamp":"2026-09-16T15:02:21.365Z"}
{"level":"info","message":"⌛ Validating nombreRandom/nombreRandom.wlk","timeElapsed":147,"timestamp":"2026-09-16T15:02:21.592Z"}
{"level":"info","message":"⌛ Validating nombreRandom/nombreRandom.wlk","timeElapsed":137,"timestamp":"2026-09-16T15:02:21.729Z"}
{"level":"info","message":"⌛ Validating nombreRandom/nombreRandom.wlk","timeElapsed":125,"timestamp":"2026-09-16T15:02:21.860Z"}
{"level":"info","message":"⌛ Validating nombreRandom/nombreRandom.wlk","timeElapsed":123,"timestamp":"2026-09-16T15:02:22.067Z"}
{"level":"info","message":"⌛ Validating nombreRandom/nombreRandom.wlk","timeElapsed":130,"timestamp":"2026-09-16T15:02:22.277Z"}
{"level":"info","message":"⌛ Validating nombreRandom/nombreRandom.wlk","timeElapsed":126,"timestamp":"2026-09-16T15:02:22.490Z"}
{"level":"info","message":"⌛ Validating nombreRandom/nombreRandom.wlk","timeElapsed":114,"timestamp":"2026-09-16T15:02:22.604Z"}
{"level":"info","message":"⌛ Validating nombreRandom/nombreRandom.wlk","timeElapsed":146,"timestamp":"2026-09-16T15:02:22.843Z"}
{"level":"info","message":"⌛ Building environment","timeElapsed":128,"timestamp":"2026-09-16T15:02:22.879Z"}
{"level":"info","message":"⌛ Building environment","timeElapsed":122,"timestamp":"2026-09-16T15:02:22.967Z"}
{"level":"info","message":"⌛ Building environment","timeElapsed":101,"timestamp":"2026-09-16T15:02:23.068Z"}
{"level":"info","message":"⌛ Validating nombreRandom/nombreRandom.wlk","timeElapsed":213,"timestamp":"2026-09-16T15:02:23.100Z"}
{"level":"info","message":"⌛ Validating nombreRandom/nombreRandom.wlk","timeElapsed":208,"timestamp":"2026-09-16T15:02:23.279Z"}
{"level":"info","message":"⌛ Validating nombreRandom/nombreRandom.wlk","timeElapsed":118,"timestamp":"2026-09-16T15:02:23.404Z"}
{"level":"info","message":"⌛ Validating nombreRandom/nombreRandom.wlk","timeElapsed":120,"timestamp":"2026-09-16T15:02:23.524Z"}
{"level":"info","message":"⌛ Validating nombreRandom/nombreRandom.wlk","timeElapsed":121,"timestamp":"2026-09-16T15:02:23.646Z"}
{"level":"info","message":"⌛ Validating nombreRandom/nombreRandom.wlk","timeElapsed":132,"timestamp":"2026-09-16T15:02:23.777Z"}
{"level":"info","message":"⌛ Validating nombreRandom/nombreRandom.wlk","timeElapsed":133,"timestamp":"2026-09-16T15:02:23.911Z"}
{"level":"info","message":"⌛ Building environment","timeElapsed":135,"timestamp":"2026-09-16T15:02:28.751Z"}
{"level":"info","message":"⌛ Validating nombreRandom/nombreRandom.wlk","timeElapsed":144,"timestamp":"2026-09-16T15:02:28.903Z"}
{"level":"info","message":"⌛ Validating nombreRandom/nombreRandom.wlk","timeElapsed":133,"timestamp":"2026-09-16T15:02:29.123Z"}
{"level":"info","message":"⌛ Validating nombreRandom/nombreRandom.wlk","timeElapsed":131,"timestamp":"2026-09-16T15:02:29.347Z"}
{"level":"info","message":"⌛ Validating nombreRandom/nombreRandom.wlk","timeElapsed":122,"timestamp":"2026-09-16T15:02:29.572Z"}
{"level":"info","message":"⌛ Validating nombreRandom/nombreRandom.wlk","timeElapsed":136,"timestamp":"2026-09-16T15:02:29.832Z"}
{"level":"info","message":"⌛ Validating nombreRandom/nombreRandom.wlk","timeElapsed":151,"timestamp":"2026-09-16T15:02:30.087Z"}
{"level":"info","message":"⌛ Building environment","timeElapsed":125,"timestamp":"2026-09-16T15:02:30.213Z"}
{"level":"info","message":"⌛ Building environment","timeElapsed":103,"timestamp":"2026-09-16T15:02:30.316Z"}
{"level":"info","message":"⌛ Validating nombreRandom/nombreRandom.wlk","timeElapsed":123,"timestamp":"2026-09-16T15:02:30.450Z"}
{"level":"info","message":"⌛ Validating nombreRandom/nombreRandom.wlk","timeElapsed":132,"timestamp":"2026-09-16T15:02:30.660Z"}
{"level":"info","message":"⌛ Validating nombreRandom/nombreRandom.wlk","timeElapsed":135,"timestamp":"2026-09-16T15:02:30.796Z"}
{"level":"info","message":"⌛ Validating nombreRandom/nombreRandom.wlk","timeElapsed":132,"timestamp":"2026-09-16T15:02:31.020Z"}
{"level":"info","message":"⌛ Validating nombreRandom/nombreRandom.wlk","timeElapsed":132,"timestamp":"2026-09-16T15:02:31.333Z"}
{"level":"info","message":"⌛ Validating nombreRandom/nombreRandom.wlk","timeElapsed":185,"timestamp":"2026-09-16T15:02:31.521Z"}
{"level":"info","message":"⌛ Building environment","timeElapsed":107,"timestamp":"2026-09-16T15:02:31.637Z"}
{"level":"info","message":"⌛ Validating nombreRandom/nombreRandom.wlk","timeElapsed":137,"timestamp":"2026-09-16T15:02:31.780Z"}
{"level":"info","message":"⌛ Validating nombreRandom/nombreRandom.wlk","timeElapsed":135,"timestamp":"2026-09-16T15:02:32.015Z"}
{"level":"info","message":"⌛ Building environment","timeElapsed":120,"timestamp":"2026-09-16T15:02:32.855Z"}
{"level":"info","message":"⌛ Building environment","timeElapsed":119,"timestamp":"2026-09-16T15:02:32.889Z"}
{"level":"info","message":"⌛ Validating nombreRandom/nombreRandom.wlk","timeElapsed":194,"timestamp":"2026-09-16T15:02:33.052Z"}
{"level":"info","message":"⌛ Validating nombreRandom/nombreRandom.wlk","timeElapsed":200,"timestamp":"2026-09-16T15:02:33.092Z"}
{"level":"info","message":"⌛ Building environment","timeElapsed":175,"timestamp":"2026-09-16T15:02:33.230Z"}
{"level":"info","message":"⌛ Building environment","timeElapsed":130,"timestamp":"2026-09-16T15:02:33.361Z"}
{"level":"info","message":"⌛ Building environment","timeElapsed":114,"timestamp":"2026-09-16T15:02:33.476Z"}
{"level":"info","message":"⌛ Validating nombreRandom/nombreRandom.wlk","timeElapsed":133,"timestamp":"2026-09-16T15:02:33.714Z"}
{"level":"info","message":"⌛ Building environment","timeElapsed":152,"timestamp":"2026-09-16T15:02:33.867Z"}
{"level":"info","message":"⌛ Validating nombreRandom/nombreRandom.wlk","timeElapsed":146,"timestamp":"2026-09-16T15:02:34.014Z"}
{"level":"info","message":"⌛ Validating nombreRandom/nombreRandom.wlk","timeElapsed":146,"timestamp":"2026-09-16T15:02:34.246Z"}
{"level":"info","message":"⌛ Validating nombreRandom/nombreRandom.wlk","timeElapsed":126,"timestamp":"2026-09-16T15:02:34.373Z"}
{"level":"info","message":"⌛ Validating nombreRandom/nombreRandom.wlk","timeElapsed":135,"timestamp":"2026-09-16T15:02:34.686Z"}
{"level":"info","message":"⌛ Validating nombreRandom/nombreRandom.wlk","timeElapsed":122,"timestamp":"2026-09-16T15:02:34.883Z"}
{"level":"info","message":"⌛ Building environment","timeElapsed":111,"timestamp":"2026-09-16T15:02:34.996Z"}
{"level":"info","message":"⌛ Validating nombreRandom/nombreRandom.wlk","timeElapsed":128,"timestamp":"2026-09-16T15:02:35.124Z"}
{"level":"info","message":"⌛ Validating nombreRandom/nombreRandom.wlk","timeElapsed":123,"timestamp":"2026-09-16T15:02:35.251Z"}
{"level":"info","message":"⌛ Validating nombreRandom/nombreRandom.wlk","timeElapsed":144,"timestamp":"2026-09-16T15:02:35.399Z"}
{"level":"info","message":"⌛ Building environment","timeElapsed":108,"timestamp":"2026-09-16T15:02:35.402Z"}
{"level":"info","message":"⌛ Validating nombreRandom/nombreRandom.wlk","timeElapsed":134,"timestamp":"2026-09-16T15:02:35.539Z"}
{"level":"info","message":"⌛ Building environment","timeElapsed":137,"timestamp":"2026-09-16T15:03:07.508Z"}
{"level":"info","message":"⌛ Validating nombreRandom/nombreRandom.wlk","timeElapsed":201,"timestamp":"2026-09-16T15:03:07.714Z"}
{"level":"info","message":"⌛ Building environment","timeElapsed":115,"timestamp":"2026-09-16T15:03:07.830Z"}
{"level":"info","message":"⌛ Validating nombreRandom/nombreRandom.wlk","timeElapsed":137,"timestamp":"2026-09-16T15:03:08.060Z"}
{"level":"info","message":"⌛ Validating nombreRandom/nombreRandom.wlk","timeElapsed":134,"timestamp":"2026-09-16T15:03:08.195Z"}
{"level":"info","message":"⌛ Validating nombreRandom/nombreRandom.wlk","timeElapsed":125,"timestamp":"2026-09-16T15:03:08.421Z"}
{"level":"info","message":"⌛ Validating nombreRandom/nombreRandom.wlk","timeElapsed":128,"timestamp":"2026-09-16T15:03:08.660Z"}
{"level":"info","message":"⌛ Building environment","timeElapsed":168,"timestamp":"2026-09-16T15:03:08.840Z"}
{"level":"info","message":"⌛ Validating nombreRandom/nombreRandom.wlk","timeElapsed":159,"timestamp":"2026-09-16T15:03:09.087Z"}
{"level":"info","message":"⌛ Validating nombreRandom/nombreRandom.wlk","timeElapsed":130,"timestamp":"2026-09-16T15:03:09.218Z"}
{"level":"info","message":"⌛ Building environment","timeElapsed":108,"timestamp":"2026-09-16T15:03:09.423Z"}
{"level":"info","message":"⌛ Validating nombreRandom/nombreRandom.wlk","timeElapsed":161,"timestamp":"2026-09-16T15:03:09.584Z"}
{"level":"info","message":"⌛ Validating nombreRandom/nombreRandom.wlk","timeElapsed":148,"timestamp":"2026-09-16T15:03:09.814Z"}
{"level":"info","message":"⌛ Validating nombreRandom/nombreRandom.wlk","timeElapsed":154,"timestamp":"2026-09-16T15:03:10.059Z"}
{"level":"info","message":"⌛ Validating nombreRandom/nombreRandom.wlk","timeElapsed":152,"timestamp":"2026-09-16T15:03:10.287Z"}
{"level":"info","message":"⌛ Building environment","timeElapsed":102,"timestamp":"2026-09-16T15:03:10.483Z"}
{"level":"info","message":"⌛ Validating nombreRandom/nombreRandom.wlk","timeElapsed":141,"timestamp":"2026-09-16T15:03:10.625Z"}
{"level":"info","message":"⌛ Building environment","timeElapsed":135,"timestamp":"2026-09-16T15:03:10.761Z"}
{"level":"info","message":"⌛ Validating nombreRandom/nombreRandom.wlk","timeElapsed":151,"timestamp":"2026-09-16T15:03:11.001Z"}
{"level":"info","message":"⌛ Validating nombreRandom/nombreRandom.wlk","timeElapsed":131,"timestamp":"2026-09-16T15:03:11.132Z"}
{"level":"info","message":"⌛ Validating nombreRandom/nombreRandom.wlk","timeElapsed":146,"timestamp":"2026-09-16T15:03:11.388Z"}
{"level":"info","message":"⌛ Validating nombreRandom/nombreRandom.wlk","timeElapsed":122,"timestamp":"2026-09-16T15:03:11.510Z"}
{"level":"info","message":"⌛ Building environment","timeElapsed":168,"timestamp":"2026-09-16T15:03:11.680Z"}
{"level":"info","message":"⌛ Validating nombreRandom/nombreRandom.wlk","timeElapsed":148,"timestamp":"2026-09-16T15:03:11.932Z"}
{"level":"info","message":"⌛ Building environment","timeElapsed":112,"timestamp":"2026-09-16T15:03:12.043Z"}
{"level":"info","message":"⌛ Building environment","timeElapsed":105,"timestamp":"2026-09-16T15:03:12.248Z"}
{"level":"info","message":"⌛ Validating nombreRandom/nombreRandom.wlk","timeElapsed":161,"timestamp":"2026-09-16T15:03:12.409Z"}
{"level":"info","message":"⌛ Validating nombreRandom/nombreRandom.wlk","timeElapsed":123,"timestamp":"2026-09-16T15:03:12.533Z"}
{"level":"info","message":"⌛ Building environment","timeElapsed":156,"timestamp":"2026-09-16T15:03:12.689Z"}
{"level":"info","message":"⌛ Validating nombreRandom/nombreRandom.wlk","timeElapsed":208,"timestamp":"2026-09-16T15:03:12.898Z"}
{"level":"info","message":"⌛ Building environment","timeElapsed":111,"timestamp":"2026-09-16T15:03:13.010Z"}
{"level":"info","message":"⌛ Validating nombreRandom/nombreRandom.wlk","timeElapsed":139,"timestamp":"2026-09-16T15:03:13.150Z"}
{"level":"info","message":"⌛ Validating nombreRandom/nombreRandom.wlk","timeElapsed":154,"timestamp":"2026-09-16T15:03:13.386Z"}
{"level":"info","message":"⌛ Validating nombreRandom/nombreRandom.wlk","timeElapsed":127,"timestamp":"2026-09-16T15:03:13.775Z"}
{"level":"info","message":"⌛ Validating nombreRandom/nombreRandom.wlk","timeElapsed":137,"timestamp":"2026-09-16T15:03:14.085Z"}
{"level":"info","message":"⌛ Building environment","timeElapsed":188,"timestamp":"2026-09-16T15:03:14.276Z"}
{"level":"info","message":"⌛ Validating nombreRandom/nombreRandom.wlk","timeElapsed":163,"timestamp":"2026-09-16T15:03:14.439Z"}
{"level":"info","message":"⌛ Validating nombreRandom/nombreRandom.wlk","timeElapsed":137,"timestamp":"2026-09-16T15:03:14.576Z"}
{"level":"info","message":"⌛ Validating nombreRandom/nombreRandom.wlk","timeElapsed":153,"timestamp":"2026-09-16T15:03:14.737Z"}
{"level":"info","message":"⌛ Validating nombreRandom/nombreRandom.wlk","timeElapsed":130,"timestamp":"2026-09-16T15:03:14.867Z"}
{"level":"info","message":"⌛ Validating nombreRandom/nombreRandom.wlk","timeElapsed":127,"timestamp":"2026-09-16T15:03:14.995Z"}
{"level":"info","message":"⌛ Validating nombreRandom/nombreRandom.wlk","timeElapsed":142,"timestamp":"2026-09-16T15:03:15.138Z"}
{"level":"info","message":"⌛ Validating nombreRandom/nombreRandom.wlk","timeElapsed":136,"timestamp":"2026-09-16T15:03:15.372Z"}
{"level":"info","message":"⌛ Building environment","timeElapsed":107,"timestamp":"2026-09-16T15:03:15.658Z"}
{"level":"info","message":"⌛ Validating nombreRandom/nombreRandom.wlk","timeElapsed":128,"timestamp":"2026-09-16T15:03:15.787Z"}
{"level":"info","message":"⌛ Validating nombreRandom/nombreRandom.wlk","timeElapsed":168,"timestamp":"2026-09-16T15:03:16.054Z"}
{"level":"info","message":"⌛ Validating nombreRandom/nombreRandom.wlk","timeElapsed":128,"timestamp":"2026-09-16T15:03:16.181Z"}
{"level":"info","message":"⌛ Validating nombreRandom/nombreRandom.wlk","timeElapsed":137,"timestamp":"2026-09-16T15:03:16.327Z"}
{"level":"info","message":"⌛ Building environment","timeElapsed":111,"timestamp":"2026-09-16T15:03:16.526Z"}
{"level":"info","message":"⌛ Building environment","timeElapsed":133,"timestamp":"2026-09-16T15:03:16.660Z"}
{"level":"info","message":"⌛ Validating nombreRandom/nombreRandom.wlk","timeElapsed":134,"timestamp":"2026-09-16T15:03:16.794Z"}
{"level":"info","message":"⌛ Building environment","timeElapsed":103,"timestamp":"2026-09-16T15:03:16.981Z"}
{"level":"info","message":"⌛ Validating nombreRandom/nombreRandom.wlk","timeElapsed":154,"timestamp":"2026-09-16T15:03:17.319Z"}
{"level":"info","message":"⌛ Validating nombreRandom/nombreRandom.wlk","timeElapsed":150,"timestamp":"2026-09-16T15:03:17.564Z"}
{"level":"info","message":"⌛ Validating nombreRandom/nombreRandom.wlk","timeElapsed":205,"timestamp":"2026-09-16T15:03:17.770Z"}
{"level":"info","message":"⌛ Validating nombreRandom/nombreRandom.wlk","timeElapsed":127,"timestamp":"2026-09-16T15:03:17.904Z"}
{"level":"info","message":"⌛ Building environment","timeElapsed":132,"timestamp":"2026-09-16T15:03:18.037Z"}
{"level":"info","message":"⌛ Validating nombreRandom/nombreRandom.wlk","timeElapsed":137,"timestamp":"2026-09-16T15:03:18.175Z"}
{"level":"info","message":"⌛ Validating nombreRandom/nombreRandom.wlk","timeElapsed":137,"timestamp":"2026-09-16T15:03:18.313Z"}
{"level":"info","message":"⌛ Validating nombreRandom/nombreRandom.wlk","timeElapsed":143,"timestamp":"2026-09-16T15:03:18.536Z"}
{"level":"info","message":"⌛ Building environment","timeElapsed":101,"timestamp":"2026-09-16T15:03:18.637Z"}
{"level":"info","message":"⌛ Validating nombreRandom/nombreRandom.wlk","timeElapsed":139,"timestamp":"2026-09-16T15:03:18.866Z"}
{"level":"info","message":"⌛ Building environment","timeElapsed":111,"timestamp":"2026-09-16T15:03:19.066Z"}
{"level":"info","message":"⌛ Building environment","timeElapsed":105,"timestamp":"2026-09-16T15:03:19.172Z"}
{"level":"info","message":"⌛ Building environment","timeElapsed":131,"timestamp":"2026-09-16T15:03:19.303Z"}
{"level":"info","message":"⌛ Validating nombreRandom/nombreRandom.wlk","timeElapsed":138,"timestamp":"2026-09-16T15:03:19.454Z"}
{"level":"info","message":"⌛ Building environment","timeElapsed":105,"timestamp":"2026-09-16T15:03:19.656Z"}
{"level":"info","message":"⌛ Validating nombreRandom/nombreRandom.wlk","timeElapsed":152,"timestamp":"2026-09-16T15:03:19.808Z"}
{"level":"info","message":"⌛ Validating nombreRandom/nombreRandom.wlk","timeElapsed":153,"timestamp":"2026-09-16T15:03:20.130Z"}
{"level":"info","message":"⌛ Validating nombreRandom/nombreRandom.wlk","timeElapsed":120,"timestamp":"2026-09-16T15:03:20.250Z"}
{"level":"info","message":"⌛ Validating nombreRandom/nombreRandom.wlk","timeElapsed":133,"timestamp":"2026-09-16T15:03:20.483Z"}
{"level":"info","message":"⌛ Validating nombreRandom/nombreRandom.wlk","timeElapsed":122,"timestamp":"2026-09-16T15:03:20.692Z"}
{"level":"info","message":"⌛ Building environment","timeElapsed":202,"timestamp":"2026-09-16T15:03:20.895Z"}
{"level":"info","message":"⌛ Validating nombreRandom/nombreRandom.wlk","timeElapsed":145,"timestamp":"2026-09-16T15:03:21.041Z"}
{"level":"info","message":"⌛ Validating nombreRandom/nombreRandom.wlk","timeElapsed":157,"timestamp":"2026-09-16T15:03:21.199Z"}
{"level":"info","message":"⌛ Building environment","timeElapsed":143,"timestamp":"2026-09-16T15:03:21.268Z"}
{"level":"info","message":"⌛ Building environment","timeElapsed":109,"timestamp":"2026-09-16T15:03:21.309Z"}
{"level":"info","message":"⌛ Building environment","timeElapsed":109,"timestamp":"2026-09-16T15:03:21.418Z"}
{"level":"info","message":"⌛ Validating nombreRandom/nombreRandom.wlk","timeElapsed":198,"timestamp":"2026-09-16T15:03:21.470Z"}
{"level":"info","message":"⌛ Validating nombreRandom/nombreRandom.wlk","timeElapsed":162,"timestamp":"2026-09-16T15:03:21.581Z"}
{"level":"info","message":"⌛ Validating nombreRandom/nombreRandom.wlk","timeElapsed":153,"timestamp":"2026-09-16T15:03:21.821Z"}
{"level":"info","message":"⌛ Validating nombreRandom/nombreRandom.wlk","timeElapsed":138,"timestamp":"2026-09-16T15:03:22.043Z"}
{"level":"info","message":"⌛ Validating nombreRandom/nombreRandom.wlk","timeElapsed":159,"timestamp":"2026-09-16T15:03:22.286Z"}
{"level":"info","message":"⌛ Validating nombreRandom/nombreRandom.wlk","timeElapsed":129,"timestamp":"2026-09-16T15:03:22.420Z"}
{"level":"info","message":"⌛ Validating nombreRandom/nombreRandom.wlk","timeElapsed":136,"timestamp":"2026-09-16T15:03:22.557Z"}
{"level":"info","message":"⌛ Validating nombreRandom/nombreRandom.wlk","timeElapsed":135,"timestamp":"2026-09-16T15:03:22.693Z"}
{"level":"info","message":"⌛ Validating nombreRandom/nombreRandom.wlk","timeElapsed":131,"timestamp":"2026-09-16T15:03:22.916Z"}
{"level":"info","message":"⌛ Validating nombreRandom/nombreRandom.wlk","timeElapsed":128,"timestamp":"2026-09-16T15:03:23.141Z"}
{"level":"info","message":"⌛ Validating nombreRandom/nombreRandom.wlk","timeElapsed":209,"timestamp":"2026-09-16T15:03:23.352Z"}
{"level":"info","message":"⌛ Validating nombreRandom/nombreRandom.wlk","timeElapsed":132,"timestamp":"2026-09-16T15:03:23.568Z"}
{"level":"info","message":"⌛ Validating nombreRandom/nombreRandom.wlk","timeElapsed":156,"timestamp":"2026-09-16T15:03:23.818Z"}
{"level":"info","message":"⌛ Building environment","timeElapsed":146,"timestamp":"2026-09-16T15:03:24.058Z"}
{"level":"info","message":"⌛ Validating nombreRandom/nombreRandom.wlk","timeElapsed":122,"timestamp":"2026-09-16T15:03:24.367Z"}
{"level":"info","message":"⌛ Validating nombreRandom/nombreRandom.wlk","timeElapsed":127,"timestamp":"2026-09-16T15:03:24.575Z"}
{"level":"info","message":"⌛ Building environment","timeElapsed":167,"timestamp":"2026-09-16T15:03:24.801Z"}
{"level":"info","message":"⌛ Validating nombreRandom/nombreRandom.wlk","timeElapsed":152,"timestamp":"2026-09-16T15:03:24.953Z"}
{"level":"info","message":"⌛ Building environment","timeElapsed":102,"timestamp":"2026-09-16T15:03:25.056Z"}
{"level":"info","message":"⌛ Validating nombreRandom/nombreRandom.wlk","timeElapsed":137,"timestamp":"2026-09-16T15:03:25.194Z"}
{"level":"info","message":"⌛ Validating nombreRandom/nombreRandom.wlk","timeElapsed":141,"timestamp":"2026-09-16T15:03:25.504Z"}
{"level":"info","message":"⌛ Validating nombreRandom/nombreRandom.wlk","timeElapsed":120,"timestamp":"2026-09-16T15:03:25.625Z"}
{"level":"info","message":"⌛ Validating nombreRandom/nombreRandom.wlk","timeElapsed":129,"timestamp":"2026-09-16T15:03:25.763Z"}
{"level":"info","message":"⌛ Building environment","timeElapsed":107,"timestamp":"2026-09-16T15:03:25.873Z"}
{"level":"info","message":"⌛ Validating nombreRandom/nombreRandom.wlk","timeElapsed":171,"timestamp":"2026-09-16T15:03:25.934Z"}
{"level":"info","message":"⌛ Validating nombreRandom/nombreRandom.wlk","timeElapsed":131,"timestamp":"2026-09-16T15:03:26.065Z"}
{"level":"info","message":"⌛ Validating nombreRandom/nombreRandom.wlk","timeElapsed":201,"timestamp":"2026-09-16T15:03:26.079Z"}
{"level":"info","message":"⌛ Validating nombreRandom/nombreRandom.wlk","timeElapsed":122,"timestamp":"2026-09-16T15:03:26.278Z"}
{"level":"info","message":"⌛ Validating nombreRandom/nombreRandom.wlk","timeElapsed":115,"timestamp":"2026-09-16T15:03:26.401Z"}
{"level":"info","message":"⌛ Validating nombreRandom/nombreRandom.wlk","timeElapsed":117,"timestamp":"2026-09-16T15:03:26.519Z"}
{"level":"info","message":"⌛ Validating nombreRandom/nombreRandom.wlk","timeElapsed":121,"timestamp":"2026-09-16T15:03:26.640Z"}
{"level":"info","message":"⌛ Validating nombreRandom/nombreRandom.wlk","timeElapsed":124,"timestamp":"2026-09-16T15:03:26.767Z"}
{"level":"info","message":"⌛ Building environment","timeElapsed":115,"timestamp":"2026-09-16T15:03:28.264Z"}
{"level":"info","message":"⌛ Validating nombreRandom/nombreRandom.wlk","timeElapsed":128,"timestamp":"2026-09-16T15:03:28.433Z"}
{"level":"info","message":"⌛ Building environment","timeElapsed":128,"timestamp":"2026-09-16T15:03:29.379Z"}
{"level":"info","message":"⌛ Validating nombreRandom/nombreRandom.wlk","timeElapsed":180,"timestamp":"2026-09-16T15:03:29.563Z"}
{"level":"info","message":"⌛ Building environment","timeElapsed":124,"timestamp":"2026-09-16T15:04:02.130Z"}
{"level":"info","message":"⌛ Validating nombreRandom/nombreRandom.wlk","timeElapsed":140,"timestamp":"2026-09-16T15:04:02.273Z"}
{"level":"info","message":"⌛ Building environment","timeElapsed":124,"timestamp":"2026-09-16T15:04:02.398Z"}
{"level":"info","message":"⌛ Validating nombreRandom/nombreRandom.wlk","timeElapsed":122,"timestamp":"2026-09-16T15:04:02.528Z"}
{"level":"info","message":"⌛ Building environment","timeElapsed":190,"timestamp":"2026-09-16T15:04:03.456Z"}
{"level":"info","message":"⌛ Validating nombreRandom/nombreRandom.wlk","timeElapsed":165,"timestamp":"2026-09-16T15:04:03.626Z"}
{"level":"info","message":"⌛ Validating nombreRandom/nombreRandom.wlk","timeElapsed":130,"timestamp":"2026-09-16T15:04:04.199Z"}
{"level":"info","message":"⌛ Building environment","timeElapsed":160,"timestamp":"2026-09-16T15:04:04.542Z"}
{"level":"info","message":"⌛ Building environment","timeElapsed":102,"timestamp":"2026-09-16T15:04:04.645Z"}
{"level":"info","message":"⌛ Validating nombreRandom/nombreRandom.wlk","timeElapsed":151,"timestamp":"2026-09-16T15:04:04.797Z"}
{"level":"info","message":"⌛ Validating nombreRandom/nombreRandom.wlk","timeElapsed":150,"timestamp":"2026-09-16T15:04:05.040Z"}
{"level":"info","message":"⌛ Building environment","timeElapsed":167,"timestamp":"2026-09-16T15:04:05.208Z"}
{"level":"info","message":"⌛ Building environment","timeElapsed":110,"timestamp":"2026-09-16T15:04:05.318Z"}
{"level":"info","message":"⌛ Validating nombreRandom/nombreRandom.wlk","timeElapsed":160,"timestamp":"2026-09-16T15:04:05.478Z"}
{"level":"info","message":"⌛ Building environment","timeElapsed":109,"timestamp":"2026-09-16T15:04:05.588Z"}
{"level":"info","message":"⌛ Validating nombreRandom/nombreRandom.wlk","timeElapsed":135,"timestamp":"2026-09-16T15:04:05.728Z"}
{"level":"info","message":"⌛ Validating nombreRandom/nombreRandom.wlk","timeElapsed":150,"timestamp":"2026-09-16T15:04:05.979Z"}
{"level":"info","message":"⌛ Building environment","timeElapsed":118,"timestamp":"2026-09-16T15:04:06.183Z"}
{"level":"info","message":"⌛ Validating nombreRandom/nombreRandom.wlk","timeElapsed":133,"timestamp":"2026-09-16T15:04:06.318Z"}
{"level":"info","message":"⌛ Validating nombreRandom/nombreRandom.wlk","timeElapsed":141,"timestamp":"2026-09-16T15:04:06.548Z"}
{"level":"info","message":"⌛ Validating nombreRandom/nombreRandom.wlk","timeElapsed":122,"timestamp":"2026-09-16T15:04:06.675Z"}
{"level":"info","message":"⌛ Validating nombreRandom/nombreRandom.wlk","timeElapsed":126,"timestamp":"2026-09-16T15:04:06.889Z"}
{"level":"info","message":"⌛ Validating nombreRandom/nombreRandom.wlk","timeElapsed":133,"timestamp":"2026-09-16T15:04:07.116Z"}
{"level":"info","message":"⌛ Validating nombreRandom/nombreRandom.wlk","timeElapsed":128,"timestamp":"2026-09-16T15:04:07.250Z"}
{"level":"info","message":"⌛ Validating nombreRandom/nombreRandom.wlk","timeElapsed":130,"timestamp":"2026-09-16T15:04:07.380Z"}
{"level":"info","message":"⌛ Building environment","timeElapsed":122,"timestamp":"2026-09-16T15:04:07.504Z"}
{"level":"info","message":"⌛ Building environment","timeElapsed":111,"timestamp":"2026-09-16T15:04:07.704Z"}
{"level":"info","message":"⌛ Validating nombreRandom/nombreRandom.wlk","timeElapsed":147,"timestamp":"2026-09-16T15:04:07.932Z"}
{"level":"info","message":"⌛ Validating nombreRandom/nombreRandom.wlk","timeElapsed":176,"timestamp":"2026-09-16T15:04:08.110Z"}
{"level":"info","message":"⌛ Building environment","timeElapsed":121,"timestamp":"2026-09-16T15:04:08.231Z"}
{"level":"info","message":"⌛ Validating nombreRandom/nombreRandom.wlk","timeElapsed":136,"timestamp":"2026-09-16T15:04:08.368Z"}
{"level":"info","message":"⌛ Validating nombreRandom/nombreRandom.wlk","timeElapsed":143,"timestamp":"2026-09-16T15:04:08.616Z"}
{"level":"info","message":"⌛ Validating nombreRandom/nombreRandom.wlk","timeElapsed":129,"timestamp":"2026-09-16T15:04:08.829Z"}
{"level":"info","message":"⌛ Building environment","timeElapsed":101,"timestamp":"2026-09-16T15:04:08.931Z"}
{"level":"info","message":"⌛ Validating nombreRandom/nombreRandom.wlk","timeElapsed":128,"timestamp":"2026-09-16T15:04:09.060Z"}
{"level":"info","message":"⌛ Validating nombreRandom/nombreRandom.wlk","timeElapsed":138,"timestamp":"2026-09-16T15:04:09.287Z"}
{"level":"info","message":"⌛ Validating nombreRandom/nombreRandom.wlk","timeElapsed":114,"timestamp":"2026-09-16T15:04:09.406Z"}
{"level":"info","message":"⌛ Validating nombreRandom/nombreRandom.wlk","timeElapsed":135,"timestamp":"2026-09-16T15:04:09.542Z"}
{"level":"info","message":"⌛ Building environment","timeElapsed":106,"timestamp":"2026-09-16T15:04:09.739Z"}
{"level":"info","message":"⌛ Validating nombreRandom/nombreRandom.wlk","timeElapsed":144,"timestamp":"2026-09-16T15:04:09.884Z"}
{"level":"info","message":"⌛ Validating nombreRandom/nombreRandom.wlk","timeElapsed":124,"timestamp":"2026-09-16T15:04:10.096Z"}
{"level":"info","message":"⌛ Validating nombreRandom/nombreRandom.wlk","timeElapsed":128,"timestamp":"2026-09-16T15:04:10.302Z"}
{"level":"info","message":"⌛ Validating nombreRandom/nombreRandom.wlk","timeElapsed":114,"timestamp":"2026-09-16T15:04:10.424Z"}
{"level":"info","message":"⌛ Building environment","timeElapsed":152,"timestamp":"2026-09-16T15:04:11.102Z"}
{"level":"info","message":"⌛ Validating nombreRandom/nombreRandom.wlk","timeElapsed":158,"timestamp":"2026-09-16T15:04:11.264Z"}
{"level":"info","message":"⌛ Building environment","timeElapsed":163,"timestamp":"2026-09-16T15:04:16.461Z"}
{"level":"info","message":"⌛ Validating nombreRandom/nombreRandom.wlk","timeElapsed":135,"timestamp":"2026-09-16T15:04:16.599Z"}
{"level":"info","message":"⌛ Building environment","timeElapsed":137,"timestamp":"2026-09-16T15:04:16.832Z"}
{"level":"info","message":"⌛ Validating nombreRandom/nombreRandom.wlk","timeElapsed":247,"timestamp":"2026-09-16T15:04:17.081Z"}
{"level":"info","message":"⌛ Building environment","timeElapsed":121,"timestamp":"2026-09-16T15:04:17.202Z"}
{"level":"info","message":"⌛ Validating nombreRandom/nombreRandom.wlk","timeElapsed":143,"timestamp":"2026-09-16T15:04:17.346Z"}
{"level":"info","message":"⌛ Validating nombreRandom/nombreRandom.wlk","timeElapsed":140,"timestamp":"2026-09-16T15:04:17.673Z"}
{"level":"info","message":"⌛ Validating nombreRandom/nombreRandom.wlk","timeElapsed":128,"timestamp":"2026-09-16T15:04:17.887Z"}
{"level":"info","message":"⌛ Validating nombreRandom/nombreRandom.wlk","timeElapsed":117,"timestamp":"2026-09-16T15:04:18.005Z"}
{"level":"info","message":"⌛ Validating nombreRandom/nombreRandom.wlk","timeElapsed":133,"timestamp":"2026-09-16T15:04:18.145Z"}
{"level":"info","message":"⌛ Validating nombreRandom/nombreRandom.wlk","timeElapsed":134,"timestamp":"2026-09-16T15:04:18.372Z"}
{"level":"info","message":"⌛ Validating nombreRandom/nombreRandom.wlk","timeElapsed":129,"timestamp":"2026-09-16T15:04:18.582Z"}
{"level":"info","message":"⌛ Building environment","timeElapsed":116,"timestamp":"2026-09-16T15:04:18.865Z"}
{"level":"info","message":"⌛ Validating nombreRandom/nombreRandom.wlk","timeElapsed":126,"timestamp":"2026-09-16T15:04:18.995Z"}
{"level":"info","message":"⌛ Validating nombreRandom/nombreRandom.wlk","timeElapsed":123,"timestamp":"2026-09-16T15:04:19.464Z"}
{"level":"info","message":"⌛ Validating nombreRandom/nombreRandom.wlk","timeElapsed":125,"timestamp":"2026-09-16T15:04:19.882Z"}
{"level":"info","message":"⌛ Validating nombreRandom/nombreRandom.wlk","timeElapsed":138,"timestamp":"2026-09-16T15:04:20.115Z"}
{"level":"info","message":"⌛ Validating nombreRandom/nombreRandom.wlk","timeElapsed":126,"timestamp":"2026-09-16T15:04:20.337Z"}
{"level":"info","message":"⌛ Building environment","timeElapsed":154,"timestamp":"2026-09-16T15:04:21.255Z"}
{"level":"info","message":"⌛ Validating nombreRandom/nombreRandom.wlk","timeElapsed":166,"timestamp":"2026-09-16T15:04:21.425Z"}
{"level":"info","message":"⌛ Building environment","timeElapsed":158,"timestamp":"2026-09-16T15:05:22.354Z"}
{"level":"info","message":"⌛ Validating nombreRandom/nombreRandom.wlk","timeElapsed":176,"timestamp":"2026-09-16T15:05:22.533Z"}
{"level":"info","message":"⌛ Building environment","timeElapsed":104,"timestamp":"2026-09-16T15:05:22.640Z"}
{"level":"info","message":"⌛ Building environment","timeElapsed":132,"timestamp":"2026-09-16T15:05:22.773Z"}
{"level":"info","message":"⌛ Validating nombreRandom/nombreRandom.wlk","timeElapsed":160,"timestamp":"2026-09-16T15:05:22.934Z"}
{"level":"info","message":"⌛ Building environment","timeElapsed":159,"timestamp":"2026-09-16T15:05:23.094Z"}
{"level":"info","message":"⌛ Validating nombreRandom/nombreRandom.wlk","timeElapsed":140,"timestamp":"2026-09-16T15:05:23.235Z"}
{"level":"info","message":"⌛ Validating nombreRandom/nombreRandom.wlk","timeElapsed":132,"timestamp":"2026-09-16T15:05:23.454Z"}
{"level":"info","message":"⌛ Validating nombreRandom/nombreRandom.wlk","timeElapsed":134,"timestamp":"2026-09-16T15:05:23.589Z"}
{"level":"info","message":"⌛ Building environment","timeElapsed":149,"timestamp":"2026-09-16T15:05:24.128Z"}
{"level":"info","message":"⌛ Validating nombreRandom/nombreRandom.wlk","timeElapsed":142,"timestamp":"2026-09-16T15:05:24.274Z"}
{"level":"info","message":"⌛ Building environment","timeElapsed":213,"timestamp":"2026-09-16T15:13:53.651Z"}
{"level":"info","message":"⌛ Building environment","timeElapsed":131,"timestamp":"2026-09-16T15:13:53.783Z"}
{"level":"info","message":"⌛ Validating nombreRandom/nombreRandom.wlk","timeElapsed":230,"timestamp":"2026-09-16T15:13:54.019Z"}
{"level":"info","message":"⌛ Validating nombreRandom/nombreRandom.wlk","timeElapsed":173,"timestamp":"2026-09-16T15:13:54.193Z"}
{"level":"info","message":"⌛ Building environment","timeElapsed":151,"timestamp":"2026-09-16T15:13:54.345Z"}
{"level":"info","message":"⌛ Building environment","timeElapsed":108,"timestamp":"2026-09-16T15:13:54.459Z"}
{"level":"info","message":"⌛ Validating nombreRandom/nombreRandom.wlk","timeElapsed":199,"timestamp":"2026-09-16T15:13:54.659Z"}
{"level":"info","message":"⌛ Validating nombreRandom/nombreRandom.wlk","timeElapsed":139,"timestamp":"2026-09-16T15:13:54.799Z"}
{"level":"info","message":"⌛ Building environment","timeElapsed":109,"timestamp":"2026-09-16T15:13:54.909Z"}
{"level":"info","message":"⌛ Validating nombreRandom/nombreRandom.wlk","timeElapsed":145,"timestamp":"2026-09-16T15:13:55.166Z"}
{"level":"info","message":"⌛ Building environment","timeElapsed":192,"timestamp":"2026-09-16T15:13:55.359Z"}
{"level":"info","message":"⌛ Validating nombreRandom/nombreRandom.wlk","timeElapsed":178,"timestamp":"2026-09-16T15:13:55.538Z"}
{"level":"info","message":"⌛ Building environment","timeElapsed":115,"timestamp":"2026-09-16T15:13:55.847Z"}
{"level":"info","message":"⌛ Validating nombreRandom/nombreRandom.wlk","timeElapsed":147,"timestamp":"2026-09-16T15:13:55.995Z"}
{"level":"info","message":"⌛ Building environment","timeElapsed":173,"timestamp":"2026-09-16T15:13:56.169Z"}
{"level":"info","message":"⌛ Validating nombreRandom/nombreRandom.wlk","timeElapsed":172,"timestamp":"2026-09-16T15:13:56.342Z"}
{"level":"info","message":"⌛ Validating nombreRandom/nombreRandom.wlk","timeElapsed":161,"timestamp":"2026-09-16T15:13:56.503Z"}
{"level":"info","message":"⌛ Validating nombreRandom/nombreRandom.wlk","timeElapsed":134,"timestamp":"2026-09-16T15:13:56.742Z"}
{"level":"info","message":"⌛ Validating nombreRandom/nombreRandom.wlk","timeElapsed":132,"timestamp":"2026-09-16T15:13:56.956Z"}
{"level":"info","message":"⌛ Building environment","timeElapsed":115,"timestamp":"2026-09-16T15:13:57.170Z"}
{"level":"info","message":"⌛ Building environment","timeElapsed":123,"timestamp":"2026-09-16T15:13:57.294Z"}
{"level":"info","message":"⌛ Validating nombreRandom/nombreRandom.wlk","timeElapsed":158,"timestamp":"2026-09-16T15:13:57.570Z"}
{"level":"info","message":"⌛ Validating nombreRandom/nombreRandom.wlk","timeElapsed":131,"timestamp":"2026-09-16T15:13:57.701Z"}
{"level":"info","message":"⌛ Validating nombreRandom/nombreRandom.wlk","timeElapsed":137,"timestamp":"2026-09-16T15:13:57.941Z"}
{"level":"info","message":"⌛ Validating nombreRandom/nombreRandom.wlk","timeElapsed":140,"timestamp":"2026-09-16T15:13:58.182Z"}
{"level":"info","message":"⌛ Building environment","timeElapsed":182,"timestamp":"2026-09-16T15:13:58.366Z"}
{"level":"info","message":"⌛ Building environment","timeElapsed":113,"timestamp":"2026-09-16T15:13:58.479Z"}
{"level":"info","message":"⌛ Validating nombreRandom/nombreRandom.wlk","timeElapsed":163,"timestamp":"2026-09-16T15:13:58.642Z"}
{"level":"info","message":"⌛ Validating nombreRandom/nombreRandom.wlk","timeElapsed":141,"timestamp":"2026-09-16T15:13:58.784Z"}
{"level":"info","message":"⌛ Building environment","timeElapsed":107,"timestamp":"2026-09-16T15:13:59.076Z"}
{"level":"info","message":"⌛ Validating nombreRandom/nombreRandom.wlk","timeElapsed":144,"timestamp":"2026-09-16T15:13:59.221Z"}
{"level":"info","message":"⌛ Building environment","timeElapsed":106,"timestamp":"2026-09-16T15:13:59.328Z"}
{"level":"info","message":"⌛ Building environment","timeElapsed":102,"timestamp":"2026-09-16T15:13:59.431Z"}
{"level":"info","message":"⌛ Validating nombreRandom/nombreRandom.wlk","timeElapsed":154,"timestamp":"2026-09-16T15:13:59.595Z"}
{"level":"info","message":"⌛ Validating nombreRandom/nombreRandom.wlk","timeElapsed":131,"timestamp":"2026-09-16T15:13:59.810Z"}
{"level":"info","message":"⌛ Validating nombreRandom/nombreRandom.wlk","timeElapsed":152,"timestamp":"2026-09-16T15:14:00.053Z"}
{"level":"info","message":"⌛ Building environment","timeElapsed":101,"timestamp":"2026-09-16T15:14:00.155Z"}
{"level":"info","message":"⌛ Validating nombreRandom/nombreRandom.wlk","timeElapsed":147,"timestamp":"2026-09-16T15:14:00.384Z"}
{"level":"info","message":"⌛ Validating nombreRandom/nombreRandom.wlk","timeElapsed":141,"timestamp":"2026-09-16T15:14:00.525Z"}
{"level":"info","message":"⌛ Validating nombreRandom/nombreRandom.wlk","timeElapsed":194,"timestamp":"2026-09-16T15:14:00.730Z"}
{"level":"info","message":"⌛ Building environment","timeElapsed":120,"timestamp":"2026-09-16T15:14:00.851Z"}
{"level":"info","message":"⌛ Validating nombreRandom/nombreRandom.wlk","timeElapsed":150,"timestamp":"2026-09-16T15:14:01.000Z"}
{"level":"info","message":"⌛ Validating nombreRandom/nombreRandom.wlk","timeElapsed":138,"timestamp":"2026-09-16T15:14:01.221Z"}
{"level":"info","message":"⌛ Building environment","timeElapsed":206,"timestamp":"2026-09-16T15:14:01.429Z"}
{"level":"info","message":"⌛ Building environment","timeElapsed":106,"timestamp":"2026-09-16T15:14:01.536Z"}
{"level":"info","message":"⌛ Validating nombreRandom/nombreRandom.wlk","timeElapsed":173,"timestamp":"2026-09-16T15:14:01.708Z"}
{"level":"info","message":"⌛ Validating nombreRandom/nombreRandom.wlk","timeElapsed":142,"timestamp":"2026-09-16T15:14:01.851Z"}
{"level":"info","message":"⌛ Building environment","timeElapsed":101,"timestamp":"2026-09-16T15:14:02.056Z"}
{"level":"info","message":"⌛ Validating nombreRandom/nombreRandom.wlk","timeElapsed":141,"timestamp":"2026-09-16T15:14:02.197Z"}
{"level":"info","message":"⌛ Validating nombreRandom/nombreRandom.wlk","timeElapsed":151,"timestamp":"2026-09-16T15:14:02.349Z"}
{"level":"info","message":"⌛ Building environment","timeElapsed":174,"timestamp":"2026-09-16T15:14:02.796Z"}
{"level":"info","message":"⌛ Validating nombreRandom/nombreRandom.wlk","timeElapsed":159,"timestamp":"2026-09-16T15:14:03.050Z"}
{"level":"info","message":"⌛ Validating nombreRandom/nombreRandom.wlk","timeElapsed":150,"timestamp":"2026-09-16T15:14:03.285Z"}
{"level":"info","message":"⌛ Building environment","timeElapsed":102,"timestamp":"2026-09-16T15:14:03.472Z"}
{"level":"info","message":"⌛ Validating nombreRandom/nombreRandom.wlk","timeElapsed":125,"timestamp":"2026-09-16T15:14:03.686Z"}
{"level":"info","message":"⌛ Validating nombreRandom/nombreRandom.wlk","timeElapsed":127,"timestamp":"2026-09-16T15:14:03.814Z"}
{"level":"info","message":"⌛ Building environment","timeElapsed":106,"timestamp":"2026-09-16T15:14:04.096Z"}
{"level":"info","message":"⌛ Validating nombreRandom/nombreRandom.wlk","timeElapsed":126,"timestamp":"2026-09-16T15:14:04.324Z"}
{"level":"info","message":"⌛ Building environment","timeElapsed":274,"timestamp":"2026-09-16T15:14:04.600Z"}
{"level":"info","message":"⌛ Validating nombreRandom/nombreRandom.wlk","timeElapsed":166,"timestamp":"2026-09-16T15:14:04.767Z"}
{"level":"info","message":"⌛ Building environment","timeElapsed":104,"timestamp":"2026-09-16T15:14:04.871Z"}
{"level":"info","message":"⌛ Validating nombreRandom/nombreRandom.wlk","timeElapsed":142,"timestamp":"2026-09-16T15:14:05.099Z"}
{"level":"info","message":"⌛ Validating nombreRandom/nombreRandom.wlk","timeElapsed":134,"timestamp":"2026-09-16T15:14:05.317Z"}
{"level":"info","message":"⌛ Validating nombreRandom/nombreRandom.wlk","timeElapsed":118,"timestamp":"2026-09-16T15:14:05.434Z"}
{"level":"info","message":"⌛ Building environment","timeElapsed":154,"timestamp":"2026-09-16T15:14:05.594Z"}
{"level":"info","message":"⌛ Validating nombreRandom/nombreRandom.wlk","timeElapsed":148,"timestamp":"2026-09-16T15:14:05.743Z"}
{"level":"info","message":"⌛ Validating nombreRandom/nombreRandom.wlk","timeElapsed":131,"timestamp":"2026-09-16T15:14:05.873Z"}
{"level":"info","message":"⌛ Validating nombreRandom/nombreRandom.wlk","timeElapsed":152,"timestamp":"2026-09-16T15:14:06.205Z"}
{"level":"info","message":"⌛ Building environment","timeElapsed":133,"timestamp":"2026-09-16T15:14:06.224Z"}
{"level":"info","message":"⌛ Validating nombreRandom/nombreRandom.wlk","timeElapsed":167,"timestamp":"2026-09-16T15:14:06.395Z"}
{"level":"info","message":"⌛ Validating nombreRandom/nombreRandom.wlk","timeElapsed":153,"timestamp":"2026-09-16T15:14:06.567Z"}
{"level":"info","message":"⌛ Validating nombreRandom/nombreRandom.wlk","timeElapsed":133,"timestamp":"2026-09-16T15:14:06.778Z"}
{"level":"info","message":"⌛ Validating nombreRandom/nombreRandom.wlk","timeElapsed":151,"timestamp":"2026-09-16T15:14:06.930Z"}
{"level":"info","message":"⌛ Building environment","timeElapsed":126,"timestamp":"2026-09-16T15:14:07.061Z"}
{"level":"info","message":"⌛ Validating nombreRandom/nombreRandom.wlk","timeElapsed":135,"timestamp":"2026-09-16T15:14:07.197Z"}
{"level":"info","message":"⌛ Validating nombreRandom/nombreRandom.wlk","timeElapsed":134,"timestamp":"2026-09-16T15:14:07.437Z"}
{"level":"info","message":"⌛ Validating nombreRandom/nombreRandom.wlk","timeElapsed":137,"timestamp":"2026-09-16T15:14:07.574Z"}
{"level":"info","message":"⌛ Building environment","timeElapsed":101,"timestamp":"2026-09-16T15:14:07.677Z"}
{"level":"info","message":"⌛ Validating nombreRandom/nombreRandom.wlk","timeElapsed":146,"timestamp":"2026-09-16T15:14:07.823Z"}
{"level":"info","message":"⌛ Validating nombreRandom/nombreRandom.wlk","timeElapsed":125,"timestamp":"2026-09-16T15:14:08.036Z"}
{"level":"info","message":"⌛ Validating nombreRandom/nombreRandom.wlk","timeElapsed":132,"timestamp":"2026-09-16T15:14:08.334Z"}
{"level":"info","message":"⌛ Validating nombreRandom/nombreRandom.wlk","timeElapsed":119,"timestamp":"2026-09-16T15:14:08.454Z"}
{"level":"info","message":"⌛ Validating nombreRandom/nombreRandom.wlk","timeElapsed":134,"timestamp":"2026-09-16T15:14:08.594Z"}
{"level":"info","message":"⌛ Validating nombreRandom/nombreRandom.wlk","timeElapsed":120,"timestamp":"2026-09-16T15:14:08.715Z"}
{"level":"info","message":"⌛ Validating nombreRandom/nombreRandom.wlk","timeElapsed":138,"timestamp":"2026-09-16T15:14:08.854Z"}
{"level":"info","message":"⌛ Validating nombreRandom/nombreRandom.wlk","timeElapsed":119,"timestamp":"2026-09-16T15:14:08.973Z"}
{"level":"info","message":"⌛ Validating nombreRandom/nombreRandom.wlk","timeElapsed":130,"timestamp":"2026-09-16T15:14:09.104Z"}
{"level":"info","message":"⌛ Validating nombreRandom/nombreRandom.wlk","timeElapsed":136,"timestamp":"2026-09-16T15:14:09.240Z"}
{"level":"info","message":"⌛ Validating nombreRandom/nombreRandom.wlk","timeElapsed":211,"timestamp":"2026-09-16T15:14:09.453Z"}
{"level":"info","message":"⌛ Building environment","timeElapsed":133,"timestamp":"2026-09-16T15:14:09.587Z"}
{"level":"info","message":"⌛ Validating nombreRandom/nombreRandom.wlk","timeElapsed":123,"timestamp":"2026-09-16T15:14:09.710Z"}
{"level":"info","message":"⌛ Validating nombreRandom/nombreRandom.wlk","timeElapsed":130,"timestamp":"2026-09-16T15:14:09.923Z"}
{"level":"info","message":"⌛ Validating nombreRandom/nombreRandom.wlk","timeElapsed":122,"timestamp":"2026-09-16T15:14:10.228Z"}
{"level":"info","message":"⌛ Validating nombreRandom/nombreRandom.wlk","timeElapsed":169,"timestamp":"2026-09-16T15:14:10.480Z"}
{"level":"info","message":"⌛ Building environment","timeElapsed":125,"timestamp":"2026-09-16T15:14:10.488Z"}
{"level":"info","message":"⌛ Validating nombreRandom/nombreRandom.wlk","timeElapsed":173,"timestamp":"2026-09-16T15:14:10.666Z"}
{"level":"info","message":"⌛ Validating nombreRandom/nombreRandom.wlk","timeElapsed":188,"timestamp":"2026-09-16T15:14:10.676Z"}
{"level":"info","message":"⌛ Validating nombreRandom/nombreRandom.wlk","timeElapsed":136,"timestamp":"2026-09-16T15:14:10.813Z"}
{"level":"info","message":"⌛ Building environment","timeElapsed":112,"timestamp":"2026-09-16T15:14:11.020Z"}
{"level":"info","message":"⌛ Building environment","timeElapsed":123,"timestamp":"2026-09-16T15:14:11.144Z"}
{"level":"info","message":"⌛ Validating nombreRandom/nombreRandom.wlk","timeElapsed":125,"timestamp":"2026-09-16T15:14:11.554Z"}
{"level":"info","message":"⌛ Validating nombreRandom/nombreRandom.wlk","timeElapsed":116,"timestamp":"2026-09-16T15:14:11.675Z"}
{"level":"info","message":"⌛ Validating nombreRandom/nombreRandom.wlk","timeElapsed":120,"timestamp":"2026-09-16T15:14:11.795Z"}
{"level":"info","message":"⌛ Validating nombreRandom/nombreRandom.wlk","timeElapsed":116,"timestamp":"2026-09-16T15:14:11.912Z"}
{"level":"info","message":"⌛ Validating nombreRandom/nombreRandom.wlk","timeElapsed":155,"timestamp":"2026-09-16T15:14:12.148Z"}
{"level":"info","message":"⌛ Building environment","timeElapsed":124,"timestamp":"2026-09-16T15:14:12.173Z"}
{"level":"info","message":"⌛ Building environment","timeElapsed":113,"timestamp":"2026-09-16T15:14:12.261Z"}
{"level":"info","message":"⌛ Building environment","timeElapsed":112,"timestamp":"2026-09-16T15:14:12.374Z"}
{"level":"info","message":"⌛ Validating nombreRandom/nombreRandom.wlk","timeElapsed":256,"timestamp":"2026-09-16T15:14:12.436Z"}
{"level":"info","message":"⌛ Building environment","timeElapsed":174,"timestamp":"2026-09-16T15:14:12.565Z"}
{"level":"info","message":"⌛ Validating nombreRandom/nombreRandom.wlk","timeElapsed":153,"timestamp":"2026-09-16T15:14:12.720Z"}
{"level":"info","message":"⌛ Building environment","timeElapsed":243,"timestamp":"2026-09-16T15:14:12.967Z"}
{"level":"info","message":"⌛ Validating nombreRandom/nombreRandom.wlk","timeElapsed":141,"timestamp":"2026-09-16T15:14:13.109Z"}
{"level":"info","message":"⌛ Validating nombreRandom/nombreRandom.wlk","timeElapsed":127,"timestamp":"2026-09-16T15:14:13.236Z"}
{"level":"info","message":"⌛ Validating nombreRandom/nombreRandom.wlk","timeElapsed":133,"timestamp":"2026-09-16T15:14:13.382Z"}
{"level":"info","message":"⌛ Validating nombreRandom/nombreRandom.wlk","timeElapsed":121,"timestamp":"2026-09-16T15:14:13.504Z"}
{"level":"info","message":"⌛ Validating nombreRandom/nombreRandom.wlk","timeElapsed":122,"timestamp":"2026-09-16T15:14:13.626Z"}
{"level":"info","message":"⌛ Validating nombreRandom/nombreRandom.wlk","timeElapsed":120,"timestamp":"2026-09-16T15:14:13.746Z"}
{"level":"info","message":"⌛ Validating nombreRandom/nombreRandom.wlk","timeElapsed":121,"timestamp":"2026-09-16T15:14:13.868Z"}
{"level":"info","message":"⌛ Validating nombreRandom/nombreRandom.wlk","timeElapsed":119,"timestamp":"2026-09-16T15:14:13.987Z"}
{"level":"info","message":"⌛ Validating nombreRandom/nombreRandom.wlk","timeElapsed":117,"timestamp":"2026-09-16T15:14:14.107Z"}
{"level":"info","message":"⌛ Validating nombreRandom/nombreRandom.wlk","timeElapsed":116,"timestamp":"2026-09-16T15:14:14.223Z"}
{"level":"info","message":"⌛ Building environment","timeElapsed":121,"timestamp":"2026-09-16T15:14:29.101Z"}
{"level":"info","message":"⌛ Validating nombreRandom/nombreRandom.wlk","timeElapsed":131,"timestamp":"2026-09-16T15:14:29.239Z"}
{"level":"info","message":"⌛ Validating nombreRandom/nombreRandom.wlk","timeElapsed":124,"timestamp":"2026-09-16T15:14:30.051Z"}
{"level":"info","message":"⌛ Building environment","timeElapsed":147,"timestamp":"2026-09-16T15:14:30.480Z"}
{"level":"info","message":"⌛ Building environment","timeElapsed":104,"timestamp":"2026-09-16T15:14:30.676Z"}
{"level":"info","message":"⌛ Validating nombreRandom/nombreRandom.wlk","timeElapsed":134,"timestamp":"2026-09-16T15:14:30.810Z"}
{"level":"info","message":"⌛ Validating nombreRandom/nombreRandom.wlk","timeElapsed":135,"timestamp":"2026-09-16T15:14:30.946Z"}
{"level":"info","message":"⌛ Validating nombreRandom/nombreRandom.wlk","timeElapsed":131,"timestamp":"2026-09-16T15:14:31.173Z"}
{"level":"info","message":"⌛ Validating nombreRandom/nombreRandom.wlk","timeElapsed":131,"timestamp":"2026-09-16T15:14:31.394Z"}
{"level":"info","message":"⌛ Validating nombreRandom/nombreRandom.wlk","timeElapsed":137,"timestamp":"2026-09-16T15:14:31.631Z"}
{"level":"info","message":"⌛ Validating nombreRandom/nombreRandom.wlk","timeElapsed":138,"timestamp":"2026-09-16T15:14:31.851Z"}
{"level":"info","message":"⌛ Building environment","timeElapsed":147,"timestamp":"2026-09-16T15:14:32.092Z"}
{"level":"info","message":"⌛ Validating nombreRandom/nombreRandom.wlk","timeElapsed":124,"timestamp":"2026-09-16T15:14:32.228Z"}
{"level":"info","message":"⌛ Validating nombreRandom/nombreRandom.wlk","timeElapsed":117,"timestamp":"2026-09-16T15:14:32.344Z"}
{"level":"info","message":"⌛ Validating nombreRandom/nombreRandom.wlk","timeElapsed":128,"timestamp":"2026-09-16T15:14:32.481Z"}
{"level":"info","message":"⌛ Building environment","timeElapsed":173,"timestamp":"2026-09-16T15:14:32.747Z"}
{"level":"info","message":"⌛ Validating nombreRandom/nombreRandom.wlk","timeElapsed":143,"timestamp":"2026-09-16T15:14:32.891Z"}
{"level":"info","message":"⌛ Validating nombreRandom/nombreRandom.wlk","timeElapsed":144,"timestamp":"2026-09-16T15:14:33.035Z"}
{"level":"info","message":"⌛ Building environment","timeElapsed":105,"timestamp":"2026-09-16T15:14:33.151Z"}
{"level":"info","message":"⌛ Validating nombreRandom/nombreRandom.wlk","timeElapsed":150,"timestamp":"2026-09-16T15:14:33.413Z"}
{"level":"info","message":"⌛ Validating nombreRandom/nombreRandom.wlk","timeElapsed":155,"timestamp":"2026-09-16T15:14:33.654Z"}
{"level":"info","message":"⌛ Validating nombreRandom/nombreRandom.wlk","timeElapsed":181,"timestamp":"2026-09-16T15:14:33.925Z"}
{"level":"info","message":"⌛ Building environment","timeElapsed":145,"timestamp":"2026-09-16T15:14:34.071Z"}
{"level":"info","message":"⌛ Validating nombreRandom/nombreRandom.wlk","timeElapsed":127,"timestamp":"2026-09-16T15:14:34.199Z"}
{"level":"info","message":"⌛ Validating nombreRandom/nombreRandom.wlk","timeElapsed":136,"timestamp":"2026-09-16T15:14:34.435Z"}
{"level":"info","message":"⌛ Validating nombreRandom/nombreRandom.wlk","timeElapsed":116,"timestamp":"2026-09-16T15:14:34.558Z"}
{"level":"info","message":"⌛ Validating nombreRandom/nombreRandom.wlk","timeElapsed":126,"timestamp":"2026-09-16T15:14:34.776Z"}
{"level":"info","message":"⌛ Building environment","timeElapsed":159,"timestamp":"2026-09-16T15:14:35.645Z"}
{"level":"info","message":"⌛ Validating nombreRandom/nombreRandom.wlk","timeElapsed":152,"timestamp":"2026-09-16T15:14:35.799Z"}
{"level":"info","message":"⌛ Building environment","timeElapsed":107,"timestamp":"2026-09-16T15:14:36.206Z"}
{"level":"info","message":"⌛ Validating nombreRandom/nombreRandom.wlk","timeElapsed":119,"timestamp":"2026-09-16T15:14:36.330Z"}
{"level":"info","message":"⌛ Building environment","timeElapsed":117,"timestamp":"2026-09-16T15:14:36.556Z"}
{"level":"info","message":"⌛ Validating nombreRandom/nombreRandom.wlk","timeElapsed":153,"timestamp":"2026-09-16T15:14:36.716Z"}
{"level":"info","message":"⌛ Validating nombreRandom/nombreRandom.wlk","timeElapsed":207,"timestamp":"2026-09-16T15:14:37.112Z"}
{"level":"info","message":"⌛ Building environment","timeElapsed":138,"timestamp":"2026-09-16T15:14:37.251Z"}
{"level":"info","message":"⌛ Validating nombreRandom/nombreRandom.wlk","timeElapsed":127,"timestamp":"2026-09-16T15:14:37.379Z"}
{"level":"info","message":"⌛ Building environment","timeElapsed":107,"timestamp":"2026-09-16T15:14:37.595Z"}
{"level":"info","message":"⌛ Validating nombreRandom/nombreRandom.wlk","timeElapsed":141,"timestamp":"2026-09-16T15:14:37.833Z"}
{"level":"info","message":"⌛ Validating nombreRandom/nombreRandom.wlk","timeElapsed":130,"timestamp":"2026-09-16T15:14:38.170Z"}
{"level":"info","message":"⌛ Validating nombreRandom/nombreRandom.wlk","timeElapsed":121,"timestamp":"2026-09-16T15:14:38.292Z"}
{"level":"info","message":"⌛ Building environment","timeElapsed":115,"timestamp":"2026-09-16T15:14:38.409Z"}
{"level":"info","message":"⌛ Validating nombreRandom/nombreRandom.wlk","timeElapsed":131,"timestamp":"2026-09-16T15:14:38.539Z"}
{"level":"info","message":"⌛ Validating nombreRandom/nombreRandom.wlk","timeElapsed":122,"timestamp":"2026-09-16T15:14:38.747Z"}
{"level":"info","message":"⌛ Validating nombreRandom/nombreRandom.wlk","timeElapsed":114,"timestamp":"2026-09-16T15:14:38.862Z"}
{"level":"info","message":"⌛ Validating nombreRandom/nombreRandom.wlk","timeElapsed":121,"timestamp":"2026-09-16T15:14:39.079Z"}
{"level":"info","message":"⌛ Validating nombreRandom/nombreRandom.wlk","timeElapsed":127,"timestamp":"2026-09-16T15:14:39.212Z"}
{"level":"info","message":"⌛ Building environment","timeElapsed":130,"timestamp":"2026-09-16T15:14:39.356Z"}
{"level":"info","message":"⌛ Validating nombreRandom/nombreRandom.wlk","timeElapsed":153,"timestamp":"2026-09-16T15:14:39.366Z"}
{"level":"info","message":"⌛ Validating nombreRandom/nombreRandom.wlk","timeElapsed":145,"timestamp":"2026-09-16T15:14:39.504Z"}
{"level":"info","message":"⌛ Validating nombreRandom/nombreRandom.wlk","timeElapsed":154,"timestamp":"2026-09-16T15:14:40.830Z"}
{"level":"info","message":"⌛ Building environment","timeElapsed":189,"timestamp":"2026-09-16T15:14:41.022Z"}
{"level":"info","message":"⌛ Building environment","timeElapsed":108,"timestamp":"2026-09-16T15:14:41.130Z"}
{"level":"info","message":"⌛ Validating nombreRandom/nombreRandom.wlk","timeElapsed":152,"timestamp":"2026-09-16T15:14:41.394Z"}
{"level":"info","message":"⌛ Validating nombreRandom/nombreRandom.wlk","timeElapsed":156,"timestamp":"2026-09-16T15:14:41.630Z"}
{"level":"info","message":"⌛ Validating nombreRandom/nombreRandom.wlk","timeElapsed":144,"timestamp":"2026-09-16T15:14:41.773Z"}
{"level":"info","message":"⌛ Building environment","timeElapsed":113,"timestamp":"2026-09-16T15:14:41.887Z"}
{"level":"info","message":"⌛ Building environment","timeElapsed":123,"timestamp":"2026-09-16T15:14:42.009Z"}
{"level":"info","message":"⌛ Validating nombreRandom/nombreRandom.wlk","timeElapsed":145,"timestamp":"2026-09-16T15:14:42.154Z"}
{"level":"info","message":"⌛ Validating nombreRandom/nombreRandom.wlk","timeElapsed":147,"timestamp":"2026-09-16T15:14:42.398Z"}
{"level":"info","message":"⌛ Validating nombreRandom/nombreRandom.wlk","timeElapsed":143,"timestamp":"2026-09-16T15:14:42.635Z"}
{"level":"info","message":"⌛ Validating nombreRandom/nombreRandom.wlk","timeElapsed":131,"timestamp":"2026-09-16T15:14:42.976Z"}
{"level":"info","message":"⌛ Validating nombreRandom/nombreRandom.wlk","timeElapsed":138,"timestamp":"2026-09-16T15:14:43.199Z"}
{"level":"info","message":"⌛ Validating nombreRandom/nombreRandom.wlk","timeElapsed":140,"timestamp":"2026-09-16T15:14:43.536Z"}
{"level":"info","message":"⌛ Building environment","timeElapsed":142,"timestamp":"2026-09-16T15:14:43.679Z"}
{"level":"info","message":"⌛ Validating nombreRandom/nombreRandom.wlk","timeElapsed":133,"timestamp":"2026-09-16T15:14:43.812Z"}
{"level":"info","message":"⌛ Building environment","timeElapsed":220,"timestamp":"2026-09-16T15:14:44.034Z"}
{"level":"info","message":"⌛ Validating nombreRandom/nombreRandom.wlk","timeElapsed":142,"timestamp":"2026-09-16T15:14:44.177Z"}
{"level":"info","message":"⌛ Building environment","timeElapsed":118,"timestamp":"2026-09-16T15:14:44.296Z"}
{"level":"info","message":"⌛ Validating nombreRandom/nombreRandom.wlk","timeElapsed":145,"timestamp":"2026-09-16T15:14:44.448Z"}
{"level":"info","message":"⌛ Building environment","timeElapsed":171,"timestamp":"2026-09-16T15:14:44.620Z"}
{"level":"info","message":"⌛ Validating nombreRandom/nombreRandom.wlk","timeElapsed":141,"timestamp":"2026-09-16T15:14:44.760Z"}
{"level":"info","message":"⌛ Validating nombreRandom/nombreRandom.wlk","timeElapsed":136,"timestamp":"2026-09-16T15:14:45.083Z"}
{"level":"info","message":"⌛ Validating nombreRandom/nombreRandom.wlk","timeElapsed":156,"timestamp":"2026-09-16T15:14:45.327Z"}
{"level":"info","message":"⌛ Validating nombreRandom/nombreRandom.wlk","timeElapsed":133,"timestamp":"2026-09-16T15:14:45.468Z"}
{"level":"info","message":"⌛ Validating nombreRandom/nombreRandom.wlk","timeElapsed":141,"timestamp":"2026-09-16T15:14:45.614Z"}
{"level":"info","message":"⌛ Validating nombreRandom/nombreRandom.wlk","timeElapsed":140,"timestamp":"2026-09-16T15:14:45.902Z"}
{"level":"info","message":"⌛ Building environment","timeElapsed":107,"timestamp":"2026-09-16T15:14:46.011Z"}
{"level":"info","message":"⌛ Validating nombreRandom/nombreRandom.wlk","timeElapsed":133,"timestamp":"2026-09-16T15:14:46.145Z"}
{"level":"info","message":"⌛ Validating nombreRandom/nombreRandom.wlk","timeElapsed":122,"timestamp":"2026-09-16T15:14:46.267Z"}
{"level":"info","message":"⌛ Validating nombreRandom/nombreRandom.wlk","timeElapsed":138,"timestamp":"2026-09-16T15:14:46.777Z"}
{"level":"info","message":"⌛ Building environment","timeElapsed":189,"timestamp":"2026-09-16T15:14:47.133Z"}
{"level":"info","message":"⌛ Validating nombreRandom/nombreRandom.wlk","timeElapsed":135,"timestamp":"2026-09-16T15:14:47.268Z"}
{"level":"info","message":"⌛ Building environment","timeElapsed":101,"timestamp":"2026-09-16T15:14:47.370Z"}
{"level":"info","message":"⌛ Validating nombreRandom/nombreRandom.wlk","timeElapsed":140,"timestamp":"2026-09-16T15:14:47.515Z"}
{"level":"info","message":"⌛ Validating nombreRandom/nombreRandom.wlk","timeElapsed":122,"timestamp":"2026-09-16T15:14:47.638Z"}
{"level":"info","message":"⌛ Validating nombreRandom/nombreRandom.wlk","timeElapsed":147,"timestamp":"2026-09-16T15:14:47.785Z"}
{"level":"info","message":"⌛ Validating nombreRandom/nombreRandom.wlk","timeElapsed":134,"timestamp":"2026-09-16T15:14:47.921Z"}
{"level":"info","message":"⌛ Validating nombreRandom/nombreRandom.wlk","timeElapsed":135,"timestamp":"2026-09-16T15:14:48.154Z"}
{"level":"info","message":"⌛ Validating nombreRandom/nombreRandom.wlk","timeElapsed":141,"timestamp":"2026-09-16T15:14:48.380Z"}
{"level":"info","message":"⌛ Validating nombreRandom/nombreRandom.wlk","timeElapsed":123,"timestamp":"2026-09-16T15:14:48.502Z"}
{"level":"info","message":"⌛ Validating nombreRandom/nombreRandom.wlk","timeElapsed":130,"timestamp":"2026-09-16T15:14:48.725Z"}
{"level":"info","message":"⌛ Building environment","timeElapsed":119,"timestamp":"2026-09-16T15:14:48.845Z"}
{"level":"info","message":"⌛ Building environment","timeElapsed":108,"timestamp":"2026-09-16T15:14:48.953Z"}
{"level":"info","message":"⌛ Building environment","timeElapsed":101,"timestamp":"2026-09-16T15:14:49.054Z"}
{"level":"info","message":"⌛ Validating nombreRandom/nombreRandom.wlk","timeElapsed":139,"timestamp":"2026-09-16T15:14:49.194Z"}
{"level":"info","message":"⌛ Validating nombreRandom/nombreRandom.wlk","timeElapsed":130,"timestamp":"2026-09-16T15:14:49.329Z"}
{"level":"info","message":"⌛ Building environment","timeElapsed":174,"timestamp":"2026-09-16T15:14:49.503Z"}
{"level":"info","message":"⌛ Building environment","timeElapsed":102,"timestamp":"2026-09-16T15:14:49.606Z"}
{"level":"info","message":"⌛ Validating nombreRandom/nombreRandom.wlk","timeElapsed":143,"timestamp":"2026-09-16T15:14:49.754Z"}
{"level":"info","message":"⌛ Validating nombreRandom/nombreRandom.wlk","timeElapsed":135,"timestamp":"2026-09-16T15:14:49.890Z"}
{"level":"info","message":"⌛ Building environment","timeElapsed":103,"timestamp":"2026-09-16T15:14:49.994Z"}
{"level":"info","message":"⌛ Validating nombreRandom/nombreRandom.wlk","timeElapsed":130,"timestamp":"2026-09-16T15:14:50.123Z"}
{"level":"info","message":"⌛ Validating nombreRandom/nombreRandom.wlk","timeElapsed":136,"timestamp":"2026-09-16T15:14:50.454Z"}
{"level":"info","message":"⌛ Validating nombreRandom/nombreRandom.wlk","timeElapsed":149,"timestamp":"2026-09-16T15:14:50.603Z"}
{"level":"info","message":"⌛ Building environment","timeElapsed":127,"timestamp":"2026-09-16T15:14:50.826Z"}
{"level":"info","message":"⌛ Validating nombreRandom/nombreRandom.wlk","timeElapsed":137,"timestamp":"2026-09-16T15:14:51.059Z"}
{"level":"info","message":"⌛ Validating nombreRandom/nombreRandom.wlk","timeElapsed":128,"timestamp":"2026-09-16T15:14:51.370Z"}
{"level":"info","message":"⌛ Building environment","timeElapsed":214,"timestamp":"2026-09-16T15:14:51.585Z"}
{"level":"info","message":"⌛ Validating nombreRandom/nombreRandom.wlk","timeElapsed":147,"timestamp":"2026-09-16T15:14:51.733Z"}
{"level":"info","message":"⌛ Building environment","timeElapsed":105,"timestamp":"2026-09-16T15:14:51.928Z"}
{"level":"info","message":"⌛ Validating nombreRandom/nombreRandom.wlk","timeElapsed":138,"timestamp":"2026-09-16T15:14:52.159Z"}
{"level":"info","message":"⌛ Validating nombreRandom/nombreRandom.wlk","timeElapsed":128,"timestamp":"2026-09-16T15:14:52.288Z"}
{"level":"info","message":"⌛ Validating nombreRandom/nombreRandom.wlk","timeElapsed":120,"timestamp":"2026-09-16T15:14:52.409Z"}
{"level":"info","message":"⌛ Validating nombreRandom/nombreRandom.wlk","timeElapsed":160,"timestamp":"2026-09-16T15:14:52.747Z"}
{"level":"info","message":"⌛ Validating nombreRandom/nombreRandom.wlk","timeElapsed":149,"timestamp":"2026-09-16T15:14:52.898Z"}
{"level":"info","message":"⌛ Validating nombreRandom/nombreRandom.wlk","timeElapsed":123,"timestamp":"2026-09-16T15:14:53.026Z"}
{"level":"info","message":"⌛ Validating nombreRandom/nombreRandom.wlk","timeElapsed":132,"timestamp":"2026-09-16T15:14:53.163Z"}
{"level":"info","message":"⌛ Validating nombreRandom/nombreRandom.wlk","timeElapsed":127,"timestamp":"2026-09-16T15:14:53.375Z"}
{"level":"info","message":"⌛ Validating nombreRandom/nombreRandom.wlk","timeElapsed":119,"timestamp":"2026-09-16T15:14:53.495Z"}
{"level":"info","message":"⌛ Validating nombreRandom/nombreRandom.wlk","timeElapsed":136,"timestamp":"2026-09-16T15:14:53.722Z"}
{"level":"info","message":"⌛ Validating nombreRandom/nombreRandom.wlk","timeElapsed":118,"timestamp":"2026-09-16T15:14:53.841Z"}
{"level":"info","message":"⌛ Building environment","timeElapsed":102,"timestamp":"2026-09-16T15:14:54.040Z"}
{"level":"info","message":"⌛ Validating nombreRandom/nombreRandom.wlk","timeElapsed":138,"timestamp":"2026-09-16T15:14:54.279Z"}
{"level":"info","message":"⌛ Validating nombreRandom/nombreRandom.wlk","timeElapsed":115,"timestamp":"2026-09-16T15:14:54.398Z"}
{"level":"info","message":"⌛ Building environment","timeElapsed":170,"timestamp":"2026-09-16T15:14:54.659Z"}
{"level":"info","message":"⌛ Validating nombreRandom/nombreRandom.wlk","timeElapsed":149,"timestamp":"2026-09-16T15:14:54.808Z"}
{"level":"info","message":"⌛ Validating nombreRandom/nombreRandom.wlk","timeElapsed":142,"timestamp":"2026-09-16T15:14:55.037Z"}
{"level":"info","message":"⌛ Validating nombreRandom/nombreRandom.wlk","timeElapsed":133,"timestamp":"2026-09-16T15:14:55.171Z"}
{"level":"info","message":"⌛ Validating nombreRandom/nombreRandom.wlk","timeElapsed":122,"timestamp":"2026-09-16T15:14:55.390Z"}
{"level":"info","message":"⌛ Validating nombreRandom/nombreRandom.wlk","timeElapsed":169,"timestamp":"2026-09-16T15:14:55.704Z"}
{"level":"info","message":"⌛ Building environment","timeElapsed":118,"timestamp":"2026-09-16T15:14:55.822Z"}
{"level":"info","message":"⌛ Validating nombreRandom/nombreRandom.wlk","timeElapsed":130,"timestamp":"2026-09-16T15:14:55.961Z"}
{"level":"info","message":"⌛ Validating nombreRandom/nombreRandom.wlk","timeElapsed":121,"timestamp":"2026-09-16T15:14:56.357Z"}
{"level":"info","message":"⌛ Validating nombreRandom/nombreRandom.wlk","timeElapsed":120,"timestamp":"2026-09-16T15:14:56.478Z"}
{"level":"info","message":"⌛ Validating nombreRandom/nombreRandom.wlk","timeElapsed":117,"timestamp":"2026-09-16T15:14:56.603Z"}
{"level":"info","message":"⌛ Building environment","timeElapsed":103,"timestamp":"2026-09-16T15:14:56.707Z"}
{"level":"info","message":"⌛ Validating nombreRandom/nombreRandom.wlk","timeElapsed":129,"timestamp":"2026-09-16T15:14:56.836Z"}
{"level":"info","message":"⌛ Validating nombreRandom/nombreRandom.wlk","timeElapsed":127,"timestamp":"2026-09-16T15:14:56.964Z"}
{"level":"info","message":"⌛ Validating nombreRandom/nombreRandom.wlk","timeElapsed":141,"timestamp":"2026-09-16T15:14:57.113Z"}
{"level":"info","message":"⌛ Building environment","timeElapsed":136,"timestamp":"2026-09-16T15:14:57.135Z"}
{"level":"info","message":"⌛ Validating nombreRandom/nombreRandom.wlk","timeElapsed":159,"timestamp":"2026-09-16T15:14:57.272Z"}
{"level":"info","message":"⌛ Validating nombreRandom/nombreRandom.wlk","timeElapsed":184,"timestamp":"2026-09-16T15:14:57.328Z"}
{"level":"info","message":"⌛ Validating nombreRandom/nombreRandom.wlk","timeElapsed":134,"timestamp":"2026-09-16T15:14:57.619Z"}
{"level":"info","message":"⌛ Validating nombreRandom/nombreRandom.wlk","timeElapsed":149,"timestamp":"2026-09-16T15:14:57.866Z"}
{"level":"info","message":"⌛ Validating nombreRandom/nombreRandom.wlk","timeElapsed":150,"timestamp":"2026-09-16T15:14:58.101Z"}
{"level":"info","message":"⌛ Building environment","timeElapsed":104,"timestamp":"2026-09-16T15:14:58.205Z"}
{"level":"info","message":"⌛ Validating nombreRandom/nombreRandom.wlk","timeElapsed":134,"timestamp":"2026-09-16T15:14:58.344Z"}
{"level":"info","message":"⌛ Validating nombreRandom/nombreRandom.wlk","timeElapsed":128,"timestamp":"2026-09-16T15:14:58.560Z"}
{"level":"info","message":"⌛ Validating nombreRandom/nombreRandom.wlk","timeElapsed":128,"timestamp":"2026-09-16T15:14:58.775Z"}
{"level":"info","message":"⌛ Validating nombreRandom/nombreRandom.wlk","timeElapsed":128,"timestamp":"2026-09-16T15:14:59.497Z"}
{"level":"info","message":"⌛ Building environment","timeElapsed":115,"timestamp":"2026-09-16T15:14:59.668Z"}
{"level":"info","message":"⌛ Validating nombreRandom/nombreRandom.wlk","timeElapsed":155,"timestamp":"2026-09-16T15:14:59.825Z"}
{"level":"info","message":"⌛ Building environment","timeElapsed":111,"timestamp":"2026-09-16T15:14:59.937Z"}
{"level":"info","message":"⌛ Validating nombreRandom/nombreRandom.wlk","timeElapsed":160,"timestamp":"2026-09-16T15:15:00.101Z"}
{"level":"info","message":"⌛ Validating nombreRandom/nombreRandom.wlk","timeElapsed":140,"timestamp":"2026-09-16T15:15:00.334Z"}
{"level":"info","message":"⌛ Building environment","timeElapsed":104,"timestamp":"2026-09-16T15:15:00.439Z"}
{"level":"info","message":"⌛ Validating nombreRandom/nombreRandom.wlk","timeElapsed":132,"timestamp":"2026-09-16T15:15:00.681Z"}
{"level":"info","message":"⌛ Building environment","timeElapsed":107,"timestamp":"2026-09-16T15:15:00.789Z"}
{"level":"info","message":"⌛ Validating nombreRandom/nombreRandom.wlk","timeElapsed":131,"timestamp":"2026-09-16T15:15:00.921Z"}
{"level":"info","message":"⌛ Validating nombreRandom/nombreRandom.wlk","timeElapsed":139,"timestamp":"2026-09-16T15:15:01.156Z"}
{"level":"info","message":"⌛ Building environment","timeElapsed":113,"timestamp":"2026-09-16T15:15:01.269Z"}
{"level":"info","message":"⌛ Validating nombreRandom/nombreRandom.wlk","timeElapsed":141,"timestamp":"2026-09-16T15:15:01.411Z"}
{"level":"info","message":"⌛ Validating nombreRandom/nombreRandom.wlk","timeElapsed":128,"timestamp":"2026-09-16T15:15:01.629Z"}
{"level":"info","message":"⌛ Validating nombreRandom/nombreRandom.wlk","timeElapsed":124,"timestamp":"2026-09-16T15:15:01.840Z"}
{"level":"info","message":"⌛ Validating nombreRandom/nombreRandom.wlk","timeElapsed":131,"timestamp":"2026-09-16T15:15:01.976Z"}
{"level":"info","message":"⌛ Validating nombreRandom/nombreRandom.wlk","timeElapsed":141,"timestamp":"2026-09-16T15:15:02.297Z"}
{"level":"info","message":"⌛ Building environment","timeElapsed":186,"timestamp":"2026-09-16T15:15:02.484Z"}
{"level":"info","message":"⌛ Validating nombreRandom/nombreRandom.wlk","timeElapsed":150,"timestamp":"2026-09-16T15:15:02.634Z"}
{"level":"info","message":"⌛ Validating nombreRandom/nombreRandom.wlk","timeElapsed":136,"timestamp":"2026-09-16T15:15:02.771Z"}
{"level":"info","message":"⌛ Validating nombreRandom/nombreRandom.wlk","timeElapsed":140,"timestamp":"2026-09-16T15:15:03.021Z"}
{"level":"info","message":"⌛ Validating nombreRandom/nombreRandom.wlk","timeElapsed":147,"timestamp":"2026-09-16T15:15:03.252Z"}
{"level":"info","message":"⌛ Validating nombreRandom/nombreRandom.wlk","timeElapsed":135,"timestamp":"2026-09-16T15:15:03.567Z"}
{"level":"info","message":"⌛ Validating nombreRandom/nombreRandom.wlk","timeElapsed":130,"timestamp":"2026-09-16T15:15:03.698Z"}
{"level":"info","message":"⌛ Building environment","timeElapsed":102,"timestamp":"2026-09-16T15:15:04.078Z"}
{"level":"info","message":"⌛ Validating nombreRandom/nombreRandom.wlk","timeElapsed":119,"timestamp":"2026-09-16T15:15:04.200Z"}
{"level":"info","message":"⌛ Validating nombreRandom/nombreRandom.wlk","timeElapsed":118,"timestamp":"2026-09-16T15:15:04.522Z"}
{"level":"info","message":"⌛ Building environment","timeElapsed":134,"timestamp":"2026-09-16T15:15:04.934Z"}
{"level":"info","message":"⌛ Validating nombreRandom/nombreRandom.wlk","timeElapsed":141,"timestamp":"2026-09-16T15:15:05.171Z"}
{"level":"info","message":"⌛ Validating nombreRandom/nombreRandom.wlk","timeElapsed":142,"timestamp":"2026-09-16T15:15:05.314Z"}
{"level":"info","message":"⌛ Validating nombreRandom/nombreRandom.wlk","timeElapsed":130,"timestamp":"2026-09-16T15:15:05.716Z"}
{"level":"info","message":"⌛ Validating nombreRandom/nombreRandom.wlk","timeElapsed":119,"timestamp":"2026-09-16T15:15:05.836Z"}
{"level":"info","message":"⌛ Validating nombreRandom/nombreRandom.wlk","timeElapsed":118,"timestamp":"2026-09-16T15:15:05.954Z"}
{"level":"info","message":"⌛ Building environment","timeElapsed":104,"timestamp":"2026-09-16T15:15:06.531Z"}
{"level":"info","message":"⌛ Building environment","timeElapsed":118,"timestamp":"2026-09-16T15:15:06.583Z"}
{"level":"info","message":"⌛ Validating nombreRandom/nombreRandom.wlk","timeElapsed":136,"timestamp":"2026-09-16T15:15:06.670Z"}
{"level":"info","message":"⌛ Validating nombreRandom/nombreRandom.wlk","timeElapsed":145,"timestamp":"2026-09-16T15:15:06.731Z"}
{"level":"info","message":"⌛ Building environment","timeElapsed":103,"timestamp":"2026-09-16T15:15:07.422Z"}
{"level":"info","message":"⌛ Validating nombreRandom/nombreRandom.wlk","timeElapsed":146,"timestamp":"2026-09-16T15:15:07.571Z"}
{"level":"info","message":"⌛ Building environment","timeElapsed":101,"timestamp":"2026-09-16T15:15:07.672Z"}
{"level":"info","message":"⌛ Validating nombreRandom/nombreRandom.wlk","timeElapsed":240,"timestamp":"2026-09-16T15:15:07.915Z"}
{"level":"info","message":"⌛ Building environment","timeElapsed":188,"timestamp":"2026-09-16T15:15:08.105Z"}
{"level":"info","message":"⌛ Building environment","timeElapsed":104,"timestamp":"2026-09-16T15:15:08.210Z"}
{"level":"info","message":"⌛ Validating nombreRandom/nombreRandom.wlk","timeElapsed":168,"timestamp":"2026-09-16T15:15:08.378Z"}
{"level":"info","message":"⌛ Validating nombreRandom/nombreRandom.wlk","timeElapsed":129,"timestamp":"2026-09-16T15:15:08.508Z"}
{"level":"info","message":"⌛ Building environment","timeElapsed":103,"timestamp":"2026-09-16T15:15:08.618Z"}
{"level":"info","message":"⌛ Building environment","timeElapsed":107,"timestamp":"2026-09-16T15:15:08.732Z"}
{"level":"info","message":"⌛ Validating nombreRandom/nombreRandom.wlk","timeElapsed":139,"timestamp":"2026-09-16T15:15:08.871Z"}
{"level":"info","message":"⌛ Validating nombreRandom/nombreRandom.wlk","timeElapsed":148,"timestamp":"2026-09-16T15:15:09.104Z"}
{"level":"info","message":"⌛ Validating nombreRandom/nombreRandom.wlk","timeElapsed":127,"timestamp":"2026-09-16T15:15:09.232Z"}
{"level":"info","message":"⌛ Validating nombreRandom/nombreRandom.wlk","timeElapsed":132,"timestamp":"2026-09-16T15:15:09.459Z"}
{"level":"info","message":"⌛ Validating nombreRandom/nombreRandom.wlk","timeElapsed":135,"timestamp":"2026-09-16T15:15:09.937Z"}
{"level":"info","message":"⌛ Building environment","timeElapsed":125,"timestamp":"2026-09-16T15:15:10.063Z"}
{"level":"info","message":"⌛ Validating nombreRandom/nombreRandom.wlk","timeElapsed":124,"timestamp":"2026-09-16T15:15:10.288Z"}
{"level":"info","message":"⌛ Validating nombreRandom/nombreRandom.wlk","timeElapsed":119,"timestamp":"2026-09-16T15:15:10.506Z"}
{"level":"info","message":"⌛ Validating nombreRandom/nombreRandom.wlk","timeElapsed":113,"timestamp":"2026-09-16T15:15:10.628Z"}
{"level":"info","message":"⌛ Validating nombreRandom/nombreRandom.wlk","timeElapsed":137,"timestamp":"2026-09-16T15:15:10.932Z"}
{"level":"info","message":"⌛ Building environment","timeElapsed":101,"timestamp":"2026-09-16T15:15:11.236Z"}
{"level":"info","message":"⌛ Validating nombreRandom/nombreRandom.wlk","timeElapsed":181,"timestamp":"2026-09-16T15:15:11.421Z"}
{"level":"info","message":"⌛ Building environment","timeElapsed":128,"timestamp":"2026-09-16T15:15:12.367Z"}
{"level":"info","message":"⌛ Validating nombreRandom/nombreRandom.wlk","timeElapsed":149,"timestamp":"2026-09-16T15:15:12.520Z"}
{"level":"info","message":"⌛ Building environment","timeElapsed":159,"timestamp":"2026-09-16T15:15:13.324Z"}
{"level":"info","message":"⌛ Validating nombreRandom/nombreRandom.wlk","timeElapsed":139,"timestamp":"2026-09-16T15:15:13.466Z"}
{"level":"info","message":"⌛ Validating nombreRandom/nombreRandom.wlk","timeElapsed":127,"timestamp":"2026-09-16T15:15:13.693Z"}
{"level":"info","message":"⌛ Building environment","timeElapsed":105,"timestamp":"2026-09-16T15:15:14.539Z"}
{"level":"info","message":"⌛ Building environment","timeElapsed":139,"timestamp":"2026-09-16T15:15:14.612Z"}
{"level":"info","message":"⌛ Validating nombreRandom/nombreRandom.wlk","timeElapsed":159,"timestamp":"2026-09-16T15:15:14.702Z"}
{"level":"info","message":"⌛ Building environment","timeElapsed":136,"timestamp":"2026-09-16T15:15:14.839Z"}
{"level":"info","message":"⌛ Validating nombreRandom/nombreRandom.wlk","timeElapsed":225,"timestamp":"2026-09-16T15:15:14.840Z"}
{"level":"info","message":"⌛ Validating nombreRandom/nombreRandom.wlk","timeElapsed":127,"timestamp":"2026-09-16T15:15:15.066Z"}
{"level":"info","message":"⌛ Validating nombreRandom/nombreRandom.wlk","timeElapsed":148,"timestamp":"2026-09-16T15:15:15.316Z"}
{"level":"info","message":"⌛ Validating nombreRandom/nombreRandom.wlk","timeElapsed":132,"timestamp":"2026-09-16T15:15:15.630Z"}
{"level":"info","message":"⌛ Building environment","timeElapsed":119,"timestamp":"2026-09-16T15:15:15.749Z"}
{"level":"info","message":"⌛ Validating nombreRandom/nombreRandom.wlk","timeElapsed":148,"timestamp":"2026-09-16T15:15:15.898Z"}
{"level":"info","message":"⌛ Validating nombreRandom/nombreRandom.wlk","timeElapsed":126,"timestamp":"2026-09-16T15:15:16.113Z"}
{"level":"info","message":"⌛ Validating nombreRandom/nombreRandom.wlk","timeElapsed":131,"timestamp":"2026-09-16T15:15:16.338Z"}
{"level":"info","message":"⌛ Validating nombreRandom/nombreRandom.wlk","timeElapsed":160,"timestamp":"2026-09-16T15:15:16.553Z"}
{"level":"info","message":"⌛ Building environment","timeElapsed":102,"timestamp":"2026-09-16T15:15:16.657Z"}
{"level":"info","message":"⌛ Validating nombreRandom/nombreRandom.wlk","timeElapsed":140,"timestamp":"2026-09-16T15:15:16.798Z"}
{"level":"info","message":"⌛ Building environment","timeElapsed":103,"timestamp":"2026-09-16T15:15:17.000Z"}
{"level":"info","message":"⌛ Validating nombreRandom/nombreRandom.wlk","timeElapsed":154,"timestamp":"2026-09-16T15:15:17.245Z"}
{"level":"info","message":"⌛ Validating nombreRandom/nombreRandom.wlk","timeElapsed":131,"timestamp":"2026-09-16T15:15:17.465Z"}
{"level":"info","message":"⌛ Validating nombreRandom/nombreRandom.wlk","timeElapsed":136,"timestamp":"2026-09-16T15:15:17.698Z"}
{"level":"info","message":"⌛ Validating nombreRandom/nombreRandom.wlk","timeElapsed":119,"timestamp":"2026-09-16T15:15:17.817Z"}
{"level":"info","message":"⌛ Building environment","timeElapsed":103,"timestamp":"2026-09-16T15:15:17.929Z"}
{"level":"info","message":"⌛ Validating nombreRandom/nombreRandom.wlk","timeElapsed":129,"timestamp":"2026-09-16T15:15:18.059Z"}
{"level":"info","message":"⌛ Validating nombreRandom/nombreRandom.wlk","timeElapsed":134,"timestamp":"2026-09-16T15:15:18.199Z"}
{"level":"info","message":"⌛ Validating nombreRandom/nombreRandom.wlk","timeElapsed":123,"timestamp":"2026-09-16T15:15:18.322Z"}
{"level":"info","message":"⌛ Building environment","timeElapsed":101,"timestamp":"2026-09-16T15:15:18.435Z"}
{"level":"info","message":"⌛ Validating nombreRandom/nombreRandom.wlk","timeElapsed":141,"timestamp":"2026-09-16T15:15:18.580Z"}
{"level":"info","message":"⌛ Validating nombreRandom/nombreRandom.wlk","timeElapsed":145,"timestamp":"2026-09-16T15:15:18.857Z"}
{"level":"info","message":"⌛ Building environment","timeElapsed":125,"timestamp":"2026-09-16T15:15:18.982Z"}
{"level":"info","message":"⌛ Building environment","timeElapsed":145,"timestamp":"2026-09-16T15:15:19.129Z"}
{"level":"info","message":"⌛ Building environment","timeElapsed":124,"timestamp":"2026-09-16T15:15:19.254Z"}
{"level":"info","message":"⌛ Validating nombreRandom/nombreRandom.wlk","timeElapsed":154,"timestamp":"2026-09-16T15:15:19.408Z"}
{"level":"info","message":"⌛ Validating nombreRandom/nombreRandom.wlk","timeElapsed":185,"timestamp":"2026-09-16T15:15:19.595Z"}
{"level":"info","message":"⌛ Building environment","timeElapsed":121,"timestamp":"2026-09-16T15:15:19.717Z"}
{"level":"info","message":"⌛ Validating nombreRandom/nombreRandom.wlk","timeElapsed":142,"timestamp":"2026-09-16T15:15:19.859Z"}
{"level":"info","message":"⌛ Building environment","timeElapsed":108,"timestamp":"2026-09-16T15:15:20.059Z"}
{"level":"info","message":"⌛ Building environment","timeElapsed":110,"timestamp":"2026-09-16T15:15:20.169Z"}
{"level":"info","message":"⌛ Validating nombreRandom/nombreRandom.wlk","timeElapsed":132,"timestamp":"2026-09-16T15:15:20.302Z"}
{"level":"info","message":"⌛ Validating nombreRandom/nombreRandom.wlk","timeElapsed":128,"timestamp":"2026-09-16T15:15:20.520Z"}
{"level":"info","message":"⌛ Building environment","timeElapsed":102,"timestamp":"2026-09-16T15:15:20.623Z"}
{"level":"info","message":"⌛ Validating nombreRandom/nombreRandom.wlk","timeElapsed":144,"timestamp":"2026-09-16T15:15:20.768Z"}
{"level":"info","message":"⌛ Building environment","timeElapsed":119,"timestamp":"2026-09-16T15:15:20.888Z"}
{"level":"info","message":"⌛ Validating nombreRandom/nombreRandom.wlk","timeElapsed":128,"timestamp":"2026-09-16T15:15:21.016Z"}
{"level":"info","message":"⌛ Validating nombreRandom/nombreRandom.wlk","timeElapsed":116,"timestamp":"2026-09-16T15:15:21.137Z"}
{"level":"info","message":"⌛ Validating nombreRandom/nombreRandom.wlk","timeElapsed":138,"timestamp":"2026-09-16T15:15:21.361Z"}
{"level":"info","message":"⌛ Validating nombreRandom/nombreRandom.wlk","timeElapsed":139,"timestamp":"2026-09-16T15:15:21.586Z"}
{"level":"info","message":"⌛ Validating nombreRandom/nombreRandom.wlk","timeElapsed":137,"timestamp":"2026-09-16T15:15:21.727Z"}
{"level":"info","message":"⌛ Validating nombreRandom/nombreRandom.wlk","timeElapsed":136,"timestamp":"2026-09-16T15:15:21.980Z"}
{"level":"info","message":"⌛ Validating nombreRandom/nombreRandom.wlk","timeElapsed":163,"timestamp":"2026-09-16T15:15:22.289Z"}
{"level":"info","message":"⌛ Building environment","timeElapsed":106,"timestamp":"2026-09-16T15:15:22.397Z"}
{"level":"info","message":"⌛ Validating nombreRandom/nombreRandom.wlk","timeElapsed":131,"timestamp":"2026-09-16T15:15:22.529Z"}
{"level":"info","message":"⌛ Building environment","timeElapsed":176,"timestamp":"2026-09-16T15:15:22.802Z"}
{"level":"info","message":"⌛ Validating nombreRandom/nombreRandom.wlk","timeElapsed":189,"timestamp":"2026-09-16T15:15:23.003Z"}
{"level":"info","message":"⌛ Validating nombreRandom/nombreRandom.wlk","timeElapsed":145,"timestamp":"2026-09-16T15:15:23.234Z"}
{"level":"info","message":"⌛ Validating nombreRandom/nombreRandom.wlk","timeElapsed":126,"timestamp":"2026-09-16T15:15:23.360Z"}
{"level":"info","message":"⌛ Validating nombreRandom/nombreRandom.wlk","timeElapsed":129,"timestamp":"2026-09-16T15:15:23.687Z"}
{"level":"info","message":"⌛ Building environment","timeElapsed":121,"timestamp":"2026-09-16T15:15:23.809Z"}
{"level":"info","message":"⌛ Validating nombreRandom/nombreRandom.wlk","timeElapsed":135,"timestamp":"2026-09-16T15:15:24.036Z"}
{"level":"info","message":"⌛ Validating nombreRandom/nombreRandom.wlk","timeElapsed":146,"timestamp":"2026-09-16T15:15:24.275Z"}
{"level":"info","message":"⌛ Validating nombreRandom/nombreRandom.wlk","timeElapsed":150,"timestamp":"2026-09-16T15:15:24.506Z"}
{"level":"info","message":"⌛ Validating nombreRandom/nombreRandom.wlk","timeElapsed":120,"timestamp":"2026-09-16T15:15:24.627Z"}
{"level":"info","message":"⌛ Validating nombreRandom/nombreRandom.wlk","timeElapsed":127,"timestamp":"2026-09-16T15:15:24.839Z"}
{"level":"info","message":"⌛ Building environment","timeElapsed":173,"timestamp":"2026-09-16T15:15:25.013Z"}
{"level":"info","message":"⌛ Building environment","timeElapsed":109,"timestamp":"2026-09-16T15:15:25.122Z"}
{"level":"info","message":"⌛ Validating nombreRandom/nombreRandom.wlk","timeElapsed":150,"timestamp":"2026-09-16T15:15:25.272Z"}
{"level":"info","message":"⌛ Validating nombreRandom/nombreRandom.wlk","timeElapsed":129,"timestamp":"2026-09-16T15:15:25.490Z"}
{"level":"info","message":"⌛ Validating nombreRandom/nombreRandom.wlk","timeElapsed":138,"timestamp":"2026-09-16T15:15:25.711Z"}
{"level":"info","message":"⌛ Building environment","timeElapsed":105,"timestamp":"2026-09-16T15:15:25.817Z"}
{"level":"info","message":"⌛ Validating nombreRandom/nombreRandom.wlk","timeElapsed":131,"timestamp":"2026-09-16T15:15:25.948Z"}
{"level":"info","message":"⌛ Validating nombreRandom/nombreRandom.wlk","timeElapsed":127,"timestamp":"2026-09-16T15:15:26.076Z"}
{"level":"info","message":"⌛ Validating nombreRandom/nombreRandom.wlk","timeElapsed":130,"timestamp":"2026-09-16T15:15:26.210Z"}
{"level":"info","message":"⌛ Validating nombreRandom/nombreRandom.wlk","timeElapsed":149,"timestamp":"2026-09-16T15:15:26.360Z"}
{"level":"info","message":"⌛ Validating nombreRandom/nombreRandom.wlk","timeElapsed":150,"timestamp":"2026-09-16T15:15:26.464Z"}
{"level":"info","message":"⌛ Building environment","timeElapsed":128,"timestamp":"2026-09-16T15:15:27.138Z"}
{"level":"info","message":"⌛ Validating nombreRandom/nombreRandom.wlk","timeElapsed":137,"timestamp":"2026-09-16T15:15:27.279Z"}
{"level":"info","message":"⌛ Validating nombreRandom/nombreRandom.wlk","timeElapsed":136,"timestamp":"2026-09-16T15:15:27.672Z"}
{"level":"info","message":"⌛ Validating nombreRandom/nombreRandom.wlk","timeElapsed":132,"timestamp":"2026-09-16T15:15:27.902Z"}
{"level":"info","message":"⌛ Building environment","timeElapsed":106,"timestamp":"2026-09-16T15:15:28.304Z"}
{"level":"info","message":"⌛ Validating nombreRandom/nombreRandom.wlk","timeElapsed":127,"timestamp":"2026-09-16T15:15:28.435Z"}
{"level":"info","message":"⌛ Validating nombreRandom/nombreRandom.wlk","timeElapsed":126,"timestamp":"2026-09-16T15:15:28.764Z"}
{"level":"info","message":"⌛ Building environment","timeElapsed":104,"timestamp":"2026-09-16T15:15:29.159Z"}
{"level":"info","message":"⌛ Validating nombreRandom/nombreRandom.wlk","timeElapsed":125,"timestamp":"2026-09-16T15:15:29.289Z"}
{"level":"info","message":"⌛ Building environment","timeElapsed":116,"timestamp":"2026-09-16T15:15:29.470Z"}
{"level":"info","message":"⌛ Validating nombreRandom/nombreRandom.wlk","timeElapsed":162,"timestamp":"2026-09-16T15:15:29.635Z"}
{"level":"info","message":"⌛ Building environment","timeElapsed":106,"timestamp":"2026-09-16T15:15:29.841Z"}
{"level":"info","message":"⌛ Validating nombreRandom/nombreRandom.wlk","timeElapsed":142,"timestamp":"2026-09-16T15:15:29.983Z"}
{"level":"info","message":"⌛ Validating nombreRandom/nombreRandom.wlk","timeElapsed":137,"timestamp":"2026-09-16T15:15:30.120Z"}
{"level":"info","message":"⌛ Building environment","timeElapsed":108,"timestamp":"2026-09-16T15:15:30.228Z"}
{"level":"info","message":"⌛ Building environment","timeElapsed":108,"timestamp":"2026-09-16T15:15:30.435Z"}
{"level":"info","message":"⌛ Validating nombreRandom/nombreRandom.wlk","timeElapsed":141,"timestamp":"2026-09-16T15:15:30.577Z"}
{"level":"info","message":"⌛ Validating nombreRandom/nombreRandom.wlk","timeElapsed":131,"timestamp":"2026-09-16T15:15:30.709Z"}
{"level":"info","message":"⌛ Validating nombreRandom/nombreRandom.wlk","timeElapsed":123,"timestamp":"2026-09-16T15:15:30.920Z"}
{"level":"info","message":"⌛ Building environment","timeElapsed":101,"timestamp":"2026-09-16T15:15:31.022Z"}
{"level":"info","message":"⌛ Validating nombreRandom/nombreRandom.wlk","timeElapsed":129,"timestamp":"2026-09-16T15:15:31.152Z"}
{"level":"info","message":"⌛ Validating nombreRandom/nombreRandom.wlk","timeElapsed":115,"timestamp":"2026-09-16T15:15:31.272Z"}
{"level":"info","message":"⌛ Building environment","timeElapsed":114,"timestamp":"2026-09-16T15:15:31.828Z"}
{"level":"info","message":"⌛ Validating nombreRandom/nombreRandom.wlk","timeElapsed":150,"timestamp":"2026-09-16T15:15:31.982Z"}
{"level":"info","message":"⌛ Building environment","timeElapsed":110,"timestamp":"2026-09-16T15:15:42.556Z"}
{"level":"info","message":"⌛ Validating nombreRandom/nombreRandom.wlk","timeElapsed":150,"timestamp":"2026-09-16T15:15:42.711Z"}
{"level":"info","message":"⌛ Building environment","timeElapsed":129,"timestamp":"2026-09-16T15:15:42.841Z"}
{"level":"info","message":"⌛ Validating nombreRandom/nombreRandom.wlk","timeElapsed":119,"timestamp":"2026-09-16T15:15:42.966Z"}
{"level":"info","message":"⌛ Building environment","timeElapsed":113,"timestamp":"2026-09-16T15:15:43.800Z"}
{"level":"info","message":"⌛ Building environment","timeElapsed":115,"timestamp":"2026-09-16T15:15:43.845Z"}
{"level":"info","message":"⌛ Validating nombreRandom/nombreRandom.wlk","timeElapsed":184,"timestamp":"2026-09-16T15:15:43.986Z"}
{"level":"info","message":"⌛ Validating nombreRandom/nombreRandom.wlk","timeElapsed":250,"timestamp":"2026-09-16T15:15:44.098Z"}
{"level":"info","message":"⌛ Building environment","timeElapsed":204,"timestamp":"2026-09-16T15:15:44.193Z"}
{"level":"info","message":"⌛ Validating nombreRandom/nombreRandom.wlk","timeElapsed":164,"timestamp":"2026-09-16T15:15:44.456Z"}
{"level":"info","message":"⌛ Validating nombreRandom/nombreRandom.wlk","timeElapsed":133,"timestamp":"2026-09-16T15:15:44.589Z"}
{"level":"info","message":"⌛ Building environment","timeElapsed":148,"timestamp":"2026-09-16T15:15:44.823Z"}
{"level":"info","message":"⌛ Validating nombreRandom/nombreRandom.wlk","timeElapsed":167,"timestamp":"2026-09-16T15:15:44.993Z"}
{"level":"info","message":"⌛ Validating nombreRandom/nombreRandom.wlk","timeElapsed":128,"timestamp":"2026-09-16T15:15:45.308Z"}
{"level":"info","message":"⌛ Validating nombreRandom/nombreRandom.wlk","timeElapsed":145,"timestamp":"2026-09-16T15:15:45.647Z"}
{"level":"info","message":"⌛ Building environment","timeElapsed":117,"timestamp":"2026-09-16T15:15:45.765Z"}
{"level":"info","message":"⌛ Validating nombreRandom/nombreRandom.wlk","timeElapsed":141,"timestamp":"2026-09-16T15:15:45.997Z"}
{"level":"info","message":"⌛ Validating nombreRandom/nombreRandom.wlk","timeElapsed":125,"timestamp":"2026-09-16T15:15:46.122Z"}
{"level":"info","message":"⌛ Validating nombreRandom/nombreRandom.wlk","timeElapsed":127,"timestamp":"2026-09-16T15:15:46.442Z"}
{"level":"info","message":"⌛ Validating nombreRandom/nombreRandom.wlk","timeElapsed":130,"timestamp":"2026-09-16T15:15:46.573Z"}
{"level":"info","message":"⌛ Validating nombreRandom/nombreRandom.wlk","timeElapsed":122,"timestamp":"2026-09-16T15:15:46.795Z"}
{"level":"info","message":"⌛ Building environment","timeElapsed":141,"timestamp":"2026-09-16T15:15:46.977Z"}
{"level":"info","message":"⌛ Validating nombreRandom/nombreRandom.wlk","timeElapsed":172,"timestamp":"2026-09-16T15:15:47.160Z"}
{"level":"info","message":"⌛ Building environment","timeElapsed":109,"timestamp":"2026-09-16T15:15:47.335Z"}
{"level":"info","message":"⌛ Validating nombreRandom/nombreRandom.wlk","timeElapsed":171,"timestamp":"2026-09-16T15:15:47.508Z"}
{"level":"info","message":"⌛ Validating nombreRandom/nombreRandom.wlk","timeElapsed":161,"timestamp":"2026-09-16T15:15:47.880Z"}
{"level":"info","message":"⌛ Validating nombreRandom/nombreRandom.wlk","timeElapsed":130,"timestamp":"2026-09-16T15:15:48.009Z"}
{"level":"info","message":"⌛ Building environment","timeElapsed":108,"timestamp":"2026-09-16T15:15:48.118Z"}
{"level":"info","message":"⌛ Validating nombreRandom/nombreRandom.wlk","timeElapsed":136,"timestamp":"2026-09-16T15:15:48.355Z"}
{"level":"info","message":"⌛ Validating nombreRandom/nombreRandom.wlk","timeElapsed":122,"timestamp":"2026-09-16T15:15:48.478Z"}
{"level":"info","message":"⌛ Building environment","timeElapsed":101,"timestamp":"2026-09-16T15:15:48.580Z"}
{"level":"info","message":"⌛ Validating nombreRandom/nombreRandom.wlk","timeElapsed":167,"timestamp":"2026-09-16T15:15:48.854Z"}
{"level":"info","message":"⌛ Validating nombreRandom/nombreRandom.wlk","timeElapsed":130,"timestamp":"2026-09-16T15:15:48.991Z"}
{"level":"info","message":"⌛ Building environment","timeElapsed":118,"timestamp":"2026-09-16T15:15:49.109Z"}
{"level":"info","message":"⌛ Validating nombreRandom/nombreRandom.wlk","timeElapsed":131,"timestamp":"2026-09-16T15:15:49.325Z"}
{"level":"info","message":"⌛ Validating nombreRandom/nombreRandom.wlk","timeElapsed":134,"timestamp":"2026-09-16T15:15:49.460Z"}
{"level":"info","message":"⌛ Validating nombreRandom/nombreRandom.wlk","timeElapsed":145,"timestamp":"2026-09-16T15:15:49.702Z"}
{"level":"info","message":"⌛ Validating nombreRandom/nombreRandom.wlk","timeElapsed":142,"timestamp":"2026-09-16T15:15:50.015Z"}
{"level":"info","message":"⌛ Validating nombreRandom/nombreRandom.wlk","timeElapsed":174,"timestamp":"2026-09-16T15:15:50.191Z"}
{"level":"info","message":"⌛ Building environment","timeElapsed":128,"timestamp":"2026-09-16T15:15:50.325Z"}
{"level":"info","message":"⌛ Validating nombreRandom/nombreRandom.wlk","timeElapsed":126,"timestamp":"2026-09-16T15:15:50.560Z"}
{"level":"info","message":"⌛ Building environment","timeElapsed":110,"timestamp":"2026-09-16T15:15:50.670Z"}
{"level":"info","message":"⌛ Validating nombreRandom/nombreRandom.wlk","timeElapsed":137,"timestamp":"2026-09-16T15:15:50.807Z"}
{"level":"info","message":"⌛ Building environment","timeElapsed":104,"timestamp":"2026-09-16T15:15:50.912Z"}
{"level":"info","message":"⌛ Validating nombreRandom/nombreRandom.wlk","timeElapsed":131,"timestamp":"2026-09-16T15:15:51.132Z"}
{"level":"info","message":"⌛ Building environment","timeElapsed":106,"timestamp":"2026-09-16T15:15:51.239Z"}
{"level":"info","message":"⌛ Validating nombreRandom/nombreRandom.wlk","timeElapsed":147,"timestamp":"2026-09-16T15:15:51.387Z"}
{"level":"info","message":"⌛ Validating nombreRandom/nombreRandom.wlk","timeElapsed":132,"timestamp":"2026-09-16T15:15:51.519Z"}
{"level":"info","message":"⌛ Validating nombreRandom/nombreRandom.wlk","timeElapsed":145,"timestamp":"2026-09-16T15:15:51.673Z"}
{"level":"info","message":"⌛ Validating nombreRandom/nombreRandom.wlk","timeElapsed":136,"timestamp":"2026-09-16T15:15:52.183Z"}
{"level":"info","message":"⌛ Validating nombreRandom/nombreRandom.wlk","timeElapsed":122,"timestamp":"2026-09-16T15:15:52.387Z"}
{"level":"info","message":"⌛ Validating nombreRandom/nombreRandom.wlk","timeElapsed":183,"timestamp":"2026-09-16T15:15:52.572Z"}
{"level":"info","message":"⌛ Validating nombreRandom/nombreRandom.wlk","timeElapsed":121,"timestamp":"2026-09-16T15:15:52.694Z"}
{"level":"info","message":"⌛ Validating nombreRandom/nombreRandom.wlk","timeElapsed":151,"timestamp":"2026-09-16T15:15:52.858Z"}
{"level":"info","message":"⌛ Building environment","timeElapsed":117,"timestamp":"2026-09-16T15:15:52.975Z"}
{"level":"info","message":"⌛ Validating nombreRandom/nombreRandom.wlk","timeElapsed":118,"timestamp":"2026-09-16T15:15:53.188Z"}
{"level":"info","message":"⌛ Validating nombreRandom/nombreRandom.wlk","timeElapsed":120,"timestamp":"2026-09-16T15:15:53.309Z"}
{"level":"info","message":"⌛ Validating nombreRandom/nombreRandom.wlk","timeElapsed":134,"timestamp":"2026-09-16T15:15:53.766Z"}
{"level":"info","message":"⌛ Building environment","timeElapsed":109,"timestamp":"2026-09-16T15:15:53.876Z"}
{"level":"info","message":"⌛ Validating nombreRandom/nombreRandom.wlk","timeElapsed":140,"timestamp":"2026-09-16T15:15:54.020Z"}
{"level":"info","message":"⌛ Validating nombreRandom/nombreRandom.wlk","timeElapsed":151,"timestamp":"2026-09-16T15:15:54.264Z"}
{"level":"info","message":"⌛ Building environment","timeElapsed":107,"timestamp":"2026-09-16T15:15:54.453Z"}
{"level":"info","message":"⌛ Validating nombreRandom/nombreRandom.wlk","timeElapsed":127,"timestamp":"2026-09-16T15:15:54.581Z"}
{"level":"info","message":"⌛ Validating nombreRandom/nombreRandom.wlk","timeElapsed":153,"timestamp":"2026-09-16T15:15:54.833Z"}
{"level":"info","message":"⌛ Validating nombreRandom/nombreRandom.wlk","timeElapsed":233,"timestamp":"2026-09-16T15:15:55.148Z"}
{"level":"info","message":"⌛ Building environment","timeElapsed":134,"timestamp":"2026-09-16T15:15:55.282Z"}
{"level":"info","message":"⌛ Validating nombreRandom/nombreRandom.wlk","timeElapsed":130,"timestamp":"2026-09-16T15:15:55.503Z"}
{"level":"info","message":"⌛ Building environment","timeElapsed":181,"timestamp":"2026-09-16T15:15:55.773Z"}
{"level":"info","message":"⌛ Validating nombreRandom/nombreRandom.wlk","timeElapsed":142,"timestamp":"2026-09-16T15:15:55.915Z"}
{"level":"info","message":"⌛ Validating nombreRandom/nombreRandom.wlk","timeElapsed":136,"timestamp":"2026-09-16T15:15:56.052Z"}
{"level":"info","message":"⌛ Validating nombreRandom/nombreRandom.wlk","timeElapsed":128,"timestamp":"2026-09-16T15:15:56.187Z"}
{"level":"info","message":"⌛ Validating nombreRandom/nombreRandom.wlk","timeElapsed":141,"timestamp":"2026-09-16T15:15:56.329Z"}
{"level":"info","message":"⌛ Building environment","timeElapsed":102,"timestamp":"2026-09-16T15:15:56.432Z"}
{"level":"info","message":"⌛ Building environment","timeElapsed":103,"timestamp":"2026-09-16T15:15:56.616Z"}
{"level":"info","message":"⌛ Validating nombreRandom/nombreRandom.wlk","timeElapsed":152,"timestamp":"2026-09-16T15:15:56.768Z"}
{"level":"info","message":"⌛ Validating nombreRandom/nombreRandom.wlk","timeElapsed":126,"timestamp":"2026-09-16T15:15:56.895Z"}
{"level":"info","message":"⌛ Validating nombreRandom/nombreRandom.wlk","timeElapsed":132,"timestamp":"2026-09-16T15:15:57.112Z"}
{"level":"info","message":"⌛ Building environment","timeElapsed":114,"timestamp":"2026-09-16T15:15:57.226Z"}
{"level":"info","message":"⌛ Validating nombreRandom/nombreRandom.wlk","timeElapsed":146,"timestamp":"2026-09-16T15:15:57.379Z"}
{"level":"info","message":"⌛ Validating nombreRandom/nombreRandom.wlk","timeElapsed":150,"timestamp":"2026-09-16T15:15:57.618Z"}
{"level":"info","message":"⌛ Validating nombreRandom/nombreRandom.wlk","timeElapsed":137,"timestamp":"2026-09-16T15:15:57.850Z"}
{"level":"info","message":"⌛ Validating nombreRandom/nombreRandom.wlk","timeElapsed":137,"timestamp":"2026-09-16T15:15:58.252Z"}
{"level":"info","message":"⌛ Validating nombreRandom/nombreRandom.wlk","timeElapsed":135,"timestamp":"2026-09-16T15:15:58.388Z"}
{"level":"info","message":"⌛ Validating nombreRandom/nombreRandom.wlk","timeElapsed":137,"timestamp":"2026-09-16T15:15:58.615Z"}
{"level":"info","message":"⌛ Validating nombreRandom/nombreRandom.wlk","timeElapsed":162,"timestamp":"2026-09-16T15:15:58.849Z"}
{"level":"info","message":"⌛ Building environment","timeElapsed":119,"timestamp":"2026-09-16T15:15:58.968Z"}
{"level":"info","message":"⌛ Validating nombreRandom/nombreRandom.wlk","timeElapsed":141,"timestamp":"2026-09-16T15:15:59.204Z"}
{"level":"info","message":"⌛ Building environment","timeElapsed":101,"timestamp":"2026-09-16T15:15:59.306Z"}
{"level":"info","message":"⌛ Validating nombreRandom/nombreRandom.wlk","timeElapsed":137,"timestamp":"2026-09-16T15:15:59.706Z"}
{"level":"info","message":"⌛ Validating nombreRandom/nombreRandom.wlk","timeElapsed":122,"timestamp":"2026-09-16T15:15:59.829Z"}
{"level":"info","message":"⌛ Validating nombreRandom/nombreRandom.wlk","timeElapsed":125,"timestamp":"2026-09-16T15:15:59.962Z"}
{"level":"info","message":"⌛ Validating nombreRandom/nombreRandom.wlk","timeElapsed":121,"timestamp":"2026-09-16T15:16:00.083Z"}
{"level":"info","message":"⌛ Validating nombreRandom/nombreRandom.wlk","timeElapsed":138,"timestamp":"2026-09-16T15:16:00.221Z"}
{"level":"info","message":"⌛ Validating nombreRandom/nombreRandom.wlk","timeElapsed":124,"timestamp":"2026-09-16T15:16:00.346Z"}
{"level":"info","message":"⌛ Validating nombreRandom/nombreRandom.wlk","timeElapsed":154,"timestamp":"2026-09-16T15:16:00.354Z"}
{"level":"info","message":"⌛ Building environment","timeElapsed":111,"timestamp":"2026-09-16T15:16:01.509Z"}
{"level":"info","message":"⌛ Validating nombreRandom/nombreRandom.wlk","timeElapsed":137,"timestamp":"2026-09-16T15:16:01.651Z"}
{"level":"info","message":"⌛ Building environment","timeElapsed":103,"timestamp":"2026-09-16T15:16:01.755Z"}
{"level":"info","message":"⌛ Validating nombreRandom/nombreRandom.wlk","timeElapsed":127,"timestamp":"2026-09-16T15:16:02.062Z"}
{"level":"info","message":"⌛ Validating nombreRandom/nombreRandom.wlk","timeElapsed":130,"timestamp":"2026-09-16T15:16:02.192Z"}
{"level":"info","message":"⌛ Validating nombreRandom/nombreRandom.wlk","timeElapsed":136,"timestamp":"2026-09-16T15:16:02.328Z"}
{"level":"info","message":"⌛ Building environment","timeElapsed":128,"timestamp":"2026-09-16T15:16:02.517Z"}
{"level":"info","message":"⌛ Building environment","timeElapsed":124,"timestamp":"2026-09-16T15:16:02.738Z"}
{"level":"info","message":"⌛ Validating nombreRandom/nombreRandom.wlk","timeElapsed":158,"timestamp":"2026-09-16T15:16:02.897Z"}
{"level":"info","message":"⌛ Validating nombreRandom/nombreRandom.wlk","timeElapsed":151,"timestamp":"2026-09-16T15:16:03.130Z"}
{"level":"info","message":"⌛ Validating nombreRandom/nombreRandom.wlk","timeElapsed":150,"timestamp":"2026-09-16T15:16:03.282Z"}
{"level":"info","message":"⌛ Validating nombreRandom/nombreRandom.wlk","timeElapsed":142,"timestamp":"2026-09-16T15:16:03.508Z"}
{"level":"info","message":"⌛ Building environment","timeElapsed":104,"timestamp":"2026-09-16T15:16:03.612Z"}
{"level":"info","message":"⌛ Building environment","timeElapsed":127,"timestamp":"2026-09-16T15:16:03.740Z"}
{"level":"info","message":"⌛ Validating nombreRandom/nombreRandom.wlk","timeElapsed":142,"timestamp":"2026-09-16T15:16:03.968Z"}
{"level":"info","message":"⌛ Validating nombreRandom/nombreRandom.wlk","timeElapsed":147,"timestamp":"2026-09-16T15:16:04.215Z"}
{"level":"info","message":"⌛ Validating nombreRandom/nombreRandom.wlk","timeElapsed":131,"timestamp":"2026-09-16T15:16:04.536Z"}
{"level":"info","message":"⌛ Validating nombreRandom/nombreRandom.wlk","timeElapsed":140,"timestamp":"2026-09-16T15:16:04.676Z"}
{"level":"info","message":"⌛ Building environment","timeElapsed":121,"timestamp":"2026-09-16T15:16:04.797Z"}
{"level":"info","message":"⌛ Validating nombreRandom/nombreRandom.wlk","timeElapsed":156,"timestamp":"2026-09-16T15:16:04.954Z"}
{"level":"info","message":"⌛ Building environment","timeElapsed":175,"timestamp":"2026-09-16T15:16:05.131Z"}
{"level":"info","message":"⌛ Validating nombreRandom/nombreRandom.wlk","timeElapsed":146,"timestamp":"2026-09-16T15:16:05.278Z"}
{"level":"info","message":"⌛ Validating nombreRandom/nombreRandom.wlk","timeElapsed":132,"timestamp":"2026-09-16T15:16:05.507Z"}
{"level":"info","message":"⌛ Validating nombreRandom/nombreRandom.wlk","timeElapsed":135,"timestamp":"2026-09-16T15:16:05.808Z"}
{"level":"info","message":"⌛ Building environment","timeElapsed":107,"timestamp":"2026-09-16T15:16:05.994Z"}
{"level":"info","message":"⌛ Validating nombreRandom/nombreRandom.wlk","timeElapsed":182,"timestamp":"2026-09-16T15:16:06.198Z"}
{"level":"info","message":"⌛ Building environment","timeElapsed":168,"timestamp":"2026-09-16T15:16:06.315Z"}
{"level":"info","message":"⌛ Validating nombreRandom/nombreRandom.wlk","timeElapsed":213,"timestamp":"2026-09-16T15:16:06.412Z"}
{"level":"info","message":"⌛ Validating nombreRandom/nombreRandom.wlk","timeElapsed":186,"timestamp":"2026-09-16T15:16:06.505Z"}
{"level":"info","message":"⌛ Validating nombreRandom/nombreRandom.wlk","timeElapsed":156,"timestamp":"2026-09-16T15:16:06.577Z"}
{"level":"info","message":"⌛ Validating nombreRandom/nombreRandom.wlk","timeElapsed":121,"timestamp":"2026-09-16T15:16:06.699Z"}
{"level":"info","message":"⌛ Validating nombreRandom/nombreRandom.wlk","timeElapsed":137,"timestamp":"2026-09-16T15:16:06.840Z"}
{"level":"info","message":"⌛ Validating nombreRandom/nombreRandom.wlk","timeElapsed":118,"timestamp":"2026-09-16T15:16:06.960Z"}
{"level":"info","message":"⌛ Validating nombreRandom/nombreRandom.wlk","timeElapsed":138,"timestamp":"2026-09-16T15:16:08.032Z"}
{"level":"info","message":"⌛ Validating nombreRandom/nombreRandom.wlk","timeElapsed":124,"timestamp":"2026-09-16T15:16:08.258Z"}
{"level":"info","message":"⌛ Validating nombreRandom/nombreRandom.wlk","timeElapsed":136,"timestamp":"2026-09-16T15:16:08.510Z"}
{"level":"info","message":"⌛ Validating nombreRandom/nombreRandom.wlk","timeElapsed":133,"timestamp":"2026-09-16T15:16:08.736Z"}
{"level":"info","message":"⌛ Validating nombreRandom/nombreRandom.wlk","timeElapsed":135,"timestamp":"2026-09-16T15:16:09.059Z"}
{"level":"info","message":"⌛ Validating nombreRandom/nombreRandom.wlk","timeElapsed":166,"timestamp":"2026-09-16T15:16:09.226Z"}
{"level":"info","message":"⌛ Building environment","timeElapsed":177,"timestamp":"2026-09-16T15:16:09.825Z"}
{"level":"info","message":"⌛ Validating nombreRandom/nombreRandom.wlk","timeElapsed":147,"timestamp":"2026-09-16T15:16:09.977Z"}
{"level":"info","message":"⌛ Validating nombreRandom/nombreRandom.wlk","timeElapsed":140,"timestamp":"2026-09-16T15:16:10.310Z"}
{"level":"info","message":"⌛ Validating nombreRandom/nombreRandom.wlk","timeElapsed":122,"timestamp":"2026-09-16T15:16:10.433Z"}
{"level":"info","message":"⌛ Building environment","timeElapsed":106,"timestamp":"2026-09-16T15:16:10.540Z"}
{"level":"info","message":"⌛ Validating nombreRandom/nombreRandom.wlk","timeElapsed":135,"timestamp":"2026-09-16T15:16:10.763Z"}
{"level":"info","message":"⌛ Validating nombreRandom/nombreRandom.wlk","timeElapsed":120,"timestamp":"2026-09-16T15:16:10.883Z"}
{"level":"info","message":"⌛ Building environment","timeElapsed":118,"timestamp":"2026-09-16T15:16:11.667Z"}
{"level":"info","message":"⌛ Validating nombreRandom/nombreRandom.wlk","timeElapsed":142,"timestamp":"2026-09-16T15:16:11.814Z"}
{"level":"info","message":"⌛ Building environment","timeElapsed":135,"timestamp":"2026-09-16T15:17:43.185Z"}
{"level":"info","message":"⌛ Validating nombreRandom/nombreRandom.wlk","timeElapsed":124,"timestamp":"2026-09-16T15:17:43.313Z"}
{"level":"info","message":"⌛ Building environment","timeElapsed":109,"timestamp":"2026-09-16T15:17:43.641Z"}
{"level":"info","message":"⌛ Validating nombreRandom/nombreRandom.wlk","timeElapsed":133,"timestamp":"2026-09-16T15:17:43.780Z"}
{"level":"info","message":"⌛ Building environment","timeElapsed":112,"timestamp":"2026-09-16T15:17:43.892Z"}
{"level":"info","message":"⌛ Validating nombreRandom/nombreRandom.wlk","timeElapsed":132,"timestamp":"2026-09-16T15:17:44.028Z"}
{"level":"info","message":"⌛ Validating nombreRandom/nombreRandom.wlk","timeElapsed":125,"timestamp":"2026-09-16T15:17:44.866Z"}
{"level":"info","message":"⌛ Building environment","timeElapsed":156,"timestamp":"2026-09-16T15:17:45.603Z"}
{"level":"info","message":"⌛ Validating nombreRandom/nombreRandom.wlk","timeElapsed":149,"timestamp":"2026-09-16T15:17:45.756Z"}
{"level":"info","message":"⌛ Validating nombreRandom/nombreRandom.wlk","timeElapsed":185,"timestamp":"2026-09-16T15:17:46.584Z"}
{"level":"info","message":"⌛ Building environment","timeElapsed":114,"timestamp":"2026-09-16T15:17:46.699Z"}
{"level":"info","message":"⌛ Validating nombreRandom/nombreRandom.wlk","timeElapsed":130,"timestamp":"2026-09-16T15:17:46.830Z"}
{"level":"info","message":"⌛ Building environment","timeElapsed":117,"timestamp":"2026-09-16T15:17:47.750Z"}
{"level":"info","message":"⌛ Validating nombreRandom/nombreRandom.wlk","timeElapsed":167,"timestamp":"2026-09-16T15:17:47.923Z"}
{"level":"info","message":"⌛ Building environment","timeElapsed":141,"timestamp":"2026-09-16T15:17:47.987Z"}
{"level":"info","message":"⌛ Validating nombreRandom/nombreRandom.wlk","timeElapsed":148,"timestamp":"2026-09-16T15:17:48.167Z"}
{"level":"info","message":"⌛ Validating nombreRandom/nombreRandom.wlk","timeElapsed":154,"timestamp":"2026-09-16T15:17:48.676Z"}
{"level":"info","message":"⌛ Building environment","timeElapsed":124,"timestamp":"2026-09-16T15:17:48.800Z"}
{"level":"info","message":"⌛ Validating nombreRandom/nombreRandom.wlk","timeElapsed":171,"timestamp":"2026-09-16T15:17:48.975Z"}
{"level":"info","message":"⌛ Building environment","timeElapsed":117,"timestamp":"2026-09-16T15:17:49.093Z"}
{"level":"info","message":"⌛ Building environment","timeElapsed":124,"timestamp":"2026-09-16T15:17:49.218Z"}
{"level":"info","message":"⌛ Validating nombreRandom/nombreRandom.wlk","timeElapsed":142,"timestamp":"2026-09-16T15:17:49.360Z"}
{"level":"info","message":"⌛ Validating nombreRandom/nombreRandom.wlk","timeElapsed":139,"timestamp":"2026-09-16T15:17:49.583Z"}
{"level":"info","message":"⌛ Building environment","timeElapsed":123,"timestamp":"2026-09-16T15:17:49.707Z"}
{"level":"info","message":"⌛ Validating nombreRandom/nombreRandom.wlk","timeElapsed":134,"timestamp":"2026-09-16T15:17:49.842Z"}
{"level":"info","message":"⌛ Validating nombreRandom/nombreRandom.wlk","timeElapsed":131,"timestamp":"2026-09-16T15:17:50.056Z"}
{"level":"info","message":"⌛ Validating nombreRandom/nombreRandom.wlk","timeElapsed":116,"timestamp":"2026-09-16T15:17:50.180Z"}
{"level":"info","message":"⌛ Building environment","timeElapsed":125,"timestamp":"2026-09-16T15:17:50.801Z"}
{"level":"info","message":"⌛ Validating nombreRandom/nombreRandom.wlk","timeElapsed":140,"timestamp":"2026-09-16T15:17:50.947Z"}
{"level":"info","message":"⌛ Building environment","timeElapsed":106,"timestamp":"2026-09-16T15:17:51.777Z"}
{"level":"info","message":"⌛ Validating nombreRandom/nombreRandom.wlk","timeElapsed":135,"timestamp":"2026-09-16T15:17:51.915Z"}
{"level":"info","message":"⌛ Building environment","timeElapsed":112,"timestamp":"2026-09-16T15:17:52.885Z"}
{"level":"info","message":"⌛ Validating nombreRandom/nombreRandom.wlk","timeElapsed":140,"timestamp":"2026-09-16T15:17:53.029Z"}
{"level":"info","message":"⌛ Building environment","timeElapsed":101,"timestamp":"2026-09-16T15:17:53.212Z"}
{"level":"info","message":"⌛ Validating nombreRandom/nombreRandom.wlk","timeElapsed":179,"timestamp":"2026-09-16T15:17:53.489Z"}
{"level":"info","message":"⌛ Building environment","timeElapsed":112,"timestamp":"2026-09-16T15:17:54.325Z"}
{"level":"info","message":"⌛ Validating nombreRandom/nombreRandom.wlk","timeElapsed":146,"timestamp":"2026-09-16T15:17:54.475Z"}
{"level":"info","message":"⌛ Building environment","timeElapsed":133,"timestamp":"2026-09-16T15:17:55.503Z"}
{"level":"info","message":"⌛ Validating nombreRandom/nombreRandom.wlk","timeElapsed":146,"timestamp":"2026-09-16T15:17:55.655Z"}
{"level":"info","message":"⌛ Building environment","timeElapsed":114,"timestamp":"2026-09-16T15:17:55.769Z"}
{"level":"info","message":"⌛ Validating nombreRandom/nombreRandom.wlk","timeElapsed":140,"timestamp":"2026-09-16T15:17:56.008Z"}
{"level":"info","message":"⌛ Validating nombreRandom/nombreRandom.wlk","timeElapsed":138,"timestamp":"2026-09-16T15:17:56.146Z"}
{"level":"info","message":"⌛ Validating nombreRandom/nombreRandom.wlk","timeElapsed":129,"timestamp":"2026-09-16T15:17:56.379Z"}
{"level":"info","message":"⌛ Validating nombreRandom/nombreRandom.wlk","timeElapsed":143,"timestamp":"2026-09-16T15:17:56.931Z"}
{"level":"info","message":"⌛ Building environment","timeElapsed":110,"timestamp":"2026-09-16T15:17:57.136Z"}
{"level":"info","message":"⌛ Validating nombreRandom/nombreRandom.wlk","timeElapsed":146,"timestamp":"2026-09-16T15:17:57.282Z"}
{"level":"info","message":"⌛ Validating nombreRandom/nombreRandom.wlk","timeElapsed":136,"timestamp":"2026-09-16T15:17:57.418Z"}
{"level":"info","message":"⌛ Building environment","timeElapsed":109,"timestamp":"2026-09-16T15:17:57.533Z"}
{"level":"info","message":"⌛ Validating nombreRandom/nombreRandom.wlk","timeElapsed":147,"timestamp":"2026-09-16T15:17:57.773Z"}
{"level":"info","message":"⌛ Validating nombreRandom/nombreRandom.wlk","timeElapsed":147,"timestamp":"2026-09-16T15:17:58.005Z"}
{"level":"info","message":"⌛ Validating nombreRandom/nombreRandom.wlk","timeElapsed":147,"timestamp":"2026-09-16T15:17:58.245Z"}
{"level":"info","message":"⌛ Building environment","timeElapsed":166,"timestamp":"2026-09-16T15:17:58.412Z"}
{"level":"info","message":"⌛ Validating nombreRandom/nombreRandom.wlk","timeElapsed":158,"timestamp":"2026-09-16T15:17:58.669Z"}
{"level":"info","message":"⌛ Validating nombreRandom/nombreRandom.wlk","timeElapsed":169,"timestamp":"2026-09-16T15:17:58.931Z"}
{"level":"info","message":"⌛ Validating nombreRandom/nombreRandom.wlk","timeElapsed":214,"timestamp":"2026-09-16T15:17:59.151Z"}
{"level":"info","message":"⌛ Building environment","timeElapsed":105,"timestamp":"2026-09-16T15:17:59.257Z"}
{"level":"info","message":"⌛ Validating nombreRandom/nombreRandom.wlk","timeElapsed":148,"timestamp":"2026-09-16T15:17:59.404Z"}
{"level":"info","message":"⌛ Validating nombreRandom/nombreRandom.wlk","timeElapsed":151,"timestamp":"2026-09-16T15:17:59.645Z"}
{"level":"info","message":"⌛ Validating nombreRandom/nombreRandom.wlk","timeElapsed":133,"timestamp":"2026-09-16T15:17:59.863Z"}
{"level":"info","message":"⌛ Validating nombreRandom/nombreRandom.wlk","timeElapsed":125,"timestamp":"2026-09-16T15:18:00.084Z"}
{"level":"info","message":"⌛ Validating nombreRandom/nombreRandom.wlk","timeElapsed":141,"timestamp":"2026-09-16T15:18:00.318Z"}
{"level":"info","message":"⌛ Validating nombreRandom/nombreRandom.wlk","timeElapsed":124,"timestamp":"2026-09-16T15:18:00.442Z"}
{"level":"info","message":"⌛ Validating nombreRandom/nombreRandom.wlk","timeElapsed":123,"timestamp":"2026-09-16T15:18:00.678Z"}
{"level":"info","message":"⌛ Building environment","timeElapsed":118,"timestamp":"2026-09-16T15:18:00.966Z"}
{"level":"info","message":"⌛ Validating nombreRandom/nombreRandom.wlk","timeElapsed":150,"timestamp":"2026-09-16T15:18:01.123Z"}
{"level":"info","message":"⌛ Building environment","timeElapsed":114,"timestamp":"2026-09-16T15:18:01.423Z"}
{"level":"info","message":"⌛ Validating nombreRandom/nombreRandom.wlk","timeElapsed":191,"timestamp":"2026-09-16T15:18:01.616Z"}
{"level":"info","message":"⌛ Validating nombreRandom/nombreRandom.wlk","timeElapsed":145,"timestamp":"2026-09-16T15:18:01.761Z"}
{"level":"info","message":"⌛ Building environment","timeElapsed":129,"timestamp":"2026-09-16T15:18:01.891Z"}
{"level":"info","message":"⌛ Validating nombreRandom/nombreRandom.wlk","timeElapsed":140,"timestamp":"2026-09-16T15:18:02.032Z"}
{"level":"info","message":"⌛ Validating nombreRandom/nombreRandom.wlk","timeElapsed":124,"timestamp":"2026-09-16T15:18:02.417Z"}
{"level":"info","message":"⌛ Validating nombreRandom/nombreRandom.wlk","timeElapsed":119,"timestamp":"2026-09-16T15:18:02.541Z"}
{"level":"info","message":"⌛ Validating nombreRandom/nombreRandom.wlk","timeElapsed":121,"timestamp":"2026-09-16T15:18:02.662Z"}
{"level":"info","message":"⌛ Validating nombreRandom/nombreRandom.wlk","timeElapsed":126,"timestamp":"2026-09-16T15:18:02.789Z"}
{"level":"info","message":"⌛ Building environment","timeElapsed":137,"timestamp":"2026-09-16T15:18:03.065Z"}
{"level":"info","message":"⌛ Validating nombreRandom/nombreRandom.wlk","timeElapsed":135,"timestamp":"2026-09-16T15:18:03.204Z"}
{"level":"info","message":"⌛ Building environment","timeElapsed":119,"timestamp":"2026-09-16T15:18:05.490Z"}
{"level":"info","message":"⌛ Validating nombreRandom/nombreRandom.wlk","timeElapsed":142,"timestamp":"2026-09-16T15:18:05.636Z"}
{"level":"info","message":"⌛ Validating nombreRandom/nombreRandom.wlk","timeElapsed":136,"timestamp":"2026-09-16T15:18:05.961Z"}
{"level":"info","message":"⌛ Validating nombreRandom/nombreRandom.wlk","timeElapsed":137,"timestamp":"2026-09-16T15:18:06.097Z"}
{"level":"info","message":"⌛ Validating nombreRandom/nombreRandom.wlk","timeElapsed":148,"timestamp":"2026-09-16T15:18:06.425Z"}
{"level":"info","message":"⌛ Validating nombreRandom/nombreRandom.wlk","timeElapsed":120,"timestamp":"2026-09-16T15:18:06.546Z"}
{"level":"info","message":"⌛ Validating nombreRandom/nombreRandom.wlk","timeElapsed":128,"timestamp":"2026-09-16T15:18:06.878Z"}
{"level":"info","message":"⌛ Validating nombreRandom/nombreRandom.wlk","timeElapsed":170,"timestamp":"2026-09-16T15:18:07.048Z"}
{"level":"info","message":"⌛ Building environment","timeElapsed":123,"timestamp":"2026-09-16T15:18:07.171Z"}
{"level":"info","message":"⌛ Building environment","timeElapsed":110,"timestamp":"2026-09-16T15:18:07.388Z"}
{"level":"info","message":"⌛ Validating nombreRandom/nombreRandom.wlk","timeElapsed":131,"timestamp":"2026-09-16T15:18:07.518Z"}
{"level":"info","message":"⌛ Validating nombreRandom/nombreRandom.wlk","timeElapsed":134,"timestamp":"2026-09-16T15:18:07.653Z"}
{"level":"info","message":"⌛ Validating nombreRandom/nombreRandom.wlk","timeElapsed":142,"timestamp":"2026-09-16T15:18:07.886Z"}
{"level":"info","message":"⌛ Building environment","timeElapsed":103,"timestamp":"2026-09-16T15:18:08.076Z"}
{"level":"info","message":"⌛ Validating nombreRandom/nombreRandom.wlk","timeElapsed":146,"timestamp":"2026-09-16T15:18:08.223Z"}
{"level":"info","message":"⌛ Validating nombreRandom/nombreRandom.wlk","timeElapsed":133,"timestamp":"2026-09-16T15:18:08.362Z"}
{"level":"info","message":"⌛ Validating nombreRandom/nombreRandom.wlk","timeElapsed":137,"timestamp":"2026-09-16T15:18:08.500Z"}
{"level":"info","message":"⌛ Building environment","timeElapsed":106,"timestamp":"2026-09-16T15:18:08.606Z"}
{"level":"info","message":"⌛ Validating nombreRandom/nombreRandom.wlk","timeElapsed":146,"timestamp":"2026-09-16T15:18:08.925Z"}
{"level":"info","message":"⌛ Validating nombreRandom/nombreRandom.wlk","timeElapsed":124,"timestamp":"2026-09-16T15:18:09.049Z"}
{"level":"info","message":"⌛ Validating nombreRandom/nombreRandom.wlk","timeElapsed":128,"timestamp":"2026-09-16T15:18:09.268Z"}
{"level":"info","message":"⌛ Validating nombreRandom/nombreRandom.wlk","timeElapsed":136,"timestamp":"2026-09-16T15:18:09.467Z"}
{"level":"info","message":"⌛ Building environment","timeElapsed":232,"timestamp":"2026-09-16T15:18:10.157Z"}
{"level":"info","message":"⌛ Building environment","timeElapsed":267,"timestamp":"2026-09-16T15:18:10.233Z"}
{"level":"info","message":"⌛ Building environment","timeElapsed":153,"timestamp":"2026-09-16T15:18:10.387Z"}
{"level":"info","message":"⌛ Validating nombreRandom/nombreRandom.wlk","timeElapsed":246,"timestamp":"2026-09-16T15:18:10.408Z"}
{"level":"info","message":"⌛ Validating nombreRandom/nombreRandom.wlk","timeElapsed":190,"timestamp":"2026-09-16T15:18:10.577Z"}
{"level":"info","message":"⌛ Building environment","timeElapsed":104,"timestamp":"2026-09-16T15:18:10.682Z"}
{"level":"info","message":"⌛ Validating nombreRandom/nombreRandom.wlk","timeElapsed":143,"timestamp":"2026-09-16T15:18:10.825Z"}
{"level":"info","message":"⌛ Validating nombreRandom/nombreRandom.wlk","timeElapsed":150,"timestamp":"2026-09-16T15:18:11.058Z"}
{"level":"info","message":"⌛ Validating nombreRandom/nombreRandom.wlk","timeElapsed":119,"timestamp":"2026-09-16T15:18:11.179Z"}
{"level":"info","message":"⌛ Validating nombreRandom/nombreRandom.wlk","timeElapsed":132,"timestamp":"2026-09-16T15:18:11.460Z"}
{"level":"info","message":"⌛ Building environment","timeElapsed":118,"timestamp":"2026-09-16T15:18:11.578Z"}
{"level":"info","message":"⌛ Validating nombreRandom/nombreRandom.wlk","timeElapsed":127,"timestamp":"2026-09-16T15:18:11.710Z"}
{"level":"info","message":"⌛ Validating nombreRandom/nombreRandom.wlk","timeElapsed":178,"timestamp":"2026-09-16T15:18:12.682Z"}
{"level":"info","message":"⌛ Validating nombreRandom/nombreRandom.wlk","timeElapsed":117,"timestamp":"2026-09-16T15:18:13.705Z"}
{"level":"info","message":"⌛ Building environment","timeElapsed":107,"timestamp":"2026-09-16T15:18:14.553Z"}
{"level":"info","message":"⌛ Validating nombreRandom/nombreRandom.wlk","timeElapsed":138,"timestamp":"2026-09-16T15:18:14.694Z"}
{"level":"info","message":"⌛ Validating nombreRandom/nombreRandom.wlk","timeElapsed":135,"timestamp":"2026-09-16T15:18:15.026Z"}
{"level":"info","message":"⌛ Validating nombreRandom/nombreRandom.wlk","timeElapsed":134,"timestamp":"2026-09-16T15:18:15.161Z"}
{"level":"info","message":"⌛ Building environment","timeElapsed":167,"timestamp":"2026-09-16T15:18:15.330Z"}
{"level":"info","message":"⌛ Building environment","timeElapsed":101,"timestamp":"2026-09-16T15:18:15.432Z"}
{"level":"info","message":"⌛ Building environment","timeElapsed":112,"timestamp":"2026-09-16T15:18:15.545Z"}
{"level":"info","message":"⌛ Validating nombreRandom/nombreRandom.wlk","timeElapsed":145,"timestamp":"2026-09-16T15:18:15.706Z"}
{"level":"info","message":"⌛ Validating nombreRandom/nombreRandom.wlk","timeElapsed":154,"timestamp":"2026-09-16T15:18:15.950Z"}
{"level":"info","message":"⌛ Validating nombreRandom/nombreRandom.wlk","timeElapsed":164,"timestamp":"2026-09-16T15:18:16.114Z"}
{"level":"info","message":"⌛ Building environment","timeElapsed":105,"timestamp":"2026-09-16T15:18:16.320Z"}
{"level":"info","message":"⌛ Validating nombreRandom/nombreRandom.wlk","timeElapsed":139,"timestamp":"2026-09-16T15:18:16.460Z"}
{"level":"info","message":"⌛ Building environment","timeElapsed":109,"timestamp":"2026-09-16T15:18:16.569Z"}
{"level":"info","message":"⌛ Validating nombreRandom/nombreRandom.wlk","timeElapsed":127,"timestamp":"2026-09-16T15:18:16.881Z"}
{"level":"info","message":"⌛ Validating nombreRandom/nombreRandom.wlk","timeElapsed":130,"timestamp":"2026-09-16T15:18:17.011Z"}
{"level":"info","message":"⌛ Validating nombreRandom/nombreRandom.wlk","timeElapsed":115,"timestamp":"2026-09-16T15:18:17.130Z"}
{"level":"info","message":"⌛ Validating nombreRandom/nombreRandom.wlk","timeElapsed":124,"timestamp":"2026-09-16T15:18:17.255Z"}
{"level":"info","message":"⌛ Validating nombreRandom/nombreRandom.wlk","timeElapsed":235,"timestamp":"2026-09-16T15:18:17.490Z"}
{"level":"info","message":"⌛ Building environment","timeElapsed":255,"timestamp":"2026-09-16T15:18:17.520Z"}
{"level":"info","message":"⌛ Validating nombreRandom/nombreRandom.wlk","timeElapsed":137,"timestamp":"2026-09-16T15:18:17.662Z"}
{"level":"info","message":"⌛ Validating nombreRandom/nombreRandom.wlk","timeElapsed":127,"timestamp":"2026-09-16T15:18:20.576Z"}
{"level":"info","message":"⌛ Building environment","timeElapsed":123,"timestamp":"2026-09-16T15:18:21.034Z"}
{"level":"info","message":"⌛ Validating nombreRandom/nombreRandom.wlk","timeElapsed":154,"timestamp":"2026-09-16T15:18:21.192Z"}
{"level":"info","message":"⌛ Building environment","timeElapsed":116,"timestamp":"2026-09-16T15:18:21.427Z"}
{"level":"info","message":"⌛ Validating nombreRandom/nombreRandom.wlk","timeElapsed":141,"timestamp":"2026-09-16T15:18:21.573Z"}
{"level":"info","message":"⌛ Validating nombreRandom/nombreRandom.wlk","timeElapsed":147,"timestamp":"2026-09-16T15:18:21.904Z"}
{"level":"info","message":"⌛ Validating nombreRandom/nombreRandom.wlk","timeElapsed":135,"timestamp":"2026-09-16T15:18:22.132Z"}
{"level":"info","message":"⌛ Building environment","timeElapsed":108,"timestamp":"2026-09-16T15:18:22.261Z"}
{"level":"info","message":"⌛ Validating nombreRandom/nombreRandom.wlk","timeElapsed":124,"timestamp":"2026-09-16T15:18:22.389Z"}
{"level":"info","message":"⌛ Building environment","timeElapsed":104,"timestamp":"2026-09-16T15:18:23.194Z"}
{"level":"info","message":"⌛ Validating nombreRandom/nombreRandom.wlk","timeElapsed":128,"timestamp":"2026-09-16T15:18:23.330Z"}
{"level":"info","message":"⌛ Building environment","timeElapsed":117,"timestamp":"2026-09-16T15:18:24.311Z"}
{"level":"info","message":"⌛ Validating nombreRandom/nombreRandom.wlk","timeElapsed":130,"timestamp":"2026-09-16T15:18:24.448Z"}
{"level":"info","message":"⌛ Building environment","timeElapsed":124,"timestamp":"2026-09-16T15:18:25.289Z"}
{"level":"info","message":"⌛ Validating nombreRandom/nombreRandom.wlk","timeElapsed":136,"timestamp":"2026-09-16T15:18:25.427Z"}
{"level":"info","message":"⌛ Validating nombreRandom/nombreRandom.wlk","timeElapsed":123,"timestamp":"2026-09-16T15:18:25.683Z"}
{"level":"info","message":"⌛ Building environment","timeElapsed":116,"timestamp":"2026-09-16T15:18:25.856Z"}
{"level":"info","message":"⌛ Validating nombreRandom/nombreRandom.wlk","timeElapsed":137,"timestamp":"2026-09-16T15:18:25.998Z"}
{"level":"info","message":"⌛ Building environment","timeElapsed":109,"timestamp":"2026-09-16T15:18:26.204Z"}
{"level":"info","message":"⌛ Validating nombreRandom/nombreRandom.wlk","timeElapsed":126,"timestamp":"2026-09-16T15:18:26.339Z"}
{"level":"info","message":"⌛ Validating nombreRandom/nombreRandom.wlk","timeElapsed":117,"timestamp":"2026-09-16T15:18:26.456Z"}
{"level":"info","message":"⌛ Building environment","timeElapsed":114,"timestamp":"2026-09-16T15:18:27.252Z"}
{"level":"info","message":"⌛ Validating nombreRandom/nombreRandom.wlk","timeElapsed":134,"timestamp":"2026-09-16T15:18:27.393Z"}
{"level":"info","message":"⌛ Building environment","timeElapsed":102,"timestamp":"2026-09-16T15:18:28.180Z"}
{"level":"info","message":"⌛ Validating nombreRandom/nombreRandom.wlk","timeElapsed":219,"timestamp":"2026-09-16T15:18:28.405Z"}
{"level":"info","message":"⌛ Building environment","timeElapsed":126,"timestamp":"2026-09-16T15:18:29.097Z"}
{"level":"info","message":"⌛ Validating nombreRandom/nombreRandom.wlk","timeElapsed":151,"timestamp":"2026-09-16T15:18:29.253Z"}
{"level":"info","message":"⌛ Building environment","timeElapsed":159,"timestamp":"2026-09-16T15:18:29.413Z"}
{"level":"info","message":"⌛ Building environment","timeElapsed":159,"timestamp":"2026-09-16T15:18:29.573Z"}
{"level":"info","message":"⌛ Validating nombreRandom/nombreRandom.wlk","timeElapsed":154,"timestamp":"2026-09-16T15:18:29.728Z"}
{"level":"info","message":"⌛ Validating nombreRandom/nombreRandom.wlk","timeElapsed":132,"timestamp":"2026-09-16T15:18:29.960Z"}
{"level":"info","message":"⌛ Validating nombreRandom/nombreRandom.wlk","timeElapsed":141,"timestamp":"2026-09-16T15:18:30.195Z"}
{"level":"info","message":"⌛ Validating nombreRandom/nombreRandom.wlk","timeElapsed":146,"timestamp":"2026-09-16T15:18:30.442Z"}
{"level":"info","message":"⌛ Building environment","timeElapsed":109,"timestamp":"2026-09-16T15:18:30.641Z"}
{"level":"info","message":"⌛ Validating nombreRandom/nombreRandom.wlk","timeElapsed":130,"timestamp":"2026-09-16T15:18:30.781Z"}
{"level":"info","message":"⌛ Validating nombreRandom/nombreRandom.wlk","timeElapsed":123,"timestamp":"2026-09-16T15:18:30.987Z"}
{"level":"info","message":"⌛ Validating nombreRandom/nombreRandom.wlk","timeElapsed":116,"timestamp":"2026-09-16T15:18:31.103Z"}
{"level":"info","message":"⌛ Validating nombreRandom/nombreRandom.wlk","timeElapsed":125,"timestamp":"2026-09-16T15:18:31.235Z"}
{"level":"info","message":"⌛ Building environment","timeElapsed":140,"timestamp":"2026-09-16T15:18:31.793Z"}
{"level":"info","message":"⌛ Validating nombreRandom/nombreRandom.wlk","timeElapsed":142,"timestamp":"2026-09-16T15:18:31.940Z"}
{"level":"info","message":"⌛ Building environment","timeElapsed":156,"timestamp":"2026-09-16T15:19:55.575Z"}
{"level":"info","message":"⌛ Validating nombreRandom/nombreRandom.wlk","timeElapsed":142,"timestamp":"2026-09-16T15:19:55.721Z"}
{"level":"info","message":"⌛ Building environment","timeElapsed":104,"timestamp":"2026-09-16T15:19:55.826Z"}
{"level":"info","message":"⌛ Validating nombreRandom/nombreRandom.wlk","timeElapsed":152,"timestamp":"2026-09-16T15:19:56.061Z"}
{"level":"info","message":"⌛ Validating nombreRandom/nombreRandom.wlk","timeElapsed":169,"timestamp":"2026-09-16T15:19:56.232Z"}
{"level":"info","message":"⌛ Building environment","timeElapsed":120,"timestamp":"2026-09-16T15:19:56.353Z"}
{"level":"info","message":"⌛ Validating nombreRandom/nombreRandom.wlk","timeElapsed":145,"timestamp":"2026-09-16T15:19:56.597Z"}
{"level":"info","message":"⌛ Validating nombreRandom/nombreRandom.wlk","timeElapsed":138,"timestamp":"2026-09-16T15:19:56.736Z"}
{"level":"info","message":"⌛ Building environment","timeElapsed":108,"timestamp":"2026-09-16T15:19:56.847Z"}
{"level":"info","message":"⌛ Building environment","timeElapsed":110,"timestamp":"2026-09-16T15:19:57.046Z"}
{"level":"info","message":"⌛ Validating nombreRandom/nombreRandom.wlk","timeElapsed":138,"timestamp":"2026-09-16T15:19:57.185Z"}
{"level":"info","message":"⌛ Validating nombreRandom/nombreRandom.wlk","timeElapsed":119,"timestamp":"2026-09-16T15:19:57.305Z"}
{"level":"info","message":"⌛ Building environment","timeElapsed":122,"timestamp":"2026-09-16T15:19:57.426Z"}
{"level":"info","message":"⌛ Validating nombreRandom/nombreRandom.wlk","timeElapsed":149,"timestamp":"2026-09-16T15:19:57.669Z"}
{"level":"info","message":"⌛ Validating nombreRandom/nombreRandom.wlk","timeElapsed":124,"timestamp":"2026-09-16T15:19:57.967Z"}
{"level":"info","message":"⌛ Validating nombreRandom/nombreRandom.wlk","timeElapsed":132,"timestamp":"2026-09-16T15:19:58.100Z"}
{"level":"info","message":"⌛ Building environment","timeElapsed":125,"timestamp":"2026-09-16T15:19:58.234Z"}
{"level":"info","message":"⌛ Validating nombreRandom/nombreRandom.wlk","timeElapsed":190,"timestamp":"2026-09-16T15:19:58.425Z"}
{"level":"info","message":"⌛ Validating nombreRandom/nombreRandom.wlk","timeElapsed":146,"timestamp":"2026-09-16T15:19:58.667Z"}
{"level":"info","message":"⌛ Building environment","timeElapsed":197,"timestamp":"2026-09-16T15:19:58.865Z"}
{"level":"info","message":"⌛ Validating nombreRandom/nombreRandom.wlk","timeElapsed":159,"timestamp":"2026-09-16T15:19:59.030Z"}
{"level":"info","message":"⌛ Building environment","timeElapsed":131,"timestamp":"2026-09-16T15:19:59.162Z"}
{"level":"info","message":"⌛ Validating nombreRandom/nombreRandom.wlk","timeElapsed":146,"timestamp":"2026-09-16T15:19:59.404Z"}
{"level":"info","message":"⌛ Building environment","timeElapsed":107,"timestamp":"2026-09-16T15:19:59.594Z"}
{"level":"info","message":"⌛ Validating nombreRandom/nombreRandom.wlk","timeElapsed":159,"timestamp":"2026-09-16T15:19:59.754Z"}
{"level":"info","message":"⌛ Validating nombreRandom/nombreRandom.wlk","timeElapsed":122,"timestamp":"2026-09-16T15:20:00.062Z"}
{"level":"info","message":"⌛ Validating nombreRandom/nombreRandom.wlk","timeElapsed":122,"timestamp":"2026-09-16T15:20:00.184Z"}
{"level":"info","message":"⌛ Validating nombreRandom/nombreRandom.wlk","timeElapsed":129,"timestamp":"2026-09-16T15:20:00.320Z"}
{"level":"info","message":"⌛ Validating nombreRandom/nombreRandom.wlk","timeElapsed":135,"timestamp":"2026-09-16T15:20:00.623Z"}
{"level":"info","message":"⌛ Validating nombreRandom/nombreRandom.wlk","timeElapsed":141,"timestamp":"2026-09-16T15:20:00.951Z"}
{"level":"info","message":"⌛ Building environment","timeElapsed":113,"timestamp":"2026-09-16T15:20:00.989Z"}
{"level":"info","message":"⌛ Validating nombreRandom/nombreRandom.wlk","timeElapsed":128,"timestamp":"2026-09-16T15:20:01.080Z"}
{"level":"info","message":"⌛ Validating nombreRandom/nombreRandom.wlk","timeElapsed":151,"timestamp":"2026-09-16T15:20:01.145Z"}
{"level":"info","message":"⌛ Validating nombreRandom/nombreRandom.wlk","timeElapsed":128,"timestamp":"2026-09-16T15:20:01.214Z"}
{"level":"info","message":"⌛ Validating nombreRandom/nombreRandom.wlk","timeElapsed":122,"timestamp":"2026-09-16T15:20:01.337Z"}
{"level":"info","message":"⌛ Validating nombreRandom/nombreRandom.wlk","timeElapsed":136,"timestamp":"2026-09-16T15:20:01.473Z"}
{"level":"info","message":"⌛ Validating nombreRandom/nombreRandom.wlk","timeElapsed":133,"timestamp":"2026-09-16T15:20:01.606Z"}
{"level":"info","message":"⌛ Building environment","timeElapsed":145,"timestamp":"2026-09-16T15:20:01.752Z"}
{"level":"info","message":"⌛ Building environment","timeElapsed":121,"timestamp":"2026-09-16T15:20:01.971Z"}
{"level":"info","message":"⌛ Validating nombreRandom/nombreRandom.wlk","timeElapsed":146,"timestamp":"2026-09-16T15:20:02.117Z"}
{"level":"info","message":"⌛ Validating nombreRandom/nombreRandom.wlk","timeElapsed":141,"timestamp":"2026-09-16T15:20:02.259Z"}
{"level":"info","message":"⌛ Validating nombreRandom/nombreRandom.wlk","timeElapsed":157,"timestamp":"2026-09-16T15:20:02.505Z"}
{"level":"info","message":"⌛ Validating nombreRandom/nombreRandom.wlk","timeElapsed":163,"timestamp":"2026-09-16T15:20:02.839Z"}
{"level":"info","message":"⌛ Building environment","timeElapsed":183,"timestamp":"2026-09-16T15:20:03.024Z"}
{"level":"info","message":"⌛ Building environment","timeElapsed":110,"timestamp":"2026-09-16T15:20:03.135Z"}
{"level":"info","message":"⌛ Validating nombreRandom/nombreRandom.wlk","timeElapsed":171,"timestamp":"2026-09-16T15:20:03.307Z"}
{"level":"info","message":"⌛ Validating nombreRandom/nombreRandom.wlk","timeElapsed":138,"timestamp":"2026-09-16T15:20:03.534Z"}
{"level":"info","message":"⌛ Validating nombreRandom/nombreRandom.wlk","timeElapsed":149,"timestamp":"2026-09-16T15:20:03.779Z"}
{"level":"info","message":"⌛ Building environment","timeElapsed":113,"timestamp":"2026-09-16T15:20:03.893Z"}
{"level":"info","message":"⌛ Validating nombreRandom/nombreRandom.wlk","timeElapsed":142,"timestamp":"2026-09-16T15:20:04.034Z"}
{"level":"info","message":"⌛ Validating nombreRandom/nombreRandom.wlk","timeElapsed":138,"timestamp":"2026-09-16T15:20:04.264Z"}
{"level":"info","message":"⌛ Validating nombreRandom/nombreRandom.wlk","timeElapsed":144,"timestamp":"2026-09-16T15:20:04.492Z"}
{"level":"info","message":"⌛ Building environment","timeElapsed":118,"timestamp":"2026-09-16T15:20:04.695Z"}
{"level":"info","message":"⌛ Validating nombreRandom/nombreRandom.wlk","timeElapsed":137,"timestamp":"2026-09-16T15:20:04.832Z"}
{"level":"info","message":"⌛ Building environment","timeElapsed":130,"timestamp":"2026-09-16T15:20:05.044Z"}
{"level":"info","message":"⌛ Validating nombreRandom/nombreRandom.wlk","timeElapsed":129,"timestamp":"2026-09-16T15:20:05.173Z"}
{"level":"info","message":"⌛ Validating nombreRandom/nombreRandom.wlk","timeElapsed":118,"timestamp":"2026-09-16T15:20:05.292Z"}
{"level":"info","message":"⌛ Validating nombreRandom/nombreRandom.wlk","timeElapsed":125,"timestamp":"2026-09-16T15:20:05.586Z"}
{"level":"info","message":"⌛ Building environment","timeElapsed":183,"timestamp":"2026-09-16T15:20:05.770Z"}
{"level":"info","message":"⌛ Validating nombreRandom/nombreRandom.wlk","timeElapsed":156,"timestamp":"2026-09-16T15:20:05.926Z"}
{"level":"info","message":"⌛ Building environment","timeElapsed":163,"timestamp":"2026-09-16T15:20:06.069Z"}
{"level":"info","message":"⌛ Building environment","timeElapsed":155,"timestamp":"2026-09-16T15:20:06.082Z"}
{"level":"info","message":"⌛ Validating nombreRandom/nombreRandom.wlk","timeElapsed":172,"timestamp":"2026-09-16T15:20:06.244Z"}
{"level":"info","message":"⌛ Validating nombreRandom/nombreRandom.wlk","timeElapsed":172,"timestamp":"2026-09-16T15:20:06.255Z"}
{"level":"info","message":"⌛ Validating nombreRandom/nombreRandom.wlk","timeElapsed":147,"timestamp":"2026-09-16T15:20:06.403Z"}
{"level":"info","message":"⌛ Validating nombreRandom/nombreRandom.wlk","timeElapsed":119,"timestamp":"2026-09-16T15:20:06.527Z"}
{"level":"info","message":"⌛ Validating nombreRandom/nombreRandom.wlk","timeElapsed":134,"timestamp":"2026-09-16T15:20:06.662Z"}
{"level":"info","message":"⌛ Validating nombreRandom/nombreRandom.wlk","timeElapsed":151,"timestamp":"2026-09-16T15:20:06.814Z"}
{"level":"info","message":"⌛ Building environment","timeElapsed":115,"timestamp":"2026-09-16T15:20:07.010Z"}
{"level":"info","message":"⌛ Validating nombreRandom/nombreRandom.wlk","timeElapsed":149,"timestamp":"2026-09-16T15:20:07.159Z"}
{"level":"info","message":"⌛ Building environment","timeElapsed":103,"timestamp":"2026-09-16T15:20:07.354Z"}
{"level":"info","message":"⌛ Building environment","timeElapsed":150,"timestamp":"2026-09-16T15:20:07.505Z"}
{"level":"info","message":"⌛ Validating nombreRandom/nombreRandom.wlk","timeElapsed":127,"timestamp":"2026-09-16T15:20:07.723Z"}
{"level":"info","message":"⌛ Validating nombreRandom/nombreRandom.wlk","timeElapsed":138,"timestamp":"2026-09-16T15:20:07.948Z"}
{"level":"info","message":"⌛ Building environment","timeElapsed":103,"timestamp":"2026-09-16T15:20:08.136Z"}
{"level":"info","message":"⌛ Validating nombreRandom/nombreRandom.wlk","timeElapsed":137,"timestamp":"2026-09-16T15:20:08.274Z"}
{"level":"info","message":"⌛ Validating nombreRandom/nombreRandom.wlk","timeElapsed":121,"timestamp":"2026-09-16T15:20:08.395Z"}
{"level":"info","message":"⌛ Building environment","timeElapsed":132,"timestamp":"2026-09-16T15:20:08.527Z"}
{"level":"info","message":"⌛ Validating nombreRandom/nombreRandom.wlk","timeElapsed":184,"timestamp":"2026-09-16T15:20:08.712Z"}
{"level":"info","message":"⌛ Validating nombreRandom/nombreRandom.wlk","timeElapsed":123,"timestamp":"2026-09-16T15:20:08.835Z"}
{"level":"info","message":"⌛ Validating nombreRandom/nombreRandom.wlk","timeElapsed":118,"timestamp":"2026-09-16T15:20:08.960Z"}
{"level":"info","message":"⌛ Validating nombreRandom/nombreRandom.wlk","timeElapsed":121,"timestamp":"2026-09-16T15:20:09.164Z"}
{"level":"info","message":"⌛ Building environment","timeElapsed":171,"timestamp":"2026-09-16T15:20:09.336Z"}
{"level":"info","message":"⌛ Validating nombreRandom/nombreRandom.wlk","timeElapsed":151,"timestamp":"2026-09-16T15:20:09.487Z"}
{"level":"info","message":"⌛ Validating nombreRandom/nombreRandom.wlk","timeElapsed":157,"timestamp":"2026-09-16T15:20:09.739Z"}
{"level":"info","message":"⌛ Validating nombreRandom/nombreRandom.wlk","timeElapsed":125,"timestamp":"2026-09-16T15:20:09.871Z"}
{"level":"info","message":"⌛ Validating nombreRandom/nombreRandom.wlk","timeElapsed":120,"timestamp":"2026-09-16T15:20:09.992Z"}
{"level":"info","message":"⌛ Validating nombreRandom/nombreRandom.wlk","timeElapsed":126,"timestamp":"2026-09-16T15:20:10.220Z"}
{"level":"info","message":"⌛ Building environment","timeElapsed":125,"timestamp":"2026-09-16T15:20:10.437Z"}
{"level":"info","message":"⌛ Validating nombreRandom/nombreRandom.wlk","timeElapsed":151,"timestamp":"2026-09-16T15:20:10.588Z"}
{"level":"info","message":"⌛ Validating nombreRandom/nombreRandom.wlk","timeElapsed":141,"timestamp":"2026-09-16T15:20:10.818Z"}
{"level":"info","message":"⌛ Validating nombreRandom/nombreRandom.wlk","timeElapsed":146,"timestamp":"2026-09-16T15:20:10.965Z"}
{"level":"info","message":"⌛ Validating nombreRandom/nombreRandom.wlk","timeElapsed":142,"timestamp":"2026-09-16T15:20:11.203Z"}
{"level":"info","message":"⌛ Building environment","timeElapsed":136,"timestamp":"2026-09-16T15:20:11.526Z"}
{"level":"info","message":"⌛ Validating nombreRandom/nombreRandom.wlk","timeElapsed":161,"timestamp":"2026-09-16T15:20:11.700Z"}
{"level":"info","message":"⌛ Validating nombreRandom/nombreRandom.wlk","timeElapsed":132,"timestamp":"2026-09-16T15:20:11.919Z"}
{"level":"info","message":"⌛ Validating nombreRandom/nombreRandom.wlk","timeElapsed":166,"timestamp":"2026-09-16T15:20:12.086Z"}
{"level":"info","message":"⌛ Validating nombreRandom/nombreRandom.wlk","timeElapsed":141,"timestamp":"2026-09-16T15:20:12.308Z"}
{"level":"info","message":"⌛ Building environment","timeElapsed":160,"timestamp":"2026-09-16T15:20:12.471Z"}
{"level":"info","message":"⌛ Building environment","timeElapsed":103,"timestamp":"2026-09-16T15:20:12.575Z"}
{"level":"info","message":"⌛ Validating nombreRandom/nombreRandom.wlk","timeElapsed":181,"timestamp":"2026-09-16T15:20:12.756Z"}
{"level":"info","message":"⌛ Building environment","timeElapsed":110,"timestamp":"2026-09-16T15:20:12.953Z"}
{"level":"info","message":"⌛ Validating nombreRandom/nombreRandom.wlk","timeElapsed":136,"timestamp":"2026-09-16T15:20:13.090Z"}
{"level":"info","message":"⌛ Validating nombreRandom/nombreRandom.wlk","timeElapsed":149,"timestamp":"2026-09-16T15:20:13.421Z"}
{"level":"info","message":"⌛ Validating nombreRandom/nombreRandom.wlk","timeElapsed":128,"timestamp":"2026-09-16T15:20:13.550Z"}
{"level":"info","message":"⌛ Validating nombreRandom/nombreRandom.wlk","timeElapsed":148,"timestamp":"2026-09-16T15:20:13.884Z"}
{"level":"info","message":"⌛ Validating nombreRandom/nombreRandom.wlk","timeElapsed":139,"timestamp":"2026-09-16T15:20:14.024Z"}
{"level":"info","message":"⌛ Validating nombreRandom/nombreRandom.wlk","timeElapsed":139,"timestamp":"2026-09-16T15:20:14.265Z"}
{"level":"info","message":"⌛ Validating nombreRandom/nombreRandom.wlk","timeElapsed":132,"timestamp":"2026-09-16T15:20:14.397Z"}
{"level":"info","message":"⌛ Building environment","timeElapsed":130,"timestamp":"2026-09-16T15:20:14.534Z"}
{"level":"info","message":"⌛ Validating nombreRandom/nombreRandom.wlk","timeElapsed":138,"timestamp":"2026-09-16T15:20:14.761Z"}
{"level":"info","message":"⌛ Validating nombreRandom/nombreRandom.wlk","timeElapsed":131,"timestamp":"2026-09-16T15:20:14.892Z"}
{"level":"info","message":"⌛ Building environment","timeElapsed":105,"timestamp":"2026-09-16T15:20:15.170Z"}
{"level":"info","message":"⌛ Validating nombreRandom/nombreRandom.wlk","timeElapsed":208,"timestamp":"2026-09-16T15:20:15.380Z"}
{"level":"info","message":"⌛ Building environment","timeElapsed":132,"timestamp":"2026-09-16T15:20:15.512Z"}
{"level":"info","message":"⌛ Validating nombreRandom/nombreRandom.wlk","timeElapsed":141,"timestamp":"2026-09-16T15:20:15.747Z"}
{"level":"info","message":"⌛ Validating nombreRandom/nombreRandom.wlk","timeElapsed":144,"timestamp":"2026-09-16T15:20:15.982Z"}
{"level":"info","message":"⌛ Validating nombreRandom/nombreRandom.wlk","timeElapsed":126,"timestamp":"2026-09-16T15:20:16.302Z"}
{"level":"info","message":"⌛ Validating nombreRandom/nombreRandom.wlk","timeElapsed":157,"timestamp":"2026-09-16T15:20:16.459Z"}
{"level":"info","message":"⌛ Building environment","timeElapsed":136,"timestamp":"2026-09-16T15:20:16.598Z"}
{"level":"info","message":"⌛ Validating nombreRandom/nombreRandom.wlk","timeElapsed":138,"timestamp":"2026-09-16T15:20:16.737Z"}
{"level":"info","message":"⌛ Building environment","timeElapsed":128,"timestamp":"2026-09-16T15:20:16.865Z"}
{"level":"info","message":"⌛ Validating nombreRandom/nombreRandom.wlk","timeElapsed":126,"timestamp":"2026-09-16T15:20:17.090Z"}
{"level":"info","message":"⌛ Validating nombreRandom/nombreRandom.wlk","timeElapsed":133,"timestamp":"2026-09-16T15:20:17.299Z"}
{"level":"info","message":"⌛ Validating nombreRandom/nombreRandom.wlk","timeElapsed":149,"timestamp":"2026-09-16T15:20:17.531Z"}
{"level":"info","message":"⌛ Validating nombreRandom/nombreRandom.wlk","timeElapsed":122,"timestamp":"2026-09-16T15:20:17.746Z"}
{"level":"info","message":"⌛ Validating nombreRandom/nombreRandom.wlk","timeElapsed":125,"timestamp":"2026-09-16T15:20:17.871Z"}
{"level":"info","message":"⌛ Validating nombreRandom/nombreRandom.wlk","timeElapsed":127,"timestamp":"2026-09-16T15:20:18.089Z"}
{"level":"info","message":"⌛ Validating nombreRandom/nombreRandom.wlk","timeElapsed":116,"timestamp":"2026-09-16T15:20:18.206Z"}
{"level":"info","message":"⌛ Validating nombreRandom/nombreRandom.wlk","timeElapsed":116,"timestamp":"2026-09-16T15:20:18.328Z"}
{"level":"info","message":"⌛ Validating nombreRandom/nombreRandom.wlk","timeElapsed":118,"timestamp":"2026-09-16T15:20:18.446Z"}
{"level":"info","message":"⌛ Building environment","timeElapsed":186,"timestamp":"2026-09-16T15:20:18.634Z"}
{"level":"info","message":"⌛ Validating nombreRandom/nombreRandom.wlk","timeElapsed":145,"timestamp":"2026-09-16T15:20:18.778Z"}
{"level":"info","message":"⌛ Building environment","timeElapsed":109,"timestamp":"2026-09-16T15:20:18.888Z"}
{"level":"info","message":"⌛ Validating nombreRandom/nombreRandom.wlk","timeElapsed":154,"timestamp":"2026-09-16T15:20:19.127Z"}
{"level":"info","message":"⌛ Validating nombreRandom/nombreRandom.wlk","timeElapsed":139,"timestamp":"2026-09-16T15:20:19.357Z"}
{"level":"info","message":"⌛ Building environment","timeElapsed":123,"timestamp":"2026-09-16T15:20:19.485Z"}
{"level":"info","message":"⌛ Validating nombreRandom/nombreRandom.wlk","timeElapsed":138,"timestamp":"2026-09-16T15:20:19.623Z"}
{"level":"info","message":"⌛ Validating nombreRandom/nombreRandom.wlk","timeElapsed":126,"timestamp":"2026-09-16T15:20:19.844Z"}
{"level":"info","message":"⌛ Validating nombreRandom/nombreRandom.wlk","timeElapsed":121,"timestamp":"2026-09-16T15:20:19.965Z"}
{"level":"info","message":"⌛ Validating nombreRandom/nombreRandom.wlk","timeElapsed":128,"timestamp":"2026-09-16T15:20:20.265Z"}
{"level":"info","message":"⌛ Validating nombreRandom/nombreRandom.wlk","timeElapsed":130,"timestamp":"2026-09-16T15:20:20.477Z"}
{"level":"info","message":"⌛ Validating nombreRandom/nombreRandom.wlk","timeElapsed":162,"timestamp":"2026-09-16T15:20:20.647Z"}
{"level":"info","message":"⌛ Building environment","timeElapsed":177,"timestamp":"2026-09-16T15:20:20.685Z"}
{"level":"info","message":"⌛ Validating nombreRandom/nombreRandom.wlk","timeElapsed":141,"timestamp":"2026-09-16T15:20:20.789Z"}
{"level":"info","message":"⌛ Validating nombreRandom/nombreRandom.wlk","timeElapsed":169,"timestamp":"2026-09-16T15:20:20.858Z"}
{"level":"info","message":"⌛ Validating nombreRandom/nombreRandom.wlk","timeElapsed":164,"timestamp":"2026-09-16T15:20:20.954Z"}
{"level":"info","message":"⌛ Validating nombreRandom/nombreRandom.wlk","timeElapsed":115,"timestamp":"2026-09-16T15:20:21.074Z"}
{"level":"info","message":"⌛ Validating nombreRandom/nombreRandom.wlk","timeElapsed":144,"timestamp":"2026-09-16T15:20:21.849Z"}
{"level":"info","message":"⌛ Building environment","timeElapsed":130,"timestamp":"2026-09-16T15:20:22.740Z"}
{"level":"info","message":"⌛ Validating nombreRandom/nombreRandom.wlk","timeElapsed":138,"timestamp":"2026-09-16T15:20:22.882Z"}
{"level":"info","message":"⌛ Building environment","timeElapsed":147,"timestamp":"2026-09-16T15:20:23.861Z"}
{"level":"info","message":"⌛ Validating nombreRandom/nombreRandom.wlk","timeElapsed":142,"timestamp":"2026-09-16T15:20:24.008Z"}
{"level":"info","message":"⌛ Building environment","timeElapsed":301,"timestamp":"2026-09-23T12:14:56.055Z"}
{"level":"error","message":"✘ Failed to rebuild document Missing workspace folder!","stack":"Error: Missing workspace folder!\n    at QF (/home/tiaguinni/.vscode/extensions/uqbar.wollok-lsp-ide-0.5.5/out/server/src/server.js:2430:7332)\n    at V3.invoke (/home/tiaguinni/.vscode/extensions/uqbar.wollok-lsp-ide-0.5.5/out/server/src/server.js:3:157330)\n    at o.fire (/home/tiaguinni/.vscode/extensions/uqbar.wollok-lsp-ide-0.5.5/out/server/src/server.js:3:158100)\n    at /home/tiaguinni/.vscode/extensions/uqbar.wollok-lsp-ide-0.5.5/out/server/src/server.js:37:57488\n    at nd (/home/tiaguinni/.vscode/extensions/uqbar.wollok-lsp-ide-0.5.5/out/server/src/server.js:8:1561)\n    at It (/home/tiaguinni/.vscode/extensions/uqbar.wollok-lsp-ide-0.5.5/out/server/src/server.js:7:6224)\n    at et (/home/tiaguinni/.vscode/extensions/uqbar.wollok-lsp-ide-0.5.5/out/server/src/server.js:7:6378)\n    at Immediate._onImmediate (/home/tiaguinni/.vscode/extensions/uqbar.wollok-lsp-ide-0.5.5/out/server/src/server.js:7:6142)\n    at process.processImmediate (node:internal/timers:504:21)","timestamp":"2026-09-23T12:14:56.060Z"}
{"level":"info","message":"⌛ Building environment","timeElapsed":188,"timestamp":"2026-09-23T12:14:57.820Z"}
{"level":"info","message":"⌛ Validating file:hometiaguinniDesktopUTNnombreRandomnombreRandom.wlk","timeElapsed":278,"timestamp":"2026-09-23T12:14:58.112Z"}
{"level":"info","message":"⌛ Building environment","timeElapsed":195,"timestamp":"2026-09-23T12:15:04.228Z"}
{"level":"info","message":"⌛ Building environment","timeElapsed":114,"timestamp":"2026-09-23T12:15:04.344Z"}
{"level":"info","message":"⌛ Validating nombreRandom/nombreRandom.wlk","timeElapsed":167,"timestamp":"2026-09-23T12:15:04.532Z"}
{"level":"info","message":"⌛ Validating nombreRandom/nombreRandom.wlk","timeElapsed":174,"timestamp":"2026-09-23T12:15:04.706Z"}
{"level":"info","message":"⌛ Building environment","timeElapsed":160,"timestamp":"2026-09-23T12:15:04.867Z"}
{"level":"info","message":"⌛ Validating nombreRandom/testNombreRandom.wtest","timeElapsed":235,"timestamp":"2026-09-23T12:15:11.984Z"}
{"level":"info","message":"⌛ Building environment","timeElapsed":131,"timestamp":"2026-09-23T12:15:12.118Z"}
{"level":"info","message":"⌛ Building environment","timeElapsed":145,"timestamp":"2026-09-23T12:15:12.264Z"}
{"level":"info","message":"⌛ Validating nombreRandom/nombreRandom.wlk","timeElapsed":186,"timestamp":"2026-09-23T12:15:12.451Z"}
{"level":"info","message":"⌛ Validating nombreRandom/testNombreRandom.wtest","timeElapsed":120,"timestamp":"2026-09-23T12:15:12.571Z"}
{"level":"info","message":"⌛ Validating nombreRandom/nombreRandom.wlk","timeElapsed":156,"timestamp":"2026-09-23T12:15:12.727Z"}
{"level":"info","message":"⌛ Validating nombreRandom/testNombreRandom.wtest","timeElapsed":158,"timestamp":"2026-09-23T12:15:12.885Z"}
{"level":"info","message":"⌛ Building environment","timeElapsed":614,"timestamp":"2026-09-23T12:42:08.448Z"}
{"level":"error","message":"✘ Failed to rebuild document Missing workspace folder!","stack":"Error: Missing workspace folder!\n    at QF (/home/tiaguinni/.vscode/extensions/uqbar.wollok-lsp-ide-0.5.5/out/server/src/server.js:2430:7332)\n    at V3.invoke (/home/tiaguinni/.vscode/extensions/uqbar.wollok-lsp-ide-0.5.5/out/server/src/server.js:3:157330)\n    at o.fire (/home/tiaguinni/.vscode/extensions/uqbar.wollok-lsp-ide-0.5.5/out/server/src/server.js:3:158100)\n    at /home/tiaguinni/.vscode/extensions/uqbar.wollok-lsp-ide-0.5.5/out/server/src/server.js:37:57488\n    at nd (/home/tiaguinni/.vscode/extensions/uqbar.wollok-lsp-ide-0.5.5/out/server/src/server.js:8:1561)\n    at It (/home/tiaguinni/.vscode/extensions/uqbar.wollok-lsp-ide-0.5.5/out/server/src/server.js:7:6224)\n    at et (/home/tiaguinni/.vscode/extensions/uqbar.wollok-lsp-ide-0.5.5/out/server/src/server.js:7:6378)\n    at Immediate._onImmediate (/home/tiaguinni/.vscode/extensions/uqbar.wollok-lsp-ide-0.5.5/out/server/src/server.js:7:6142)\n    at process.processImmediate (node:internal/timers:504:21)","timestamp":"2026-09-23T12:42:08.456Z"}
{"level":"info","message":"⌛ Building environment","timeElapsed":338,"timestamp":"2026-09-23T12:42:09.353Z"}
{"level":"info","message":"⌛ Validating file:hometiaguinniDesktopUTNnombreRandomnombreRandom.wlk","timeElapsed":573,"timestamp":"2026-09-23T12:42:09.958Z"}
{"level":"info","message":"⌛ Building environment","timeElapsed":304,"timestamp":"2026-09-23T12:42:14.000Z"}
{"level":"info","message":"⌛ Building environment","timeElapsed":236,"timestamp":"2026-09-23T12:42:14.320Z"}
{"level":"info","message":"⌛ Building environment","timeElapsed":204,"timestamp":"2026-09-23T12:42:14.556Z"}
{"level":"info","message":"⌛ Building environment","timeElapsed":184,"timestamp":"2026-09-23T12:42:14.745Z"}
{"level":"info","message":"⌛ Building environment","timeElapsed":168,"timestamp":"2026-09-23T12:42:14.914Z"}
{"level":"info","message":"⌛ Building environment","timeElapsed":177,"timestamp":"2026-09-23T12:42:15.093Z"}
{"level":"info","message":"⌛ Validating nombreRandom/nombreRandom.wlk","timeElapsed":277,"timestamp":"2026-09-23T12:42:15.371Z"}
{"level":"info","message":"⌛ Building environment","timeElapsed":144,"timestamp":"2026-09-23T12:42:15.516Z"}
{"level":"info","message":"⌛ Validating nombreRandom/nombreRandom.wlk","timeElapsed":231,"timestamp":"2026-09-23T12:42:15.758Z"}
{"level":"info","message":"⌛ Validating nombreRandom/nombreRandom.wlk","timeElapsed":287,"timestamp":"2026-09-23T12:42:16.046Z"}
{"level":"info","message":"⌛ Validating nombreRandom/nombreRandom.wlk","timeElapsed":172,"timestamp":"2026-09-23T12:42:16.220Z"}
{"level":"info","message":"⌛ Building environment","timeElapsed":136,"timestamp":"2026-09-23T12:42:16.357Z"}
{"level":"info","message":"⌛ Validating nombreRandom/nombreRandom.wlk","timeElapsed":369,"timestamp":"2026-09-23T12:42:16.731Z"}
{"level":"info","message":"⌛ Validating nombreRandom/nombreRandom.wlk","timeElapsed":211,"timestamp":"2026-09-23T12:42:16.943Z"}
{"level":"info","message":"⌛ Validating nombreRandom/nombreRandom.wlk","timeElapsed":213,"timestamp":"2026-09-23T12:42:17.158Z"}
{"level":"info","message":"⌛ Validating nombreRandom/testNombreRandom.wtest","timeElapsed":230,"timestamp":"2026-09-23T12:42:17.388Z"}
{"level":"info","message":"⌛ Building environment","timeElapsed":161,"timestamp":"2026-09-23T12:42:30.208Z"}
{"level":"info","message":"⌛ Validating nombreRandom/nombreRandom.wlk","timeElapsed":164,"timestamp":"2026-09-23T12:42:30.406Z"}
{"level":"info","message":"⌛ Validating nombreRandom/testNombreRandom.wtest","timeElapsed":127,"timestamp":"2026-09-23T12:42:30.535Z"}
{"level":"info","message":"⌛ Building environment","timeElapsed":127,"timestamp":"2026-09-23T12:43:25.216Z"}
{"level":"info","message":"⌛ Validating EXAMEN-Wollok/example.wlk","timeElapsed":213,"timestamp":"2026-09-23T12:43:25.441Z"}
{"level":"info","message":"⌛ Validating EXAMEN-Wollok/example.wlk","timeElapsed":140,"timestamp":"2026-09-23T12:43:28.221Z"}
{"level":"info","message":"⌛ Building environment","timeElapsed":133,"timestamp":"2026-09-23T12:43:34.351Z"}
{"level":"info","message":"⌛ Validating EXAMEN-Wollok/testExample.wtest","timeElapsed":176,"timestamp":"2026-09-23T12:43:34.537Z"}
{"level":"info","message":"⌛ Building environment","timeElapsed":163,"timestamp":"2026-09-23T12:43:36.732Z"}
{"level":"info","message":"⌛ Validating EXAMEN-Wollok/testExample.wtest","timeElapsed":147,"timestamp":"2026-09-23T12:43:36.882Z"}
{"level":"info","message":"⌛ Building environment","timeElapsed":108,"timestamp":"2026-09-23T12:43:37.088Z"}
{"level":"info","message":"⌛ Validating EXAMEN-Wollok/testExample.wtest","timeElapsed":162,"timestamp":"2026-09-23T12:43:37.294Z"}
{"level":"info","message":"⌛ Building environment","timeElapsed":106,"timestamp":"2026-09-23T12:43:37.411Z"}
{"level":"info","message":"⌛ Validating EXAMEN-Wollok/testExample.wtest","timeElapsed":171,"timestamp":"2026-09-23T12:43:37.615Z"}
{"level":"info","message":"⌛ Validating EXAMEN-Wollok/testExample.wtest","timeElapsed":143,"timestamp":"2026-09-23T12:43:37.903Z"}
{"level":"info","message":"⌛ Validating EXAMEN-Wollok/testExample.wtest","timeElapsed":177,"timestamp":"2026-09-23T12:43:38.185Z"}
{"level":"info","message":"⌛ Building environment","timeElapsed":219,"timestamp":"2026-09-23T12:43:38.411Z"}
{"level":"info","message":"⌛ Validating EXAMEN-Wollok/testExample.wtest","timeElapsed":195,"timestamp":"2026-09-23T12:43:38.612Z"}
{"level":"info","message":"⌛ Validating EXAMEN-Wollok/testExample.wtest","timeElapsed":163,"timestamp":"2026-09-23T12:43:39.990Z"}
{"level":"info","message":"⌛ Validating EXAMEN-Wollok/testExample.wtest","timeElapsed":173,"timestamp":"2026-09-23T12:43:40.966Z"}
{"level":"info","message":"⌛ Validating EXAMEN-Wollok/testExample.wtest","timeElapsed":157,"timestamp":"2026-09-23T12:43:41.314Z"}
{"level":"info","message":"⌛ Validating EXAMEN-Wollok/testExample.wtest","timeElapsed":158,"timestamp":"2026-09-23T12:43:41.474Z"}
{"level":"info","message":"⌛ Validating EXAMEN-Wollok/testExample.wtest","timeElapsed":142,"timestamp":"2026-09-23T12:43:41.701Z"}
{"level":"info","message":"⌛ Building environment","timeElapsed":132,"timestamp":"2026-09-23T12:43:42.439Z"}
{"level":"info","message":"⌛ Validating EXAMEN-Wollok/testExample.wtest","timeElapsed":151,"timestamp":"2026-09-23T12:43:42.595Z"}
{"level":"info","message":"⌛ Building environment","timeElapsed":139,"timestamp":"2026-09-23T12:43:44.788Z"}
{"level":"info","message":"⌛ Validating EXAMEN-Wollok/testExample.wtest","timeElapsed":133,"timestamp":"2026-09-23T12:43:44.932Z"}
{"level":"info","message":"⌛ Building environment","timeElapsed":105,"timestamp":"2026-09-23T12:43:46.540Z"}
{"level":"info","message":"⌛ Validating EXAMEN-Wollok/testExample.wtest","timeElapsed":156,"timestamp":"2026-09-23T12:43:46.701Z"}
{"level":"info","message":"⌛ Validating EXAMEN-Wollok/testExample.wtest","timeElapsed":133,"timestamp":"2026-09-23T12:43:46.951Z"}
{"level":"info","message":"⌛ Building environment","timeElapsed":104,"timestamp":"2026-09-23T12:43:47.415Z"}
{"level":"info","message":"⌛ Validating EXAMEN-Wollok/testExample.wtest","timeElapsed":151,"timestamp":"2026-09-23T12:43:47.573Z"}
{"level":"info","message":"⌛ Validating EXAMEN-Wollok/testExample.wtest","timeElapsed":151,"timestamp":"2026-09-23T12:43:47.865Z"}
{"level":"info","message":"⌛ Validating EXAMEN-Wollok/testExample.wtest","timeElapsed":159,"timestamp":"2026-09-23T12:43:48.215Z"}
{"level":"info","message":"⌛ Validating EXAMEN-Wollok/testExample.wtest","timeElapsed":131,"timestamp":"2026-09-23T12:43:48.347Z"}
{"level":"info","message":"⌛ Validating EXAMEN-Wollok/testExample.wtest","timeElapsed":151,"timestamp":"2026-09-23T12:43:48.590Z"}
{"level":"info","message":"⌛ Validating EXAMEN-Wollok/testExample.wtest","timeElapsed":150,"timestamp":"2026-09-23T12:43:48.824Z"}
{"level":"info","message":"⌛ Validating EXAMEN-Wollok/testExample.wtest","timeElapsed":134,"timestamp":"2026-09-23T12:43:49.133Z"}
{"level":"info","message":"⌛ Validating EXAMEN-Wollok/testExample.wtest","timeElapsed":136,"timestamp":"2026-09-23T12:43:49.270Z"}
{"level":"info","message":"⌛ Validating EXAMEN-Wollok/testExample.wtest","timeElapsed":161,"timestamp":"2026-09-23T12:43:49.554Z"}
{"level":"info","message":"⌛ Validating EXAMEN-Wollok/testExample.wtest","timeElapsed":143,"timestamp":"2026-09-23T12:43:49.795Z"}
{"level":"info","message":"⌛ Building environment","timeElapsed":121,"timestamp":"2026-09-23T12:43:50.231Z"}
{"level":"info","message":"⌛ Validating EXAMEN-Wollok/testExample.wtest","timeElapsed":178,"timestamp":"2026-09-23T12:43:50.414Z"}
{"level":"info","message":"⌛ Building environment","timeElapsed":106,"timestamp":"2026-09-23T12:43:50.521Z"}
{"level":"info","message":"⌛ Validating EXAMEN-Wollok/testExample.wtest","timeElapsed":170,"timestamp":"2026-09-23T12:43:50.695Z"}
{"level":"info","message":"⌛ Validating EXAMEN-Wollok/testExample.wtest","timeElapsed":160,"timestamp":"2026-09-23T12:43:50.956Z"}
{"level":"info","message":"⌛ Validating EXAMEN-Wollok/testExample.wtest","timeElapsed":158,"timestamp":"2026-09-23T12:43:51.199Z"}
{"level":"info","message":"⌛ Validating EXAMEN-Wollok/testExample.wtest","timeElapsed":141,"timestamp":"2026-09-23T12:43:51.534Z"}
{"level":"info","message":"⌛ Building environment","timeElapsed":104,"timestamp":"2026-09-23T12:43:51.639Z"}
{"level":"info","message":"⌛ Validating EXAMEN-Wollok/testExample.wtest","timeElapsed":197,"timestamp":"2026-09-23T12:43:51.837Z"}
{"level":"info","message":"⌛ Validating EXAMEN-Wollok/testExample.wtest","timeElapsed":134,"timestamp":"2026-09-23T12:43:52.062Z"}
{"level":"info","message":"⌛ Validating EXAMEN-Wollok/testExample.wtest","timeElapsed":141,"timestamp":"2026-09-23T12:43:52.371Z"}
{"level":"info","message":"⌛ Validating EXAMEN-Wollok/testExample.wtest","timeElapsed":160,"timestamp":"2026-09-23T12:43:52.592Z"}
{"level":"info","message":"⌛ Building environment","timeElapsed":111,"timestamp":"2026-09-23T12:43:52.704Z"}
{"level":"info","message":"⌛ Validating EXAMEN-Wollok/testExample.wtest","timeElapsed":131,"timestamp":"2026-09-23T12:43:52.843Z"}
{"level":"info","message":"⌛ Validating EXAMEN-Wollok/testExample.wtest","timeElapsed":137,"timestamp":"2026-09-23T12:43:52.987Z"}
{"level":"info","message":"⌛ Validating EXAMEN-Wollok/testExample.wtest","timeElapsed":144,"timestamp":"2026-09-23T12:43:56.464Z"}
{"level":"info","message":"⌛ Validating EXAMEN-Wollok/testExample.wtest","timeElapsed":150,"timestamp":"2026-09-23T12:43:56.838Z"}
{"level":"info","message":"⌛ Building environment","timeElapsed":102,"timestamp":"2026-09-23T12:43:56.940Z"}
{"level":"info","message":"⌛ Validating EXAMEN-Wollok/testExample.wtest","timeElapsed":150,"timestamp":"2026-09-23T12:43:57.168Z"}
{"level":"info","message":"⌛ Validating EXAMEN-Wollok/testExample.wtest","timeElapsed":127,"timestamp":"2026-09-23T12:43:57.297Z"}
{"level":"info","message":"⌛ Building environment","timeElapsed":115,"timestamp":"2026-09-23T12:44:05.843Z"}
{"level":"info","message":"⌛ Validating EXAMEN-Wollok/testExample.wtest","timeElapsed":150,"timestamp":"2026-09-23T12:44:05.997Z"}
{"level":"info","message":"⌛ Validating EXAMEN-Wollok/testExample.wtest","timeElapsed":130,"timestamp":"2026-09-23T12:44:06.227Z"}
{"level":"info","message":"⌛ Validating EXAMEN-Wollok/testExample.wtest","timeElapsed":128,"timestamp":"2026-09-23T12:44:07.847Z"}
{"level":"info","message":"⌛ Validating EXAMEN-Wollok/testExample.wtest","timeElapsed":156,"timestamp":"2026-09-23T12:44:08.247Z"}
{"level":"info","message":"⌛ Building environment","timeElapsed":102,"timestamp":"2026-09-23T12:44:08.356Z"}
{"level":"info","message":"⌛ Validating EXAMEN-Wollok/testExample.wtest","timeElapsed":132,"timestamp":"2026-09-23T12:44:08.492Z"}
{"level":"info","message":"⌛ Building environment","timeElapsed":138,"timestamp":"2026-09-23T12:44:11.067Z"}
{"level":"info","message":"⌛ Validating EXAMEN-Wollok/testExample.wtest","timeElapsed":149,"timestamp":"2026-09-23T12:44:11.222Z"}
{"level":"info","message":"⌛ Building environment","timeElapsed":125,"timestamp":"2026-09-23T12:44:11.463Z"}
{"level":"info","message":"⌛ Validating EXAMEN-Wollok/testExample.wtest","timeElapsed":150,"timestamp":"2026-09-23T12:44:11.621Z"}
{"level":"info","message":"⌛ Validating EXAMEN-Wollok/testExample.wtest","timeElapsed":161,"timestamp":"2026-09-23T12:44:11.882Z"}
{"level":"info","message":"⌛ Validating EXAMEN-Wollok/testExample.wtest","timeElapsed":142,"timestamp":"2026-09-23T12:44:12.109Z"}
{"level":"info","message":"⌛ Validating EXAMEN-Wollok/testExample.wtest","timeElapsed":226,"timestamp":"2026-09-23T12:44:12.465Z"}
{"level":"info","message":"⌛ Validating EXAMEN-Wollok/testExample.wtest","timeElapsed":134,"timestamp":"2026-09-23T12:44:12.778Z"}
{"level":"info","message":"⌛ Building environment","timeElapsed":114,"timestamp":"2026-09-23T12:44:13.222Z"}
{"level":"info","message":"⌛ Validating EXAMEN-Wollok/testExample.wtest","timeElapsed":135,"timestamp":"2026-09-23T12:44:13.364Z"}
{"level":"info","message":"⌛ Validating EXAMEN-Wollok/testExample.wtest","timeElapsed":153,"timestamp":"2026-09-23T12:44:13.742Z"}
{"level":"info","message":"⌛ Building environment","timeElapsed":101,"timestamp":"2026-09-23T12:44:13.908Z"}
{"level":"info","message":"⌛ Validating EXAMEN-Wollok/testExample.wtest","timeElapsed":152,"timestamp":"2026-09-23T12:44:14.156Z"}
{"level":"info","message":"⌛ Validating EXAMEN-Wollok/testExample.wtest","timeElapsed":158,"timestamp":"2026-09-23T12:44:14.314Z"}
{"level":"info","message":"⌛ Validating EXAMEN-Wollok/testExample.wtest","timeElapsed":152,"timestamp":"2026-09-23T12:44:14.579Z"}
{"level":"info","message":"⌛ Validating EXAMEN-Wollok/testExample.wtest","timeElapsed":143,"timestamp":"2026-09-23T12:44:14.814Z"}
{"level":"info","message":"⌛ Validating EXAMEN-Wollok/testExample.wtest","timeElapsed":143,"timestamp":"2026-09-23T12:44:15.102Z"}
{"level":"info","message":"⌛ Building environment","timeElapsed":115,"timestamp":"2026-09-23T12:44:15.465Z"}
{"level":"info","message":"⌛ Validating EXAMEN-Wollok/testExample.wtest","timeElapsed":136,"timestamp":"2026-09-23T12:44:15.609Z"}
{"level":"info","message":"⌛ Validating EXAMEN-Wollok/testExample.wtest","timeElapsed":125,"timestamp":"2026-09-23T12:44:15.925Z"}
{"level":"info","message":"⌛ Validating EXAMEN-Wollok/testExample.wtest","timeElapsed":132,"timestamp":"2026-09-23T12:44:16.286Z"}
{"level":"info","message":"⌛ Building environment","timeElapsed":115,"timestamp":"2026-09-23T12:44:16.476Z"}
{"level":"info","message":"⌛ Building environment","timeElapsed":103,"timestamp":"2026-09-23T12:44:16.585Z"}
{"level":"info","message":"⌛ Validating EXAMEN-Wollok/testExample.wtest","timeElapsed":178,"timestamp":"2026-09-23T12:44:16.764Z"}
{"level":"info","message":"⌛ Building environment","timeElapsed":105,"timestamp":"2026-09-23T12:44:16.870Z"}
{"level":"info","message":"⌛ Validating EXAMEN-Wollok/testExample.wtest","timeElapsed":148,"timestamp":"2026-09-23T12:44:17.025Z"}
{"level":"info","message":"⌛ Validating EXAMEN-Wollok/testExample.wtest","timeElapsed":151,"timestamp":"2026-09-23T12:44:17.345Z"}
{"level":"info","message":"⌛ Validating EXAMEN-Wollok/testExample.wtest","timeElapsed":135,"timestamp":"2026-09-23T12:44:17.591Z"}
{"level":"info","message":"⌛ Validating EXAMEN-Wollok/testExample.wtest","timeElapsed":150,"timestamp":"2026-09-23T12:44:17.741Z"}
{"level":"info","message":"⌛ Validating EXAMEN-Wollok/testExample.wtest","timeElapsed":145,"timestamp":"2026-09-23T12:44:18.078Z"}
{"level":"info","message":"⌛ Building environment","timeElapsed":149,"timestamp":"2026-09-23T12:44:18.229Z"}
{"level":"info","message":"⌛ Validating EXAMEN-Wollok/testExample.wtest","timeElapsed":160,"timestamp":"2026-09-23T12:44:18.495Z"}
{"level":"info","message":"⌛ Validating EXAMEN-Wollok/testExample.wtest","timeElapsed":143,"timestamp":"2026-09-23T12:44:18.721Z"}
{"level":"info","message":"⌛ Validating EXAMEN-Wollok/testExample.wtest","timeElapsed":145,"timestamp":"2026-09-23T12:44:19.035Z"}
{"level":"info","message":"⌛ Validating EXAMEN-Wollok/testExample.wtest","timeElapsed":145,"timestamp":"2026-09-23T12:44:19.181Z"}
{"level":"info","message":"⌛ Building environment","timeElapsed":102,"timestamp":"2026-09-23T12:44:19.284Z"}
{"level":"info","message":"⌛ Validating EXAMEN-Wollok/testExample.wtest","timeElapsed":162,"timestamp":"2026-09-23T12:44:19.447Z"}
{"level":"info","message":"⌛ Validating EXAMEN-Wollok/testExample.wtest","timeElapsed":201,"timestamp":"2026-09-23T12:44:19.677Z"}
{"level":"info","message":"⌛ Validating EXAMEN-Wollok/testExample.wtest","timeElapsed":142,"timestamp":"2026-09-23T12:44:19.819Z"}
{"level":"info","message":"⌛ Validating EXAMEN-Wollok/testExample.wtest","timeElapsed":139,"timestamp":"2026-09-23T12:44:19.959Z"}
{"level":"info","message":"⌛ Building environment","timeElapsed":121,"timestamp":"2026-09-23T12:44:20.703Z"}
{"level":"info","message":"⌛ Validating nombreRandom/nombreRandom.wlk","timeElapsed":233,"timestamp":"2026-09-23T12:44:20.944Z"}
{"level":"info","message":"⌛ Validating nombreRandom/testNombreRandom.wtest","timeElapsed":106,"timestamp":"2026-09-23T12:44:21.052Z"}
{"level":"info","message":"⌛ Validating EXAMEN-Wollok/example.wlk","timeElapsed":104,"timestamp":"2026-09-23T12:44:21.157Z"}
{"level":"info","message":"⌛ Validating EXAMEN-Wollok/testExample.wtest","timeElapsed":139,"timestamp":"2026-09-23T12:44:21.296Z"}
{"level":"info","message":"⌛ Building environment","timeElapsed":151,"timestamp":"2026-09-23T12:44:37.718Z"}
{"level":"info","message":"⌛ Building environment","timeElapsed":103,"timestamp":"2026-09-23T12:44:38.605Z"}
{"level":"info","message":"⌛ Building environment","timeElapsed":142,"timestamp":"2026-09-23T12:44:38.747Z"}
{"level":"info","message":"⌛ Validating EXAMEN-Wollok/testExample.wtest","timeElapsed":138,"timestamp":"2026-09-23T12:44:38.886Z"}
{"level":"info","message":"⌛ Validating EXAMEN-Wollok/testExample.wtest","timeElapsed":133,"timestamp":"2026-09-23T12:44:39.019Z"}
{"level":"info","message":"⌛ Building environment","timeElapsed":101,"timestamp":"2026-09-23T12:44:39.121Z"}
{"level":"info","message":"⌛ Validating EXAMEN-Wollok/testExample.wtest","timeElapsed":146,"timestamp":"2026-09-23T12:44:39.275Z"}
{"level":"info","message":"⌛ Validating EXAMEN-Wollok/testExample.wtest","timeElapsed":139,"timestamp":"2026-09-23T12:44:39.511Z"}
{"level":"info","message":"⌛ Validating EXAMEN-Wollok/testExample.wtest","timeElapsed":163,"timestamp":"2026-09-23T12:44:39.679Z"}
{"level":"info","message":"⌛ Building environment","timeElapsed":160,"timestamp":"2026-09-23T12:44:39.840Z"}
{"level":"info","message":"⌛ Building environment","timeElapsed":138,"timestamp":"2026-09-23T12:44:39.980Z"}
{"level":"info","message":"⌛ Validating EXAMEN-Wollok/testExample.wtest","timeElapsed":162,"timestamp":"2026-09-23T12:44:40.160Z"}
{"level":"info","message":"⌛ Validating EXAMEN-Wollok/testExample.wtest","timeElapsed":183,"timestamp":"2026-09-23T12:44:40.434Z"}
{"level":"info","message":"⌛ Building environment","timeElapsed":182,"timestamp":"2026-09-23T12:44:40.618Z"}
{"level":"info","message":"⌛ Validating EXAMEN-Wollok/testExample.wtest","timeElapsed":149,"timestamp":"2026-09-23T12:44:40.768Z"}
{"level":"info","message":"⌛ Validating EXAMEN-Wollok/testExample.wtest","timeElapsed":148,"timestamp":"2026-09-23T12:44:41.022Z"}
{"level":"info","message":"⌛ Validating EXAMEN-Wollok/testExample.wtest","timeElapsed":156,"timestamp":"2026-09-23T12:44:41.179Z"}
{"level":"info","message":"⌛ Building environment","timeElapsed":103,"timestamp":"2026-09-23T12:44:41.300Z"}
{"level":"info","message":"⌛ Validating EXAMEN-Wollok/testExample.wtest","timeElapsed":140,"timestamp":"2026-09-23T12:44:41.443Z"}
{"level":"info","message":"⌛ Building environment","timeElapsed":109,"timestamp":"2026-09-23T12:44:41.793Z"}
{"level":"info","message":"⌛ Validating EXAMEN-Wollok/testExample.wtest","timeElapsed":177,"timestamp":"2026-09-23T12:44:42.004Z"}
{"level":"info","message":"⌛ Validating EXAMEN-Wollok/testExample.wtest","timeElapsed":153,"timestamp":"2026-09-23T12:44:42.257Z"}
{"level":"info","message":"⌛ Validating EXAMEN-Wollok/testExample.wtest","timeElapsed":145,"timestamp":"2026-09-23T12:44:42.560Z"}
{"level":"info","message":"⌛ Building environment","timeElapsed":112,"timestamp":"2026-09-23T12:44:42.930Z"}
{"level":"info","message":"⌛ Validating EXAMEN-Wollok/testExample.wtest","timeElapsed":150,"timestamp":"2026-09-23T12:44:43.086Z"}
{"level":"info","message":"⌛ Building environment","timeElapsed":112,"timestamp":"2026-09-23T12:44:44.524Z"}
{"level":"info","message":"⌛ Validating EXAMEN-Wollok/testExample.wtest","timeElapsed":141,"timestamp":"2026-09-23T12:44:44.671Z"}
{"level":"info","message":"⌛ Validating EXAMEN-Wollok/testExample.wtest","timeElapsed":164,"timestamp":"2026-09-23T12:44:45.042Z"}
{"level":"info","message":"⌛ Validating EXAMEN-Wollok/testExample.wtest","timeElapsed":172,"timestamp":"2026-09-23T12:44:45.340Z"}
{"level":"info","message":"⌛ Building environment","timeElapsed":132,"timestamp":"2026-09-23T12:44:45.473Z"}
{"level":"info","message":"⌛ Building environment","timeElapsed":101,"timestamp":"2026-09-23T12:44:45.574Z"}
{"level":"info","message":"⌛ Validating EXAMEN-Wollok/testExample.wtest","timeElapsed":161,"timestamp":"2026-09-23T12:44:45.736Z"}
{"level":"info","message":"⌛ Validating EXAMEN-Wollok/testExample.wtest","timeElapsed":138,"timestamp":"2026-09-23T12:44:45.875Z"}
{"level":"info","message":"⌛ Building environment","timeElapsed":118,"timestamp":"2026-09-23T12:44:45.994Z"}
{"level":"info","message":"⌛ Building environment","timeElapsed":119,"timestamp":"2026-09-23T12:44:46.120Z"}
{"level":"info","message":"⌛ Validating EXAMEN-Wollok/testExample.wtest","timeElapsed":151,"timestamp":"2026-09-23T12:44:46.272Z"}
{"level":"info","message":"⌛ Validating EXAMEN-Wollok/testExample.wtest","timeElapsed":159,"timestamp":"2026-09-23T12:44:46.515Z"}
{"level":"info","message":"⌛ Building environment","timeElapsed":189,"timestamp":"2026-09-23T12:44:46.708Z"}
{"level":"info","message":"⌛ Validating EXAMEN-Wollok/testExample.wtest","timeElapsed":169,"timestamp":"2026-09-23T12:44:46.877Z"}
{"level":"info","message":"⌛ Building environment","timeElapsed":112,"timestamp":"2026-09-23T12:44:46.990Z"}
{"level":"info","message":"⌛ Validating EXAMEN-Wollok/testExample.wtest","timeElapsed":163,"timestamp":"2026-09-23T12:44:47.174Z"}
{"level":"info","message":"⌛ Validating EXAMEN-Wollok/testExample.wtest","timeElapsed":204,"timestamp":"2026-09-23T12:44:47.470Z"}
{"level":"info","message":"⌛ Building environment","timeElapsed":187,"timestamp":"2026-09-23T12:44:47.658Z"}
{"level":"info","message":"⌛ Validating EXAMEN-Wollok/testExample.wtest","timeElapsed":171,"timestamp":"2026-09-23T12:44:47.914Z"}
{"level":"info","message":"⌛ Validating EXAMEN-Wollok/testExample.wtest","timeElapsed":159,"timestamp":"2026-09-23T12:44:48.174Z"}
{"level":"info","message":"⌛ Validating EXAMEN-Wollok/testExample.wtest","timeElapsed":141,"timestamp":"2026-09-23T12:44:48.317Z"}
{"level":"info","message":"⌛ Validating EXAMEN-Wollok/testExample.wtest","timeElapsed":132,"timestamp":"2026-09-23T12:44:48.536Z"}
{"level":"info","message":"⌛ Validating EXAMEN-Wollok/testExample.wtest","timeElapsed":135,"timestamp":"2026-09-23T12:44:48.677Z"}
{"level":"error","message":"✘ Completions for node Send ([3:3, 3:22] - EXAMEN-Wollok/testExample.wtest) failed: Error: [Send]{b3d51c} at EXAMEN-Wollok/testExample.wtest:3 exhausted all cases without a match [Send]{b3d51c} at EXAMEN-Wollok/testExample.wtest:3 exhausted all cases without a match","stack":"Error: [Send]{b3d51c} at EXAMEN-Wollok/testExample.wtest:3 exhausted all cases without a match\n    at /home/tiaguinni/.vscode/extensions/uqbar.wollok-lsp-ide-0.5.5/out/server/src/server.js:38:6142\n    at L2 (/home/tiaguinni/.vscode/extensions/uqbar.wollok-lsp-ide-0.5.5/out/server/src/server.js:2421:42)\n    at Jh (/home/tiaguinni/.vscode/extensions/uqbar.wollok-lsp-ide-0.5.5/out/server/src/server.js:2421:1092)\n    at w5n (/home/tiaguinni/.vscode/extensions/uqbar.wollok-lsp-ide-0.5.5/out/server/src/server.js:2421:1248)\n    at /home/tiaguinni/.vscode/extensions/uqbar.wollok-lsp-ide-0.5.5/out/server/src/server.js:38:6131\n    at L2 (/home/tiaguinni/.vscode/extensions/uqbar.wollok-lsp-ide-0.5.5/out/server/src/server.js:2421:42)\n    at /home/tiaguinni/.vscode/extensions/uqbar.wollok-lsp-ide-0.5.5/out/server/src/server.js:2421:2988\n    at /home/tiaguinni/.vscode/extensions/uqbar.wollok-lsp-ide-0.5.5/out/server/src/server.js:2430:8440\n    at /home/tiaguinni/.vscode/extensions/uqbar.wollok-lsp-ide-0.5.5/out/server/src/server.js:37:74872\n    at Ke (/home/tiaguinni/.vscode/extensions/uqbar.wollok-lsp-ide-0.5.5/out/server/src/server.js:7:8527)","timestamp":"2026-09-23T12:44:48.705Z"}
{"level":"info","message":"⌛ Building environment","timeElapsed":107,"timestamp":"2026-09-23T12:44:49.253Z"}
{"level":"info","message":"⌛ Validating EXAMEN-Wollok/testExample.wtest","timeElapsed":133,"timestamp":"2026-09-23T12:44:49.391Z"}
{"level":"info","message":"⌛ Building environment","timeElapsed":151,"timestamp":"2026-09-23T12:44:49.777Z"}
{"level":"info","message":"⌛ Validating EXAMEN-Wollok/testExample.wtest","timeElapsed":138,"timestamp":"2026-09-23T12:44:49.930Z"}
{"level":"info","message":"⌛ Validating EXAMEN-Wollok/testExample.wtest","timeElapsed":195,"timestamp":"2026-09-23T12:44:55.231Z"}
{"level":"info","message":"⌛ Building environment","timeElapsed":136,"timestamp":"2026-09-23T12:44:55.730Z"}
{"level":"info","message":"⌛ Validating EXAMEN-Wollok/testExample.wtest","timeElapsed":226,"timestamp":"2026-09-23T12:44:55.963Z"}
{"level":"info","message":"⌛ Building environment","timeElapsed":116,"timestamp":"2026-09-23T12:44:56.160Z"}
{"level":"info","message":"⌛ Validating EXAMEN-Wollok/testExample.wtest","timeElapsed":217,"timestamp":"2026-09-23T12:44:56.380Z"}
{"level":"info","message":"⌛ Building environment","timeElapsed":103,"timestamp":"2026-09-23T12:44:56.618Z"}
{"level":"info","message":"⌛ Validating EXAMEN-Wollok/testExample.wtest","timeElapsed":173,"timestamp":"2026-09-23T12:44:56.796Z"}
{"level":"info","message":"⌛ Building environment","timeElapsed":133,"timestamp":"2026-09-23T12:44:56.929Z"}
{"level":"info","message":"⌛ Validating EXAMEN-Wollok/testExample.wtest","timeElapsed":160,"timestamp":"2026-09-23T12:44:57.190Z"}
{"level":"info","message":"⌛ Validating EXAMEN-Wollok/testExample.wtest","timeElapsed":146,"timestamp":"2026-09-23T12:44:57.338Z"}
{"level":"info","message":"⌛ Building environment","timeElapsed":106,"timestamp":"2026-09-23T12:44:58.380Z"}
{"level":"info","message":"⌛ Validating EXAMEN-Wollok/testExample.wtest","timeElapsed":146,"timestamp":"2026-09-23T12:44:58.530Z"}
{"level":"info","message":"⌛ Building environment","timeElapsed":105,"timestamp":"2026-09-23T12:44:58.968Z"}
{"level":"info","message":"⌛ Validating EXAMEN-Wollok/testExample.wtest","timeElapsed":154,"timestamp":"2026-09-23T12:44:59.129Z"}
{"level":"error","message":"✘ Completions for node Send ([3:3, 3:24] - EXAMEN-Wollok/testExample.wtest) failed: Error: [Send]{47e4c4} at EXAMEN-Wollok/testExample.wtest:3 exhausted all cases without a match [Send]{47e4c4} at EXAMEN-Wollok/testExample.wtest:3 exhausted all cases without a match","stack":"Error: [Send]{47e4c4} at EXAMEN-Wollok/testExample.wtest:3 exhausted all cases without a match\n    at /home/tiaguinni/.vscode/extensions/uqbar.wollok-lsp-ide-0.5.5/out/server/src/server.js:38:6142\n    at L2 (/home/tiaguinni/.vscode/extensions/uqbar.wollok-lsp-ide-0.5.5/out/server/src/server.js:2421:42)\n    at Jh (/home/tiaguinni/.vscode/extensions/uqbar.wollok-lsp-ide-0.5.5/out/server/src/server.js:2421:1092)\n    at w5n (/home/tiaguinni/.vscode/extensions/uqbar.wollok-lsp-ide-0.5.5/out/server/src/server.js:2421:1248)\n    at /home/tiaguinni/.vscode/extensions/uqbar.wollok-lsp-ide-0.5.5/out/server/src/server.js:38:6131\n    at L2 (/home/tiaguinni/.vscode/extensions/uqbar.wollok-lsp-ide-0.5.5/out/server/src/server.js:2421:42)\n    at /home/tiaguinni/.vscode/extensions/uqbar.wollok-lsp-ide-0.5.5/out/server/src/server.js:2421:2988\n    at /home/tiaguinni/.vscode/extensions/uqbar.wollok-lsp-ide-0.5.5/out/server/src/server.js:2430:8440\n    at /home/tiaguinni/.vscode/extensions/uqbar.wollok-lsp-ide-0.5.5/out/server/src/server.js:37:74872\n    at Ke (/home/tiaguinni/.vscode/extensions/uqbar.wollok-lsp-ide-0.5.5/out/server/src/server.js:7:8527)","timestamp":"2026-09-23T12:44:59.681Z"}
{"level":"info","message":"⌛ Building environment","timeElapsed":117,"timestamp":"2026-09-23T12:44:59.886Z"}
{"level":"info","message":"⌛ Validating EXAMEN-Wollok/testExample.wtest","timeElapsed":159,"timestamp":"2026-09-23T12:45:00.049Z"}
{"level":"info","message":"⌛ Building environment","timeElapsed":109,"timestamp":"2026-09-23T12:45:00.527Z"}
{"level":"info","message":"⌛ Validating EXAMEN-Wollok/testExample.wtest","timeElapsed":196,"timestamp":"2026-09-23T12:45:00.763Z"}
{"level":"info","message":"⌛ Building environment","timeElapsed":158,"timestamp":"2026-09-23T12:45:00.925Z"}
{"level":"info","message":"⌛ Validating EXAMEN-Wollok/testExample.wtest","timeElapsed":144,"timestamp":"2026-09-23T12:45:01.178Z"}
{"level":"info","message":"⌛ Validating EXAMEN-Wollok/testExample.wtest","timeElapsed":148,"timestamp":"2026-09-23T12:45:01.326Z"}
{"level":"info","message":"⌛ Validating EXAMEN-Wollok/testExample.wtest","timeElapsed":177,"timestamp":"2026-09-23T12:45:01.662Z"}
{"level":"info","message":"⌛ Validating EXAMEN-Wollok/testExample.wtest","timeElapsed":147,"timestamp":"2026-09-23T12:45:01.902Z"}
{"level":"info","message":"⌛ Building environment","timeElapsed":121,"timestamp":"2026-09-23T12:45:02.385Z"}
{"level":"info","message":"⌛ Validating EXAMEN-Wollok/testExample.wtest","timeElapsed":172,"timestamp":"2026-09-23T12:45:02.561Z"}
{"level":"info","message":"⌛ Validating EXAMEN-Wollok/testExample.wtest","timeElapsed":172,"timestamp":"2026-09-23T12:45:02.856Z"}
{"level":"info","message":"⌛ Building environment","timeElapsed":103,"timestamp":"2026-09-23T12:45:02.960Z"}
{"level":"info","message":"⌛ Validating EXAMEN-Wollok/testExample.wtest","timeElapsed":168,"timestamp":"2026-09-23T12:45:03.215Z"}
{"level":"info","message":"⌛ Validating EXAMEN-Wollok/testExample.wtest","timeElapsed":190,"timestamp":"2026-09-23T12:45:03.406Z"}
{"level":"info","message":"⌛ Building environment","timeElapsed":209,"timestamp":"2026-09-23T12:45:03.706Z"}
{"level":"info","message":"⌛ Validating EXAMEN-Wollok/testExample.wtest","timeElapsed":193,"timestamp":"2026-09-23T12:45:03.900Z"}
{"level":"info","message":"⌛ Validating EXAMEN-Wollok/testExample.wtest","timeElapsed":161,"timestamp":"2026-09-23T12:45:04.240Z"}
{"level":"info","message":"⌛ Building environment","timeElapsed":103,"timestamp":"2026-09-23T12:45:04.343Z"}
{"level":"info","message":"⌛ Validating EXAMEN-Wollok/testExample.wtest","timeElapsed":219,"timestamp":"2026-09-23T12:45:04.563Z"}
{"level":"info","message":"⌛ Validating EXAMEN-Wollok/testExample.wtest","timeElapsed":171,"timestamp":"2026-09-23T12:45:04.738Z"}
{"level":"info","message":"⌛ Validating EXAMEN-Wollok/testExample.wtest","timeElapsed":151,"timestamp":"2026-09-23T12:45:04.890Z"}
{"level":"error","message":"✘ Completions for node Send ([3:3, 3:35] - EXAMEN-Wollok/testExample.wtest) failed: Error: [Send]{3ba984} at EXAMEN-Wollok/testExample.wtest:3 exhausted all cases without a match [Send]{3ba984} at EXAMEN-Wollok/testExample.wtest:3 exhausted all cases without a match","stack":"Error: [Send]{3ba984} at EXAMEN-Wollok/testExample.wtest:3 exhausted all cases without a match\n    at /home/tiaguinni/.vscode/extensions/uqbar.wollok-lsp-ide-0.5.5/out/server/src/server.js:38:6142\n    at L2 (/home/tiaguinni/.vscode/extensions/uqbar.wollok-lsp-ide-0.5.5/out/server/src/server.js:2421:42)\n    at Jh (/home/tiaguinni/.vscode/extensions/uqbar.wollok-lsp-ide-0.5.5/out/server/src/server.js:2421:1092)\n    at w5n (/home/tiaguinni/.vscode/extensions/uqbar.wollok-lsp-ide-0.5.5/out/server/src/server.js:2421:1248)\n    at /home/tiaguinni/.vscode/extensions/uqbar.wollok-lsp-ide-0.5.5/out/server/src/server.js:38:6131\n    at L2 (/home/tiaguinni/.vscode/extensions/uqbar.wollok-lsp-ide-0.5.5/out/server/src/server.js:2421:42)\n    at /home/tiaguinni/.vscode/extensions/uqbar.wollok-lsp-ide-0.5.5/out/server/src/server.js:2421:2988\n    at /home/tiaguinni/.vscode/extensions/uqbar.wollok-lsp-ide-0.5.5/out/server/src/server.js:2430:8440\n    at /home/tiaguinni/.vscode/extensions/uqbar.wollok-lsp-ide-0.5.5/out/server/src/server.js:37:74872\n    at Ke (/home/tiaguinni/.vscode/extensions/uqbar.wollok-lsp-ide-0.5.5/out/server/src/server.js:7:8527)","timestamp":"2026-09-23T12:45:04.937Z"}
{"level":"info","message":"⌛ Validating EXAMEN-Wollok/testExample.wtest","timeElapsed":139,"timestamp":"2026-09-23T12:45:05.175Z"}
{"level":"info","message":"⌛ Building environment","timeElapsed":125,"timestamp":"2026-09-23T12:45:07.319Z"}
{"level":"info","message":"⌛ Validating EXAMEN-Wollok/testExample.wtest","timeElapsed":143,"timestamp":"2026-09-23T12:45:07.477Z"}
{"level":"info","message":"⌛ Building environment","timeElapsed":115,"timestamp":"2026-09-23T12:45:07.837Z"}
{"level":"info","message":"⌛ Validating EXAMEN-Wollok/testExample.wtest","timeElapsed":146,"timestamp":"2026-09-23T12:45:07.989Z"}
{"level":"info","message":"⌛ Building environment","timeElapsed":173,"timestamp":"2026-09-23T12:45:23.160Z"}
{"level":"info","message":"⌛ Validating EXAMEN-Wollok/testExample.wtest","timeElapsed":192,"timestamp":"2026-09-23T12:45:23.357Z"}
{"level":"info","message":"⌛ Building environment","timeElapsed":134,"timestamp":"2026-09-23T12:45:23.565Z"}
{"level":"info","message":"⌛ Validating EXAMEN-Wollok/testExample.wtest","timeElapsed":156,"timestamp":"2026-09-23T12:45:23.725Z"}
{"level":"info","message":"⌛ Validating EXAMEN-Wollok/testExample.wtest","timeElapsed":141,"timestamp":"2026-09-23T12:45:23.963Z"}
{"level":"info","message":"⌛ Building environment","timeElapsed":191,"timestamp":"2026-09-23T12:45:34.574Z"}
{"level":"info","message":"⌛ Validating EXAMEN-Wollok/testExample.wtest","timeElapsed":213,"timestamp":"2026-09-23T12:45:34.791Z"}
{"level":"info","message":"⌛ Validating EXAMEN-Wollok/testExample.wtest","timeElapsed":204,"timestamp":"2026-09-23T12:45:35.187Z"}
{"level":"info","message":"⌛ Validating EXAMEN-Wollok/testExample.wtest","timeElapsed":179,"timestamp":"2026-09-23T12:45:35.368Z"}
{"level":"info","message":"⌛ Building environment","timeElapsed":115,"timestamp":"2026-09-23T12:45:35.489Z"}
{"level":"info","message":"⌛ Validating EXAMEN-Wollok/testExample.wtest","timeElapsed":178,"timestamp":"2026-09-23T12:45:35.776Z"}
{"level":"info","message":"⌛ Validating EXAMEN-Wollok/testExample.wtest","timeElapsed":142,"timestamp":"2026-09-23T12:45:36.008Z"}
{"level":"info","message":"⌛ Validating EXAMEN-Wollok/testExample.wtest","timeElapsed":146,"timestamp":"2026-09-23T12:45:36.244Z"}
{"level":"info","message":"⌛ Validating EXAMEN-Wollok/testExample.wtest","timeElapsed":144,"timestamp":"2026-09-23T12:45:36.394Z"}
{"level":"info","message":"⌛ Building environment","timeElapsed":129,"timestamp":"2026-09-23T12:45:43.591Z"}
{"level":"info","message":"⌛ Validating EXAMEN-Wollok/testExample.wtest","timeElapsed":142,"timestamp":"2026-09-23T12:45:43.744Z"}
{"level":"info","message":"⌛ Building environment","timeElapsed":122,"timestamp":"2026-09-23T12:45:46.763Z"}
{"level":"info","message":"⌛ Validating nombreRandom/nombreRandom.wlk","timeElapsed":150,"timestamp":"2026-09-23T12:45:46.926Z"}
{"level":"info","message":"⌛ Validating EXAMEN-Wollok/example.wlk","timeElapsed":104,"timestamp":"2026-09-23T12:45:47.030Z"}
{"level":"info","message":"⌛ Validating EXAMEN-Wollok/testExample.wtest","timeElapsed":117,"timestamp":"2026-09-23T12:45:47.148Z"}
{"level":"info","message":"⌛ Building environment","timeElapsed":121,"timestamp":"2026-09-23T12:45:52.053Z"}
{"level":"info","message":"⌛ Validating EXAMEN-Wollok/testExample.wtest","timeElapsed":137,"timestamp":"2026-09-23T12:45:52.193Z"}
{"level":"info","message":"⌛ Building environment","timeElapsed":166,"timestamp":"2026-09-23T12:45:52.420Z"}
{"level":"info","message":"⌛ Validating EXAMEN-Wollok/testExample.wtest","timeElapsed":145,"timestamp":"2026-09-23T12:45:52.571Z"}
{"level":"info","message":"⌛ Building environment","timeElapsed":112,"timestamp":"2026-09-23T12:45:54.078Z"}
{"level":"info","message":"⌛ Validating EXAMEN-Wollok/testExample.wtest","timeElapsed":168,"timestamp":"2026-09-23T12:45:54.278Z"}
{"level":"info","message":"⌛ Validating EXAMEN-Wollok/testExample.wtest","timeElapsed":161,"timestamp":"2026-09-23T12:45:54.677Z"}
{"level":"info","message":"⌛ Building environment","timeElapsed":167,"timestamp":"2026-09-23T12:45:59.043Z"}
{"level":"info","message":"⌛ Validating EXAMEN-Wollok/testExample.wtest","timeElapsed":221,"timestamp":"2026-09-23T12:45:59.273Z"}
{"level":"info","message":"⌛ Building environment","timeElapsed":119,"timestamp":"2026-09-23T12:46:06.656Z"}
{"level":"info","message":"⌛ Validating EXAMEN-Wollok/testExample.wtest","timeElapsed":144,"timestamp":"2026-09-23T12:46:06.803Z"}
{"level":"info","message":"⌛ Building environment","timeElapsed":123,"timestamp":"2026-09-23T12:46:07.234Z"}
{"level":"info","message":"⌛ Validating EXAMEN-Wollok/testExample.wtest","timeElapsed":146,"timestamp":"2026-09-23T12:46:07.383Z"}
{"level":"info","message":"⌛ Validating EXAMEN-Wollok/testExample.wtest","timeElapsed":155,"timestamp":"2026-09-23T12:46:09.514Z"}
{"level":"info","message":"⌛ Building environment","timeElapsed":154,"timestamp":"2026-09-23T12:46:09.668Z"}
{"level":"info","message":"⌛ Validating EXAMEN-Wollok/testExample.wtest","timeElapsed":195,"timestamp":"2026-09-23T12:46:09.867Z"}
{"level":"info","message":"⌛ Building environment","timeElapsed":101,"timestamp":"2026-09-23T12:46:10.093Z"}
{"level":"info","message":"⌛ Validating EXAMEN-Wollok/testExample.wtest","timeElapsed":138,"timestamp":"2026-09-23T12:46:10.234Z"}
{"level":"info","message":"⌛ Validating EXAMEN-Wollok/testExample.wtest","timeElapsed":157,"timestamp":"2026-09-23T12:46:10.614Z"}
{"level":"info","message":"⌛ Validating EXAMEN-Wollok/testExample.wtest","timeElapsed":140,"timestamp":"2026-09-23T12:46:10.943Z"}
{"level":"info","message":"⌛ Validating EXAMEN-Wollok/testExample.wtest","timeElapsed":125,"timestamp":"2026-09-23T12:46:11.069Z"}
{"level":"info","message":"⌛ Validating EXAMEN-Wollok/testExample.wtest","timeElapsed":135,"timestamp":"2026-09-23T12:46:12.279Z"}
{"level":"info","message":"⌛ Validating EXAMEN-Wollok/testExample.wtest","timeElapsed":130,"timestamp":"2026-09-23T12:46:12.630Z"}
{"level":"info","message":"⌛ Building environment","timeElapsed":254,"timestamp":"2026-09-23T12:46:12.922Z"}
{"level":"info","message":"⌛ Building environment","timeElapsed":103,"timestamp":"2026-09-23T12:46:13.026Z"}
{"level":"info","message":"⌛ Validating EXAMEN-Wollok/testExample.wtest","timeElapsed":194,"timestamp":"2026-09-23T12:46:13.221Z"}
{"level":"info","message":"⌛ Building environment","timeElapsed":123,"timestamp":"2026-09-23T12:46:13.346Z"}
{"level":"info","message":"⌛ Validating EXAMEN-Wollok/testExample.wtest","timeElapsed":170,"timestamp":"2026-09-23T12:46:13.517Z"}
{"level":"info","message":"⌛ Validating EXAMEN-Wollok/testExample.wtest","timeElapsed":165,"timestamp":"2026-09-23T12:46:13.852Z"}
{"level":"info","message":"⌛ Validating EXAMEN-Wollok/testExample.wtest","timeElapsed":176,"timestamp":"2026-09-23T12:46:14.110Z"}
{"level":"info","message":"⌛ Building environment","timeElapsed":220,"timestamp":"2026-09-23T12:46:14.331Z"}
{"level":"info","message":"⌛ Validating EXAMEN-Wollok/testExample.wtest","timeElapsed":144,"timestamp":"2026-09-23T12:46:14.476Z"}
{"level":"info","message":"⌛ Validating EXAMEN-Wollok/testExample.wtest","timeElapsed":178,"timestamp":"2026-09-23T12:46:14.659Z"}
{"level":"info","message":"⌛ Validating EXAMEN-Wollok/testExample.wtest","timeElapsed":168,"timestamp":"2026-09-23T12:46:14.927Z"}
{"level":"info","message":"⌛ Building environment","timeElapsed":102,"timestamp":"2026-09-23T12:46:15.030Z"}
{"level":"info","message":"⌛ Validating EXAMEN-Wollok/testExample.wtest","timeElapsed":174,"timestamp":"2026-09-23T12:46:15.205Z"}
{"level":"info","message":"⌛ Validating EXAMEN-Wollok/testExample.wtest","timeElapsed":161,"timestamp":"2026-09-23T12:46:15.569Z"}
{"level":"info","message":"⌛ Validating EXAMEN-Wollok/testExample.wtest","timeElapsed":155,"timestamp":"2026-09-23T12:46:15.800Z"}
{"level":"info","message":"⌛ Validating EXAMEN-Wollok/testExample.wtest","timeElapsed":172,"timestamp":"2026-09-23T12:46:16.062Z"}
{"level":"info","message":"⌛ Validating EXAMEN-Wollok/testExample.wtest","timeElapsed":134,"timestamp":"2026-09-23T12:46:16.280Z"}
{"level":"info","message":"⌛ Validating EXAMEN-Wollok/testExample.wtest","timeElapsed":157,"timestamp":"2026-09-23T12:46:16.611Z"}
{"level":"info","message":"⌛ Validating EXAMEN-Wollok/testExample.wtest","timeElapsed":147,"timestamp":"2026-09-23T12:46:16.835Z"}
{"level":"info","message":"⌛ Validating EXAMEN-Wollok/testExample.wtest","timeElapsed":125,"timestamp":"2026-09-23T12:46:16.966Z"}
{"level":"info","message":"⌛ Validating EXAMEN-Wollok/testExample.wtest","timeElapsed":131,"timestamp":"2026-09-23T12:46:17.098Z"}
{"level":"info","message":"⌛ Validating EXAMEN-Wollok/testExample.wtest","timeElapsed":152,"timestamp":"2026-09-23T12:46:17.342Z"}
{"level":"info","message":"⌛ Validating EXAMEN-Wollok/testExample.wtest","timeElapsed":152,"timestamp":"2026-09-23T12:46:17.585Z"}
{"level":"info","message":"⌛ Validating EXAMEN-Wollok/testExample.wtest","timeElapsed":142,"timestamp":"2026-09-23T12:46:17.819Z"}
{"level":"info","message":"⌛ Building environment","timeElapsed":101,"timestamp":"2026-09-23T12:46:17.927Z"}
{"level":"info","message":"⌛ Validating EXAMEN-Wollok/testExample.wtest","timeElapsed":138,"timestamp":"2026-09-23T12:46:18.066Z"}
{"level":"info","message":"⌛ Validating EXAMEN-Wollok/testExample.wtest","timeElapsed":240,"timestamp":"2026-09-23T12:46:18.312Z"}
{"level":"info","message":"⌛ Building environment","timeElapsed":112,"timestamp":"2026-09-23T12:46:18.425Z"}
{"level":"info","message":"⌛ Building environment","timeElapsed":105,"timestamp":"2026-09-23T12:46:18.531Z"}
{"level":"info","message":"⌛ Validating EXAMEN-Wollok/testExample.wtest","timeElapsed":170,"timestamp":"2026-09-23T12:46:18.702Z"}
{"level":"info","message":"⌛ Validating EXAMEN-Wollok/testExample.wtest","timeElapsed":233,"timestamp":"2026-09-23T12:46:18.937Z"}
{"level":"info","message":"⌛ Building environment","timeElapsed":127,"timestamp":"2026-09-23T12:46:19.065Z"}
{"level":"info","message":"⌛ Building environment","timeElapsed":134,"timestamp":"2026-09-23T12:46:19.201Z"}
{"level":"info","message":"⌛ Building environment","timeElapsed":180,"timestamp":"2026-09-23T12:46:19.401Z"}
{"level":"info","message":"⌛ Building environment","timeElapsed":138,"timestamp":"2026-09-23T12:46:19.540Z"}
{"level":"info","message":"⌛ Validating EXAMEN-Wollok/testExample.wtest","timeElapsed":166,"timestamp":"2026-09-23T12:46:19.705Z"}
{"level":"info","message":"⌛ Validating EXAMEN-Wollok/testExample.wtest","timeElapsed":160,"timestamp":"2026-09-23T12:46:19.865Z"}
{"level":"info","message":"⌛ Validating EXAMEN-Wollok/testExample.wtest","timeElapsed":164,"timestamp":"2026-09-23T12:46:20.131Z"}
{"level":"info","message":"⌛ Building environment","timeElapsed":103,"timestamp":"2026-09-23T12:46:20.234Z"}
{"level":"info","message":"⌛ Validating EXAMEN-Wollok/testExample.wtest","timeElapsed":160,"timestamp":"2026-09-23T12:46:20.395Z"}
{"level":"info","message":"⌛ Building environment","timeElapsed":115,"timestamp":"2026-09-23T12:46:20.511Z"}
{"level":"info","message":"⌛ Validating EXAMEN-Wollok/testExample.wtest","timeElapsed":170,"timestamp":"2026-09-23T12:46:20.861Z"}
{"level":"info","message":"⌛ Building environment","timeElapsed":218,"timestamp":"2026-09-23T12:46:21.081Z"}
{"level":"info","message":"⌛ Validating EXAMEN-Wollok/testExample.wtest","timeElapsed":169,"timestamp":"2026-09-23T12:46:21.352Z"}
{"level":"info","message":"⌛ Building environment","timeElapsed":104,"timestamp":"2026-09-23T12:46:21.455Z"}
{"level":"info","message":"⌛ Validating EXAMEN-Wollok/testExample.wtest","timeElapsed":178,"timestamp":"2026-09-23T12:46:21.726Z"}
{"level":"info","message":"⌛ Validating EXAMEN-Wollok/testExample.wtest","timeElapsed":165,"timestamp":"2026-09-23T12:46:21.891Z"}
{"level":"info","message":"⌛ Validating EXAMEN-Wollok/testExample.wtest","timeElapsed":151,"timestamp":"2026-09-23T12:46:22.042Z"}
{"level":"info","message":"⌛ Building environment","timeElapsed":109,"timestamp":"2026-09-23T12:46:22.243Z"}
{"level":"info","message":"⌛ Validating EXAMEN-Wollok/testExample.wtest","timeElapsed":150,"timestamp":"2026-09-23T12:46:22.393Z"}
{"level":"info","message":"⌛ Validating EXAMEN-Wollok/testExample.wtest","timeElapsed":150,"timestamp":"2026-09-23T12:46:22.633Z"}
{"level":"info","message":"⌛ Validating EXAMEN-Wollok/testExample.wtest","timeElapsed":146,"timestamp":"2026-09-23T12:46:22.933Z"}
{"level":"info","message":"⌛ Validating EXAMEN-Wollok/testExample.wtest","timeElapsed":136,"timestamp":"2026-09-23T12:46:23.069Z"}
{"level":"info","message":"⌛ Building environment","timeElapsed":125,"timestamp":"2026-09-23T12:46:23.268Z"}
{"level":"info","message":"⌛ Validating EXAMEN-Wollok/testExample.wtest","timeElapsed":125,"timestamp":"2026-09-23T12:46:23.565Z"}
{"level":"info","message":"⌛ Validating EXAMEN-Wollok/testExample.wtest","timeElapsed":127,"timestamp":"2026-09-23T12:46:23.697Z"}
{"level":"info","message":"⌛ Validating EXAMEN-Wollok/testExample.wtest","timeElapsed":125,"timestamp":"2026-09-23T12:46:23.823Z"}
{"level":"info","message":"⌛ Validating EXAMEN-Wollok/testExample.wtest","timeElapsed":187,"timestamp":"2026-09-23T12:46:24.011Z"}
{"level":"info","message":"⌛ Validating EXAMEN-Wollok/testExample.wtest","timeElapsed":142,"timestamp":"2026-09-23T12:46:24.154Z"}
{"level":"info","message":"⌛ Validating EXAMEN-Wollok/testExample.wtest","timeElapsed":145,"timestamp":"2026-09-23T12:46:24.300Z"}
{"level":"info","message":"⌛ Validating EXAMEN-Wollok/testExample.wtest","timeElapsed":148,"timestamp":"2026-09-23T12:46:24.449Z"}
{"level":"info","message":"⌛ Validating EXAMEN-Wollok/testExample.wtest","timeElapsed":131,"timestamp":"2026-09-23T12:46:24.581Z"}
{"level":"info","message":"⌛ Validating EXAMEN-Wollok/testExample.wtest","timeElapsed":133,"timestamp":"2026-09-23T12:46:24.714Z"}
{"level":"info","message":"⌛ Building environment","timeElapsed":176,"timestamp":"2026-09-23T12:46:42.637Z"}
{"level":"info","message":"⌛ Validating EXAMEN-Wollok/testExample.wtest","timeElapsed":157,"timestamp":"2026-09-23T12:46:42.798Z"}
{"level":"info","message":"⌛ Validating EXAMEN-Wollok/testExample.wtest","timeElapsed":139,"timestamp":"2026-09-23T12:46:43.019Z"}
{"level":"info","message":"⌛ Building environment","timeElapsed":120,"timestamp":"2026-09-23T12:46:44.715Z"}
{"level":"info","message":"⌛ Validating EXAMEN-Wollok/testExample.wtest","timeElapsed":150,"timestamp":"2026-09-23T12:46:44.875Z"}
{"level":"info","message":"⌛ Building environment","timeElapsed":142,"timestamp":"2026-09-23T12:46:45.202Z"}
{"level":"info","message":"⌛ Validating EXAMEN-Wollok/testExample.wtest","timeElapsed":190,"timestamp":"2026-09-23T12:46:45.396Z"}
{"level":"info","message":"⌛ Validating EXAMEN-Wollok/testExample.wtest","timeElapsed":150,"timestamp":"2026-09-23T12:46:45.896Z"}
{"level":"info","message":"⌛ Validating EXAMEN-Wollok/testExample.wtest","timeElapsed":145,"timestamp":"2026-09-23T12:46:46.231Z"}
{"level":"info","message":"⌛ Validating EXAMEN-Wollok/testExample.wtest","timeElapsed":134,"timestamp":"2026-09-23T12:46:46.366Z"}
{"level":"error","message":"✘ Failed to rebuild document Failed to parse EXAMEN-Wollok/testExample.wtest: \n-- PARSING FAILED --------------------------------------------------\n\n  3 | test \"Dr casa - Temporada 1\" {\n  4 |   test \"frank contrae una malaria de 800celulas\"\n> 5 |   assert.equals(36.8, frank.temperatura())\n    |   ^\n  6 | }\n  7 | // El valor primero del equals es el esperado\n\nExpected one of the following: \n\n'@', '{', '}', comment, whitespace\n","stack":"Error: Failed to parse EXAMEN-Wollok/testExample.wtest: \n-- PARSING FAILED --------------------------------------------------\n\n  3 | test \"Dr casa - Temporada 1\" {\n  4 |   test \"frank contrae una malaria de 800celulas\"\n> 5 |   assert.equals(36.8, frank.temperatura())\n    |   ^\n  6 | }\n  7 | // El valor primero del equals es el esperado\n\nExpected one of the following: \n\n'@', '{', '}', comment, whitespace\n\n    at /home/tiaguinni/.vscode/extensions/uqbar.wollok-lsp-ide-0.5.5/out/server/src/server.js:2385:13026\n    at Array.map (<anonymous>)\n    at z1n (/home/tiaguinni/.vscode/extensions/uqbar.wollok-lsp-ide-0.5.5/out/server/src/server.js:2385:12950)\n    at H2.buildEnvironmentFrom (/home/tiaguinni/.vscode/extensions/uqbar.wollok-lsp-ide-0.5.5/out/server/src/server.js:2430:5254)\n    at H2.updateEnvironmentWith (/home/tiaguinni/.vscode/extensions/uqbar.wollok-lsp-ide-0.5.5/out/server/src/server.js:2430:4989)\n    at QF (/home/tiaguinni/.vscode/extensions/uqbar.wollok-lsp-ide-0.5.5/out/server/src/server.js:2430:7383)\n    at V3.invoke (/home/tiaguinni/.vscode/extensions/uqbar.wollok-lsp-ide-0.5.5/out/server/src/server.js:3:157330)\n    at o.fire (/home/tiaguinni/.vscode/extensions/uqbar.wollok-lsp-ide-0.5.5/out/server/src/server.js:3:158100)\n    at /home/tiaguinni/.vscode/extensions/uqbar.wollok-lsp-ide-0.5.5/out/server/src/server.js:37:57871\n    at nd (/home/tiaguinni/.vscode/extensions/uqbar.wollok-lsp-ide-0.5.5/out/server/src/server.js:8:1561)","timestamp":"2026-09-23T12:46:46.390Z"}
{"level":"error","message":"✘ Failed to rebuild document Failed to parse EXAMEN-Wollok/testExample.wtest: \n-- PARSING FAILED --------------------------------------------------\n\n  3 | test \"Dr casa - Temporada 1\" {\n  4 |   test \"frank contrae una malaria de 800celulas\"\n> 5 |   assert.equals(36.8, frank.temperatura())\n    |   ^\n  6 | }\n  7 | // El valor primero del equals es el esperado\n\nExpected one of the following: \n\n'@', '{', '}', comment, whitespace\n","stack":"Error: Failed to parse EXAMEN-Wollok/testExample.wtest: \n-- PARSING FAILED --------------------------------------------------\n\n  3 | test \"Dr casa - Temporada 1\" {\n  4 |   test \"frank contrae una malaria de 800celulas\"\n> 5 |   assert.equals(36.8, frank.temperatura())\n    |   ^\n  6 | }\n  7 | // El valor primero del equals es el esperado\n\nExpected one of the following: \n\n'@', '{', '}', comment, whitespace\n\n    at /home/tiaguinni/.vscode/extensions/uqbar.wollok-lsp-ide-0.5.5/out/server/src/server.js:2385:13026\n    at Array.map (<anonymous>)\n    at z1n (/home/tiaguinni/.vscode/extensions/uqbar.wollok-lsp-ide-0.5.5/out/server/src/server.js:2385:12950)\n    at H2.buildEnvironmentFrom (/home/tiaguinni/.vscode/extensions/uqbar.wollok-lsp-ide-0.5.5/out/server/src/server.js:2430:5254)\n    at H2.updateEnvironmentWith (/home/tiaguinni/.vscode/extensions/uqbar.wollok-lsp-ide-0.5.5/out/server/src/server.js:2430:4989)\n    at QF (/home/tiaguinni/.vscode/extensions/uqbar.wollok-lsp-ide-0.5.5/out/server/src/server.js:2430:7383)\n    at V3.invoke (/home/tiaguinni/.vscode/extensions/uqbar.wollok-lsp-ide-0.5.5/out/server/src/server.js:3:157330)\n    at o.fire (/home/tiaguinni/.vscode/extensions/uqbar.wollok-lsp-ide-0.5.5/out/server/src/server.js:3:158100)\n    at /home/tiaguinni/.vscode/extensions/uqbar.wollok-lsp-ide-0.5.5/out/server/src/server.js:37:57871\n    at nd (/home/tiaguinni/.vscode/extensions/uqbar.wollok-lsp-ide-0.5.5/out/server/src/server.js:8:1561)","timestamp":"2026-09-23T12:46:46.764Z"}
{"level":"info","message":"⌛ Building environment","timeElapsed":156,"timestamp":"2026-09-23T12:47:06.165Z"}
{"level":"info","message":"⌛ Validating EXAMEN-Wollok/testExample.wtest","timeElapsed":125,"timestamp":"2026-09-23T12:47:06.298Z"}
{"level":"info","message":"⌛ Building environment","timeElapsed":165,"timestamp":"2026-09-23T12:48:55.569Z"}
{"level":"info","message":"⌛ Validating EXAMEN-Wollok/testExample.wtest","timeElapsed":179,"timestamp":"2026-09-23T12:48:55.752Z"}
{"level":"info","message":"⌛ Building environment","timeElapsed":174,"timestamp":"2026-09-23T12:48:56.077Z"}
{"level":"info","message":"⌛ Building environment","timeElapsed":183,"timestamp":"2026-09-23T12:48:56.261Z"}
{"level":"info","message":"⌛ Building environment","timeElapsed":165,"timestamp":"2026-09-23T12:48:56.427Z"}
{"level":"info","message":"⌛ Building environment","timeElapsed":141,"timestamp":"2026-09-23T12:48:56.587Z"}
{"level":"info","message":"⌛ Building environment","timeElapsed":153,"timestamp":"2026-09-23T12:48:56.741Z"}
{"level":"info","message":"⌛ Validating EXAMEN-Wollok/testExample.wtest","timeElapsed":510,"timestamp":"2026-09-23T12:48:57.253Z"}
{"level":"info","message":"⌛ Building environment","timeElapsed":368,"timestamp":"2026-09-23T12:48:57.683Z"}
{"level":"info","message":"⌛ Building environment","timeElapsed":132,"timestamp":"2026-09-23T12:48:57.816Z"}
{"level":"info","message":"⌛ Building environment","timeElapsed":104,"timestamp":"2026-09-23T12:48:57.939Z"}
{"level":"info","message":"⌛ Building environment","timeElapsed":104,"timestamp":"2026-09-23T12:48:58.043Z"}
{"level":"info","message":"⌛ Building environment","timeElapsed":103,"timestamp":"2026-09-23T12:48:58.352Z"}
{"level":"info","message":"⌛ Building environment","timeElapsed":112,"timestamp":"2026-09-23T12:48:58.465Z"}
{"level":"info","message":"⌛ Validating EXAMEN-Wollok/testExample.wtest","timeElapsed":161,"timestamp":"2026-09-23T12:48:58.644Z"}
{"level":"info","message":"⌛ Building environment","timeElapsed":200,"timestamp":"2026-09-23T12:48:59.600Z"}
{"level":"info","message":"⌛ Building environment","timeElapsed":183,"timestamp":"2026-09-23T12:48:59.784Z"}
{"level":"info","message":"⌛ Validating EXAMEN-Wollok/testExample.wtest","timeElapsed":162,"timestamp":"2026-09-23T12:48:59.947Z"}
{"level":"info","message":"⌛ Building environment","timeElapsed":106,"timestamp":"2026-09-23T12:49:00.384Z"}
{"level":"info","message":"⌛ Building environment","timeElapsed":107,"timestamp":"2026-09-23T12:49:00.585Z"}
{"level":"info","message":"⌛ Validating EXAMEN-Wollok/testExample.wtest","timeElapsed":178,"timestamp":"2026-09-23T12:49:01.375Z"}
{"level":"info","message":"⌛ Validating EXAMEN-Wollok/testExample.wtest","timeElapsed":162,"timestamp":"2026-09-23T12:49:01.538Z"}
{"level":"info","message":"⌛ Validating EXAMEN-Wollok/testExample.wtest","timeElapsed":161,"timestamp":"2026-09-23T12:49:01.699Z"}
{"level":"info","message":"⌛ Validating EXAMEN-Wollok/testExample.wtest","timeElapsed":146,"timestamp":"2026-09-23T12:49:01.847Z"}
{"level":"info","message":"⌛ Building environment","timeElapsed":101,"timestamp":"2026-09-23T12:49:01.948Z"}
{"level":"info","message":"⌛ Validating EXAMEN-Wollok/testExample.wtest","timeElapsed":145,"timestamp":"2026-09-23T12:49:02.094Z"}
{"level":"info","message":"⌛ Validating EXAMEN-Wollok/testExample.wtest","timeElapsed":140,"timestamp":"2026-09-23T12:49:02.235Z"}
{"level":"info","message":"⌛ Validating EXAMEN-Wollok/testExample.wtest","timeElapsed":161,"timestamp":"2026-09-23T12:49:02.397Z"}
{"level":"info","message":"⌛ Validating EXAMEN-Wollok/testExample.wtest","timeElapsed":151,"timestamp":"2026-09-23T12:49:02.549Z"}
{"level":"info","message":"⌛ Validating EXAMEN-Wollok/testExample.wtest","timeElapsed":145,"timestamp":"2026-09-23T12:49:02.695Z"}
{"level":"info","message":"⌛ Validating EXAMEN-Wollok/testExample.wtest","timeElapsed":139,"timestamp":"2026-09-23T12:49:02.835Z"}
{"level":"info","message":"⌛ Validating EXAMEN-Wollok/testExample.wtest","timeElapsed":131,"timestamp":"2026-09-23T12:49:02.971Z"}
{"level":"info","message":"⌛ Validating EXAMEN-Wollok/testExample.wtest","timeElapsed":151,"timestamp":"2026-09-23T12:49:03.122Z"}
{"level":"info","message":"⌛ Validating EXAMEN-Wollok/testExample.wtest","timeElapsed":135,"timestamp":"2026-09-23T12:49:03.257Z"}
{"level":"info","message":"⌛ Validating EXAMEN-Wollok/testExample.wtest","timeElapsed":158,"timestamp":"2026-09-23T12:49:03.415Z"}
{"level":"info","message":"⌛ Validating EXAMEN-Wollok/testExample.wtest","timeElapsed":130,"timestamp":"2026-09-23T12:49:03.546Z"}
{"level":"info","message":"⌛ Validating EXAMEN-Wollok/testExample.wtest","timeElapsed":135,"timestamp":"2026-09-23T12:49:03.682Z"}
{"level":"info","message":"⌛ Validating EXAMEN-Wollok/testExample.wtest","timeElapsed":131,"timestamp":"2026-09-23T12:49:03.813Z"}
{"level":"info","message":"⌛ Validating EXAMEN-Wollok/testExample.wtest","timeElapsed":125,"timestamp":"2026-09-23T12:49:03.939Z"}
{"level":"info","message":"⌛ Validating EXAMEN-Wollok/testExample.wtest","timeElapsed":156,"timestamp":"2026-09-23T12:49:04.095Z"}
{"level":"info","message":"⌛ Validating EXAMEN-Wollok/testExample.wtest","timeElapsed":143,"timestamp":"2026-09-23T12:49:04.237Z"}
{"level":"info","message":"⌛ Validating EXAMEN-Wollok/testExample.wtest","timeElapsed":143,"timestamp":"2026-09-23T12:49:04.380Z"}
{"level":"info","message":"⌛ Validating EXAMEN-Wollok/testExample.wtest","timeElapsed":142,"timestamp":"2026-09-23T12:49:04.523Z"}
{"level":"info","message":"⌛ Validating EXAMEN-Wollok/testExample.wtest","timeElapsed":162,"timestamp":"2026-09-23T12:49:04.685Z"}
{"level":"info","message":"⌛ Validating EXAMEN-Wollok/testExample.wtest","timeElapsed":258,"timestamp":"2026-09-23T12:49:04.946Z"}
{"level":"info","message":"⌛ Validating EXAMEN-Wollok/testExample.wtest","timeElapsed":174,"timestamp":"2026-09-23T12:49:05.120Z"}
{"level":"info","message":"⌛ Validating EXAMEN-Wollok/testExample.wtest","timeElapsed":259,"timestamp":"2026-09-23T12:49:05.380Z"}
{"level":"info","message":"⌛ Validating EXAMEN-Wollok/testExample.wtest","timeElapsed":180,"timestamp":"2026-09-23T12:49:05.560Z"}
{"level":"info","message":"⌛ Building environment","timeElapsed":192,"timestamp":"2026-09-23T12:49:05.753Z"}
{"level":"info","message":"⌛ Validating EXAMEN-Wollok/testExample.wtest","timeElapsed":132,"timestamp":"2026-09-23T12:49:05.886Z"}
{"level":"info","message":"⌛ Validating EXAMEN-Wollok/testExample.wtest","timeElapsed":196,"timestamp":"2026-09-23T12:49:06.083Z"}
{"level":"info","message":"⌛ Validating EXAMEN-Wollok/testExample.wtest","timeElapsed":169,"timestamp":"2026-09-23T12:49:06.252Z"}
{"level":"info","message":"⌛ Validating EXAMEN-Wollok/testExample.wtest","timeElapsed":151,"timestamp":"2026-09-23T12:49:06.410Z"}
{"level":"info","message":"⌛ Validating EXAMEN-Wollok/testExample.wtest","timeElapsed":156,"timestamp":"2026-09-23T12:49:06.567Z"}
{"level":"info","message":"⌛ Validating EXAMEN-Wollok/testExample.wtest","timeElapsed":167,"timestamp":"2026-09-23T12:49:06.735Z"}
{"level":"info","message":"⌛ Validating EXAMEN-Wollok/testExample.wtest","timeElapsed":181,"timestamp":"2026-09-23T12:49:06.916Z"}
{"level":"info","message":"⌛ Validating EXAMEN-Wollok/testExample.wtest","timeElapsed":144,"timestamp":"2026-09-23T12:49:07.061Z"}
{"level":"info","message":"⌛ Validating EXAMEN-Wollok/testExample.wtest","timeElapsed":138,"timestamp":"2026-09-23T12:49:07.450Z"}
{"level":"info","message":"⌛ Validating EXAMEN-Wollok/testExample.wtest","timeElapsed":145,"timestamp":"2026-09-23T12:49:08.444Z"}
{"level":"info","message":"⌛ Building environment","timeElapsed":179,"timestamp":"2026-09-23T12:49:08.625Z"}
{"level":"info","message":"⌛ Building environment","timeElapsed":207,"timestamp":"2026-09-23T12:49:08.927Z"}
{"level":"info","message":"⌛ Validating EXAMEN-Wollok/testExample.wtest","timeElapsed":195,"timestamp":"2026-09-23T12:49:09.272Z"}
{"level":"info","message":"⌛ Validating EXAMEN-Wollok/testExample.wtest","timeElapsed":152,"timestamp":"2026-09-23T12:49:09.425Z"}
{"level":"info","message":"⌛ Validating EXAMEN-Wollok/testExample.wtest","timeElapsed":142,"timestamp":"2026-09-23T12:49:09.568Z"}
{"level":"info","message":"⌛ Validating EXAMEN-Wollok/testExample.wtest","timeElapsed":134,"timestamp":"2026-09-23T12:49:09.703Z"}
{"level":"info","message":"⌛ Validating EXAMEN-Wollok/testExample.wtest","timeElapsed":131,"timestamp":"2026-09-23T12:49:09.834Z"}
{"level":"info","message":"⌛ Validating EXAMEN-Wollok/testExample.wtest","timeElapsed":129,"timestamp":"2026-09-23T12:49:09.964Z"}
{"level":"info","message":"⌛ Validating EXAMEN-Wollok/testExample.wtest","timeElapsed":136,"timestamp":"2026-09-23T12:49:10.100Z"}
{"level":"info","message":"⌛ Validating EXAMEN-Wollok/testExample.wtest","timeElapsed":146,"timestamp":"2026-09-23T12:49:10.247Z"}
{"level":"info","message":"⌛ Validating EXAMEN-Wollok/testExample.wtest","timeElapsed":156,"timestamp":"2026-09-23T12:49:10.404Z"}
{"level":"info","message":"⌛ Validating EXAMEN-Wollok/testExample.wtest","timeElapsed":164,"timestamp":"2026-09-23T12:49:10.569Z"}
{"level":"info","message":"⌛ Validating EXAMEN-Wollok/testExample.wtest","timeElapsed":142,"timestamp":"2026-09-23T12:49:10.712Z"}
{"level":"info","message":"⌛ Validating EXAMEN-Wollok/testExample.wtest","timeElapsed":167,"timestamp":"2026-09-23T12:49:10.880Z"}
{"level":"info","message":"⌛ Building environment","timeElapsed":175,"timestamp":"2026-09-23T12:49:11.055Z"}
{"level":"info","message":"⌛ Validating EXAMEN-Wollok/testExample.wtest","timeElapsed":133,"timestamp":"2026-09-23T12:49:11.189Z"}
{"level":"info","message":"⌛ Validating EXAMEN-Wollok/testExample.wtest","timeElapsed":129,"timestamp":"2026-09-23T12:49:11.319Z"}
{"level":"info","message":"⌛ Validating EXAMEN-Wollok/testExample.wtest","timeElapsed":130,"timestamp":"2026-09-23T12:49:11.453Z"}
{"level":"info","message":"⌛ Validating EXAMEN-Wollok/testExample.wtest","timeElapsed":132,"timestamp":"2026-09-23T12:49:11.586Z"}
{"level":"info","message":"⌛ Validating EXAMEN-Wollok/testExample.wtest","timeElapsed":139,"timestamp":"2026-09-23T12:49:11.726Z"}
{"level":"info","message":"⌛ Building environment","timeElapsed":120,"timestamp":"2026-09-23T12:49:28.110Z"}
{"level":"info","message":"⌛ Validating EXAMEN-Wollok/example.wlk","timeElapsed":154,"timestamp":"2026-09-23T12:49:28.268Z"}
{"level":"info","message":"⌛ Validating EXAMEN-Wollok/example.wlk","timeElapsed":156,"timestamp":"2026-09-23T12:49:28.521Z"}
{"level":"info","message":"⌛ Validating EXAMEN-Wollok/example.wlk","timeElapsed":153,"timestamp":"2026-09-23T12:49:28.757Z"}
{"level":"info","message":"⌛ Validating EXAMEN-Wollok/example.wlk","timeElapsed":156,"timestamp":"2026-09-23T12:49:28.993Z"}
{"level":"info","message":"⌛ Validating EXAMEN-Wollok/example.wlk","timeElapsed":129,"timestamp":"2026-09-23T12:49:29.224Z"}
{"level":"info","message":"⌛ Building environment","timeElapsed":113,"timestamp":"2026-09-23T12:49:30.551Z"}
{"level":"info","message":"⌛ Validating EXAMEN-Wollok/example.wlk","timeElapsed":162,"timestamp":"2026-09-23T12:49:30.726Z"}
{"level":"info","message":"⌛ Validating EXAMEN-Wollok/example.wlk","timeElapsed":153,"timestamp":"2026-09-23T12:49:30.957Z"}
{"level":"info","message":"⌛ Validating EXAMEN-Wollok/example.wlk","timeElapsed":280,"timestamp":"2026-09-23T12:49:31.425Z"}
{"level":"info","message":"⌛ Validating EXAMEN-Wollok/example.wlk","timeElapsed":164,"timestamp":"2026-09-23T12:49:31.590Z"}
{"level":"info","message":"⌛ Validating EXAMEN-Wollok/example.wlk","timeElapsed":135,"timestamp":"2026-09-23T12:49:31.822Z"}
{"level":"info","message":"⌛ Building environment","timeElapsed":165,"timestamp":"2026-09-23T12:49:46.618Z"}
{"level":"info","message":"⌛ Validating EXAMEN-Wollok/example.wlk","timeElapsed":174,"timestamp":"2026-09-23T12:49:46.794Z"}
{"level":"info","message":"⌛ Validating EXAMEN-Wollok/example.wlk","timeElapsed":188,"timestamp":"2026-09-23T12:49:47.073Z"}
{"level":"info","message":"⌛ Building environment","timeElapsed":102,"timestamp":"2026-09-23T12:49:47.176Z"}
{"level":"info","message":"⌛ Validating EXAMEN-Wollok/example.wlk","timeElapsed":163,"timestamp":"2026-09-23T12:49:47.421Z"}
{"level":"info","message":"⌛ Building environment","timeElapsed":168,"timestamp":"2026-09-23T12:49:47.591Z"}
{"level":"info","message":"⌛ Validating EXAMEN-Wollok/example.wlk","timeElapsed":152,"timestamp":"2026-09-23T12:49:47.744Z"}
{"level":"info","message":"⌛ Validating EXAMEN-Wollok/example.wlk","timeElapsed":164,"timestamp":"2026-09-23T12:49:48.014Z"}
{"level":"info","message":"⌛ Validating EXAMEN-Wollok/example.wlk","timeElapsed":146,"timestamp":"2026-09-23T12:49:48.250Z"}
{"level":"info","message":"⌛ Validating EXAMEN-Wollok/example.wlk","timeElapsed":136,"timestamp":"2026-09-23T12:49:48.386Z"}
{"level":"info","message":"⌛ Validating EXAMEN-Wollok/example.wlk","timeElapsed":148,"timestamp":"2026-09-23T12:49:48.904Z"}
{"level":"info","message":"⌛ Validating EXAMEN-Wollok/example.wlk","timeElapsed":164,"timestamp":"2026-09-23T12:49:49.265Z"}
{"level":"info","message":"⌛ Validating EXAMEN-Wollok/example.wlk","timeElapsed":137,"timestamp":"2026-09-23T12:49:49.403Z"}
{"level":"info","message":"⌛ Building environment","timeElapsed":145,"timestamp":"2026-09-23T12:49:49.718Z"}
{"level":"info","message":"⌛ Validating EXAMEN-Wollok/example.wlk","timeElapsed":183,"timestamp":"2026-09-23T12:49:49.905Z"}
{"level":"info","message":"⌛ Validating EXAMEN-Wollok/example.wlk","timeElapsed":144,"timestamp":"2026-09-23T12:49:50.126Z"}
{"level":"info","message":"⌛ Building environment","timeElapsed":146,"timestamp":"2026-09-23T12:49:51.469Z"}
{"level":"info","message":"⌛ Validating EXAMEN-Wollok/example.wlk","timeElapsed":189,"timestamp":"2026-09-23T12:49:51.661Z"}
{"level":"info","message":"⌛ Validating EXAMEN-Wollok/example.wlk","timeElapsed":189,"timestamp":"2026-09-23T12:49:51.955Z"}
{"level":"info","message":"⌛ Building environment","timeElapsed":118,"timestamp":"2026-09-23T12:49:52.080Z"}
{"level":"info","message":"⌛ Validating EXAMEN-Wollok/example.wlk","timeElapsed":145,"timestamp":"2026-09-23T12:49:52.244Z"}
{"level":"info","message":"⌛ Building environment","timeElapsed":104,"timestamp":"2026-09-23T12:49:53.259Z"}
{"level":"info","message":"⌛ Validating EXAMEN-Wollok/example.wlk","timeElapsed":154,"timestamp":"2026-09-23T12:49:53.416Z"}
{"level":"info","message":"⌛ Validating EXAMEN-Wollok/example.wlk","timeElapsed":139,"timestamp":"2026-09-23T12:49:53.640Z"}
{"level":"info","message":"⌛ Validating EXAMEN-Wollok/example.wlk","timeElapsed":137,"timestamp":"2026-09-23T12:49:54.308Z"}
{"level":"info","message":"⌛ Building environment","timeElapsed":112,"timestamp":"2026-09-23T12:49:54.557Z"}
{"level":"info","message":"⌛ Validating EXAMEN-Wollok/example.wlk","timeElapsed":147,"timestamp":"2026-09-23T12:49:54.708Z"}
{"level":"info","message":"⌛ Validating EXAMEN-Wollok/example.wlk","timeElapsed":133,"timestamp":"2026-09-23T12:49:54.930Z"}
{"level":"info","message":"⌛ Validating EXAMEN-Wollok/example.wlk","timeElapsed":176,"timestamp":"2026-09-23T12:49:55.229Z"}
{"level":"info","message":"⌛ Building environment","timeElapsed":124,"timestamp":"2026-09-23T12:49:55.375Z"}
{"level":"info","message":"⌛ Validating EXAMEN-Wollok/example.wlk","timeElapsed":164,"timestamp":"2026-09-23T12:49:55.542Z"}
{"level":"info","message":"⌛ Validating EXAMEN-Wollok/example.wlk","timeElapsed":140,"timestamp":"2026-09-23T12:49:55.774Z"}
{"level":"info","message":"⌛ Validating EXAMEN-Wollok/example.wlk","timeElapsed":134,"timestamp":"2026-09-23T12:49:56.052Z"}
{"level":"info","message":"⌛ Validating EXAMEN-Wollok/example.wlk","timeElapsed":130,"timestamp":"2026-09-23T12:49:56.913Z"}
{"level":"info","message":"⌛ Validating EXAMEN-Wollok/example.wlk","timeElapsed":181,"timestamp":"2026-09-23T12:49:57.381Z"}
{"level":"info","message":"⌛ Validating EXAMEN-Wollok/example.wlk","timeElapsed":141,"timestamp":"2026-09-23T12:49:57.710Z"}
{"level":"info","message":"⌛ Validating EXAMEN-Wollok/example.wlk","timeElapsed":133,"timestamp":"2026-09-23T12:49:57.945Z"}
{"level":"info","message":"⌛ Validating EXAMEN-Wollok/example.wlk","timeElapsed":141,"timestamp":"2026-09-23T12:49:58.152Z"}
{"level":"info","message":"⌛ Building environment","timeElapsed":118,"timestamp":"2026-09-23T12:49:58.985Z"}
{"level":"info","message":"⌛ Validating EXAMEN-Wollok/example.wlk","timeElapsed":161,"timestamp":"2026-09-23T12:49:59.150Z"}
{"level":"info","message":"⌛ Validating EXAMEN-Wollok/example.wlk","timeElapsed":141,"timestamp":"2026-09-23T12:49:59.384Z"}
{"level":"info","message":"⌛ Building environment","timeElapsed":144,"timestamp":"2026-09-23T12:49:59.538Z"}
{"level":"info","message":"⌛ Validating EXAMEN-Wollok/example.wlk","timeElapsed":156,"timestamp":"2026-09-23T12:49:59.871Z"}
{"level":"info","message":"⌛ Building environment","timeElapsed":106,"timestamp":"2026-09-23T12:50:00.061Z"}
{"level":"info","message":"⌛ Validating EXAMEN-Wollok/example.wlk","timeElapsed":137,"timestamp":"2026-09-23T12:50:00.202Z"}
{"level":"info","message":"⌛ Validating EXAMEN-Wollok/example.wlk","timeElapsed":136,"timestamp":"2026-09-23T12:50:00.963Z"}
{"level":"info","message":"⌛ Building environment","timeElapsed":153,"timestamp":"2026-09-23T12:50:09.169Z"}
{"level":"info","message":"⌛ Validating EXAMEN-Wollok/example.wlk","timeElapsed":157,"timestamp":"2026-09-23T12:50:09.334Z"}
{"level":"info","message":"⌛ Validating EXAMEN-Wollok/example.wlk","timeElapsed":136,"timestamp":"2026-09-23T12:50:09.550Z"}
{"level":"info","message":"⌛ Building environment","timeElapsed":122,"timestamp":"2026-09-23T12:50:11.822Z"}
{"level":"info","message":"⌛ Validating EXAMEN-Wollok/example.wlk","timeElapsed":137,"timestamp":"2026-09-23T12:50:11.963Z"}
{"level":"info","message":"⌛ Building environment","timeElapsed":136,"timestamp":"2026-09-23T12:50:12.169Z"}
{"level":"info","message":"⌛ Validating EXAMEN-Wollok/example.wlk","timeElapsed":226,"timestamp":"2026-09-23T12:50:12.412Z"}
{"level":"info","message":"⌛ Building environment","timeElapsed":277,"timestamp":"2026-09-23T12:50:12.692Z"}
{"level":"info","message":"⌛ Validating EXAMEN-Wollok/example.wlk","timeElapsed":183,"timestamp":"2026-09-23T12:50:13.041Z"}
{"level":"info","message":"⌛ Validating EXAMEN-Wollok/example.wlk","timeElapsed":135,"timestamp":"2026-09-23T12:50:13.177Z"}
{"level":"info","message":"⌛ Validating EXAMEN-Wollok/example.wlk","timeElapsed":144,"timestamp":"2026-09-23T12:50:13.321Z"}
{"level":"info","message":"⌛ Validating EXAMEN-Wollok/example.wlk","timeElapsed":135,"timestamp":"2026-09-23T12:50:13.550Z"}
{"level":"info","message":"⌛ Validating EXAMEN-Wollok/example.wlk","timeElapsed":140,"timestamp":"2026-09-23T12:50:14.167Z"}
{"level":"info","message":"⌛ Validating EXAMEN-Wollok/example.wlk","timeElapsed":145,"timestamp":"2026-09-23T12:50:14.422Z"}
{"level":"info","message":"⌛ Validating EXAMEN-Wollok/example.wlk","timeElapsed":137,"timestamp":"2026-09-23T12:50:15.013Z"}
{"level":"info","message":"⌛ Building environment","timeElapsed":129,"timestamp":"2026-09-23T12:50:15.772Z"}
{"level":"info","message":"⌛ Validating EXAMEN-Wollok/example.wlk","timeElapsed":174,"timestamp":"2026-09-23T12:50:15.949Z"}
{"level":"info","message":"⌛ Building environment","timeElapsed":112,"timestamp":"2026-09-23T12:50:16.619Z"}
{"level":"info","message":"⌛ Validating EXAMEN-Wollok/example.wlk","timeElapsed":138,"timestamp":"2026-09-23T12:50:16.763Z"}
{"level":"info","message":"⌛ Validating EXAMEN-Wollok/example.wlk","timeElapsed":155,"timestamp":"2026-09-23T12:50:17.125Z"}
{"level":"info","message":"⌛ Validating EXAMEN-Wollok/example.wlk","timeElapsed":151,"timestamp":"2026-09-23T12:50:17.359Z"}
{"level":"info","message":"⌛ Validating EXAMEN-Wollok/example.wlk","timeElapsed":155,"timestamp":"2026-09-23T12:50:17.593Z"}
{"level":"info","message":"⌛ Validating EXAMEN-Wollok/example.wlk","timeElapsed":149,"timestamp":"2026-09-23T12:50:17.827Z"}
{"level":"info","message":"⌛ Validating EXAMEN-Wollok/example.wlk","timeElapsed":157,"timestamp":"2026-09-23T12:50:18.161Z"}
{"level":"info","message":"⌛ Validating EXAMEN-Wollok/example.wlk","timeElapsed":131,"timestamp":"2026-09-23T12:50:18.293Z"}
{"level":"info","message":"⌛ Building environment","timeElapsed":289,"timestamp":"2026-09-23T12:50:32.162Z"}
{"level":"info","message":"⌛ Validating EXAMEN-Wollok/example.wlk","timeElapsed":139,"timestamp":"2026-09-23T12:50:32.349Z"}
{"level":"info","message":"⌛ Building environment","timeElapsed":136,"timestamp":"2026-09-23T12:50:33.371Z"}
{"level":"info","message":"⌛ Validating EXAMEN-Wollok/example.wlk","timeElapsed":154,"timestamp":"2026-09-23T12:50:33.528Z"}
{"level":"info","message":"⌛ Building environment","timeElapsed":103,"timestamp":"2026-09-23T12:50:34.205Z"}
{"level":"info","message":"⌛ Validating EXAMEN-Wollok/example.wlk","timeElapsed":143,"timestamp":"2026-09-23T12:50:34.352Z"}
{"level":"info","message":"⌛ Building environment","timeElapsed":103,"timestamp":"2026-09-23T12:50:34.845Z"}
{"level":"info","message":"⌛ Validating EXAMEN-Wollok/example.wlk","timeElapsed":133,"timestamp":"2026-09-23T12:50:34.985Z"}
{"level":"info","message":"⌛ Building environment","timeElapsed":133,"timestamp":"2026-09-23T12:50:36.014Z"}
{"level":"info","message":"⌛ Validating EXAMEN-Wollok/example.wlk","timeElapsed":160,"timestamp":"2026-09-23T12:50:36.178Z"}
{"level":"info","message":"⌛ Building environment","timeElapsed":145,"timestamp":"2026-09-23T12:50:36.325Z"}
{"level":"info","message":"⌛ Validating EXAMEN-Wollok/example.wlk","timeElapsed":148,"timestamp":"2026-09-23T12:50:36.478Z"}
{"level":"info","message":"⌛ Building environment","timeElapsed":102,"timestamp":"2026-09-23T12:50:36.778Z"}
{"level":"info","message":"⌛ Validating EXAMEN-Wollok/example.wlk","timeElapsed":153,"timestamp":"2026-09-23T12:50:36.933Z"}
{"level":"info","message":"⌛ Building environment","timeElapsed":135,"timestamp":"2026-09-23T12:50:37.069Z"}
{"level":"info","message":"⌛ Validating EXAMEN-Wollok/example.wlk","timeElapsed":177,"timestamp":"2026-09-23T12:50:37.252Z"}
{"level":"info","message":"⌛ Building environment","timeElapsed":137,"timestamp":"2026-09-23T12:50:37.735Z"}
{"level":"info","message":"⌛ Validating EXAMEN-Wollok/example.wlk","timeElapsed":157,"timestamp":"2026-09-23T12:50:37.941Z"}
{"level":"info","message":"⌛ Building environment","timeElapsed":147,"timestamp":"2026-09-23T12:50:54.317Z"}
{"level":"info","message":"⌛ Building environment","timeElapsed":164,"timestamp":"2026-09-23T12:50:54.483Z"}
{"level":"info","message":"⌛ Validating EXAMEN-Wollok/testExample.wtest","timeElapsed":184,"timestamp":"2026-09-23T12:50:54.676Z"}
{"level":"info","message":"⌛ Building environment","timeElapsed":102,"timestamp":"2026-09-23T12:50:54.779Z"}
{"level":"info","message":"⌛ Validating EXAMEN-Wollok/testExample.wtest","timeElapsed":171,"timestamp":"2026-09-23T12:50:54.950Z"}
{"level":"info","message":"⌛ Validating EXAMEN-Wollok/testExample.wtest","timeElapsed":167,"timestamp":"2026-09-23T12:50:55.216Z"}
{"level":"info","message":"⌛ Validating EXAMEN-Wollok/testExample.wtest","timeElapsed":140,"timestamp":"2026-09-23T12:50:55.536Z"}
{"level":"info","message":"⌛ Validating EXAMEN-Wollok/testExample.wtest","timeElapsed":138,"timestamp":"2026-09-23T12:50:55.751Z"}
{"level":"info","message":"⌛ Validating EXAMEN-Wollok/testExample.wtest","timeElapsed":134,"timestamp":"2026-09-23T12:50:55.886Z"}
{"level":"info","message":"⌛ Validating EXAMEN-Wollok/testExample.wtest","timeElapsed":155,"timestamp":"2026-09-23T12:50:56.047Z"}
{"level":"error","message":"✘ Completions for node Send ([5:5, 5:28] - EXAMEN-Wollok/testExample.wtest) failed: Error: [Send]{9fa86e} at EXAMEN-Wollok/testExample.wtest:5 exhausted all cases without a match [Send]{9fa86e} at EXAMEN-Wollok/testExample.wtest:5 exhausted all cases without a match","stack":"Error: [Send]{9fa86e} at EXAMEN-Wollok/testExample.wtest:5 exhausted all cases without a match\n    at /home/tiaguinni/.vscode/extensions/uqbar.wollok-lsp-ide-0.5.5/out/server/src/server.js:38:6142\n    at L2 (/home/tiaguinni/.vscode/extensions/uqbar.wollok-lsp-ide-0.5.5/out/server/src/server.js:2421:42)\n    at Jh (/home/tiaguinni/.vscode/extensions/uqbar.wollok-lsp-ide-0.5.5/out/server/src/server.js:2421:1092)\n    at w5n (/home/tiaguinni/.vscode/extensions/uqbar.wollok-lsp-ide-0.5.5/out/server/src/server.js:2421:1248)\n    at /home/tiaguinni/.vscode/extensions/uqbar.wollok-lsp-ide-0.5.5/out/server/src/server.js:38:6131\n    at L2 (/home/tiaguinni/.vscode/extensions/uqbar.wollok-lsp-ide-0.5.5/out/server/src/server.js:2421:42)\n    at /home/tiaguinni/.vscode/extensions/uqbar.wollok-lsp-ide-0.5.5/out/server/src/server.js:2421:2988\n    at /home/tiaguinni/.vscode/extensions/uqbar.wollok-lsp-ide-0.5.5/out/server/src/server.js:2430:8440\n    at /home/tiaguinni/.vscode/extensions/uqbar.wollok-lsp-ide-0.5.5/out/server/src/server.js:37:74872\n    at Ke (/home/tiaguinni/.vscode/extensions/uqbar.wollok-lsp-ide-0.5.5/out/server/src/server.js:7:8527)","timestamp":"2026-09-23T12:50:56.079Z"}
{"level":"info","message":"⌛ Building environment","timeElapsed":105,"timestamp":"2026-09-23T12:50:57.211Z"}
{"level":"info","message":"⌛ Validating EXAMEN-Wollok/testExample.wtest","timeElapsed":151,"timestamp":"2026-09-23T12:50:57.367Z"}
{"level":"info","message":"⌛ Building environment","timeElapsed":151,"timestamp":"2026-09-23T12:50:58.113Z"}
{"level":"info","message":"⌛ Building environment","timeElapsed":157,"timestamp":"2026-09-23T12:50:58.285Z"}
{"level":"info","message":"⌛ Validating EXAMEN-Wollok/testExample.wtest","timeElapsed":155,"timestamp":"2026-09-23T12:50:58.440Z"}
{"level":"info","message":"⌛ Validating EXAMEN-Wollok/testExample.wtest","timeElapsed":187,"timestamp":"2026-09-23T12:50:58.628Z"}
{"level":"info","message":"⌛ Building environment","timeElapsed":150,"timestamp":"2026-09-23T12:51:41.264Z"}
{"level":"info","message":"⌛ Validating EXAMEN-Wollok/example.wlk","timeElapsed":136,"timestamp":"2026-09-23T12:51:41.405Z"}
{"level":"info","message":"⌛ Validating EXAMEN-Wollok/example.wlk","timeElapsed":157,"timestamp":"2026-09-23T12:51:41.926Z"}
{"level":"info","message":"⌛ Building environment","timeElapsed":104,"timestamp":"2026-09-23T12:51:42.030Z"}
{"level":"info","message":"⌛ Building environment","timeElapsed":110,"timestamp":"2026-09-23T12:51:42.141Z"}
{"level":"info","message":"⌛ Validating EXAMEN-Wollok/example.wlk","timeElapsed":168,"timestamp":"2026-09-23T12:51:42.309Z"}
{"level":"info","message":"⌛ Validating EXAMEN-Wollok/example.wlk","timeElapsed":138,"timestamp":"2026-09-23T12:51:42.446Z"}
{"level":"info","message":"⌛ Building environment","timeElapsed":134,"timestamp":"2026-09-23T12:51:42.581Z"}
{"level":"info","message":"⌛ Building environment","timeElapsed":131,"timestamp":"2026-09-23T12:51:42.734Z"}
{"level":"info","message":"⌛ Validating EXAMEN-Wollok/example.wlk","timeElapsed":163,"timestamp":"2026-09-23T12:51:42.898Z"}
{"level":"info","message":"⌛ Validating EXAMEN-Wollok/example.wlk","timeElapsed":154,"timestamp":"2026-09-23T12:51:43.149Z"}
{"level":"info","message":"⌛ Validating EXAMEN-Wollok/example.wlk","timeElapsed":153,"timestamp":"2026-09-23T12:51:43.309Z"}
{"level":"info","message":"⌛ Validating EXAMEN-Wollok/example.wlk","timeElapsed":176,"timestamp":"2026-09-23T12:51:43.663Z"}
{"level":"info","message":"⌛ Validating EXAMEN-Wollok/example.wlk","timeElapsed":132,"timestamp":"2026-09-23T12:51:43.795Z"}
{"level":"info","message":"⌛ Building environment","timeElapsed":116,"timestamp":"2026-09-23T12:51:45.024Z"}
{"level":"info","message":"⌛ Validating EXAMEN-Wollok/example.wlk","timeElapsed":158,"timestamp":"2026-09-23T12:51:45.188Z"}
{"level":"info","message":"⌛ Validating EXAMEN-Wollok/example.wlk","timeElapsed":130,"timestamp":"2026-09-23T12:51:45.410Z"}
{"level":"info","message":"⌛ Building environment","timeElapsed":124,"timestamp":"2026-09-23T12:51:46.626Z"}
{"level":"info","message":"⌛ Validating EXAMEN-Wollok/example.wlk","timeElapsed":144,"timestamp":"2026-09-23T12:51:46.775Z"}
{"level":"info","message":"⌛ Building environment","timeElapsed":124,"timestamp":"2026-09-23T12:51:49.539Z"}
{"level":"info","message":"⌛ Validating EXAMEN-Wollok/testExample.wtest","timeElapsed":142,"timestamp":"2026-09-23T12:51:49.685Z"}
{"level":"info","message":"⌛ Building environment","timeElapsed":163,"timestamp":"2026-09-23T12:52:12.965Z"}
{"level":"info","message":"⌛ Validating EXAMEN-Wollok/testExample.wtest","timeElapsed":144,"timestamp":"2026-09-23T12:52:13.113Z"}
{"level":"info","message":"⌛ Building environment","timeElapsed":107,"timestamp":"2026-09-23T12:52:14.079Z"}
{"level":"info","message":"⌛ Validating EXAMEN-Wollok/testExample.wtest","timeElapsed":163,"timestamp":"2026-09-23T12:52:14.245Z"}
{"level":"info","message":"⌛ Validating EXAMEN-Wollok/testExample.wtest","timeElapsed":183,"timestamp":"2026-09-23T12:52:14.525Z"}
{"level":"info","message":"⌛ Validating EXAMEN-Wollok/testExample.wtest","timeElapsed":154,"timestamp":"2026-09-23T12:52:14.770Z"}
{"level":"info","message":"⌛ Building environment","timeElapsed":252,"timestamp":"2026-09-23T12:52:15.024Z"}
{"level":"info","message":"⌛ Building environment","timeElapsed":110,"timestamp":"2026-09-23T12:52:15.135Z"}
{"level":"info","message":"⌛ Validating EXAMEN-Wollok/testExample.wtest","timeElapsed":199,"timestamp":"2026-09-23T12:52:15.355Z"}
{"level":"info","message":"⌛ Validating EXAMEN-Wollok/testExample.wtest","timeElapsed":158,"timestamp":"2026-09-23T12:52:15.591Z"}
{"level":"info","message":"⌛ Validating EXAMEN-Wollok/testExample.wtest","timeElapsed":163,"timestamp":"2026-09-23T12:52:15.851Z"}
{"level":"info","message":"⌛ Validating EXAMEN-Wollok/testExample.wtest","timeElapsed":138,"timestamp":"2026-09-23T12:52:15.994Z"}
{"level":"info","message":"⌛ Building environment","timeElapsed":132,"timestamp":"2026-09-23T12:52:29.669Z"}
{"level":"info","message":"⌛ Validating EXAMEN-Wollok/example.wlk","timeElapsed":140,"timestamp":"2026-09-23T12:52:29.813Z"}
{"level":"info","message":"⌛ Building environment","timeElapsed":102,"timestamp":"2026-09-23T12:52:30.503Z"}
{"level":"info","message":"⌛ Validating EXAMEN-Wollok/example.wlk","timeElapsed":150,"timestamp":"2026-09-23T12:52:30.661Z"}
{"level":"info","message":"⌛ Validating EXAMEN-Wollok/example.wlk","timeElapsed":148,"timestamp":"2026-09-23T12:52:30.908Z"}
{"level":"info","message":"⌛ Building environment","timeElapsed":112,"timestamp":"2026-09-23T12:52:31.020Z"}
{"level":"info","message":"⌛ Validating EXAMEN-Wollok/example.wlk","timeElapsed":160,"timestamp":"2026-09-23T12:52:31.280Z"}
{"level":"info","message":"⌛ Validating EXAMEN-Wollok/example.wlk","timeElapsed":181,"timestamp":"2026-09-23T12:52:31.462Z"}
{"level":"info","message":"⌛ Building environment","timeElapsed":105,"timestamp":"2026-09-23T12:52:31.651Z"}
{"level":"info","message":"⌛ Validating EXAMEN-Wollok/example.wlk","timeElapsed":146,"timestamp":"2026-09-23T12:52:31.798Z"}
{"level":"info","message":"⌛ Building environment","timeElapsed":136,"timestamp":"2026-09-23T12:52:31.935Z"}
{"level":"info","message":"⌛ Validating EXAMEN-Wollok/example.wlk","timeElapsed":248,"timestamp":"2026-09-23T12:52:32.184Z"}
{"level":"info","message":"⌛ Validating EXAMEN-Wollok/example.wlk","timeElapsed":213,"timestamp":"2026-09-23T12:52:32.409Z"}
{"level":"info","message":"⌛ Building environment","timeElapsed":143,"timestamp":"2026-09-23T12:52:32.607Z"}
{"level":"info","message":"⌛ Validating EXAMEN-Wollok/example.wlk","timeElapsed":257,"timestamp":"2026-09-23T12:52:32.868Z"}
{"level":"info","message":"⌛ Building environment","timeElapsed":242,"timestamp":"2026-09-23T12:52:33.115Z"}
{"level":"info","message":"⌛ Building environment","timeElapsed":330,"timestamp":"2026-09-23T12:52:33.527Z"}
{"level":"info","message":"⌛ Validating EXAMEN-Wollok/example.wlk","timeElapsed":225,"timestamp":"2026-09-23T12:52:33.753Z"}
{"level":"info","message":"⌛ Validating EXAMEN-Wollok/example.wlk","timeElapsed":168,"timestamp":"2026-09-23T12:52:33.921Z"}
{"level":"info","message":"⌛ Building environment","timeElapsed":117,"timestamp":"2026-09-23T12:52:34.043Z"}
{"level":"info","message":"⌛ Validating EXAMEN-Wollok/example.wlk","timeElapsed":146,"timestamp":"2026-09-23T12:52:34.198Z"}
{"level":"info","message":"⌛ Building environment","timeElapsed":138,"timestamp":"2026-09-23T12:52:34.509Z"}
{"level":"info","message":"⌛ Validating EXAMEN-Wollok/example.wlk","timeElapsed":195,"timestamp":"2026-09-23T12:52:34.705Z"}
{"level":"info","message":"⌛ Validating EXAMEN-Wollok/example.wlk","timeElapsed":158,"timestamp":"2026-09-23T12:52:34.868Z"}
{"level":"info","message":"⌛ Validating EXAMEN-Wollok/example.wlk","timeElapsed":146,"timestamp":"2026-09-23T12:52:35.106Z"}
{"level":"info","message":"⌛ Validating EXAMEN-Wollok/example.wlk","timeElapsed":145,"timestamp":"2026-09-23T12:52:35.330Z"}
{"level":"info","message":"⌛ Validating EXAMEN-Wollok/example.wlk","timeElapsed":143,"timestamp":"2026-09-23T12:52:35.473Z"}
{"level":"info","message":"⌛ Building environment","timeElapsed":132,"timestamp":"2026-09-23T12:52:36.396Z"}
{"level":"info","message":"⌛ Validating EXAMEN-Wollok/example.wlk","timeElapsed":165,"timestamp":"2026-09-23T12:52:36.660Z"}
{"level":"info","message":"⌛ Validating EXAMEN-Wollok/example.wlk","timeElapsed":172,"timestamp":"2026-09-23T12:52:36.833Z"}
{"level":"info","message":"⌛ Building environment","timeElapsed":104,"timestamp":"2026-09-23T12:52:36.938Z"}
{"level":"info","message":"⌛ Building environment","timeElapsed":114,"timestamp":"2026-09-23T12:52:37.052Z"}
{"level":"info","message":"⌛ Validating EXAMEN-Wollok/example.wlk","timeElapsed":142,"timestamp":"2026-09-23T12:52:37.199Z"}
{"level":"info","message":"⌛ Building environment","timeElapsed":151,"timestamp":"2026-09-23T12:52:37.352Z"}
{"level":"info","message":"⌛ Validating EXAMEN-Wollok/example.wlk","timeElapsed":181,"timestamp":"2026-09-23T12:52:37.534Z"}
{"level":"info","message":"⌛ Validating EXAMEN-Wollok/example.wlk","timeElapsed":174,"timestamp":"2026-09-23T12:52:37.714Z"}
{"level":"info","message":"⌛ Building environment","timeElapsed":110,"timestamp":"2026-09-23T12:52:37.824Z"}
{"level":"info","message":"⌛ Validating EXAMEN-Wollok/example.wlk","timeElapsed":148,"timestamp":"2026-09-23T12:52:38.150Z"}
{"level":"info","message":"⌛ Validating EXAMEN-Wollok/example.wlk","timeElapsed":140,"timestamp":"2026-09-23T12:52:38.291Z"}
{"level":"info","message":"⌛ Validating EXAMEN-Wollok/example.wlk","timeElapsed":161,"timestamp":"2026-09-23T12:52:38.459Z"}
{"level":"info","message":"⌛ Building environment","timeElapsed":116,"timestamp":"2026-09-23T12:52:38.577Z"}
{"level":"info","message":"⌛ Validating EXAMEN-Wollok/example.wlk","timeElapsed":165,"timestamp":"2026-09-23T12:52:38.755Z"}
{"level":"info","message":"⌛ Validating EXAMEN-Wollok/example.wlk","timeElapsed":156,"timestamp":"2026-09-23T12:52:39.002Z"}
{"level":"info","message":"⌛ Validating EXAMEN-Wollok/example.wlk","timeElapsed":165,"timestamp":"2026-09-23T12:52:39.269Z"}
{"level":"info","message":"⌛ Building environment","timeElapsed":107,"timestamp":"2026-09-23T12:52:39.377Z"}
{"level":"info","message":"⌛ Validating EXAMEN-Wollok/example.wlk","timeElapsed":156,"timestamp":"2026-09-23T12:52:39.621Z"}
{"level":"info","message":"⌛ Validating EXAMEN-Wollok/example.wlk","timeElapsed":178,"timestamp":"2026-09-23T12:52:39.799Z"}
{"level":"info","message":"⌛ Validating EXAMEN-Wollok/example.wlk","timeElapsed":151,"timestamp":"2026-09-23T12:52:40.060Z"}
{"level":"info","message":"⌛ Building environment","timeElapsed":115,"timestamp":"2026-09-23T12:52:42.577Z"}
{"level":"info","message":"⌛ Validating EXAMEN-Wollok/example.wlk","timeElapsed":147,"timestamp":"2026-09-23T12:52:42.732Z"}
{"level":"info","message":"⌛ Building environment","timeElapsed":107,"timestamp":"2026-09-23T12:52:43.005Z"}
{"level":"info","message":"⌛ Validating EXAMEN-Wollok/example.wlk","timeElapsed":160,"timestamp":"2026-09-23T12:52:43.169Z"}
{"level":"info","message":"⌛ Validating EXAMEN-Wollok/example.wlk","timeElapsed":167,"timestamp":"2026-09-23T12:52:43.424Z"}
{"level":"info","message":"⌛ Building environment","timeElapsed":160,"timestamp":"2026-09-23T12:52:43.680Z"}
{"level":"info","message":"⌛ Validating EXAMEN-Wollok/example.wlk","timeElapsed":214,"timestamp":"2026-09-23T12:52:43.895Z"}
{"level":"info","message":"⌛ Validating EXAMEN-Wollok/example.wlk","timeElapsed":164,"timestamp":"2026-09-23T12:52:44.158Z"}
{"level":"info","message":"⌛ Validating EXAMEN-Wollok/example.wlk","timeElapsed":164,"timestamp":"2026-09-23T12:52:44.488Z"}
{"level":"info","message":"⌛ Validating EXAMEN-Wollok/example.wlk","timeElapsed":204,"timestamp":"2026-09-23T12:52:44.692Z"}
{"level":"info","message":"⌛ Validating EXAMEN-Wollok/example.wlk","timeElapsed":145,"timestamp":"2026-09-23T12:52:44.844Z"}
{"level":"info","message":"⌛ Building environment","timeElapsed":122,"timestamp":"2026-09-23T12:52:44.967Z"}
{"level":"info","message":"⌛ Validating EXAMEN-Wollok/example.wlk","timeElapsed":164,"timestamp":"2026-09-23T12:52:45.321Z"}
{"level":"info","message":"⌛ Validating EXAMEN-Wollok/example.wlk","timeElapsed":157,"timestamp":"2026-09-23T12:52:45.578Z"}
{"level":"info","message":"⌛ Validating EXAMEN-Wollok/example.wlk","timeElapsed":140,"timestamp":"2026-09-23T12:52:45.719Z"}
{"level":"info","message":"⌛ Validating EXAMEN-Wollok/example.wlk","timeElapsed":145,"timestamp":"2026-09-23T12:52:45.954Z"}
{"level":"info","message":"⌛ Validating EXAMEN-Wollok/example.wlk","timeElapsed":140,"timestamp":"2026-09-23T12:52:46.187Z"}
{"level":"info","message":"⌛ Validating EXAMEN-Wollok/example.wlk","timeElapsed":147,"timestamp":"2026-09-23T12:52:46.335Z"}
{"level":"info","message":"⌛ Building environment","timeElapsed":101,"timestamp":"2026-09-23T12:52:46.695Z"}
{"level":"info","message":"⌛ Validating EXAMEN-Wollok/example.wlk","timeElapsed":145,"timestamp":"2026-09-23T12:52:46.847Z"}
{"level":"info","message":"⌛ Validating EXAMEN-Wollok/example.wlk","timeElapsed":186,"timestamp":"2026-09-23T12:52:47.142Z"}
{"level":"info","message":"⌛ Building environment","timeElapsed":131,"timestamp":"2026-09-23T12:52:47.278Z"}
{"level":"info","message":"⌛ Validating EXAMEN-Wollok/example.wlk","timeElapsed":140,"timestamp":"2026-09-23T12:52:47.506Z"}
{"level":"info","message":"⌛ Validating EXAMEN-Wollok/example.wlk","timeElapsed":133,"timestamp":"2026-09-23T12:52:47.640Z"}
{"level":"info","message":"⌛ Building environment","timeElapsed":101,"timestamp":"2026-09-23T12:52:47.851Z"}
{"level":"info","message":"⌛ Validating EXAMEN-Wollok/example.wlk","timeElapsed":164,"timestamp":"2026-09-23T12:52:48.018Z"}
{"level":"info","message":"⌛ Validating EXAMEN-Wollok/example.wlk","timeElapsed":212,"timestamp":"2026-09-23T12:52:48.317Z"}
{"level":"info","message":"⌛ Building environment","timeElapsed":130,"timestamp":"2026-09-23T12:52:48.448Z"}
{"level":"info","message":"⌛ Validating EXAMEN-Wollok/example.wlk","timeElapsed":162,"timestamp":"2026-09-23T12:52:48.695Z"}
{"level":"error","message":"✘ Failed to get type description: Error: Failed to print, found malformed node Failed to print, found malformed node","node":{"id":"a5b00661-bcf2-47b4-b6c4-60a05d811ec7","members":[],"metadata":[],"name":"frank","problems":[{"code":"malformedMember","sourceMap":{"end":{"column":0,"line":3,"offset":24},"start":{"column":3,"line":2,"offset":17}}},{"code":"malformedMember","sourceMap":{"end":{"column":0,"line":4,"offset":38},"start":{"column":3,"line":3,"offset":27}}}],"scope":{"containerScope":{"containerScope":{"containerScope":{"contributions":{},"includedScopes":[]},"contributions":{},"includedScopes":[]},"contributions":{},"includedScopes":[]},"contributions":{},"includedScopes":[{"containerScope":{"containerScope":{"containerScope":{"contributions":{},"includedScopes":[]},"contributions":{},"includedScopes":[]},"contributions":{},"includedScopes":[]},"contributions":{},"includedScopes":[]}]},"sourceMap":{"end":{"column":2,"line":4,"offset":40},"start":{"column":1,"line":1,"offset":0}},"supertypes":[]},"stack":"Error: Failed to print, found malformed node\n    at /home/tiaguinni/.vscode/extensions/uqbar.wollok-lsp-ide-0.5.5/out/server/src/server.js:68:3585\n    at Ybn (/home/tiaguinni/.vscode/extensions/uqbar.wollok-lsp-ide-0.5.5/out/server/src/server.js:68:3396)\n    at /home/tiaguinni/.vscode/extensions/uqbar.wollok-lsp-ide-0.5.5/out/server/src/server.js:2430:847\n    at /home/tiaguinni/.vscode/extensions/uqbar.wollok-lsp-ide-0.5.5/out/server/src/server.js:2430:8440\n    at /home/tiaguinni/.vscode/extensions/uqbar.wollok-lsp-ide-0.5.5/out/server/src/server.js:37:74770\n    at Ke (/home/tiaguinni/.vscode/extensions/uqbar.wollok-lsp-ide-0.5.5/out/server/src/server.js:7:8527)\n    at It (/home/tiaguinni/.vscode/extensions/uqbar.wollok-lsp-ide-0.5.5/out/server/src/server.js:7:6189)\n    at et (/home/tiaguinni/.vscode/extensions/uqbar.wollok-lsp-ide-0.5.5/out/server/src/server.js:7:6378)\n    at Immediate._onImmediate (/home/tiaguinni/.vscode/extensions/uqbar.wollok-lsp-ide-0.5.5/out/server/src/server.js:7:6142)\n    at process.processImmediate (node:internal/timers:504:21)","timestamp":"2026-09-23T12:52:53.367Z"}
{"level":"info","message":"⌛ Building environment","timeElapsed":142,"timestamp":"2026-09-23T12:52:55.369Z"}
{"level":"info","message":"⌛ Validating EXAMEN-Wollok/example.wlk","timeElapsed":153,"timestamp":"2026-09-23T12:52:55.627Z"}
{"level":"info","message":"⌛ Validating EXAMEN-Wollok/example.wlk","timeElapsed":136,"timestamp":"2026-09-23T12:52:55.763Z"}
{"level":"info","message":"⌛ Validating EXAMEN-Wollok/example.wlk","timeElapsed":155,"timestamp":"2026-09-23T12:52:56.011Z"}
{"level":"info","message":"⌛ Building environment","timeElapsed":151,"timestamp":"2026-09-23T12:52:56.165Z"}
{"level":"info","message":"⌛ Validating EXAMEN-Wollok/example.wlk","timeElapsed":192,"timestamp":"2026-09-23T12:52:56.361Z"}
{"level":"info","message":"⌛ Validating EXAMEN-Wollok/example.wlk","timeElapsed":170,"timestamp":"2026-09-23T12:52:56.711Z"}
{"level":"info","message":"⌛ Validating EXAMEN-Wollok/example.wlk","timeElapsed":144,"timestamp":"2026-09-23T12:52:56.855Z"}
{"level":"info","message":"⌛ Validating EXAMEN-Wollok/example.wlk","timeElapsed":173,"timestamp":"2026-09-23T12:52:57.129Z"}
{"level":"info","message":"⌛ Building environment","timeElapsed":119,"timestamp":"2026-09-23T12:52:58.286Z"}
{"level":"info","message":"⌛ Validating EXAMEN-Wollok/example.wlk","timeElapsed":205,"timestamp":"2026-09-23T12:52:58.498Z"}
{"level":"info","message":"⌛ Building environment","timeElapsed":129,"timestamp":"2026-09-23T12:53:00.481Z"}
{"level":"info","message":"⌛ Validating EXAMEN-Wollok/example.wlk","timeElapsed":156,"timestamp":"2026-09-23T12:53:00.641Z"}
{"level":"info","message":"⌛ Validating EXAMEN-Wollok/example.wlk","timeElapsed":149,"timestamp":"2026-09-23T12:53:01.176Z"}
{"level":"info","message":"⌛ Validating EXAMEN-Wollok/example.wlk","timeElapsed":159,"timestamp":"2026-09-23T12:53:01.422Z"}
{"level":"info","message":"⌛ Validating EXAMEN-Wollok/example.wlk","timeElapsed":150,"timestamp":"2026-09-23T12:53:01.654Z"}
{"level":"info","message":"⌛ Building environment","timeElapsed":150,"timestamp":"2026-09-23T12:53:03.025Z"}
{"level":"info","message":"⌛ Validating EXAMEN-Wollok/example.wlk","timeElapsed":167,"timestamp":"2026-09-23T12:53:03.197Z"}
{"level":"error","message":"✘ Failed to rebuild document Failed to parse EXAMEN-Wollok/example.wlk: \n-- PARSING FAILED --------------------------------------------------\n\n  1 | object frank {\n  2 |   var =\n> 3 |   method contrae{}\n    |   ^\n  4 |   mehtod esta\n  5 | }\n\nExpected one of the following: \n\n'{', '}', whitespace\n","stack":"Error: Failed to parse EXAMEN-Wollok/example.wlk: \n-- PARSING FAILED --------------------------------------------------\n\n  1 | object frank {\n  2 |   var =\n> 3 |   method contrae{}\n    |   ^\n  4 |   mehtod esta\n  5 | }\n\nExpected one of the following: \n\n'{', '}', whitespace\n\n    at /home/tiaguinni/.vscode/extensions/uqbar.wollok-lsp-ide-0.5.5/out/server/src/server.js:2385:13026\n    at Array.map (<anonymous>)\n    at z1n (/home/tiaguinni/.vscode/extensions/uqbar.wollok-lsp-ide-0.5.5/out/server/src/server.js:2385:12950)\n    at H2.buildEnvironmentFrom (/home/tiaguinni/.vscode/extensions/uqbar.wollok-lsp-ide-0.5.5/out/server/src/server.js:2430:5254)\n    at H2.updateEnvironmentWith (/home/tiaguinni/.vscode/extensions/uqbar.wollok-lsp-ide-0.5.5/out/server/src/server.js:2430:4989)\n    at QF (/home/tiaguinni/.vscode/extensions/uqbar.wollok-lsp-ide-0.5.5/out/server/src/server.js:2430:7383)\n    at V3.invoke (/home/tiaguinni/.vscode/extensions/uqbar.wollok-lsp-ide-0.5.5/out/server/src/server.js:3:157330)\n    at o.fire (/home/tiaguinni/.vscode/extensions/uqbar.wollok-lsp-ide-0.5.5/out/server/src/server.js:3:158100)\n    at /home/tiaguinni/.vscode/extensions/uqbar.wollok-lsp-ide-0.5.5/out/server/src/server.js:37:57871\n    at nd (/home/tiaguinni/.vscode/extensions/uqbar.wollok-lsp-ide-0.5.5/out/server/src/server.js:8:1561)","timestamp":"2026-09-23T12:53:03.658Z"}
{"level":"error","message":"✘ Failed to rebuild document Failed to parse EXAMEN-Wollok/example.wlk: \n-- PARSING FAILED --------------------------------------------------\n\n  1 | object frank {\n  2 |   var = \n> 3 |   method contrae{}\n    |   ^\n  4 |   mehtod esta\n  5 | }\n\nExpected one of the following: \n\n'{', '}', whitespace\n","stack":"Error: Failed to parse EXAMEN-Wollok/example.wlk: \n-- PARSING FAILED --------------------------------------------------\n\n  1 | object frank {\n  2 |   var = \n> 3 |   method contrae{}\n    |   ^\n  4 |   mehtod esta\n  5 | }\n\nExpected one of the following: \n\n'{', '}', whitespace\n\n    at /home/tiaguinni/.vscode/extensions/uqbar.wollok-lsp-ide-0.5.5/out/server/src/server.js:2385:13026\n    at Array.map (<anonymous>)\n    at z1n (/home/tiaguinni/.vscode/extensions/uqbar.wollok-lsp-ide-0.5.5/out/server/src/server.js:2385:12950)\n    at H2.buildEnvironmentFrom (/home/tiaguinni/.vscode/extensions/uqbar.wollok-lsp-ide-0.5.5/out/server/src/server.js:2430:5254)\n    at H2.updateEnvironmentWith (/home/tiaguinni/.vscode/extensions/uqbar.wollok-lsp-ide-0.5.5/out/server/src/server.js:2430:4989)\n    at QF (/home/tiaguinni/.vscode/extensions/uqbar.wollok-lsp-ide-0.5.5/out/server/src/server.js:2430:7383)\n    at V3.invoke (/home/tiaguinni/.vscode/extensions/uqbar.wollok-lsp-ide-0.5.5/out/server/src/server.js:3:157330)\n    at o.fire (/home/tiaguinni/.vscode/extensions/uqbar.wollok-lsp-ide-0.5.5/out/server/src/server.js:3:158100)\n    at /home/tiaguinni/.vscode/extensions/uqbar.wollok-lsp-ide-0.5.5/out/server/src/server.js:37:57871\n    at nd (/home/tiaguinni/.vscode/extensions/uqbar.wollok-lsp-ide-0.5.5/out/server/src/server.js:8:1561)","timestamp":"2026-09-23T12:53:03.928Z"}
{"level":"error","message":"✘ Failed to rebuild document Failed to parse EXAMEN-Wollok/example.wlk: \n-- PARSING FAILED --------------------------------------------------\n\n  1 | object frank {\n  2 |   var =\n> 3 |   method contrae{}\n    |   ^\n  4 |   mehtod esta\n  5 | }\n\nExpected one of the following: \n\n'{', '}', whitespace\n","stack":"Error: Failed to parse EXAMEN-Wollok/example.wlk: \n-- PARSING FAILED --------------------------------------------------\n\n  1 | object frank {\n  2 |   var =\n> 3 |   method contrae{}\n    |   ^\n  4 |   mehtod esta\n  5 | }\n\nExpected one of the following: \n\n'{', '}', whitespace\n\n    at /home/tiaguinni/.vscode/extensions/uqbar.wollok-lsp-ide-0.5.5/out/server/src/server.js:2385:13026\n    at Array.map (<anonymous>)\n    at z1n (/home/tiaguinni/.vscode/extensions/uqbar.wollok-lsp-ide-0.5.5/out/server/src/server.js:2385:12950)\n    at H2.buildEnvironmentFrom (/home/tiaguinni/.vscode/extensions/uqbar.wollok-lsp-ide-0.5.5/out/server/src/server.js:2430:5254)\n    at H2.updateEnvironmentWith (/home/tiaguinni/.vscode/extensions/uqbar.wollok-lsp-ide-0.5.5/out/server/src/server.js:2430:4989)\n    at QF (/home/tiaguinni/.vscode/extensions/uqbar.wollok-lsp-ide-0.5.5/out/server/src/server.js:2430:7383)\n    at V3.invoke (/home/tiaguinni/.vscode/extensions/uqbar.wollok-lsp-ide-0.5.5/out/server/src/server.js:3:157330)\n    at o.fire (/home/tiaguinni/.vscode/extensions/uqbar.wollok-lsp-ide-0.5.5/out/server/src/server.js:3:158100)\n    at /home/tiaguinni/.vscode/extensions/uqbar.wollok-lsp-ide-0.5.5/out/server/src/server.js:37:57871\n    at nd (/home/tiaguinni/.vscode/extensions/uqbar.wollok-lsp-ide-0.5.5/out/server/src/server.js:8:1561)","timestamp":"2026-09-23T12:53:09.322Z"}
{"level":"info","message":"⌛ Building environment","timeElapsed":120,"timestamp":"2026-09-23T12:53:09.632Z"}
{"level":"info","message":"⌛ Validating EXAMEN-Wollok/example.wlk","timeElapsed":157,"timestamp":"2026-09-23T12:53:09.793Z"}
{"level":"info","message":"⌛ Building environment","timeElapsed":121,"timestamp":"2026-09-23T12:53:11.113Z"}
{"level":"info","message":"⌛ Validating EXAMEN-Wollok/example.wlk","timeElapsed":145,"timestamp":"2026-09-23T12:53:11.262Z"}
{"level":"info","message":"⌛ Validating EXAMEN-Wollok/example.wlk","timeElapsed":141,"timestamp":"2026-09-23T12:53:11.549Z"}
{"level":"info","message":"⌛ Validating EXAMEN-Wollok/example.wlk","timeElapsed":150,"timestamp":"2026-09-23T12:53:12.500Z"}
{"level":"info","message":"⌛ Building environment","timeElapsed":101,"timestamp":"2026-09-23T12:53:13.157Z"}
{"level":"info","message":"⌛ Validating EXAMEN-Wollok/example.wlk","timeElapsed":139,"timestamp":"2026-09-23T12:53:13.299Z"}
{"level":"info","message":"⌛ Building environment","timeElapsed":102,"timestamp":"2026-09-23T12:53:13.445Z"}
{"level":"info","message":"⌛ Validating EXAMEN-Wollok/example.wlk","timeElapsed":137,"timestamp":"2026-09-23T12:53:13.586Z"}
{"level":"info","message":"⌛ Building environment","timeElapsed":122,"timestamp":"2026-09-23T12:53:13.896Z"}
{"level":"info","message":"⌛ Validating EXAMEN-Wollok/example.wlk","timeElapsed":249,"timestamp":"2026-09-23T12:53:14.233Z"}
{"level":"info","message":"⌛ Validating EXAMEN-Wollok/example.wlk","timeElapsed":265,"timestamp":"2026-09-23T12:53:14.501Z"}
{"level":"info","message":"⌛ Building environment","timeElapsed":104,"timestamp":"2026-09-23T12:53:14.605Z"}
{"level":"info","message":"⌛ Building environment","timeElapsed":108,"timestamp":"2026-09-23T12:53:14.789Z"}
{"level":"info","message":"⌛ Validating EXAMEN-Wollok/example.wlk","timeElapsed":167,"timestamp":"2026-09-23T12:53:14.961Z"}
{"level":"info","message":"⌛ Validating EXAMEN-Wollok/example.wlk","timeElapsed":181,"timestamp":"2026-09-23T12:53:15.143Z"}
{"level":"info","message":"⌛ Validating EXAMEN-Wollok/example.wlk","timeElapsed":132,"timestamp":"2026-09-23T12:53:15.374Z"}
{"level":"info","message":"⌛ Validating EXAMEN-Wollok/example.wlk","timeElapsed":136,"timestamp":"2026-09-23T12:53:15.603Z"}
{"level":"info","message":"⌛ Validating EXAMEN-Wollok/example.wlk","timeElapsed":134,"timestamp":"2026-09-23T12:53:15.738Z"}
{"level":"info","message":"⌛ Building environment","timeElapsed":123,"timestamp":"2026-09-23T12:53:19.867Z"}
{"level":"info","message":"⌛ Validating EXAMEN-Wollok/example.wlk","timeElapsed":168,"timestamp":"2026-09-23T12:53:20.042Z"}
{"level":"info","message":"⌛ Validating EXAMEN-Wollok/example.wlk","timeElapsed":147,"timestamp":"2026-09-23T12:53:20.276Z"}
{"level":"info","message":"⌛ Validating EXAMEN-Wollok/example.wlk","timeElapsed":199,"timestamp":"2026-09-23T12:53:20.558Z"}
{"level":"info","message":"⌛ Building environment","timeElapsed":148,"timestamp":"2026-09-23T12:53:21.374Z"}
{"level":"info","message":"⌛ Validating EXAMEN-Wollok/example.wlk","timeElapsed":142,"timestamp":"2026-09-23T12:53:21.519Z"}
{"level":"info","message":"⌛ Validating EXAMEN-Wollok/example.wlk","timeElapsed":140,"timestamp":"2026-09-23T12:53:21.934Z"}
{"level":"info","message":"⌛ Building environment","timeElapsed":128,"timestamp":"2026-09-23T12:53:22.350Z"}
{"level":"info","message":"⌛ Validating EXAMEN-Wollok/example.wlk","timeElapsed":155,"timestamp":"2026-09-23T12:53:22.587Z"}
{"level":"info","message":"⌛ Validating EXAMEN-Wollok/example.wlk","timeElapsed":170,"timestamp":"2026-09-23T12:53:22.757Z"}
{"level":"info","message":"⌛ Validating EXAMEN-Wollok/example.wlk","timeElapsed":152,"timestamp":"2026-09-23T12:53:23.205Z"}
{"level":"info","message":"⌛ Building environment","timeElapsed":102,"timestamp":"2026-09-23T12:53:23.307Z"}
{"level":"info","message":"⌛ Building environment","timeElapsed":142,"timestamp":"2026-09-23T12:53:23.452Z"}
{"level":"info","message":"⌛ Validating EXAMEN-Wollok/example.wlk","timeElapsed":159,"timestamp":"2026-09-23T12:53:23.612Z"}
{"level":"info","message":"⌛ Validating EXAMEN-Wollok/example.wlk","timeElapsed":181,"timestamp":"2026-09-23T12:53:23.897Z"}
{"level":"info","message":"⌛ Building environment","timeElapsed":193,"timestamp":"2026-09-23T12:53:24.092Z"}
{"level":"info","message":"⌛ Validating EXAMEN-Wollok/example.wlk","timeElapsed":181,"timestamp":"2026-09-23T12:53:24.274Z"}
{"level":"info","message":"⌛ Validating EXAMEN-Wollok/example.wlk","timeElapsed":234,"timestamp":"2026-09-23T12:53:24.516Z"}
{"level":"info","message":"⌛ Validating EXAMEN-Wollok/example.wlk","timeElapsed":251,"timestamp":"2026-09-23T12:53:24.945Z"}
{"level":"info","message":"⌛ Validating EXAMEN-Wollok/example.wlk","timeElapsed":194,"timestamp":"2026-09-23T12:53:25.143Z"}
{"level":"info","message":"⌛ Validating EXAMEN-Wollok/example.wlk","timeElapsed":136,"timestamp":"2026-09-23T12:53:25.462Z"}
{"level":"info","message":"⌛ Validating EXAMEN-Wollok/example.wlk","timeElapsed":136,"timestamp":"2026-09-23T12:53:25.597Z"}
{"level":"info","message":"⌛ Building environment","timeElapsed":131,"timestamp":"2026-09-23T12:53:28.071Z"}
{"level":"info","message":"⌛ Validating EXAMEN-Wollok/example.wlk","timeElapsed":132,"timestamp":"2026-09-23T12:53:28.211Z"}
{"level":"info","message":"⌛ Building environment","timeElapsed":108,"timestamp":"2026-09-23T12:53:30.752Z"}
{"level":"info","message":"⌛ Validating EXAMEN-Wollok/example.wlk","timeElapsed":141,"timestamp":"2026-09-23T12:53:30.897Z"}
{"level":"info","message":"⌛ Building environment","timeElapsed":123,"timestamp":"2026-09-23T12:53:32.322Z"}
{"level":"info","message":"⌛ Validating EXAMEN-Wollok/example.wlk","timeElapsed":135,"timestamp":"2026-09-23T12:53:32.462Z"}
{"level":"info","message":"⌛ Building environment","timeElapsed":142,"timestamp":"2026-09-23T12:53:46.787Z"}
{"level":"info","message":"⌛ Validating EXAMEN-Wollok/example.wlk","timeElapsed":186,"timestamp":"2026-09-23T12:53:46.977Z"}
{"level":"info","message":"⌛ Building environment","timeElapsed":131,"timestamp":"2026-09-23T12:53:47.275Z"}
{"level":"info","message":"⌛ Building environment","timeElapsed":151,"timestamp":"2026-09-23T12:53:47.427Z"}
{"level":"info","message":"⌛ Building environment","timeElapsed":167,"timestamp":"2026-09-23T12:53:47.594Z"}
{"level":"info","message":"⌛ Validating EXAMEN-Wollok/example.wlk","timeElapsed":195,"timestamp":"2026-09-23T12:53:47.798Z"}
{"level":"info","message":"⌛ Validating EXAMEN-Wollok/example.wlk","timeElapsed":146,"timestamp":"2026-09-23T12:53:48.222Z"}
{"level":"info","message":"⌛ Validating EXAMEN-Wollok/example.wlk","timeElapsed":139,"timestamp":"2026-09-23T12:53:48.446Z"}
{"level":"info","message":"⌛ Validating EXAMEN-Wollok/example.wlk","timeElapsed":136,"timestamp":"2026-09-23T12:53:48.669Z"}
{"level":"info","message":"⌛ Validating EXAMEN-Wollok/example.wlk","timeElapsed":135,"timestamp":"2026-09-23T12:53:48.805Z"}
{"level":"info","message":"⌛ Validating EXAMEN-Wollok/example.wlk","timeElapsed":173,"timestamp":"2026-09-23T12:53:48.986Z"}
{"level":"info","message":"⌛ Validating EXAMEN-Wollok/example.wlk","timeElapsed":216,"timestamp":"2026-09-23T12:53:49.206Z"}
{"level":"info","message":"⌛ Validating EXAMEN-Wollok/example.wlk","timeElapsed":143,"timestamp":"2026-09-23T12:53:49.349Z"}
{"level":"info","message":"⌛ Building environment","timeElapsed":102,"timestamp":"2026-09-23T12:53:49.452Z"}
{"level":"info","message":"⌛ Building environment","timeElapsed":126,"timestamp":"2026-09-23T12:53:49.585Z"}
{"level":"info","message":"⌛ Validating EXAMEN-Wollok/example.wlk","timeElapsed":167,"timestamp":"2026-09-23T12:53:49.779Z"}
{"level":"info","message":"⌛ Validating EXAMEN-Wollok/example.wlk","timeElapsed":144,"timestamp":"2026-09-23T12:53:49.924Z"}
{"level":"info","message":"⌛ Building environment","timeElapsed":109,"timestamp":"2026-09-23T12:53:50.516Z"}
{"level":"info","message":"⌛ Validating EXAMEN-Wollok/example.wlk","timeElapsed":154,"timestamp":"2026-09-23T12:53:50.674Z"}
{"level":"info","message":"⌛ Validating EXAMEN-Wollok/example.wlk","timeElapsed":137,"timestamp":"2026-09-23T12:53:51.122Z"}
{"level":"info","message":"⌛ Building environment","timeElapsed":101,"timestamp":"2026-09-23T12:53:51.297Z"}
{"level":"info","message":"⌛ Validating EXAMEN-Wollok/example.wlk","timeElapsed":130,"timestamp":"2026-09-23T12:53:51.434Z"}
{"level":"info","message":"⌛ Building environment","timeElapsed":106,"timestamp":"2026-09-23T12:53:51.706Z"}
{"level":"info","message":"⌛ Validating EXAMEN-Wollok/example.wlk","timeElapsed":136,"timestamp":"2026-09-23T12:53:51.852Z"}
{"level":"info","message":"⌛ Building environment","timeElapsed":134,"timestamp":"2026-09-23T12:53:55.093Z"}
{"level":"info","message":"⌛ Validating EXAMEN-Wollok/example.wlk","timeElapsed":147,"timestamp":"2026-09-23T12:53:55.246Z"}
{"level":"info","message":"⌛ Building environment","timeElapsed":103,"timestamp":"2026-09-23T12:53:56.507Z"}
{"level":"info","message":"⌛ Validating EXAMEN-Wollok/example.wlk","timeElapsed":131,"timestamp":"2026-09-23T12:53:56.643Z"}
{"level":"info","message":"⌛ Validating EXAMEN-Wollok/example.wlk","timeElapsed":156,"timestamp":"2026-09-23T12:53:57.076Z"}
{"level":"info","message":"⌛ Building environment","timeElapsed":113,"timestamp":"2026-09-23T12:53:57.488Z"}
{"level":"info","message":"⌛ Validating EXAMEN-Wollok/example.wlk","timeElapsed":163,"timestamp":"2026-09-23T12:53:57.654Z"}
{"level":"info","message":"⌛ Building environment","timeElapsed":105,"timestamp":"2026-09-23T12:53:57.759Z"}
{"level":"info","message":"⌛ Validating EXAMEN-Wollok/example.wlk","timeElapsed":151,"timestamp":"2026-09-23T12:53:58.001Z"}
{"level":"info","message":"⌛ Validating EXAMEN-Wollok/example.wlk","timeElapsed":143,"timestamp":"2026-09-23T12:53:58.144Z"}
{"level":"info","message":"⌛ Building environment","timeElapsed":105,"timestamp":"2026-09-23T12:53:58.311Z"}
{"level":"info","message":"⌛ Validating EXAMEN-Wollok/example.wlk","timeElapsed":157,"timestamp":"2026-09-23T12:53:58.564Z"}
{"level":"info","message":"⌛ Validating EXAMEN-Wollok/example.wlk","timeElapsed":173,"timestamp":"2026-09-23T12:53:58.738Z"}
{"level":"info","message":"⌛ Validating EXAMEN-Wollok/example.wlk","timeElapsed":147,"timestamp":"2026-09-23T12:53:59.188Z"}
{"level":"info","message":"⌛ Building environment","timeElapsed":136,"timestamp":"2026-09-23T12:53:59.383Z"}
{"level":"info","message":"⌛ Validating EXAMEN-Wollok/example.wlk","timeElapsed":174,"timestamp":"2026-09-23T12:53:59.557Z"}
{"level":"info","message":"⌛ Validating EXAMEN-Wollok/example.wlk","timeElapsed":151,"timestamp":"2026-09-23T12:53:59.709Z"}
{"level":"info","message":"⌛ Building environment","timeElapsed":109,"timestamp":"2026-09-23T12:53:59.818Z"}
{"level":"info","message":"⌛ Validating EXAMEN-Wollok/example.wlk","timeElapsed":179,"timestamp":"2026-09-23T12:54:00.177Z"}
{"level":"info","message":"⌛ Building environment","timeElapsed":107,"timestamp":"2026-09-23T12:54:00.285Z"}
{"level":"info","message":"⌛ Validating EXAMEN-Wollok/example.wlk","timeElapsed":299,"timestamp":"2026-09-23T12:54:00.698Z"}
{"level":"info","message":"⌛ Validating EXAMEN-Wollok/example.wlk","timeElapsed":202,"timestamp":"2026-09-23T12:54:01.000Z"}
{"level":"info","message":"⌛ Validating EXAMEN-Wollok/example.wlk","timeElapsed":187,"timestamp":"2026-09-23T12:54:01.188Z"}
{"level":"info","message":"⌛ Validating EXAMEN-Wollok/example.wlk","timeElapsed":154,"timestamp":"2026-09-23T12:54:01.532Z"}
{"level":"info","message":"⌛ Building environment","timeElapsed":174,"timestamp":"2026-09-23T12:54:01.708Z"}
{"level":"info","message":"⌛ Validating EXAMEN-Wollok/example.wlk","timeElapsed":172,"timestamp":"2026-09-23T12:54:01.881Z"}
{"level":"info","message":"⌛ Building environment","timeElapsed":105,"timestamp":"2026-09-23T12:54:01.986Z"}
{"level":"info","message":"⌛ Validating EXAMEN-Wollok/example.wlk","timeElapsed":156,"timestamp":"2026-09-23T12:54:02.235Z"}
{"level":"info","message":"⌛ Validating EXAMEN-Wollok/example.wlk","timeElapsed":179,"timestamp":"2026-09-23T12:54:02.754Z"}
{"level":"info","message":"⌛ Validating EXAMEN-Wollok/example.wlk","timeElapsed":161,"timestamp":"2026-09-23T12:54:02.915Z"}
{"level":"info","message":"⌛ Building environment","timeElapsed":110,"timestamp":"2026-09-23T12:54:03.025Z"}
{"level":"info","message":"⌛ Building environment","timeElapsed":120,"timestamp":"2026-09-23T12:54:03.156Z"}
{"level":"info","message":"⌛ Validating EXAMEN-Wollok/example.wlk","timeElapsed":162,"timestamp":"2026-09-23T12:54:03.318Z"}
{"level":"info","message":"⌛ Validating EXAMEN-Wollok/example.wlk","timeElapsed":161,"timestamp":"2026-09-23T12:54:03.484Z"}
{"level":"info","message":"⌛ Validating EXAMEN-Wollok/example.wlk","timeElapsed":147,"timestamp":"2026-09-23T12:54:03.630Z"}
{"level":"info","message":"⌛ Validating EXAMEN-Wollok/example.wlk","timeElapsed":203,"timestamp":"2026-09-23T12:54:03.834Z"}
{"level":"info","message":"⌛ Validating EXAMEN-Wollok/example.wlk","timeElapsed":156,"timestamp":"2026-09-23T12:54:03.991Z"}
{"level":"info","message":"⌛ Validating EXAMEN-Wollok/example.wlk","timeElapsed":147,"timestamp":"2026-09-23T12:54:04.137Z"}
{"level":"info","message":"⌛ Validating EXAMEN-Wollok/example.wlk","timeElapsed":153,"timestamp":"2026-09-23T12:54:04.291Z"}
{"level":"info","message":"⌛ Building environment","timeElapsed":122,"timestamp":"2026-09-23T12:54:04.414Z"}
{"level":"info","message":"⌛ Validating EXAMEN-Wollok/example.wlk","timeElapsed":200,"timestamp":"2026-09-23T12:54:04.799Z"}
{"level":"info","message":"⌛ Building environment","timeElapsed":129,"timestamp":"2026-09-23T12:54:04.928Z"}
{"level":"info","message":"⌛ Validating EXAMEN-Wollok/example.wlk","timeElapsed":136,"timestamp":"2026-09-23T12:54:05.065Z"}
{"level":"info","message":"⌛ Building environment","timeElapsed":109,"timestamp":"2026-09-23T12:54:05.264Z"}
{"level":"info","message":"⌛ Building environment","timeElapsed":111,"timestamp":"2026-09-23T12:54:05.543Z"}
{"level":"info","message":"⌛ Building environment","timeElapsed":111,"timestamp":"2026-09-23T12:54:05.655Z"}
{"level":"info","message":"⌛ Validating EXAMEN-Wollok/example.wlk","timeElapsed":134,"timestamp":"2026-09-23T12:54:05.803Z"}
{"level":"info","message":"⌛ Validating EXAMEN-Wollok/example.wlk","timeElapsed":136,"timestamp":"2026-09-23T12:54:06.024Z"}
{"level":"info","message":"⌛ Validating EXAMEN-Wollok/example.wlk","timeElapsed":130,"timestamp":"2026-09-23T12:54:06.155Z"}
{"level":"info","message":"⌛ Validating EXAMEN-Wollok/example.wlk","timeElapsed":137,"timestamp":"2026-09-23T12:54:06.302Z"}
{"level":"info","message":"⌛ Validating EXAMEN-Wollok/example.wlk","timeElapsed":134,"timestamp":"2026-09-23T12:54:06.438Z"}
{"level":"info","message":"⌛ Validating EXAMEN-Wollok/example.wlk","timeElapsed":134,"timestamp":"2026-09-23T12:54:06.572Z"}
{"level":"info","message":"⌛ Validating EXAMEN-Wollok/example.wlk","timeElapsed":132,"timestamp":"2026-09-23T12:54:06.707Z"}
{"level":"info","message":"⌛ Validating EXAMEN-Wollok/example.wlk","timeElapsed":136,"timestamp":"2026-09-23T12:54:06.842Z"}
{"level":"info","message":"⌛ Validating EXAMEN-Wollok/example.wlk","timeElapsed":140,"timestamp":"2026-09-23T12:54:06.982Z"}
{"level":"info","message":"⌛ Validating EXAMEN-Wollok/example.wlk","timeElapsed":129,"timestamp":"2026-09-23T12:54:07.112Z"}
{"level":"info","message":"⌛ Validating EXAMEN-Wollok/example.wlk","timeElapsed":133,"timestamp":"2026-09-23T12:54:07.245Z"}
{"level":"info","message":"⌛ Building environment","timeElapsed":169,"timestamp":"2026-09-23T12:54:34.678Z"}
{"level":"info","message":"⌛ Validating EXAMEN-Wollok/example.wlk","timeElapsed":213,"timestamp":"2026-09-23T12:54:34.899Z"}
{"level":"info","message":"⌛ Building environment","timeElapsed":111,"timestamp":"2026-09-23T12:54:35.010Z"}
{"level":"info","message":"⌛ Validating EXAMEN-Wollok/example.wlk","timeElapsed":168,"timestamp":"2026-09-23T12:54:35.189Z"}
{"level":"info","message":"⌛ Building environment","timeElapsed":124,"timestamp":"2026-09-23T12:54:36.079Z"}
{"level":"info","message":"⌛ Validating EXAMEN-Wollok/example.wlk","timeElapsed":162,"timestamp":"2026-09-23T12:54:36.254Z"}
{"level":"info","message":"⌛ Building environment","timeElapsed":211,"timestamp":"2026-09-23T12:54:36.489Z"}
{"level":"info","message":"⌛ Validating EXAMEN-Wollok/example.wlk","timeElapsed":170,"timestamp":"2026-09-23T12:54:36.667Z"}
{"level":"info","message":"⌛ Building environment","timeElapsed":146,"timestamp":"2026-09-23T12:54:39.006Z"}
{"level":"info","message":"⌛ Validating EXAMEN-Wollok/example.wlk","timeElapsed":153,"timestamp":"2026-09-23T12:54:39.167Z"}
{"level":"error","message":"✘ Failed to rebuild document Failed to parse EXAMEN-Wollok/example.wlk: \n-- PARSING FAILED --------------------------------------------------\n\n  3 |   method contrae{}\n  4 |   method{} esta\n> 5 | }\n    | ^\n  6 | \n  7 | object logan {\n\nExpected one of the following: \n\n'@', 'class', 'const', 'describe', 'mixin', 'object', 'only', 'package', 'program', 'test', 'var', '{', EOF, comment, not \"}\n\n\", whitespace\n","stack":"Error: Failed to parse EXAMEN-Wollok/example.wlk: \n-- PARSING FAILED --------------------------------------------------\n\n  3 |   method contrae{}\n  4 |   method{} esta\n> 5 | }\n    | ^\n  6 | \n  7 | object logan {\n\nExpected one of the following: \n\n'@', 'class', 'const', 'describe', 'mixin', 'object', 'only', 'package', 'program', 'test', 'var', '{', EOF, comment, not \"}\n\n\", whitespace\n\n    at /home/tiaguinni/.vscode/extensions/uqbar.wollok-lsp-ide-0.5.5/out/server/src/server.js:2385:13026\n    at Array.map (<anonymous>)\n    at z1n (/home/tiaguinni/.vscode/extensions/uqbar.wollok-lsp-ide-0.5.5/out/server/src/server.js:2385:12950)\n    at H2.buildEnvironmentFrom (/home/tiaguinni/.vscode/extensions/uqbar.wollok-lsp-ide-0.5.5/out/server/src/server.js:2430:5254)\n    at H2.updateEnvironmentWith (/home/tiaguinni/.vscode/extensions/uqbar.wollok-lsp-ide-0.5.5/out/server/src/server.js:2430:4989)\n    at QF (/home/tiaguinni/.vscode/extensions/uqbar.wollok-lsp-ide-0.5.5/out/server/src/server.js:2430:7383)\n    at V3.invoke (/home/tiaguinni/.vscode/extensions/uqbar.wollok-lsp-ide-0.5.5/out/server/src/server.js:3:157330)\n    at o.fire (/home/tiaguinni/.vscode/extensions/uqbar.wollok-lsp-ide-0.5.5/out/server/src/server.js:3:158100)\n    at /home/tiaguinni/.vscode/extensions/uqbar.wollok-lsp-ide-0.5.5/out/server/src/server.js:37:57871\n    at nd (/home/tiaguinni/.vscode/extensions/uqbar.wollok-lsp-ide-0.5.5/out/server/src/server.js:8:1561)","timestamp":"2026-09-23T12:54:40.496Z"}
{"level":"info","message":"⌛ Building environment","timeElapsed":122,"timestamp":"2026-09-23T12:54:41.529Z"}
{"level":"info","message":"⌛ Validating EXAMEN-Wollok/example.wlk","timeElapsed":145,"timestamp":"2026-09-23T12:54:41.682Z"}
{"level":"info","message":"⌛ Building environment","timeElapsed":121,"timestamp":"2026-09-23T12:54:45.692Z"}
{"level":"info","message":"⌛ Validating EXAMEN-Wollok/example.wlk","timeElapsed":140,"timestamp":"2026-09-23T12:54:45.836Z"}
{"level":"info","message":"⌛ Building environment","timeElapsed":138,"timestamp":"2026-09-23T12:54:55.082Z"}
{"level":"info","message":"⌛ Validating EXAMEN-Wollok/example.wlk","timeElapsed":140,"timestamp":"2026-09-23T12:54:55.226Z"}
{"level":"info","message":"⌛ Building environment","timeElapsed":163,"timestamp":"2026-09-23T12:54:56.004Z"}
{"level":"info","message":"⌛ Validating EXAMEN-Wollok/example.wlk","timeElapsed":192,"timestamp":"2026-09-23T12:54:56.201Z"}
{"level":"info","message":"⌛ Building environment","timeElapsed":103,"timestamp":"2026-09-23T12:54:56.993Z"}
{"level":"info","message":"⌛ Validating EXAMEN-Wollok/example.wlk","timeElapsed":142,"timestamp":"2026-09-23T12:54:57.145Z"}
{"level":"info","message":"⌛ Validating EXAMEN-Wollok/example.wlk","timeElapsed":137,"timestamp":"2026-09-23T12:54:57.870Z"}
{"level":"info","message":"⌛ Building environment","timeElapsed":103,"timestamp":"2026-09-23T12:54:58.120Z"}
{"level":"info","message":"⌛ Validating EXAMEN-Wollok/example.wlk","timeElapsed":134,"timestamp":"2026-09-23T12:54:58.257Z"}
{"level":"info","message":"⌛ Building environment","timeElapsed":117,"timestamp":"2026-09-23T12:54:58.516Z"}
{"level":"info","message":"⌛ Validating EXAMEN-Wollok/example.wlk","timeElapsed":147,"timestamp":"2026-09-23T12:54:58.666Z"}
{"level":"info","message":"⌛ Building environment","timeElapsed":105,"timestamp":"2026-09-23T12:54:59.088Z"}
{"level":"info","message":"⌛ Validating EXAMEN-Wollok/example.wlk","timeElapsed":153,"timestamp":"2026-09-23T12:54:59.245Z"}
{"level":"info","message":"⌛ Building environment","timeElapsed":113,"timestamp":"2026-09-23T12:54:59.878Z"}
{"level":"info","message":"⌛ Validating EXAMEN-Wollok/example.wlk","timeElapsed":142,"timestamp":"2026-09-23T12:55:00.023Z"}
{"level":"info","message":"⌛ Building environment","timeElapsed":133,"timestamp":"2026-09-23T12:55:03.012Z"}
{"level":"info","message":"⌛ Validating EXAMEN-Wollok/example.wlk","timeElapsed":149,"timestamp":"2026-09-23T12:55:03.168Z"}
{"level":"info","message":"⌛ Building environment","timeElapsed":108,"timestamp":"2026-09-23T12:55:03.896Z"}
{"level":"info","message":"⌛ Validating EXAMEN-Wollok/example.wlk","timeElapsed":143,"timestamp":"2026-09-23T12:55:04.043Z"}
{"level":"info","message":"⌛ Building environment","timeElapsed":135,"timestamp":"2026-09-23T12:55:04.541Z"}
{"level":"info","message":"⌛ Validating EXAMEN-Wollok/example.wlk","timeElapsed":204,"timestamp":"2026-09-23T12:55:04.786Z"}
{"level":"info","message":"⌛ Validating EXAMEN-Wollok/example.wlk","timeElapsed":134,"timestamp":"2026-09-23T12:55:05.214Z"}
{"level":"info","message":"⌛ Validating EXAMEN-Wollok/example.wlk","timeElapsed":172,"timestamp":"2026-09-23T12:55:05.522Z"}
{"level":"info","message":"⌛ Building environment","timeElapsed":115,"timestamp":"2026-09-23T12:55:05.637Z"}
{"level":"info","message":"⌛ Validating EXAMEN-Wollok/example.wlk","timeElapsed":167,"timestamp":"2026-09-23T12:55:05.899Z"}
{"level":"info","message":"⌛ Validating EXAMEN-Wollok/example.wlk","timeElapsed":233,"timestamp":"2026-09-23T12:55:06.132Z"}
{"level":"info","message":"⌛ Building environment","timeElapsed":114,"timestamp":"2026-09-23T12:55:06.247Z"}
{"level":"info","message":"⌛ Building environment","timeElapsed":110,"timestamp":"2026-09-23T12:55:06.452Z"}
{"level":"info","message":"⌛ Building environment","timeElapsed":110,"timestamp":"2026-09-23T12:55:06.562Z"}
{"level":"info","message":"⌛ Validating EXAMEN-Wollok/example.wlk","timeElapsed":150,"timestamp":"2026-09-23T12:55:06.733Z"}
{"level":"info","message":"⌛ Validating EXAMEN-Wollok/example.wlk","timeElapsed":142,"timestamp":"2026-09-23T12:55:06.875Z"}
{"level":"info","message":"⌛ Validating EXAMEN-Wollok/example.wlk","timeElapsed":160,"timestamp":"2026-09-23T12:55:07.127Z"}
{"level":"info","message":"⌛ Building environment","timeElapsed":104,"timestamp":"2026-09-23T12:55:07.232Z"}
{"level":"info","message":"⌛ Validating EXAMEN-Wollok/example.wlk","timeElapsed":164,"timestamp":"2026-09-23T12:55:07.396Z"}
{"level":"info","message":"⌛ Validating EXAMEN-Wollok/example.wlk","timeElapsed":160,"timestamp":"2026-09-23T12:55:07.669Z"}
{"level":"info","message":"⌛ Building environment","timeElapsed":106,"timestamp":"2026-09-23T12:55:07.862Z"}
{"level":"info","message":"⌛ Validating EXAMEN-Wollok/example.wlk","timeElapsed":177,"timestamp":"2026-09-23T12:55:08.040Z"}
{"level":"info","message":"⌛ Building environment","timeElapsed":116,"timestamp":"2026-09-23T12:55:08.212Z"}
{"level":"info","message":"⌛ Building environment","timeElapsed":151,"timestamp":"2026-09-23T12:55:08.364Z"}
{"level":"info","message":"⌛ Validating EXAMEN-Wollok/example.wlk","timeElapsed":200,"timestamp":"2026-09-23T12:55:08.564Z"}
{"level":"info","message":"⌛ Validating EXAMEN-Wollok/example.wlk","timeElapsed":174,"timestamp":"2026-09-23T12:55:08.831Z"}
{"level":"info","message":"⌛ Validating EXAMEN-Wollok/example.wlk","timeElapsed":155,"timestamp":"2026-09-23T12:55:09.074Z"}
{"level":"info","message":"⌛ Validating EXAMEN-Wollok/example.wlk","timeElapsed":147,"timestamp":"2026-09-23T12:55:09.385Z"}
{"level":"info","message":"⌛ Building environment","timeElapsed":138,"timestamp":"2026-09-23T12:55:09.604Z"}
{"level":"info","message":"⌛ Validating EXAMEN-Wollok/example.wlk","timeElapsed":314,"timestamp":"2026-09-23T12:55:09.919Z"}
{"level":"info","message":"⌛ Validating EXAMEN-Wollok/example.wlk","timeElapsed":171,"timestamp":"2026-09-23T12:55:10.260Z"}
{"level":"info","message":"⌛ Building environment","timeElapsed":225,"timestamp":"2026-09-23T12:55:10.487Z"}
{"level":"info","message":"⌛ Validating EXAMEN-Wollok/example.wlk","timeElapsed":184,"timestamp":"2026-09-23T12:55:10.672Z"}
{"level":"info","message":"⌛ Validating EXAMEN-Wollok/example.wlk","timeElapsed":152,"timestamp":"2026-09-23T12:55:10.833Z"}
{"level":"info","message":"⌛ Validating EXAMEN-Wollok/example.wlk","timeElapsed":169,"timestamp":"2026-09-23T12:55:11.003Z"}
{"level":"info","message":"⌛ Validating EXAMEN-Wollok/example.wlk","timeElapsed":144,"timestamp":"2026-09-23T12:55:11.149Z"}
{"level":"info","message":"⌛ Validating EXAMEN-Wollok/example.wlk","timeElapsed":162,"timestamp":"2026-09-23T12:55:11.312Z"}
{"level":"info","message":"⌛ Validating EXAMEN-Wollok/example.wlk","timeElapsed":147,"timestamp":"2026-09-23T12:55:11.543Z"}
{"level":"info","message":"⌛ Validating EXAMEN-Wollok/example.wlk","timeElapsed":151,"timestamp":"2026-09-23T12:55:11.694Z"}
{"level":"info","message":"⌛ Building environment","timeElapsed":119,"timestamp":"2026-09-23T12:55:11.818Z"}
{"level":"info","message":"⌛ Validating EXAMEN-Wollok/example.wlk","timeElapsed":198,"timestamp":"2026-09-23T12:55:12.035Z"}
{"level":"info","message":"⌛ Validating EXAMEN-Wollok/example.wlk","timeElapsed":179,"timestamp":"2026-09-23T12:55:12.310Z"}
{"level":"info","message":"⌛ Validating EXAMEN-Wollok/example.wlk","timeElapsed":162,"timestamp":"2026-09-23T12:55:12.472Z"}
{"level":"info","message":"⌛ Building environment","timeElapsed":105,"timestamp":"2026-09-23T12:55:12.578Z"}
{"level":"info","message":"⌛ Validating EXAMEN-Wollok/example.wlk","timeElapsed":170,"timestamp":"2026-09-23T12:55:12.748Z"}
{"level":"info","message":"⌛ Building environment","timeElapsed":105,"timestamp":"2026-09-23T12:55:12.853Z"}
{"level":"info","message":"⌛ Validating EXAMEN-Wollok/example.wlk","timeElapsed":150,"timestamp":"2026-09-23T12:55:13.189Z"}
{"level":"info","message":"⌛ Validating EXAMEN-Wollok/example.wlk","timeElapsed":142,"timestamp":"2026-09-23T12:55:13.497Z"}
{"level":"info","message":"⌛ Validating EXAMEN-Wollok/example.wlk","timeElapsed":135,"timestamp":"2026-09-23T12:55:13.633Z"}
{"level":"info","message":"⌛ Validating EXAMEN-Wollok/example.wlk","timeElapsed":153,"timestamp":"2026-09-23T12:55:13.786Z"}
{"level":"info","message":"⌛ Validating EXAMEN-Wollok/example.wlk","timeElapsed":143,"timestamp":"2026-09-23T12:55:13.934Z"}
{"level":"info","message":"⌛ Validating EXAMEN-Wollok/example.wlk","timeElapsed":172,"timestamp":"2026-09-23T12:55:14.107Z"}
{"level":"info","message":"⌛ Validating EXAMEN-Wollok/example.wlk","timeElapsed":173,"timestamp":"2026-09-23T12:55:14.541Z"}
{"level":"info","message":"⌛ Building environment","timeElapsed":148,"timestamp":"2026-09-23T12:55:14.690Z"}
{"level":"info","message":"⌛ Validating EXAMEN-Wollok/example.wlk","timeElapsed":175,"timestamp":"2026-09-23T12:55:14.866Z"}
{"level":"info","message":"⌛ Validating EXAMEN-Wollok/example.wlk","timeElapsed":190,"timestamp":"2026-09-23T12:55:15.059Z"}
{"level":"info","message":"⌛ Building environment","timeElapsed":101,"timestamp":"2026-09-23T12:55:15.160Z"}
{"level":"info","message":"⌛ Validating EXAMEN-Wollok/example.wlk","timeElapsed":148,"timestamp":"2026-09-23T12:55:15.383Z"}
{"level":"info","message":"⌛ Building environment","timeElapsed":106,"timestamp":"2026-09-23T12:55:15.491Z"}
{"level":"info","message":"⌛ Building environment","timeElapsed":104,"timestamp":"2026-09-23T12:55:15.595Z"}
{"level":"info","message":"⌛ Validating EXAMEN-Wollok/example.wlk","timeElapsed":147,"timestamp":"2026-09-23T12:55:15.743Z"}
{"level":"info","message":"⌛ Validating EXAMEN-Wollok/example.wlk","timeElapsed":137,"timestamp":"2026-09-23T12:55:15.885Z"}
{"level":"info","message":"⌛ Validating EXAMEN-Wollok/example.wlk","timeElapsed":159,"timestamp":"2026-09-23T12:55:16.130Z"}
{"level":"info","message":"⌛ Validating EXAMEN-Wollok/example.wlk","timeElapsed":142,"timestamp":"2026-09-23T12:55:16.358Z"}
{"level":"info","message":"⌛ Validating EXAMEN-Wollok/example.wlk","timeElapsed":131,"timestamp":"2026-09-23T12:55:16.495Z"}
{"level":"info","message":"⌛ Validating EXAMEN-Wollok/example.wlk","timeElapsed":156,"timestamp":"2026-09-23T12:55:16.651Z"}
{"level":"info","message":"⌛ Building environment","timeElapsed":148,"timestamp":"2026-09-23T12:55:39.617Z"}
{"level":"info","message":"⌛ Validating EXAMEN-Wollok/example.wlk","timeElapsed":200,"timestamp":"2026-09-23T12:55:39.821Z"}
{"level":"info","message":"⌛ Building environment","timeElapsed":154,"timestamp":"2026-09-23T12:55:41.549Z"}
{"level":"info","message":"⌛ Validating EXAMEN-Wollok/example.wlk","timeElapsed":155,"timestamp":"2026-09-23T12:55:41.707Z"}
{"level":"info","message":"⌛ Building environment","timeElapsed":140,"timestamp":"2026-09-23T12:55:45.533Z"}
{"level":"info","message":"⌛ Validating EXAMEN-Wollok/example.wlk","timeElapsed":183,"timestamp":"2026-09-23T12:55:45.722Z"}
{"level":"info","message":"⌛ Validating EXAMEN-Wollok/example.wlk","timeElapsed":153,"timestamp":"2026-09-23T12:55:46.070Z"}
{"level":"info","message":"⌛ Validating EXAMEN-Wollok/example.wlk","timeElapsed":201,"timestamp":"2026-09-23T12:55:46.273Z"}
{"level":"info","message":"⌛ Building environment","timeElapsed":113,"timestamp":"2026-09-23T12:55:46.386Z"}
{"level":"info","message":"⌛ Building environment","timeElapsed":124,"timestamp":"2026-09-23T12:55:46.511Z"}
{"level":"info","message":"⌛ Building environment","timeElapsed":181,"timestamp":"2026-09-23T12:55:46.733Z"}
{"level":"info","message":"⌛ Validating EXAMEN-Wollok/example.wlk","timeElapsed":290,"timestamp":"2026-09-23T12:55:47.024Z"}
{"level":"info","message":"⌛ Building environment","timeElapsed":126,"timestamp":"2026-09-23T12:55:47.151Z"}
{"level":"info","message":"⌛ Validating EXAMEN-Wollok/example.wlk","timeElapsed":152,"timestamp":"2026-09-23T12:55:47.302Z"}
{"level":"info","message":"⌛ Validating EXAMEN-Wollok/example.wlk","timeElapsed":151,"timestamp":"2026-09-23T12:55:47.545Z"}
{"level":"info","message":"⌛ Validating EXAMEN-Wollok/example.wlk","timeElapsed":144,"timestamp":"2026-09-23T12:55:47.789Z"}
{"level":"info","message":"⌛ Validating EXAMEN-Wollok/example.wlk","timeElapsed":163,"timestamp":"2026-09-23T12:55:47.958Z"}
{"level":"info","message":"⌛ Building environment","timeElapsed":105,"timestamp":"2026-09-23T12:55:48.063Z"}
{"level":"info","message":"⌛ Validating EXAMEN-Wollok/example.wlk","timeElapsed":168,"timestamp":"2026-09-23T12:55:48.232Z"}
{"level":"info","message":"⌛ Validating EXAMEN-Wollok/example.wlk","timeElapsed":176,"timestamp":"2026-09-23T12:55:48.595Z"}
{"level":"info","message":"⌛ Building environment","timeElapsed":173,"timestamp":"2026-09-23T12:55:48.770Z"}
{"level":"info","message":"⌛ Validating EXAMEN-Wollok/example.wlk","timeElapsed":169,"timestamp":"2026-09-23T12:55:49.036Z"}
{"level":"info","message":"⌛ Validating EXAMEN-Wollok/example.wlk","timeElapsed":145,"timestamp":"2026-09-23T12:55:49.182Z"}
{"level":"info","message":"⌛ Building environment","timeElapsed":107,"timestamp":"2026-09-23T12:55:49.370Z"}
{"level":"info","message":"⌛ Validating EXAMEN-Wollok/example.wlk","timeElapsed":145,"timestamp":"2026-09-23T12:55:49.516Z"}
{"level":"info","message":"⌛ Validating EXAMEN-Wollok/example.wlk","timeElapsed":153,"timestamp":"2026-09-23T12:55:49.677Z"}
{"level":"info","message":"⌛ Validating EXAMEN-Wollok/example.wlk","timeElapsed":149,"timestamp":"2026-09-23T12:55:49.827Z"}
{"level":"info","message":"⌛ Validating EXAMEN-Wollok/example.wlk","timeElapsed":139,"timestamp":"2026-09-23T12:55:50.063Z"}
{"level":"info","message":"⌛ Building environment","timeElapsed":103,"timestamp":"2026-09-23T12:55:50.167Z"}
{"level":"info","message":"⌛ Validating EXAMEN-Wollok/example.wlk","timeElapsed":150,"timestamp":"2026-09-23T12:55:50.410Z"}
{"level":"info","message":"⌛ Validating EXAMEN-Wollok/example.wlk","timeElapsed":136,"timestamp":"2026-09-23T12:55:50.552Z"}
{"level":"info","message":"⌛ Validating EXAMEN-Wollok/example.wlk","timeElapsed":138,"timestamp":"2026-09-23T12:55:50.691Z"}
{"level":"info","message":"⌛ Building environment","timeElapsed":109,"timestamp":"2026-09-23T12:55:51.122Z"}
{"level":"info","message":"⌛ Validating EXAMEN-Wollok/example.wlk","timeElapsed":130,"timestamp":"2026-09-23T12:55:51.259Z"}
{"level":"info","message":"⌛ Building environment","timeElapsed":110,"timestamp":"2026-09-23T12:55:51.453Z"}
{"level":"info","message":"⌛ Validating EXAMEN-Wollok/example.wlk","timeElapsed":160,"timestamp":"2026-09-23T12:55:51.619Z"}
{"level":"info","message":"⌛ Building environment","timeElapsed":112,"timestamp":"2026-09-23T12:55:51.733Z"}
{"level":"info","message":"⌛ Validating EXAMEN-Wollok/example.wlk","timeElapsed":149,"timestamp":"2026-09-23T12:55:51.886Z"}
{"level":"info","message":"⌛ Building environment","timeElapsed":117,"timestamp":"2026-09-23T12:55:54.476Z"}
{"level":"info","message":"⌛ Validating EXAMEN-Wollok/example.wlk","timeElapsed":164,"timestamp":"2026-09-23T12:55:54.647Z"}
{"level":"info","message":"⌛ Validating EXAMEN-Wollok/example.wlk","timeElapsed":140,"timestamp":"2026-09-23T12:55:55.035Z"}
{"level":"info","message":"⌛ Building environment","timeElapsed":120,"timestamp":"2026-09-23T12:56:10.531Z"}
{"level":"info","message":"⌛ Validating EXAMEN-Wollok/example.wlk","timeElapsed":148,"timestamp":"2026-09-23T12:56:10.683Z"}
{"level":"info","message":"⌛ Building environment","timeElapsed":125,"timestamp":"2026-09-23T12:56:13.019Z"}
{"level":"info","message":"⌛ Validating EXAMEN-Wollok/example.wlk","timeElapsed":145,"timestamp":"2026-09-23T12:56:13.167Z"}
{"level":"info","message":"⌛ Building environment","timeElapsed":121,"timestamp":"2026-09-23T12:56:15.697Z"}
{"level":"info","message":"⌛ Validating EXAMEN-Wollok/example.wlk","timeElapsed":142,"timestamp":"2026-09-23T12:56:15.846Z"}
{"level":"info","message":"⌛ Building environment","timeElapsed":106,"timestamp":"2026-09-23T12:56:16.418Z"}
{"level":"info","message":"⌛ Validating EXAMEN-Wollok/example.wlk","timeElapsed":151,"timestamp":"2026-09-23T12:56:16.575Z"}
{"level":"info","message":"⌛ Validating EXAMEN-Wollok/example.wlk","timeElapsed":155,"timestamp":"2026-09-23T12:56:16.820Z"}
{"level":"info","message":"⌛ Building environment","timeElapsed":165,"timestamp":"2026-09-23T12:56:16.987Z"}
{"level":"info","message":"⌛ Validating EXAMEN-Wollok/example.wlk","timeElapsed":169,"timestamp":"2026-09-23T12:56:17.253Z"}
{"level":"info","message":"⌛ Validating EXAMEN-Wollok/example.wlk","timeElapsed":169,"timestamp":"2026-09-23T12:56:17.423Z"}
{"level":"info","message":"⌛ Validating EXAMEN-Wollok/example.wlk","timeElapsed":164,"timestamp":"2026-09-23T12:56:17.794Z"}
{"level":"info","message":"⌛ Validating EXAMEN-Wollok/example.wlk","timeElapsed":149,"timestamp":"2026-09-23T12:56:17.945Z"}
{"level":"info","message":"⌛ Building environment","timeElapsed":105,"timestamp":"2026-09-23T12:56:18.237Z"}
{"level":"info","message":"⌛ Validating EXAMEN-Wollok/example.wlk","timeElapsed":156,"timestamp":"2026-09-23T12:56:18.397Z"}
{"level":"info","message":"⌛ Validating EXAMEN-Wollok/example.wlk","timeElapsed":155,"timestamp":"2026-09-23T12:56:18.639Z"}
{"level":"info","message":"⌛ Validating EXAMEN-Wollok/example.wlk","timeElapsed":161,"timestamp":"2026-09-23T12:56:18.891Z"}
{"level":"info","message":"⌛ Validating EXAMEN-Wollok/example.wlk","timeElapsed":152,"timestamp":"2026-09-23T12:56:19.224Z"}
{"level":"info","message":"⌛ Validating EXAMEN-Wollok/example.wlk","timeElapsed":166,"timestamp":"2026-09-23T12:56:19.391Z"}
{"level":"info","message":"⌛ Building environment","timeElapsed":160,"timestamp":"2026-09-23T12:56:19.552Z"}
{"level":"info","message":"⌛ Validating EXAMEN-Wollok/example.wlk","timeElapsed":160,"timestamp":"2026-09-23T12:56:19.900Z"}
{"level":"info","message":"⌛ Validating EXAMEN-Wollok/example.wlk","timeElapsed":161,"timestamp":"2026-09-23T12:56:20.061Z"}
{"level":"info","message":"⌛ Validating EXAMEN-Wollok/example.wlk","timeElapsed":262,"timestamp":"2026-09-23T12:56:20.329Z"}
{"level":"info","message":"⌛ Building environment","timeElapsed":104,"timestamp":"2026-09-23T12:56:20.434Z"}
{"level":"info","message":"⌛ Validating EXAMEN-Wollok/example.wlk","timeElapsed":138,"timestamp":"2026-09-23T12:56:20.680Z"}
{"level":"info","message":"⌛ Validating EXAMEN-Wollok/example.wlk","timeElapsed":150,"timestamp":"2026-09-23T12:56:20.830Z"}
{"level":"info","message":"⌛ Validating EXAMEN-Wollok/example.wlk","timeElapsed":168,"timestamp":"2026-09-23T12:56:21.148Z"}
{"level":"info","message":"⌛ Validating EXAMEN-Wollok/example.wlk","timeElapsed":153,"timestamp":"2026-09-23T12:56:21.482Z"}
{"level":"info","message":"⌛ Validating EXAMEN-Wollok/example.wlk","timeElapsed":137,"timestamp":"2026-09-23T12:56:21.620Z"}
{"level":"info","message":"⌛ Building environment","timeElapsed":122,"timestamp":"2026-09-23T12:56:21.840Z"}
{"level":"info","message":"⌛ Validating EXAMEN-Wollok/example.wlk","timeElapsed":138,"timestamp":"2026-09-23T12:56:21.979Z"}
{"level":"info","message":"⌛ Building environment","timeElapsed":236,"timestamp":"2026-09-23T12:56:22.216Z"}
{"level":"info","message":"⌛ Validating EXAMEN-Wollok/example.wlk","timeElapsed":168,"timestamp":"2026-09-23T12:56:22.383Z"}
{"level":"info","message":"⌛ Validating EXAMEN-Wollok/example.wlk","timeElapsed":160,"timestamp":"2026-09-23T12:56:22.727Z"}
{"level":"info","message":"⌛ Building environment","timeElapsed":114,"timestamp":"2026-09-23T12:56:22.842Z"}
{"level":"info","message":"⌛ Validating EXAMEN-Wollok/example.wlk","timeElapsed":151,"timestamp":"2026-09-23T12:56:22.994Z"}
{"level":"info","message":"⌛ Validating EXAMEN-Wollok/example.wlk","timeElapsed":135,"timestamp":"2026-09-23T12:56:23.135Z"}
{"level":"info","message":"⌛ Validating EXAMEN-Wollok/example.wlk","timeElapsed":157,"timestamp":"2026-09-23T12:56:23.294Z"}
{"level":"error","message":"✘ Failed to get type description: Error: Failed to print, found malformed node Failed to print, found malformed node","node":{"compiled":false,"id":"d5a94391-66a2-4b53-9c40-2a4788df5a00","isOverride":false,"metadata":[],"name":"contrae","parameters":[],"problems":[{"code":"malformedMember","sourceMap":{"end":{"column":3,"line":8,"offset":286},"start":{"column":17,"line":7,"offset":281}}}],"scope":{"containerScope":{"containerScope":{"containerScope":{"containerScope":{"contributions":{},"includedScopes":[]},"contributions":{},"includedScopes":[]},"contributions":{},"includedScopes":[]},"contributions":{},"includedScopes":[{"containerScope":{"containerScope":{"containerScope":{"contributions":{},"includedScopes":[]},"contributions":{},"includedScopes":[]},"contributions":{},"includedScopes":[]},"contributions":{},"includedScopes":[]}]},"contributions":{},"includedScopes":[]},"sourceMap":{"end":{"column":19,"line":7,"offset":283},"start":{"column":3,"line":7,"offset":267}}},"stack":"Error: Failed to print, found malformed node\n    at /home/tiaguinni/.vscode/extensions/uqbar.wollok-lsp-ide-0.5.5/out/server/src/server.js:68:3585\n    at Array.map (<anonymous>)\n    at /home/tiaguinni/.vscode/extensions/uqbar.wollok-lsp-ide-0.5.5/out/server/src/server.js:68:10583\n    at /home/tiaguinni/.vscode/extensions/uqbar.wollok-lsp-ide-0.5.5/out/server/src/server.js:68:9359\n    at /home/tiaguinni/.vscode/extensions/uqbar.wollok-lsp-ide-0.5.5/out/server/src/server.js:68:8777\n    at /home/tiaguinni/.vscode/extensions/uqbar.wollok-lsp-ide-0.5.5/out/server/src/server.js:38:6131\n    at /home/tiaguinni/.vscode/extensions/uqbar.wollok-lsp-ide-0.5.5/out/server/src/server.js:68:3664\n    at Ybn (/home/tiaguinni/.vscode/extensions/uqbar.wollok-lsp-ide-0.5.5/out/server/src/server.js:68:3396)\n    at /home/tiaguinni/.vscode/extensions/uqbar.wollok-lsp-ide-0.5.5/out/server/src/server.js:2430:847\n    at /home/tiaguinni/.vscode/extensions/uqbar.wollok-lsp-ide-0.5.5/out/server/src/server.js:2430:8440","timestamp":"2026-09-23T12:56:24.169Z"}
{"level":"info","message":"⌛ Building environment","timeElapsed":117,"timestamp":"2026-09-23T12:56:44.597Z"}
{"level":"info","message":"⌛ Validating EXAMEN-Wollok/example.wlk","timeElapsed":353,"timestamp":"2026-09-23T12:56:44.954Z"}
{"level":"info","message":"⌛ Building environment","timeElapsed":161,"timestamp":"2026-09-23T12:56:45.115Z"}
{"level":"info","message":"⌛ Building environment","timeElapsed":104,"timestamp":"2026-09-23T12:56:45.329Z"}
{"level":"info","message":"⌛ Validating EXAMEN-Wollok/example.wlk","timeElapsed":169,"timestamp":"2026-09-23T12:56:45.499Z"}
{"level":"info","message":"⌛ Validating EXAMEN-Wollok/example.wlk","timeElapsed":208,"timestamp":"2026-09-23T12:56:45.708Z"}
{"level":"info","message":"⌛ Validating EXAMEN-Wollok/example.wlk","timeElapsed":155,"timestamp":"2026-09-23T12:56:45.868Z"}
{"level":"info","message":"⌛ Building environment","timeElapsed":114,"timestamp":"2026-09-23T12:56:46.054Z"}
{"level":"info","message":"⌛ Validating EXAMEN-Wollok/example.wlk","timeElapsed":310,"timestamp":"2026-09-23T12:56:46.375Z"}
{"level":"info","message":"⌛ Building environment","timeElapsed":115,"timestamp":"2026-09-23T12:56:46.490Z"}
{"level":"info","message":"⌛ Validating EXAMEN-Wollok/example.wlk","timeElapsed":141,"timestamp":"2026-09-23T12:56:46.842Z"}
{"level":"info","message":"⌛ Validating EXAMEN-Wollok/example.wlk","timeElapsed":132,"timestamp":"2026-09-23T12:56:46.975Z"}
{"level":"info","message":"⌛ Validating EXAMEN-Wollok/example.wlk","timeElapsed":132,"timestamp":"2026-09-23T12:56:47.108Z"}
{"level":"info","message":"⌛ Building environment","timeElapsed":126,"timestamp":"2026-09-23T12:56:48.763Z"}
{"level":"info","message":"⌛ Validating EXAMEN-Wollok/example.wlk","timeElapsed":135,"timestamp":"2026-09-23T12:56:48.915Z"}
{"level":"info","message":"⌛ Building environment","timeElapsed":101,"timestamp":"2026-09-23T12:56:49.026Z"}
{"level":"info","message":"⌛ Validating EXAMEN-Wollok/example.wlk","timeElapsed":139,"timestamp":"2026-09-23T12:56:49.168Z"}
{"level":"info","message":"⌛ Building environment","timeElapsed":129,"timestamp":"2026-09-23T12:56:49.694Z"}
{"level":"info","message":"⌛ Validating EXAMEN-Wollok/example.wlk","timeElapsed":137,"timestamp":"2026-09-23T12:56:49.836Z"}
{"level":"info","message":"⌛ Validating EXAMEN-Wollok/example.wlk","timeElapsed":129,"timestamp":"2026-09-23T12:56:50.290Z"}
{"level":"info","message":"⌛ Building environment","timeElapsed":124,"timestamp":"2026-09-23T12:56:50.496Z"}
{"level":"info","message":"⌛ Building environment","timeElapsed":109,"timestamp":"2026-09-23T12:56:50.611Z"}
{"level":"info","message":"⌛ Validating EXAMEN-Wollok/example.wlk","timeElapsed":181,"timestamp":"2026-09-23T12:56:50.792Z"}
{"level":"info","message":"⌛ Validating EXAMEN-Wollok/example.wlk","timeElapsed":162,"timestamp":"2026-09-23T12:56:50.955Z"}
{"level":"info","message":"⌛ Building environment","timeElapsed":102,"timestamp":"2026-09-23T12:56:51.066Z"}
{"level":"info","message":"⌛ Validating EXAMEN-Wollok/example.wlk","timeElapsed":164,"timestamp":"2026-09-23T12:56:51.320Z"}
{"level":"info","message":"⌛ Validating EXAMEN-Wollok/example.wlk","timeElapsed":139,"timestamp":"2026-09-23T12:56:51.544Z"}
{"level":"info","message":"⌛ Validating EXAMEN-Wollok/example.wlk","timeElapsed":141,"timestamp":"2026-09-23T12:56:51.691Z"}
{"level":"error","message":"✘ Failed to get type description: Error: Failed to print, found malformed node Failed to print, found malformed node","node":{"compiled":false,"id":"a47111fa-14f2-47da-b4df-e9e0928d45b1","isOverride":false,"metadata":[],"name":"contrae","parameters":[],"problems":[{"code":"malformedMember","sourceMap":{"end":{"column":3,"line":8,"offset":295},"start":{"column":17,"line":7,"offset":290}}}],"scope":{"containerScope":{"containerScope":{"containerScope":{"containerScope":{"contributions":{},"includedScopes":[]},"contributions":{},"includedScopes":[]},"contributions":{},"includedScopes":[]},"contributions":{},"includedScopes":[{"containerScope":{"containerScope":{"containerScope":{"contributions":{},"includedScopes":[]},"contributions":{},"includedScopes":[]},"contributions":{},"includedScopes":[]},"contributions":{},"includedScopes":[]}]},"contributions":{},"includedScopes":[]},"sourceMap":{"end":{"column":19,"line":7,"offset":292},"start":{"column":3,"line":7,"offset":276}}},"stack":"Error: Failed to print, found malformed node\n    at /home/tiaguinni/.vscode/extensions/uqbar.wollok-lsp-ide-0.5.5/out/server/src/server.js:68:3585\n    at Array.map (<anonymous>)\n    at /home/tiaguinni/.vscode/extensions/uqbar.wollok-lsp-ide-0.5.5/out/server/src/server.js:68:10583\n    at /home/tiaguinni/.vscode/extensions/uqbar.wollok-lsp-ide-0.5.5/out/server/src/server.js:68:9359\n    at /home/tiaguinni/.vscode/extensions/uqbar.wollok-lsp-ide-0.5.5/out/server/src/server.js:68:8777\n    at /home/tiaguinni/.vscode/extensions/uqbar.wollok-lsp-ide-0.5.5/out/server/src/server.js:38:6131\n    at /home/tiaguinni/.vscode/extensions/uqbar.wollok-lsp-ide-0.5.5/out/server/src/server.js:68:3664\n    at Ybn (/home/tiaguinni/.vscode/extensions/uqbar.wollok-lsp-ide-0.5.5/out/server/src/server.js:68:3396)\n    at /home/tiaguinni/.vscode/extensions/uqbar.wollok-lsp-ide-0.5.5/out/server/src/server.js:2430:847\n    at /home/tiaguinni/.vscode/extensions/uqbar.wollok-lsp-ide-0.5.5/out/server/src/server.js:2430:8440","timestamp":"2026-09-23T12:56:52.791Z"}
{"level":"error","message":"✘ Failed to get type description: Error: Failed to print, found malformed node Failed to print, found malformed node","node":{"compiled":false,"id":"a47111fa-14f2-47da-b4df-e9e0928d45b1","isOverride":false,"metadata":[],"name":"contrae","parameters":[],"problems":[{"code":"malformedMember","sourceMap":{"end":{"column":3,"line":8,"offset":295},"start":{"column":17,"line":7,"offset":290}}}],"scope":{"containerScope":{"containerScope":{"containerScope":{"containerScope":{"contributions":{},"includedScopes":[]},"contributions":{},"includedScopes":[]},"contributions":{},"includedScopes":[]},"contributions":{},"includedScopes":[{"containerScope":{"containerScope":{"containerScope":{"contributions":{},"includedScopes":[]},"contributions":{},"includedScopes":[]},"contributions":{},"includedScopes":[]},"contributions":{},"includedScopes":[]}]},"contributions":{},"includedScopes":[]},"sourceMap":{"end":{"column":19,"line":7,"offset":292},"start":{"column":3,"line":7,"offset":276}}},"stack":"Error: Failed to print, found malformed node\n    at /home/tiaguinni/.vscode/extensions/uqbar.wollok-lsp-ide-0.5.5/out/server/src/server.js:68:3585\n    at Array.map (<anonymous>)\n    at /home/tiaguinni/.vscode/extensions/uqbar.wollok-lsp-ide-0.5.5/out/server/src/server.js:68:10583\n    at /home/tiaguinni/.vscode/extensions/uqbar.wollok-lsp-ide-0.5.5/out/server/src/server.js:68:9359\n    at /home/tiaguinni/.vscode/extensions/uqbar.wollok-lsp-ide-0.5.5/out/server/src/server.js:68:8777\n    at /home/tiaguinni/.vscode/extensions/uqbar.wollok-lsp-ide-0.5.5/out/server/src/server.js:38:6131\n    at /home/tiaguinni/.vscode/extensions/uqbar.wollok-lsp-ide-0.5.5/out/server/src/server.js:68:3664\n    at Ybn (/home/tiaguinni/.vscode/extensions/uqbar.wollok-lsp-ide-0.5.5/out/server/src/server.js:68:3396)\n    at /home/tiaguinni/.vscode/extensions/uqbar.wollok-lsp-ide-0.5.5/out/server/src/server.js:2430:847\n    at /home/tiaguinni/.vscode/extensions/uqbar.wollok-lsp-ide-0.5.5/out/server/src/server.js:2430:8440","timestamp":"2026-09-23T12:56:53.247Z"}
{"level":"error","message":"✘ Failed to get type description: Error: Failed to print, found malformed node Failed to print, found malformed node","node":{"compiled":false,"id":"a47111fa-14f2-47da-b4df-e9e0928d45b1","isOverride":false,"metadata":[],"name":"contrae","parameters":[],"problems":[{"code":"malformedMember","sourceMap":{"end":{"column":3,"line":8,"offset":295},"start":{"column":17,"line":7,"offset":290}}}],"scope":{"containerScope":{"containerScope":{"containerScope":{"containerScope":{"contributions":{},"includedScopes":[]},"contributions":{},"includedScopes":[]},"contributions":{},"includedScopes":[]},"contributions":{},"includedScopes":[{"containerScope":{"containerScope":{"containerScope":{"contributions":{},"includedScopes":[]},"contributions":{},"includedScopes":[]},"contributions":{},"includedScopes":[]},"contributions":{},"includedScopes":[]}]},"contributions":{},"includedScopes":[]},"sourceMap":{"end":{"column":19,"line":7,"offset":292},"start":{"column":3,"line":7,"offset":276}}},"stack":"Error: Failed to print, found malformed node\n    at /home/tiaguinni/.vscode/extensions/uqbar.wollok-lsp-ide-0.5.5/out/server/src/server.js:68:3585\n    at Array.map (<anonymous>)\n    at /home/tiaguinni/.vscode/extensions/uqbar.wollok-lsp-ide-0.5.5/out/server/src/server.js:68:10583\n    at /home/tiaguinni/.vscode/extensions/uqbar.wollok-lsp-ide-0.5.5/out/server/src/server.js:68:9359\n    at /home/tiaguinni/.vscode/extensions/uqbar.wollok-lsp-ide-0.5.5/out/server/src/server.js:68:8777\n    at /home/tiaguinni/.vscode/extensions/uqbar.wollok-lsp-ide-0.5.5/out/server/src/server.js:38:6131\n    at /home/tiaguinni/.vscode/extensions/uqbar.wollok-lsp-ide-0.5.5/out/server/src/server.js:68:3664\n    at Ybn (/home/tiaguinni/.vscode/extensions/uqbar.wollok-lsp-ide-0.5.5/out/server/src/server.js:68:3396)\n    at /home/tiaguinni/.vscode/extensions/uqbar.wollok-lsp-ide-0.5.5/out/server/src/server.js:2430:847\n    at /home/tiaguinni/.vscode/extensions/uqbar.wollok-lsp-ide-0.5.5/out/server/src/server.js:2430:8440","timestamp":"2026-09-23T12:56:54.221Z"}
{"level":"error","message":"✘ Failed to get type description: Error: Failed to print, found malformed node Failed to print, found malformed node","node":{"compiled":false,"id":"a47111fa-14f2-47da-b4df-e9e0928d45b1","isOverride":false,"metadata":[],"name":"contrae","parameters":[],"problems":[{"code":"malformedMember","sourceMap":{"end":{"column":3,"line":8,"offset":295},"start":{"column":17,"line":7,"offset":290}}}],"scope":{"containerScope":{"containerScope":{"containerScope":{"containerScope":{"contributions":{},"includedScopes":[]},"contributions":{},"includedScopes":[]},"contributions":{},"includedScopes":[]},"contributions":{},"includedScopes":[{"containerScope":{"containerScope":{"containerScope":{"contributions":{},"includedScopes":[]},"contributions":{},"includedScopes":[]},"contributions":{},"includedScopes":[]},"contributions":{},"includedScopes":[]}]},"contributions":{},"includedScopes":[]},"sourceMap":{"end":{"column":19,"line":7,"offset":292},"start":{"column":3,"line":7,"offset":276}}},"stack":"Error: Failed to print, found malformed node\n    at /home/tiaguinni/.vscode/extensions/uqbar.wollok-lsp-ide-0.5.5/out/server/src/server.js:68:3585\n    at Array.map (<anonymous>)\n    at /home/tiaguinni/.vscode/extensions/uqbar.wollok-lsp-ide-0.5.5/out/server/src/server.js:68:10583\n    at /home/tiaguinni/.vscode/extensions/uqbar.wollok-lsp-ide-0.5.5/out/server/src/server.js:68:9359\n    at /home/tiaguinni/.vscode/extensions/uqbar.wollok-lsp-ide-0.5.5/out/server/src/server.js:68:8777\n    at /home/tiaguinni/.vscode/extensions/uqbar.wollok-lsp-ide-0.5.5/out/server/src/server.js:38:6131\n    at /home/tiaguinni/.vscode/extensions/uqbar.wollok-lsp-ide-0.5.5/out/server/src/server.js:68:3664\n    at Ybn (/home/tiaguinni/.vscode/extensions/uqbar.wollok-lsp-ide-0.5.5/out/server/src/server.js:68:3396)\n    at /home/tiaguinni/.vscode/extensions/uqbar.wollok-lsp-ide-0.5.5/out/server/src/server.js:2430:847\n    at /home/tiaguinni/.vscode/extensions/uqbar.wollok-lsp-ide-0.5.5/out/server/src/server.js:2430:8440","timestamp":"2026-09-23T12:56:54.686Z"}
{"level":"error","message":"✘ Failed to get type description: Error: Failed to print, found malformed node Failed to print, found malformed node","node":{"compiled":false,"id":"a47111fa-14f2-47da-b4df-e9e0928d45b1","isOverride":false,"metadata":[],"name":"contrae","parameters":[],"problems":[{"code":"malformedMember","sourceMap":{"end":{"column":3,"line":8,"offset":295},"start":{"column":17,"line":7,"offset":290}}}],"scope":{"containerScope":{"containerScope":{"containerScope":{"containerScope":{"contributions":{},"includedScopes":[]},"contributions":{},"includedScopes":[]},"contributions":{},"includedScopes":[]},"contributions":{},"includedScopes":[{"containerScope":{"containerScope":{"containerScope":{"contributions":{},"includedScopes":[]},"contributions":{},"includedScopes":[]},"contributions":{},"includedScopes":[]},"contributions":{},"includedScopes":[]}]},"contributions":{},"includedScopes":[]},"sourceMap":{"end":{"column":19,"line":7,"offset":292},"start":{"column":3,"line":7,"offset":276}}},"stack":"Error: Failed to print, found malformed node\n    at /home/tiaguinni/.vscode/extensions/uqbar.wollok-lsp-ide-0.5.5/out/server/src/server.js:68:3585\n    at Array.map (<anonymous>)\n    at /home/tiaguinni/.vscode/extensions/uqbar.wollok-lsp-ide-0.5.5/out/server/src/server.js:68:10583\n    at /home/tiaguinni/.vscode/extensions/uqbar.wollok-lsp-ide-0.5.5/out/server/src/server.js:68:9359\n    at /home/tiaguinni/.vscode/extensions/uqbar.wollok-lsp-ide-0.5.5/out/server/src/server.js:68:8777\n    at /home/tiaguinni/.vscode/extensions/uqbar.wollok-lsp-ide-0.5.5/out/server/src/server.js:38:6131\n    at /home/tiaguinni/.vscode/extensions/uqbar.wollok-lsp-ide-0.5.5/out/server/src/server.js:68:3664\n    at Ybn (/home/tiaguinni/.vscode/extensions/uqbar.wollok-lsp-ide-0.5.5/out/server/src/server.js:68:3396)\n    at /home/tiaguinni/.vscode/extensions/uqbar.wollok-lsp-ide-0.5.5/out/server/src/server.js:2430:847\n    at /home/tiaguinni/.vscode/extensions/uqbar.wollok-lsp-ide-0.5.5/out/server/src/server.js:2430:8440","timestamp":"2026-09-23T12:56:55.111Z"}
{"level":"error","message":"✘ Failed to get type description: Error: Failed to print, found malformed node Failed to print, found malformed node","node":{"compiled":false,"id":"a47111fa-14f2-47da-b4df-e9e0928d45b1","isOverride":false,"metadata":[],"name":"contrae","parameters":[],"problems":[{"code":"malformedMember","sourceMap":{"end":{"column":3,"line":8,"offset":295},"start":{"column":17,"line":7,"offset":290}}}],"scope":{"containerScope":{"containerScope":{"containerScope":{"containerScope":{"contributions":{},"includedScopes":[]},"contributions":{},"includedScopes":[]},"contributions":{},"includedScopes":[]},"contributions":{},"includedScopes":[{"containerScope":{"containerScope":{"containerScope":{"contributions":{},"includedScopes":[]},"contributions":{},"includedScopes":[]},"contributions":{},"includedScopes":[]},"contributions":{},"includedScopes":[]}]},"contributions":{},"includedScopes":[]},"sourceMap":{"end":{"column":19,"line":7,"offset":292},"start":{"column":3,"line":7,"offset":276}}},"stack":"Error: Failed to print, found malformed node\n    at /home/tiaguinni/.vscode/extensions/uqbar.wollok-lsp-ide-0.5.5/out/server/src/server.js:68:3585\n    at Array.map (<anonymous>)\n    at /home/tiaguinni/.vscode/extensions/uqbar.wollok-lsp-ide-0.5.5/out/server/src/server.js:68:10583\n    at /home/tiaguinni/.vscode/extensions/uqbar.wollok-lsp-ide-0.5.5/out/server/src/server.js:68:9359\n    at /home/tiaguinni/.vscode/extensions/uqbar.wollok-lsp-ide-0.5.5/out/server/src/server.js:68:8777\n    at /home/tiaguinni/.vscode/extensions/uqbar.wollok-lsp-ide-0.5.5/out/server/src/server.js:38:6131\n    at /home/tiaguinni/.vscode/extensions/uqbar.wollok-lsp-ide-0.5.5/out/server/src/server.js:68:3664\n    at Ybn (/home/tiaguinni/.vscode/extensions/uqbar.wollok-lsp-ide-0.5.5/out/server/src/server.js:68:3396)\n    at /home/tiaguinni/.vscode/extensions/uqbar.wollok-lsp-ide-0.5.5/out/server/src/server.js:2430:847\n    at /home/tiaguinni/.vscode/extensions/uqbar.wollok-lsp-ide-0.5.5/out/server/src/server.js:2430:8440","timestamp":"2026-09-23T12:56:55.443Z"}
{"level":"error","message":"✘ Failed to get type description: Error: Failed to print, found malformed node Failed to print, found malformed node","node":{"compiled":false,"id":"a47111fa-14f2-47da-b4df-e9e0928d45b1","isOverride":false,"metadata":[],"name":"contrae","parameters":[],"problems":[{"code":"malformedMember","sourceMap":{"end":{"column":3,"line":8,"offset":295},"start":{"column":17,"line":7,"offset":290}}}],"scope":{"containerScope":{"containerScope":{"containerScope":{"containerScope":{"contributions":{},"includedScopes":[]},"contributions":{},"includedScopes":[]},"contributions":{},"includedScopes":[]},"contributions":{},"includedScopes":[{"containerScope":{"containerScope":{"containerScope":{"contributions":{},"includedScopes":[]},"contributions":{},"includedScopes":[]},"contributions":{},"includedScopes":[]},"contributions":{},"includedScopes":[]}]},"contributions":{},"includedScopes":[]},"sourceMap":{"end":{"column":19,"line":7,"offset":292},"start":{"column":3,"line":7,"offset":276}}},"stack":"Error: Failed to print, found malformed node\n    at /home/tiaguinni/.vscode/extensions/uqbar.wollok-lsp-ide-0.5.5/out/server/src/server.js:68:3585\n    at Array.map (<anonymous>)\n    at /home/tiaguinni/.vscode/extensions/uqbar.wollok-lsp-ide-0.5.5/out/server/src/server.js:68:10583\n    at /home/tiaguinni/.vscode/extensions/uqbar.wollok-lsp-ide-0.5.5/out/server/src/server.js:68:9359\n    at /home/tiaguinni/.vscode/extensions/uqbar.wollok-lsp-ide-0.5.5/out/server/src/server.js:68:8777\n    at /home/tiaguinni/.vscode/extensions/uqbar.wollok-lsp-ide-0.5.5/out/server/src/server.js:38:6131\n    at /home/tiaguinni/.vscode/extensions/uqbar.wollok-lsp-ide-0.5.5/out/server/src/server.js:68:3664\n    at Ybn (/home/tiaguinni/.vscode/extensions/uqbar.wollok-lsp-ide-0.5.5/out/server/src/server.js:68:3396)\n    at /home/tiaguinni/.vscode/extensions/uqbar.wollok-lsp-ide-0.5.5/out/server/src/server.js:2430:847\n    at /home/tiaguinni/.vscode/extensions/uqbar.wollok-lsp-ide-0.5.5/out/server/src/server.js:2430:8440","timestamp":"2026-09-23T12:56:55.736Z"}
{"level":"info","message":"⌛ Building environment","timeElapsed":118,"timestamp":"2026-09-23T12:56:56.407Z"}
{"level":"info","message":"⌛ Validating EXAMEN-Wollok/example.wlk","timeElapsed":162,"timestamp":"2026-09-23T12:56:56.573Z"}
{"level":"info","message":"⌛ Validating EXAMEN-Wollok/example.wlk","timeElapsed":159,"timestamp":"2026-09-23T12:56:56.823Z"}
{"level":"info","message":"⌛ Validating EXAMEN-Wollok/example.wlk","timeElapsed":144,"timestamp":"2026-09-23T12:56:57.126Z"}
{"level":"info","message":"⌛ Validating EXAMEN-Wollok/example.wlk","timeElapsed":181,"timestamp":"2026-09-23T12:56:57.308Z"}
{"level":"info","message":"⌛ Building environment","timeElapsed":115,"timestamp":"2026-09-23T12:56:57.543Z"}
{"level":"info","message":"⌛ Validating EXAMEN-Wollok/example.wlk","timeElapsed":153,"timestamp":"2026-09-23T12:56:57.700Z"}
{"level":"info","message":"⌛ Validating EXAMEN-Wollok/example.wlk","timeElapsed":136,"timestamp":"2026-09-23T12:56:57.924Z"}
{"level":"info","message":"⌛ Building environment","timeElapsed":101,"timestamp":"2026-09-23T12:56:58.150Z"}
{"level":"info","message":"⌛ Validating EXAMEN-Wollok/example.wlk","timeElapsed":163,"timestamp":"2026-09-23T12:56:58.318Z"}
{"level":"info","message":"⌛ Validating EXAMEN-Wollok/example.wlk","timeElapsed":133,"timestamp":"2026-09-23T12:56:58.542Z"}
{"level":"info","message":"⌛ Building environment","timeElapsed":105,"timestamp":"2026-09-23T12:56:59.009Z"}
{"level":"info","message":"⌛ Validating EXAMEN-Wollok/example.wlk","timeElapsed":147,"timestamp":"2026-09-23T12:56:59.163Z"}
{"level":"info","message":"⌛ Building environment","timeElapsed":129,"timestamp":"2026-09-23T12:57:12.199Z"}
{"level":"info","message":"⌛ Validating EXAMEN-Wollok/example.wlk","timeElapsed":160,"timestamp":"2026-09-23T12:57:12.364Z"}
{"level":"info","message":"⌛ Building environment","timeElapsed":104,"timestamp":"2026-09-23T12:57:12.571Z"}
{"level":"info","message":"⌛ Validating EXAMEN-Wollok/example.wlk","timeElapsed":148,"timestamp":"2026-09-23T12:57:12.720Z"}
{"level":"info","message":"⌛ Validating EXAMEN-Wollok/example.wlk","timeElapsed":192,"timestamp":"2026-09-23T12:57:12.914Z"}
{"level":"info","message":"⌛ Building environment","timeElapsed":107,"timestamp":"2026-09-23T12:57:13.029Z"}
{"level":"info","message":"⌛ Validating EXAMEN-Wollok/example.wlk","timeElapsed":158,"timestamp":"2026-09-23T12:57:13.191Z"}
{"level":"info","message":"⌛ Validating EXAMEN-Wollok/example.wlk","timeElapsed":139,"timestamp":"2026-09-23T12:57:13.424Z"}
{"level":"info","message":"⌛ Validating EXAMEN-Wollok/example.wlk","timeElapsed":139,"timestamp":"2026-09-23T12:57:13.906Z"}
{"level":"info","message":"⌛ Building environment","timeElapsed":107,"timestamp":"2026-09-23T12:57:14.219Z"}
{"level":"info","message":"⌛ Validating EXAMEN-Wollok/example.wlk","timeElapsed":140,"timestamp":"2026-09-23T12:57:14.363Z"}
{"level":"info","message":"⌛ Building environment","timeElapsed":112,"timestamp":"2026-09-23T12:57:14.940Z"}
{"level":"info","message":"⌛ Validating EXAMEN-Wollok/example.wlk","timeElapsed":135,"timestamp":"2026-09-23T12:57:15.078Z"}
{"level":"info","message":"⌛ Building environment","timeElapsed":108,"timestamp":"2026-09-23T12:57:15.223Z"}
{"level":"info","message":"⌛ Validating EXAMEN-Wollok/example.wlk","timeElapsed":147,"timestamp":"2026-09-23T12:57:15.374Z"}
{"level":"info","message":"⌛ Building environment","timeElapsed":128,"timestamp":"2026-09-23T12:57:18.881Z"}
{"level":"info","message":"⌛ Validating EXAMEN-Wollok/example.wlk","timeElapsed":141,"timestamp":"2026-09-23T12:57:19.025Z"}
{"level":"info","message":"⌛ Building environment","timeElapsed":122,"timestamp":"2026-09-23T12:57:27.155Z"}
{"level":"info","message":"⌛ Validating EXAMEN-Wollok/example.wlk","timeElapsed":138,"timestamp":"2026-09-23T12:57:27.297Z"}
{"level":"info","message":"⌛ Building environment","timeElapsed":128,"timestamp":"2026-09-23T12:57:27.936Z"}
{"level":"info","message":"⌛ Validating EXAMEN-Wollok/example.wlk","timeElapsed":150,"timestamp":"2026-09-23T12:57:28.092Z"}
{"level":"info","message":"⌛ Building environment","timeElapsed":152,"timestamp":"2026-09-23T12:57:33.046Z"}
{"level":"info","message":"⌛ Validating EXAMEN-Wollok/example.wlk","timeElapsed":157,"timestamp":"2026-09-23T12:57:33.241Z"}
{"level":"info","message":"⌛ Building environment","timeElapsed":101,"timestamp":"2026-09-23T12:57:33.385Z"}
{"level":"info","message":"⌛ Validating EXAMEN-Wollok/example.wlk","timeElapsed":145,"timestamp":"2026-09-23T12:57:33.533Z"}
{"level":"info","message":"⌛ Building environment","timeElapsed":118,"timestamp":"2026-09-23T12:57:35.881Z"}
{"level":"info","message":"⌛ Validating EXAMEN-Wollok/example.wlk","timeElapsed":146,"timestamp":"2026-09-23T12:57:36.031Z"}
{"level":"info","message":"⌛ Validating EXAMEN-Wollok/example.wlk","timeElapsed":134,"timestamp":"2026-09-23T12:57:36.432Z"}
{"level":"info","message":"⌛ Validating EXAMEN-Wollok/example.wlk","timeElapsed":138,"timestamp":"2026-09-23T12:57:36.852Z"}
{"level":"info","message":"⌛ Validating EXAMEN-Wollok/example.wlk","timeElapsed":136,"timestamp":"2026-09-23T12:57:37.121Z"}
{"level":"info","message":"⌛ Validating EXAMEN-Wollok/example.wlk","timeElapsed":130,"timestamp":"2026-09-23T12:57:37.529Z"}
{"level":"info","message":"⌛ Validating EXAMEN-Wollok/example.wlk","timeElapsed":131,"timestamp":"2026-09-23T12:57:37.767Z"}
{"level":"info","message":"⌛ Building environment","timeElapsed":251,"timestamp":"2026-09-23T12:57:38.034Z"}
{"level":"info","message":"⌛ Building environment","timeElapsed":116,"timestamp":"2026-09-23T12:57:38.151Z"}
{"level":"info","message":"⌛ Building environment","timeElapsed":141,"timestamp":"2026-09-23T12:57:38.306Z"}
{"level":"info","message":"⌛ Validating EXAMEN-Wollok/example.wlk","timeElapsed":220,"timestamp":"2026-09-23T12:57:38.526Z"}
{"level":"info","message":"⌛ Validating EXAMEN-Wollok/example.wlk","timeElapsed":184,"timestamp":"2026-09-23T12:57:38.711Z"}
{"level":"info","message":"⌛ Validating EXAMEN-Wollok/example.wlk","timeElapsed":144,"timestamp":"2026-09-23T12:57:38.940Z"}
{"level":"info","message":"⌛ Validating EXAMEN-Wollok/example.wlk","timeElapsed":148,"timestamp":"2026-09-23T12:57:39.268Z"}
{"level":"info","message":"⌛ Validating EXAMEN-Wollok/example.wlk","timeElapsed":234,"timestamp":"2026-09-23T12:57:39.509Z"}
{"level":"info","message":"⌛ Validating EXAMEN-Wollok/example.wlk","timeElapsed":164,"timestamp":"2026-09-23T12:57:39.674Z"}
{"level":"info","message":"⌛ Validating EXAMEN-Wollok/example.wlk","timeElapsed":141,"timestamp":"2026-09-23T12:57:39.896Z"}
{"level":"info","message":"⌛ Validating EXAMEN-Wollok/example.wlk","timeElapsed":159,"timestamp":"2026-09-23T12:57:40.260Z"}
{"level":"info","message":"⌛ Building environment","timeElapsed":119,"timestamp":"2026-09-23T12:57:42.864Z"}
{"level":"info","message":"⌛ Validating EXAMEN-Wollok/example.wlk","timeElapsed":131,"timestamp":"2026-09-23T12:57:43.001Z"}
{"level":"info","message":"⌛ Building environment","timeElapsed":129,"timestamp":"2026-09-23T12:57:43.984Z"}
{"level":"info","message":"⌛ Validating EXAMEN-Wollok/example.wlk","timeElapsed":170,"timestamp":"2026-09-23T12:57:44.159Z"}
{"level":"info","message":"⌛ Building environment","timeElapsed":145,"timestamp":"2026-09-23T12:57:54.029Z"}
{"level":"info","message":"⌛ Validating EXAMEN-Wollok/testExample.wtest","timeElapsed":149,"timestamp":"2026-09-23T12:57:54.183Z"}
{"level":"info","message":"⌛ Validating EXAMEN-Wollok/testExample.wtest","timeElapsed":181,"timestamp":"2026-09-23T12:57:54.515Z"}
{"level":"info","message":"⌛ Validating EXAMEN-Wollok/testExample.wtest","timeElapsed":250,"timestamp":"2026-09-23T12:57:54.920Z"}
{"level":"info","message":"⌛ Building environment","timeElapsed":138,"timestamp":"2026-09-23T12:57:55.059Z"}
{"level":"info","message":"⌛ Building environment","timeElapsed":113,"timestamp":"2026-09-23T12:57:55.173Z"}
{"level":"info","message":"⌛ Validating EXAMEN-Wollok/testExample.wtest","timeElapsed":131,"timestamp":"2026-09-23T12:57:55.411Z"}
{"level":"info","message":"⌛ Validating EXAMEN-Wollok/testExample.wtest","timeElapsed":144,"timestamp":"2026-09-23T12:57:55.561Z"}
{"level":"info","message":"⌛ Validating EXAMEN-Wollok/testExample.wtest","timeElapsed":133,"timestamp":"2026-09-23T12:57:55.696Z"}
{"level":"info","message":"⌛ Building environment","timeElapsed":132,"timestamp":"2026-09-23T12:57:56.555Z"}
{"level":"info","message":"⌛ Validating EXAMEN-Wollok/testExample.wtest","timeElapsed":141,"timestamp":"2026-09-23T12:57:56.699Z"}
{"level":"info","message":"⌛ Building environment","timeElapsed":130,"timestamp":"2026-09-23T12:57:57.404Z"}
{"level":"info","message":"⌛ Validating EXAMEN-Wollok/testExample.wtest","timeElapsed":154,"timestamp":"2026-09-23T12:57:57.563Z"}
{"level":"info","message":"⌛ Building environment","timeElapsed":103,"timestamp":"2026-09-23T12:57:57.724Z"}
{"level":"info","message":"⌛ Validating EXAMEN-Wollok/testExample.wtest","timeElapsed":163,"timestamp":"2026-09-23T12:57:57.894Z"}
{"level":"info","message":"⌛ Validating EXAMEN-Wollok/testExample.wtest","timeElapsed":158,"timestamp":"2026-09-23T12:57:58.151Z"}
{"level":"info","message":"⌛ Validating EXAMEN-Wollok/testExample.wtest","timeElapsed":157,"timestamp":"2026-09-23T12:57:58.499Z"}
{"level":"info","message":"⌛ Validating EXAMEN-Wollok/testExample.wtest","timeElapsed":150,"timestamp":"2026-09-23T12:57:58.650Z"}
{"level":"info","message":"⌛ Building environment","timeElapsed":115,"timestamp":"2026-09-23T12:57:58.772Z"}
{"level":"info","message":"⌛ Validating EXAMEN-Wollok/testExample.wtest","timeElapsed":150,"timestamp":"2026-09-23T12:57:59.016Z"}
{"level":"info","message":"⌛ Validating EXAMEN-Wollok/testExample.wtest","timeElapsed":131,"timestamp":"2026-09-23T12:57:59.148Z"}
{"level":"error","message":"✘ Completions for node Send ([6:5, 6:23] - EXAMEN-Wollok/testExample.wtest) failed: Error: [Send]{f8ec8f} at EXAMEN-Wollok/testExample.wtest:6 exhausted all cases without a match [Send]{f8ec8f} at EXAMEN-Wollok/testExample.wtest:6 exhausted all cases without a match","stack":"Error: [Send]{f8ec8f} at EXAMEN-Wollok/testExample.wtest:6 exhausted all cases without a match\n    at /home/tiaguinni/.vscode/extensions/uqbar.wollok-lsp-ide-0.5.5/out/server/src/server.js:38:6142\n    at L2 (/home/tiaguinni/.vscode/extensions/uqbar.wollok-lsp-ide-0.5.5/out/server/src/server.js:2421:42)\n    at Jh (/home/tiaguinni/.vscode/extensions/uqbar.wollok-lsp-ide-0.5.5/out/server/src/server.js:2421:1092)\n    at w5n (/home/tiaguinni/.vscode/extensions/uqbar.wollok-lsp-ide-0.5.5/out/server/src/server.js:2421:1248)\n    at /home/tiaguinni/.vscode/extensions/uqbar.wollok-lsp-ide-0.5.5/out/server/src/server.js:38:6131\n    at L2 (/home/tiaguinni/.vscode/extensions/uqbar.wollok-lsp-ide-0.5.5/out/server/src/server.js:2421:42)\n    at /home/tiaguinni/.vscode/extensions/uqbar.wollok-lsp-ide-0.5.5/out/server/src/server.js:2421:2988\n    at /home/tiaguinni/.vscode/extensions/uqbar.wollok-lsp-ide-0.5.5/out/server/src/server.js:2430:8440\n    at /home/tiaguinni/.vscode/extensions/uqbar.wollok-lsp-ide-0.5.5/out/server/src/server.js:37:74872\n    at Ke (/home/tiaguinni/.vscode/extensions/uqbar.wollok-lsp-ide-0.5.5/out/server/src/server.js:7:8527)","timestamp":"2026-09-23T12:57:59.467Z"}
{"level":"info","message":"⌛ Building environment","timeElapsed":116,"timestamp":"2026-09-23T12:58:00.591Z"}
{"level":"info","message":"⌛ Validating EXAMEN-Wollok/testExample.wtest","timeElapsed":198,"timestamp":"2026-09-23T12:58:00.828Z"}
{"level":"info","message":"⌛ Building environment","timeElapsed":186,"timestamp":"2026-09-23T12:58:01.015Z"}
{"level":"info","message":"⌛ Validating EXAMEN-Wollok/testExample.wtest","timeElapsed":169,"timestamp":"2026-09-23T12:58:01.386Z"}
{"level":"info","message":"⌛ Validating EXAMEN-Wollok/testExample.wtest","timeElapsed":171,"timestamp":"2026-09-23T12:58:01.652Z"}
{"level":"info","message":"⌛ Validating EXAMEN-Wollok/testExample.wtest","timeElapsed":154,"timestamp":"2026-09-23T12:58:01.807Z"}
{"level":"info","message":"⌛ Validating EXAMEN-Wollok/testExample.wtest","timeElapsed":152,"timestamp":"2026-09-23T12:58:01.961Z"}
{"level":"info","message":"⌛ Building environment","timeElapsed":135,"timestamp":"2026-09-23T12:58:04.892Z"}
{"level":"info","message":"⌛ Validating EXAMEN-Wollok/testExample.wtest","timeElapsed":161,"timestamp":"2026-09-23T12:58:05.057Z"}
{"level":"info","message":"⌛ Validating EXAMEN-Wollok/testExample.wtest","timeElapsed":155,"timestamp":"2026-09-23T12:58:05.310Z"}
{"level":"info","message":"⌛ Validating EXAMEN-Wollok/testExample.wtest","timeElapsed":133,"timestamp":"2026-09-23T12:58:05.533Z"}
{"level":"error","message":"✘ Completions for node Send ([6:5, 6:31] - EXAMEN-Wollok/testExample.wtest) failed: Error: [Send]{dc8928} at EXAMEN-Wollok/testExample.wtest:6 exhausted all cases without a match [Send]{dc8928} at EXAMEN-Wollok/testExample.wtest:6 exhausted all cases without a match","stack":"Error: [Send]{dc8928} at EXAMEN-Wollok/testExample.wtest:6 exhausted all cases without a match\n    at /home/tiaguinni/.vscode/extensions/uqbar.wollok-lsp-ide-0.5.5/out/server/src/server.js:38:6142\n    at L2 (/home/tiaguinni/.vscode/extensions/uqbar.wollok-lsp-ide-0.5.5/out/server/src/server.js:2421:42)\n    at Jh (/home/tiaguinni/.vscode/extensions/uqbar.wollok-lsp-ide-0.5.5/out/server/src/server.js:2421:1092)\n    at w5n (/home/tiaguinni/.vscode/extensions/uqbar.wollok-lsp-ide-0.5.5/out/server/src/server.js:2421:1248)\n    at /home/tiaguinni/.vscode/extensions/uqbar.wollok-lsp-ide-0.5.5/out/server/src/server.js:38:6131\n    at L2 (/home/tiaguinni/.vscode/extensions/uqbar.wollok-lsp-ide-0.5.5/out/server/src/server.js:2421:42)\n    at /home/tiaguinni/.vscode/extensions/uqbar.wollok-lsp-ide-0.5.5/out/server/src/server.js:2421:2988\n    at /home/tiaguinni/.vscode/extensions/uqbar.wollok-lsp-ide-0.5.5/out/server/src/server.js:2430:8440\n    at /home/tiaguinni/.vscode/extensions/uqbar.wollok-lsp-ide-0.5.5/out/server/src/server.js:37:74872\n    at Ke (/home/tiaguinni/.vscode/extensions/uqbar.wollok-lsp-ide-0.5.5/out/server/src/server.js:7:8527)","timestamp":"2026-09-23T12:58:05.999Z"}
{"level":"info","message":"⌛ Building environment","timeElapsed":109,"timestamp":"2026-09-23T12:58:06.248Z"}
{"level":"info","message":"⌛ Validating EXAMEN-Wollok/testExample.wtest","timeElapsed":176,"timestamp":"2026-09-23T12:58:06.428Z"}
{"level":"info","message":"⌛ Building environment","timeElapsed":124,"timestamp":"2026-09-23T12:58:06.554Z"}
{"level":"info","message":"⌛ Validating EXAMEN-Wollok/testExample.wtest","timeElapsed":178,"timestamp":"2026-09-23T12:58:06.736Z"}
{"level":"info","message":"⌛ Validating EXAMEN-Wollok/testExample.wtest","timeElapsed":168,"timestamp":"2026-09-23T12:58:07.227Z"}
{"level":"info","message":"⌛ Building environment","timeElapsed":109,"timestamp":"2026-09-23T12:58:07.336Z"}
{"level":"info","message":"⌛ Validating EXAMEN-Wollok/testExample.wtest","timeElapsed":151,"timestamp":"2026-09-23T12:58:07.490Z"}
{"level":"error","message":"✘ Completions for node Send ([6:5, 6:35] - EXAMEN-Wollok/testExample.wtest) failed: Error: [Send]{cd8687} at EXAMEN-Wollok/testExample.wtest:6 exhausted all cases without a match [Send]{cd8687} at EXAMEN-Wollok/testExample.wtest:6 exhausted all cases without a match","stack":"Error: [Send]{cd8687} at EXAMEN-Wollok/testExample.wtest:6 exhausted all cases without a match\n    at /home/tiaguinni/.vscode/extensions/uqbar.wollok-lsp-ide-0.5.5/out/server/src/server.js:38:6142\n    at L2 (/home/tiaguinni/.vscode/extensions/uqbar.wollok-lsp-ide-0.5.5/out/server/src/server.js:2421:42)\n    at Jh (/home/tiaguinni/.vscode/extensions/uqbar.wollok-lsp-ide-0.5.5/out/server/src/server.js:2421:1092)\n    at w5n (/home/tiaguinni/.vscode/extensions/uqbar.wollok-lsp-ide-0.5.5/out/server/src/server.js:2421:1248)\n    at /home/tiaguinni/.vscode/extensions/uqbar.wollok-lsp-ide-0.5.5/out/server/src/server.js:38:6131\n    at L2 (/home/tiaguinni/.vscode/extensions/uqbar.wollok-lsp-ide-0.5.5/out/server/src/server.js:2421:42)\n    at /home/tiaguinni/.vscode/extensions/uqbar.wollok-lsp-ide-0.5.5/out/server/src/server.js:2421:2988\n    at /home/tiaguinni/.vscode/extensions/uqbar.wollok-lsp-ide-0.5.5/out/server/src/server.js:2430:8440\n    at /home/tiaguinni/.vscode/extensions/uqbar.wollok-lsp-ide-0.5.5/out/server/src/server.js:37:74872\n    at Ke (/home/tiaguinni/.vscode/extensions/uqbar.wollok-lsp-ide-0.5.5/out/server/src/server.js:7:8527)","timestamp":"2026-09-23T12:58:07.931Z"}
{"level":"info","message":"⌛ Building environment","timeElapsed":112,"timestamp":"2026-09-23T12:58:08.754Z"}
{"level":"info","message":"⌛ Validating EXAMEN-Wollok/testExample.wtest","timeElapsed":151,"timestamp":"2026-09-23T12:58:08.909Z"}
{"level":"info","message":"⌛ Validating EXAMEN-Wollok/testExample.wtest","timeElapsed":138,"timestamp":"2026-09-23T12:58:09.159Z"}
{"level":"error","message":"✘ Completions for node Send ([6:5, 6:37] - EXAMEN-Wollok/testExample.wtest) failed: Error: [Send]{c57f69} at EXAMEN-Wollok/testExample.wtest:6 exhausted all cases without a match [Send]{c57f69} at EXAMEN-Wollok/testExample.wtest:6 exhausted all cases without a match","stack":"Error: [Send]{c57f69} at EXAMEN-Wollok/testExample.wtest:6 exhausted all cases without a match\n    at /home/tiaguinni/.vscode/extensions/uqbar.wollok-lsp-ide-0.5.5/out/server/src/server.js:38:6142\n    at L2 (/home/tiaguinni/.vscode/extensions/uqbar.wollok-lsp-ide-0.5.5/out/server/src/server.js:2421:42)\n    at Jh (/home/tiaguinni/.vscode/extensions/uqbar.wollok-lsp-ide-0.5.5/out/server/src/server.js:2421:1092)\n    at w5n (/home/tiaguinni/.vscode/extensions/uqbar.wollok-lsp-ide-0.5.5/out/server/src/server.js:2421:1248)\n    at /home/tiaguinni/.vscode/extensions/uqbar.wollok-lsp-ide-0.5.5/out/server/src/server.js:38:6131\n    at L2 (/home/tiaguinni/.vscode/extensions/uqbar.wollok-lsp-ide-0.5.5/out/server/src/server.js:2421:42)\n    at /home/tiaguinni/.vscode/extensions/uqbar.wollok-lsp-ide-0.5.5/out/server/src/server.js:2421:2988\n    at /home/tiaguinni/.vscode/extensions/uqbar.wollok-lsp-ide-0.5.5/out/server/src/server.js:2430:8440\n    at /home/tiaguinni/.vscode/extensions/uqbar.wollok-lsp-ide-0.5.5/out/server/src/server.js:37:74872\n    at Ke (/home/tiaguinni/.vscode/extensions/uqbar.wollok-lsp-ide-0.5.5/out/server/src/server.js:7:8527)","timestamp":"2026-09-23T12:58:09.726Z"}
{"level":"info","message":"⌛ Building environment","timeElapsed":127,"timestamp":"2026-09-23T12:58:12.173Z"}
{"level":"info","message":"⌛ Validating EXAMEN-Wollok/testExample.wtest","timeElapsed":166,"timestamp":"2026-09-23T12:58:12.345Z"}
{"level":"info","message":"⌛ Validating EXAMEN-Wollok/testExample.wtest","timeElapsed":138,"timestamp":"2026-09-23T12:58:12.684Z"}
{"level":"info","message":"⌛ Validating EXAMEN-Wollok/testExample.wtest","timeElapsed":156,"timestamp":"2026-09-23T12:58:12.840Z"}
{"level":"info","message":"⌛ Validating EXAMEN-Wollok/testExample.wtest","timeElapsed":134,"timestamp":"2026-09-23T12:58:13.073Z"}
{"level":"error","message":"✘ Completions for node Send ([6:5, 6:37] - EXAMEN-Wollok/testExample.wtest) failed: Error: [Send]{87942e} at EXAMEN-Wollok/testExample.wtest:6 exhausted all cases without a match [Send]{87942e} at EXAMEN-Wollok/testExample.wtest:6 exhausted all cases without a match","stack":"Error: [Send]{87942e} at EXAMEN-Wollok/testExample.wtest:6 exhausted all cases without a match\n    at /home/tiaguinni/.vscode/extensions/uqbar.wollok-lsp-ide-0.5.5/out/server/src/server.js:38:6142\n    at L2 (/home/tiaguinni/.vscode/extensions/uqbar.wollok-lsp-ide-0.5.5/out/server/src/server.js:2421:42)\n    at Jh (/home/tiaguinni/.vscode/extensions/uqbar.wollok-lsp-ide-0.5.5/out/server/src/server.js:2421:1092)\n    at w5n (/home/tiaguinni/.vscode/extensions/uqbar.wollok-lsp-ide-0.5.5/out/server/src/server.js:2421:1248)\n    at /home/tiaguinni/.vscode/extensions/uqbar.wollok-lsp-ide-0.5.5/out/server/src/server.js:38:6131\n    at L2 (/home/tiaguinni/.vscode/extensions/uqbar.wollok-lsp-ide-0.5.5/out/server/src/server.js:2421:42)\n    at /home/tiaguinni/.vscode/extensions/uqbar.wollok-lsp-ide-0.5.5/out/server/src/server.js:2421:2988\n    at /home/tiaguinni/.vscode/extensions/uqbar.wollok-lsp-ide-0.5.5/out/server/src/server.js:2430:8440\n    at /home/tiaguinni/.vscode/extensions/uqbar.wollok-lsp-ide-0.5.5/out/server/src/server.js:37:74872\n    at Ke (/home/tiaguinni/.vscode/extensions/uqbar.wollok-lsp-ide-0.5.5/out/server/src/server.js:7:8527)","timestamp":"2026-09-23T12:58:13.510Z"}
{"level":"info","message":"⌛ Building environment","timeElapsed":128,"timestamp":"2026-09-23T12:58:14.039Z"}
{"level":"info","message":"⌛ Validating EXAMEN-Wollok/testExample.wtest","timeElapsed":140,"timestamp":"2026-09-23T12:58:14.185Z"}
{"level":"error","message":"✘ Failed to get type description: Error: Failed to print, found malformed node Failed to print, found malformed node","node":{"compiled":false,"id":"ce086c65-946f-46fa-909c-c02f90d8fc8f","isOverride":false,"metadata":[],"name":"contrae","parameters":[],"problems":[{"code":"malformedMember","sourceMap":{"end":{"column":3,"line":8,"offset":276},"start":{"column":17,"line":7,"offset":271}}}],"scope":{"containerScope":{"containerScope":{"containerScope":{"containerScope":{"contributions":{},"includedScopes":[]},"contributions":{},"includedScopes":[]},"contributions":{},"includedScopes":[]},"contributions":{},"includedScopes":[{"containerScope":{"containerScope":{"containerScope":{"contributions":{},"includedScopes":[]},"contributions":{},"includedScopes":[]},"contributions":{},"includedScopes":[]},"contributions":{},"includedScopes":[]}]},"contributions":{},"includedScopes":[]},"sourceMap":{"end":{"column":19,"line":7,"offset":273},"start":{"column":3,"line":7,"offset":257}}},"stack":"Error: Failed to print, found malformed node\n    at /home/tiaguinni/.vscode/extensions/uqbar.wollok-lsp-ide-0.5.5/out/server/src/server.js:68:3585\n    at Ybn (/home/tiaguinni/.vscode/extensions/uqbar.wollok-lsp-ide-0.5.5/out/server/src/server.js:68:3396)\n    at /home/tiaguinni/.vscode/extensions/uqbar.wollok-lsp-ide-0.5.5/out/server/src/server.js:2430:847\n    at /home/tiaguinni/.vscode/extensions/uqbar.wollok-lsp-ide-0.5.5/out/server/src/server.js:2430:8440\n    at /home/tiaguinni/.vscode/extensions/uqbar.wollok-lsp-ide-0.5.5/out/server/src/server.js:37:74770\n    at Ke (/home/tiaguinni/.vscode/extensions/uqbar.wollok-lsp-ide-0.5.5/out/server/src/server.js:7:8527)\n    at It (/home/tiaguinni/.vscode/extensions/uqbar.wollok-lsp-ide-0.5.5/out/server/src/server.js:7:6189)\n    at et (/home/tiaguinni/.vscode/extensions/uqbar.wollok-lsp-ide-0.5.5/out/server/src/server.js:7:6378)\n    at Immediate._onImmediate (/home/tiaguinni/.vscode/extensions/uqbar.wollok-lsp-ide-0.5.5/out/server/src/server.js:7:6142)\n    at process.processImmediate (node:internal/timers:504:21)","timestamp":"2026-09-23T12:58:15.659Z"}
{"level":"error","message":"✘ Failed to get type description: Error: Failed to print, found malformed node Failed to print, found malformed node","node":{"compiled":false,"id":"ce086c65-946f-46fa-909c-c02f90d8fc8f","isOverride":false,"metadata":[],"name":"contrae","parameters":[],"problems":[{"code":"malformedMember","sourceMap":{"end":{"column":3,"line":8,"offset":276},"start":{"column":17,"line":7,"offset":271}}}],"scope":{"containerScope":{"containerScope":{"containerScope":{"containerScope":{"contributions":{},"includedScopes":[]},"contributions":{},"includedScopes":[]},"contributions":{},"includedScopes":[]},"contributions":{},"includedScopes":[{"containerScope":{"containerScope":{"containerScope":{"contributions":{},"includedScopes":[]},"contributions":{},"includedScopes":[]},"contributions":{},"includedScopes":[]},"contributions":{},"includedScopes":[]}]},"contributions":{},"includedScopes":[]},"sourceMap":{"end":{"column":19,"line":7,"offset":273},"start":{"column":3,"line":7,"offset":257}}},"stack":"Error: Failed to print, found malformed node\n    at /home/tiaguinni/.vscode/extensions/uqbar.wollok-lsp-ide-0.5.5/out/server/src/server.js:68:3585\n    at Ybn (/home/tiaguinni/.vscode/extensions/uqbar.wollok-lsp-ide-0.5.5/out/server/src/server.js:68:3396)\n    at /home/tiaguinni/.vscode/extensions/uqbar.wollok-lsp-ide-0.5.5/out/server/src/server.js:2430:847\n    at /home/tiaguinni/.vscode/extensions/uqbar.wollok-lsp-ide-0.5.5/out/server/src/server.js:2430:8440\n    at /home/tiaguinni/.vscode/extensions/uqbar.wollok-lsp-ide-0.5.5/out/server/src/server.js:37:74770\n    at Ke (/home/tiaguinni/.vscode/extensions/uqbar.wollok-lsp-ide-0.5.5/out/server/src/server.js:7:8527)\n    at It (/home/tiaguinni/.vscode/extensions/uqbar.wollok-lsp-ide-0.5.5/out/server/src/server.js:7:6189)\n    at et (/home/tiaguinni/.vscode/extensions/uqbar.wollok-lsp-ide-0.5.5/out/server/src/server.js:7:6378)\n    at Immediate._onImmediate (/home/tiaguinni/.vscode/extensions/uqbar.wollok-lsp-ide-0.5.5/out/server/src/server.js:7:6142)\n    at process.processImmediate (node:internal/timers:504:21)","timestamp":"2026-09-23T12:58:16.139Z"}
{"level":"info","message":"⌛ Building environment","timeElapsed":140,"timestamp":"2026-09-23T12:58:17.600Z"}
{"level":"info","message":"⌛ Validating EXAMEN-Wollok/example.wlk","timeElapsed":153,"timestamp":"2026-09-23T12:58:17.761Z"}
{"level":"error","message":"✘ Failed to get type description: Error: Failed to print, found malformed node Failed to print, found malformed node","node":{"compiled":false,"id":"88a2a52a-7d8b-4ac4-9fe3-c87a7dd48f42","isOverride":false,"metadata":[],"name":"estaEnfermoDe","parameters":[],"problems":[{"code":"malformedMember","sourceMap":{"end":{"column":1,"line":9,"offset":300},"start":{"column":23,"line":8,"offset":297}}}],"scope":{"containerScope":{"containerScope":{"containerScope":{"containerScope":{"contributions":{},"includedScopes":[]},"contributions":{},"includedScopes":[]},"contributions":{},"includedScopes":[]},"contributions":{},"includedScopes":[{"containerScope":{"containerScope":{"containerScope":{"contributions":{},"includedScopes":[]},"contributions":{},"includedScopes":[]},"contributions":{},"includedScopes":[]},"contributions":{},"includedScopes":[]}]},"contributions":{},"includedScopes":[]},"sourceMap":{"end":{"column":25,"line":8,"offset":299},"start":{"column":3,"line":8,"offset":277}}},"stack":"Error: Failed to print, found malformed node\n    at /home/tiaguinni/.vscode/extensions/uqbar.wollok-lsp-ide-0.5.5/out/server/src/server.js:68:3585\n    at Ybn (/home/tiaguinni/.vscode/extensions/uqbar.wollok-lsp-ide-0.5.5/out/server/src/server.js:68:3396)\n    at /home/tiaguinni/.vscode/extensions/uqbar.wollok-lsp-ide-0.5.5/out/server/src/server.js:2430:847\n    at /home/tiaguinni/.vscode/extensions/uqbar.wollok-lsp-ide-0.5.5/out/server/src/server.js:2430:8440\n    at /home/tiaguinni/.vscode/extensions/uqbar.wollok-lsp-ide-0.5.5/out/server/src/server.js:37:74770\n    at Ke (/home/tiaguinni/.vscode/extensions/uqbar.wollok-lsp-ide-0.5.5/out/server/src/server.js:7:8527)\n    at It (/home/tiaguinni/.vscode/extensions/uqbar.wollok-lsp-ide-0.5.5/out/server/src/server.js:7:6189)\n    at et (/home/tiaguinni/.vscode/extensions/uqbar.wollok-lsp-ide-0.5.5/out/server/src/server.js:7:6378)\n    at Immediate._onImmediate (/home/tiaguinni/.vscode/extensions/uqbar.wollok-lsp-ide-0.5.5/out/server/src/server.js:7:6142)\n    at process.processImmediate (node:internal/timers:504:21)","timestamp":"2026-09-23T12:58:18.194Z"}
{"level":"info","message":"⌛ Building environment","timeElapsed":124,"timestamp":"2026-09-23T12:58:18.979Z"}
{"level":"info","message":"⌛ Validating EXAMEN-Wollok/example.wlk","timeElapsed":147,"timestamp":"2026-09-23T12:58:19.136Z"}
{"level":"error","message":"✘ Failed to get type description: Error: Failed to print, found malformed node Failed to print, found malformed node","node":{"compiled":false,"id":"0f5793a2-a37d-4935-9faa-08d3a6accfa7","isOverride":false,"metadata":[],"name":"estaEnfermoDe","parameters":[],"problems":[{"code":"malformedMember","sourceMap":{"end":{"column":1,"line":9,"offset":301},"start":{"column":23,"line":8,"offset":298}}}],"scope":{"containerScope":{"containerScope":{"containerScope":{"containerScope":{"contributions":{},"includedScopes":[]},"contributions":{},"includedScopes":[]},"contributions":{},"includedScopes":[]},"contributions":{},"includedScopes":[{"containerScope":{"containerScope":{"containerScope":{"contributions":{},"includedScopes":[]},"contributions":{},"includedScopes":[]},"contributions":{},"includedScopes":[]},"contributions":{},"includedScopes":[]}]},"contributions":{},"includedScopes":[]},"sourceMap":{"end":{"column":25,"line":8,"offset":300},"start":{"column":3,"line":8,"offset":278}}},"stack":"Error: Failed to print, found malformed node\n    at /home/tiaguinni/.vscode/extensions/uqbar.wollok-lsp-ide-0.5.5/out/server/src/server.js:68:3585\n    at Ybn (/home/tiaguinni/.vscode/extensions/uqbar.wollok-lsp-ide-0.5.5/out/server/src/server.js:68:3396)\n    at /home/tiaguinni/.vscode/extensions/uqbar.wollok-lsp-ide-0.5.5/out/server/src/server.js:2430:847\n    at /home/tiaguinni/.vscode/extensions/uqbar.wollok-lsp-ide-0.5.5/out/server/src/server.js:2430:8440\n    at /home/tiaguinni/.vscode/extensions/uqbar.wollok-lsp-ide-0.5.5/out/server/src/server.js:37:74770\n    at Ke (/home/tiaguinni/.vscode/extensions/uqbar.wollok-lsp-ide-0.5.5/out/server/src/server.js:7:8527)\n    at It (/home/tiaguinni/.vscode/extensions/uqbar.wollok-lsp-ide-0.5.5/out/server/src/server.js:7:6189)\n    at et (/home/tiaguinni/.vscode/extensions/uqbar.wollok-lsp-ide-0.5.5/out/server/src/server.js:7:6378)\n    at Immediate._onImmediate (/home/tiaguinni/.vscode/extensions/uqbar.wollok-lsp-ide-0.5.5/out/server/src/server.js:7:6142)\n    at process.processImmediate (node:internal/timers:504:21)","timestamp":"2026-09-23T12:58:20.004Z"}
{"level":"info","message":"⌛ Building environment","timeElapsed":121,"timestamp":"2026-09-23T12:58:21.214Z"}
{"level":"info","message":"⌛ Validating EXAMEN-Wollok/example.wlk","timeElapsed":145,"timestamp":"2026-09-23T12:58:21.368Z"}
{"level":"info","message":"⌛ Building environment","timeElapsed":105,"timestamp":"2026-09-23T12:58:21.732Z"}
{"level":"info","message":"⌛ Validating EXAMEN-Wollok/example.wlk","timeElapsed":145,"timestamp":"2026-09-23T12:58:21.884Z"}
{"level":"info","message":"⌛ Building environment","timeElapsed":151,"timestamp":"2026-09-23T12:58:27.605Z"}
{"level":"info","message":"⌛ Validating EXAMEN-Wollok/example.wlk","timeElapsed":261,"timestamp":"2026-09-23T12:58:27.975Z"}
{"level":"info","message":"⌛ Building environment","timeElapsed":128,"timestamp":"2026-09-23T12:58:28.112Z"}
{"level":"info","message":"⌛ Validating EXAMEN-Wollok/example.wlk","timeElapsed":145,"timestamp":"2026-09-23T12:58:28.261Z"}
{"level":"info","message":"⌛ Validating EXAMEN-Wollok/example.wlk","timeElapsed":138,"timestamp":"2026-09-23T12:58:28.681Z"}
{"level":"info","message":"⌛ Building environment","timeElapsed":104,"timestamp":"2026-09-23T12:58:28.816Z"}
{"level":"info","message":"⌛ Validating EXAMEN-Wollok/example.wlk","timeElapsed":154,"timestamp":"2026-09-23T12:58:28.974Z"}
{"level":"info","message":"⌛ Validating EXAMEN-Wollok/example.wlk","timeElapsed":152,"timestamp":"2026-09-23T12:58:29.232Z"}
{"level":"info","message":"⌛ Building environment","timeElapsed":162,"timestamp":"2026-09-23T12:58:29.396Z"}
{"level":"info","message":"⌛ Validating EXAMEN-Wollok/example.wlk","timeElapsed":193,"timestamp":"2026-09-23T12:58:29.681Z"}
{"level":"info","message":"⌛ Validating EXAMEN-Wollok/example.wlk","timeElapsed":163,"timestamp":"2026-09-23T12:58:29.845Z"}
{"level":"info","message":"⌛ Building environment","timeElapsed":103,"timestamp":"2026-09-23T12:58:29.953Z"}
{"level":"info","message":"⌛ Validating EXAMEN-Wollok/example.wlk","timeElapsed":158,"timestamp":"2026-09-23T12:58:30.311Z"}
{"level":"info","message":"⌛ Validating EXAMEN-Wollok/example.wlk","timeElapsed":138,"timestamp":"2026-09-23T12:58:30.541Z"}
{"level":"info","message":"⌛ Validating EXAMEN-Wollok/example.wlk","timeElapsed":138,"timestamp":"2026-09-23T12:58:30.684Z"}
{"level":"info","message":"⌛ Validating EXAMEN-Wollok/example.wlk","timeElapsed":167,"timestamp":"2026-09-23T12:58:30.946Z"}
{"level":"info","message":"⌛ Validating EXAMEN-Wollok/example.wlk","timeElapsed":235,"timestamp":"2026-09-23T12:58:31.322Z"}
{"level":"info","message":"⌛ Building environment","timeElapsed":121,"timestamp":"2026-09-23T12:58:31.444Z"}
{"level":"info","message":"⌛ Validating EXAMEN-Wollok/example.wlk","timeElapsed":137,"timestamp":"2026-09-23T12:58:31.586Z"}
{"level":"info","message":"⌛ Building environment","timeElapsed":149,"timestamp":"2026-09-23T12:58:31.737Z"}
{"level":"info","message":"⌛ Validating EXAMEN-Wollok/example.wlk","timeElapsed":170,"timestamp":"2026-09-23T12:58:32.007Z"}
{"level":"info","message":"⌛ Validating EXAMEN-Wollok/example.wlk","timeElapsed":166,"timestamp":"2026-09-23T12:58:32.181Z"}
{"level":"info","message":"⌛ Validating EXAMEN-Wollok/example.wlk","timeElapsed":156,"timestamp":"2026-09-23T12:58:32.336Z"}
{"level":"info","message":"⌛ Validating EXAMEN-Wollok/example.wlk","timeElapsed":136,"timestamp":"2026-09-23T12:58:32.872Z"}
{"level":"info","message":"⌛ Building environment","timeElapsed":128,"timestamp":"2026-09-23T12:58:33.291Z"}
{"level":"info","message":"⌛ Validating EXAMEN-Wollok/example.wlk","timeElapsed":176,"timestamp":"2026-09-23T12:58:33.471Z"}
{"level":"info","message":"⌛ Validating EXAMEN-Wollok/example.wlk","timeElapsed":169,"timestamp":"2026-09-23T12:58:33.725Z"}
{"level":"info","message":"⌛ Validating EXAMEN-Wollok/example.wlk","timeElapsed":150,"timestamp":"2026-09-23T12:58:33.972Z"}
{"level":"info","message":"⌛ Validating EXAMEN-Wollok/example.wlk","timeElapsed":145,"timestamp":"2026-09-23T12:58:34.253Z"}
{"level":"info","message":"⌛ Validating EXAMEN-Wollok/example.wlk","timeElapsed":185,"timestamp":"2026-09-23T12:58:34.534Z"}
{"level":"info","message":"⌛ Building environment","timeElapsed":114,"timestamp":"2026-09-23T12:58:34.650Z"}
{"level":"info","message":"⌛ Validating EXAMEN-Wollok/example.wlk","timeElapsed":159,"timestamp":"2026-09-23T12:58:35.006Z"}
{"level":"info","message":"⌛ Validating EXAMEN-Wollok/example.wlk","timeElapsed":158,"timestamp":"2026-09-23T12:58:35.169Z"}
{"level":"info","message":"⌛ Validating EXAMEN-Wollok/example.wlk","timeElapsed":161,"timestamp":"2026-09-23T12:58:35.438Z"}
{"level":"info","message":"⌛ Validating EXAMEN-Wollok/example.wlk","timeElapsed":188,"timestamp":"2026-09-23T12:58:35.715Z"}
{"level":"info","message":"⌛ Building environment","timeElapsed":103,"timestamp":"2026-09-23T12:58:35.911Z"}
{"level":"info","message":"⌛ Validating EXAMEN-Wollok/example.wlk","timeElapsed":162,"timestamp":"2026-09-23T12:58:36.079Z"}
{"level":"info","message":"⌛ Building environment","timeElapsed":111,"timestamp":"2026-09-23T12:58:36.191Z"}
{"level":"info","message":"⌛ Validating EXAMEN-Wollok/example.wlk","timeElapsed":153,"timestamp":"2026-09-23T12:58:36.345Z"}
{"level":"info","message":"⌛ Validating EXAMEN-Wollok/example.wlk","timeElapsed":143,"timestamp":"2026-09-23T12:58:36.665Z"}
{"level":"info","message":"⌛ Validating EXAMEN-Wollok/example.wlk","timeElapsed":134,"timestamp":"2026-09-23T12:58:36.866Z"}
{"level":"info","message":"⌛ Validating EXAMEN-Wollok/example.wlk","timeElapsed":195,"timestamp":"2026-09-23T12:58:37.062Z"}
{"level":"error","message":"✘ Completions for node Send ([8:7, 8:33] - EXAMEN-Wollok/example.wlk) failed: Error: [Send]{09553a} at EXAMEN-Wollok/example.wlk:8 exhausted all cases without a match [Send]{09553a} at EXAMEN-Wollok/example.wlk:8 exhausted all cases without a match","stack":"Error: [Send]{09553a} at EXAMEN-Wollok/example.wlk:8 exhausted all cases without a match\n    at /home/tiaguinni/.vscode/extensions/uqbar.wollok-lsp-ide-0.5.5/out/server/src/server.js:38:6142\n    at L2 (/home/tiaguinni/.vscode/extensions/uqbar.wollok-lsp-ide-0.5.5/out/server/src/server.js:2421:42)\n    at Jh (/home/tiaguinni/.vscode/extensions/uqbar.wollok-lsp-ide-0.5.5/out/server/src/server.js:2421:1092)\n    at w5n (/home/tiaguinni/.vscode/extensions/uqbar.wollok-lsp-ide-0.5.5/out/server/src/server.js:2421:1248)\n    at /home/tiaguinni/.vscode/extensions/uqbar.wollok-lsp-ide-0.5.5/out/server/src/server.js:38:6131\n    at L2 (/home/tiaguinni/.vscode/extensions/uqbar.wollok-lsp-ide-0.5.5/out/server/src/server.js:2421:42)\n    at /home/tiaguinni/.vscode/extensions/uqbar.wollok-lsp-ide-0.5.5/out/server/src/server.js:2421:2988\n    at /home/tiaguinni/.vscode/extensions/uqbar.wollok-lsp-ide-0.5.5/out/server/src/server.js:2430:8440\n    at /home/tiaguinni/.vscode/extensions/uqbar.wollok-lsp-ide-0.5.5/out/server/src/server.js:37:74872\n    at Ke (/home/tiaguinni/.vscode/extensions/uqbar.wollok-lsp-ide-0.5.5/out/server/src/server.js:7:8527)","timestamp":"2026-09-23T12:58:37.103Z"}
{"level":"info","message":"⌛ Building environment","timeElapsed":170,"timestamp":"2026-09-23T13:01:15.265Z"}
{"level":"info","message":"⌛ Validating EXAMEN-Wollok/example.wlk","timeElapsed":178,"timestamp":"2026-09-23T13:01:15.446Z"}
{"level":"info","message":"⌛ Building environment","timeElapsed":111,"timestamp":"2026-09-23T13:01:15.617Z"}
{"level":"info","message":"⌛ Building environment","timeElapsed":158,"timestamp":"2026-09-23T13:01:15.778Z"}
{"level":"info","message":"⌛ Validating EXAMEN-Wollok/example.wlk","timeElapsed":299,"timestamp":"2026-09-23T13:01:16.081Z"}
{"level":"info","message":"⌛ Validating EXAMEN-Wollok/example.wlk","timeElapsed":146,"timestamp":"2026-09-23T13:01:16.234Z"}
{"level":"info","message":"⌛ Building environment","timeElapsed":109,"timestamp":"2026-09-23T13:01:16.344Z"}
{"level":"info","message":"⌛ Validating EXAMEN-Wollok/example.wlk","timeElapsed":154,"timestamp":"2026-09-23T13:01:16.512Z"}
{"level":"error","message":"✘ Completions for node Send ([8:7, 8:37] - EXAMEN-Wollok/example.wlk) failed: Error: [Send]{e34aa8} at EXAMEN-Wollok/example.wlk:8 exhausted all cases without a match [Send]{e34aa8} at EXAMEN-Wollok/example.wlk:8 exhausted all cases without a match","stack":"Error: [Send]{e34aa8} at EXAMEN-Wollok/example.wlk:8 exhausted all cases without a match\n    at /home/tiaguinni/.vscode/extensions/uqbar.wollok-lsp-ide-0.5.5/out/server/src/server.js:38:6142\n    at L2 (/home/tiaguinni/.vscode/extensions/uqbar.wollok-lsp-ide-0.5.5/out/server/src/server.js:2421:42)\n    at Jh (/home/tiaguinni/.vscode/extensions/uqbar.wollok-lsp-ide-0.5.5/out/server/src/server.js:2421:1092)\n    at w5n (/home/tiaguinni/.vscode/extensions/uqbar.wollok-lsp-ide-0.5.5/out/server/src/server.js:2421:1248)\n    at /home/tiaguinni/.vscode/extensions/uqbar.wollok-lsp-ide-0.5.5/out/server/src/server.js:38:6131\n    at L2 (/home/tiaguinni/.vscode/extensions/uqbar.wollok-lsp-ide-0.5.5/out/server/src/server.js:2421:42)\n    at /home/tiaguinni/.vscode/extensions/uqbar.wollok-lsp-ide-0.5.5/out/server/src/server.js:2421:2988\n    at /home/tiaguinni/.vscode/extensions/uqbar.wollok-lsp-ide-0.5.5/out/server/src/server.js:2430:8440\n    at /home/tiaguinni/.vscode/extensions/uqbar.wollok-lsp-ide-0.5.5/out/server/src/server.js:37:74872\n    at Ke (/home/tiaguinni/.vscode/extensions/uqbar.wollok-lsp-ide-0.5.5/out/server/src/server.js:7:8527)","timestamp":"2026-09-23T13:01:16.630Z"}
{"level":"info","message":"⌛ Building environment","timeElapsed":133,"timestamp":"2026-09-23T13:01:19.101Z"}
{"level":"info","message":"⌛ Validating EXAMEN-Wollok/example.wlk","timeElapsed":147,"timestamp":"2026-09-23T13:01:19.255Z"}
{"level":"info","message":"⌛ Building environment","timeElapsed":110,"timestamp":"2026-09-23T13:01:19.577Z"}
{"level":"info","message":"⌛ Validating EXAMEN-Wollok/example.wlk","timeElapsed":185,"timestamp":"2026-09-23T13:01:19.769Z"}
{"level":"info","message":"⌛ Building environment","timeElapsed":109,"timestamp":"2026-09-23T13:01:20.092Z"}
{"level":"info","message":"⌛ Validating EXAMEN-Wollok/example.wlk","timeElapsed":147,"timestamp":"2026-09-23T13:01:20.247Z"}
{"level":"info","message":"⌛ Building environment","timeElapsed":127,"timestamp":"2026-09-23T13:01:21.304Z"}
{"level":"info","message":"⌛ Validating EXAMEN-Wollok/example.wlk","timeElapsed":139,"timestamp":"2026-09-23T13:01:21.447Z"}
{"level":"info","message":"⌛ Building environment","timeElapsed":139,"timestamp":"2026-09-23T13:01:23.280Z"}
{"level":"info","message":"⌛ Validating EXAMEN-Wollok/example.wlk","timeElapsed":184,"timestamp":"2026-09-23T13:01:23.467Z"}
{"level":"info","message":"⌛ Building environment","timeElapsed":110,"timestamp":"2026-09-23T13:01:23.579Z"}
{"level":"info","message":"⌛ Building environment","timeElapsed":106,"timestamp":"2026-09-23T13:01:23.686Z"}
{"level":"info","message":"⌛ Validating EXAMEN-Wollok/example.wlk","timeElapsed":163,"timestamp":"2026-09-23T13:01:23.850Z"}
{"level":"info","message":"⌛ Validating EXAMEN-Wollok/example.wlk","timeElapsed":175,"timestamp":"2026-09-23T13:01:24.027Z"}
{"level":"info","message":"⌛ Building environment","timeElapsed":104,"timestamp":"2026-09-23T13:01:24.140Z"}
{"level":"info","message":"⌛ Validating EXAMEN-Wollok/example.wlk","timeElapsed":145,"timestamp":"2026-09-23T13:01:24.291Z"}
{"level":"info","message":"⌛ Building environment","timeElapsed":110,"timestamp":"2026-09-23T13:01:24.419Z"}
{"level":"info","message":"⌛ Validating EXAMEN-Wollok/example.wlk","timeElapsed":139,"timestamp":"2026-09-23T13:01:24.569Z"}
{"level":"info","message":"⌛ Validating EXAMEN-Wollok/example.wlk","timeElapsed":154,"timestamp":"2026-09-23T13:01:24.925Z"}
{"level":"info","message":"⌛ Building environment","timeElapsed":165,"timestamp":"2026-09-23T13:01:25.091Z"}
{"level":"info","message":"⌛ Validating EXAMEN-Wollok/example.wlk","timeElapsed":194,"timestamp":"2026-09-23T13:01:25.401Z"}
{"level":"info","message":"⌛ Validating EXAMEN-Wollok/example.wlk","timeElapsed":152,"timestamp":"2026-09-23T13:01:25.642Z"}
{"level":"info","message":"⌛ Validating EXAMEN-Wollok/example.wlk","timeElapsed":154,"timestamp":"2026-09-23T13:01:25.881Z"}
{"level":"info","message":"⌛ Validating EXAMEN-Wollok/example.wlk","timeElapsed":148,"timestamp":"2026-09-23T13:01:26.035Z"}
{"level":"error","message":"✘ Completions for node Parameter ([7:18, 7:28] - EXAMEN-Wollok/example.wlk) failed: Error: [Parameter]{a1f458} at EXAMEN-Wollok/example.wlk:7 exhausted all cases without a match [Parameter]{a1f458} at EXAMEN-Wollok/example.wlk:7 exhausted all cases without a match","stack":"Error: [Parameter]{a1f458} at EXAMEN-Wollok/example.wlk:7 exhausted all cases without a match\n    at /home/tiaguinni/.vscode/extensions/uqbar.wollok-lsp-ide-0.5.5/out/server/src/server.js:38:6142\n    at L2 (/home/tiaguinni/.vscode/extensions/uqbar.wollok-lsp-ide-0.5.5/out/server/src/server.js:2421:42)\n    at /home/tiaguinni/.vscode/extensions/uqbar.wollok-lsp-ide-0.5.5/out/server/src/server.js:2421:2988\n    at /home/tiaguinni/.vscode/extensions/uqbar.wollok-lsp-ide-0.5.5/out/server/src/server.js:2430:8440\n    at /home/tiaguinni/.vscode/extensions/uqbar.wollok-lsp-ide-0.5.5/out/server/src/server.js:37:74872\n    at Ke (/home/tiaguinni/.vscode/extensions/uqbar.wollok-lsp-ide-0.5.5/out/server/src/server.js:7:8527)\n    at It (/home/tiaguinni/.vscode/extensions/uqbar.wollok-lsp-ide-0.5.5/out/server/src/server.js:7:6189)\n    at et (/home/tiaguinni/.vscode/extensions/uqbar.wollok-lsp-ide-0.5.5/out/server/src/server.js:7:6378)\n    at Immediate._onImmediate (/home/tiaguinni/.vscode/extensions/uqbar.wollok-lsp-ide-0.5.5/out/server/src/server.js:7:6142)\n    at process.processImmediate (node:internal/timers:504:21)","timestamp":"2026-09-23T13:01:26.100Z"}
{"level":"info","message":"⌛ Building environment","timeElapsed":126,"timestamp":"2026-09-23T13:02:36.226Z"}
{"level":"info","message":"⌛ Validating EXAMEN-Wollok/example.wlk","timeElapsed":142,"timestamp":"2026-09-23T13:02:36.374Z"}
{"level":"info","message":"⌛ Validating EXAMEN-Wollok/example.wlk","timeElapsed":144,"timestamp":"2026-09-23T13:02:36.766Z"}
{"level":"info","message":"⌛ Building environment","timeElapsed":106,"timestamp":"2026-09-23T13:02:36.905Z"}
{"level":"info","message":"⌛ Validating EXAMEN-Wollok/example.wlk","timeElapsed":209,"timestamp":"2026-09-23T13:02:37.116Z"}
{"level":"info","message":"⌛ Building environment","timeElapsed":160,"timestamp":"2026-09-23T13:02:37.277Z"}
{"level":"info","message":"⌛ Validating EXAMEN-Wollok/example.wlk","timeElapsed":147,"timestamp":"2026-09-23T13:02:37.523Z"}
{"level":"info","message":"⌛ Validating EXAMEN-Wollok/example.wlk","timeElapsed":140,"timestamp":"2026-09-23T13:02:37.665Z"}
{"level":"info","message":"⌛ Building environment","timeElapsed":104,"timestamp":"2026-09-23T13:02:38.117Z"}
{"level":"info","message":"⌛ Validating EXAMEN-Wollok/example.wlk","timeElapsed":146,"timestamp":"2026-09-23T13:02:38.267Z"}
{"level":"info","message":"⌛ Validating EXAMEN-Wollok/example.wlk","timeElapsed":152,"timestamp":"2026-09-23T13:02:38.519Z"}
{"level":"info","message":"⌛ Building environment","timeElapsed":178,"timestamp":"2026-09-23T13:02:38.699Z"}
{"level":"info","message":"⌛ Validating EXAMEN-Wollok/example.wlk","timeElapsed":182,"timestamp":"2026-09-23T13:02:38.989Z"}
{"level":"info","message":"⌛ Validating EXAMEN-Wollok/example.wlk","timeElapsed":153,"timestamp":"2026-09-23T13:02:39.150Z"}
{"level":"info","message":"⌛ Validating EXAMEN-Wollok/example.wlk","timeElapsed":146,"timestamp":"2026-09-23T13:02:39.395Z"}
{"level":"info","message":"⌛ Building environment","timeElapsed":113,"timestamp":"2026-09-23T13:02:40.253Z"}
{"level":"info","message":"⌛ Validating EXAMEN-Wollok/example.wlk","timeElapsed":153,"timestamp":"2026-09-23T13:02:40.450Z"}
{"level":"info","message":"⌛ Building environment","timeElapsed":111,"timestamp":"2026-09-23T13:02:41.255Z"}
{"level":"info","message":"⌛ Validating EXAMEN-Wollok/example.wlk","timeElapsed":171,"timestamp":"2026-09-23T13:02:41.430Z"}
{"level":"info","message":"⌛ Validating EXAMEN-Wollok/example.wlk","timeElapsed":168,"timestamp":"2026-09-23T13:02:41.698Z"}
{"level":"info","message":"⌛ Building environment","timeElapsed":123,"timestamp":"2026-09-23T13:02:41.822Z"}
{"level":"info","message":"⌛ Validating EXAMEN-Wollok/example.wlk","timeElapsed":134,"timestamp":"2026-09-23T13:02:42.069Z"}
{"level":"info","message":"⌛ Building environment","timeElapsed":112,"timestamp":"2026-09-23T13:02:42.181Z"}
{"level":"info","message":"⌛ Validating EXAMEN-Wollok/example.wlk","timeElapsed":151,"timestamp":"2026-09-23T13:02:42.333Z"}
{"level":"info","message":"⌛ Building environment","timeElapsed":124,"timestamp":"2026-09-23T13:02:42.526Z"}
{"level":"info","message":"⌛ Validating EXAMEN-Wollok/example.wlk","timeElapsed":185,"timestamp":"2026-09-23T13:02:42.712Z"}
{"level":"info","message":"⌛ Validating EXAMEN-Wollok/example.wlk","timeElapsed":150,"timestamp":"2026-09-23T13:02:42.959Z"}
{"level":"info","message":"⌛ Validating EXAMEN-Wollok/example.wlk","timeElapsed":145,"timestamp":"2026-09-23T13:02:43.202Z"}
{"level":"info","message":"⌛ Validating EXAMEN-Wollok/example.wlk","timeElapsed":152,"timestamp":"2026-09-23T13:02:43.355Z"}
{"level":"info","message":"⌛ Building environment","timeElapsed":117,"timestamp":"2026-09-23T13:02:44.287Z"}
{"level":"info","message":"⌛ Validating EXAMEN-Wollok/example.wlk","timeElapsed":152,"timestamp":"2026-09-23T13:02:44.443Z"}
{"level":"info","message":"⌛ Building environment","timeElapsed":122,"timestamp":"2026-09-23T13:02:45.619Z"}
{"level":"info","message":"⌛ Validating EXAMEN-Wollok/example.wlk","timeElapsed":165,"timestamp":"2026-09-23T13:02:45.788Z"}
{"level":"info","message":"⌛ Building environment","timeElapsed":148,"timestamp":"2026-09-23T13:02:45.937Z"}
{"level":"info","message":"⌛ Building environment","timeElapsed":150,"timestamp":"2026-09-23T13:02:46.091Z"}
{"level":"info","message":"⌛ Validating EXAMEN-Wollok/example.wlk","timeElapsed":149,"timestamp":"2026-09-23T13:02:46.254Z"}
{"level":"info","message":"⌛ Validating EXAMEN-Wollok/example.wlk","timeElapsed":159,"timestamp":"2026-09-23T13:02:46.417Z"}
{"level":"info","message":"⌛ Building environment","timeElapsed":114,"timestamp":"2026-09-23T13:02:46.534Z"}
{"level":"info","message":"⌛ Validating EXAMEN-Wollok/example.wlk","timeElapsed":191,"timestamp":"2026-09-23T13:02:46.735Z"}
{"level":"info","message":"⌛ Building environment","timeElapsed":128,"timestamp":"2026-09-23T13:02:46.864Z"}
{"level":"info","message":"⌛ Validating EXAMEN-Wollok/example.wlk","timeElapsed":151,"timestamp":"2026-09-23T13:02:47.109Z"}
{"level":"info","message":"⌛ Validating EXAMEN-Wollok/example.wlk","timeElapsed":153,"timestamp":"2026-09-23T13:02:47.262Z"}
{"level":"info","message":"⌛ Validating EXAMEN-Wollok/example.wlk","timeElapsed":155,"timestamp":"2026-09-23T13:02:47.614Z"}
{"level":"info","message":"⌛ Validating EXAMEN-Wollok/example.wlk","timeElapsed":146,"timestamp":"2026-09-23T13:02:47.849Z"}
{"level":"info","message":"⌛ Validating EXAMEN-Wollok/example.wlk","timeElapsed":132,"timestamp":"2026-09-23T13:02:47.986Z"}
{"level":"info","message":"⌛ Building environment","timeElapsed":116,"timestamp":"2026-09-23T13:02:48.103Z"}
{"level":"info","message":"⌛ Building environment","timeElapsed":106,"timestamp":"2026-09-23T13:02:48.310Z"}
{"level":"info","message":"⌛ Validating EXAMEN-Wollok/example.wlk","timeElapsed":143,"timestamp":"2026-09-23T13:02:48.465Z"}
{"level":"info","message":"⌛ Validating EXAMEN-Wollok/example.wlk","timeElapsed":176,"timestamp":"2026-09-23T13:02:48.642Z"}
{"level":"info","message":"⌛ Validating EXAMEN-Wollok/example.wlk","timeElapsed":138,"timestamp":"2026-09-23T13:02:48.883Z"}
{"level":"info","message":"⌛ Validating EXAMEN-Wollok/example.wlk","timeElapsed":137,"timestamp":"2026-09-23T13:02:49.021Z"}
{"level":"error","message":"✘ Completions for node Send ([11:5, 11:41] - EXAMEN-Wollok/example.wlk) failed: Error: [Send]{31e27d} at EXAMEN-Wollok/example.wlk:11 exhausted all cases without a match [Send]{31e27d} at EXAMEN-Wollok/example.wlk:11 exhausted all cases without a match","stack":"Error: [Send]{31e27d} at EXAMEN-Wollok/example.wlk:11 exhausted all cases without a match\n    at /home/tiaguinni/.vscode/extensions/uqbar.wollok-lsp-ide-0.5.5/out/server/src/server.js:38:6142\n    at L2 (/home/tiaguinni/.vscode/extensions/uqbar.wollok-lsp-ide-0.5.5/out/server/src/server.js:2421:42)\n    at Jh (/home/tiaguinni/.vscode/extensions/uqbar.wollok-lsp-ide-0.5.5/out/server/src/server.js:2421:1092)\n    at w5n (/home/tiaguinni/.vscode/extensions/uqbar.wollok-lsp-ide-0.5.5/out/server/src/server.js:2421:1248)\n    at /home/tiaguinni/.vscode/extensions/uqbar.wollok-lsp-ide-0.5.5/out/server/src/server.js:38:6131\n    at L2 (/home/tiaguinni/.vscode/extensions/uqbar.wollok-lsp-ide-0.5.5/out/server/src/server.js:2421:42)\n    at /home/tiaguinni/.vscode/extensions/uqbar.wollok-lsp-ide-0.5.5/out/server/src/server.js:2421:2988\n    at /home/tiaguinni/.vscode/extensions/uqbar.wollok-lsp-ide-0.5.5/out/server/src/server.js:2430:8440\n    at /home/tiaguinni/.vscode/extensions/uqbar.wollok-lsp-ide-0.5.5/out/server/src/server.js:37:74872\n    at Ke (/home/tiaguinni/.vscode/extensions/uqbar.wollok-lsp-ide-0.5.5/out/server/src/server.js:7:8527)","timestamp":"2026-09-23T13:02:49.050Z"}
{"level":"info","message":"⌛ Building environment","timeElapsed":122,"timestamp":"2026-09-23T13:02:59.531Z"}
{"level":"info","message":"⌛ Validating EXAMEN-Wollok/example.wlk","timeElapsed":168,"timestamp":"2026-09-23T13:02:59.808Z"}
{"level":"info","message":"⌛ Validating EXAMEN-Wollok/example.wlk","timeElapsed":137,"timestamp":"2026-09-23T13:03:00.134Z"}
{"level":"info","message":"⌛ Validating EXAMEN-Wollok/example.wlk","timeElapsed":132,"timestamp":"2026-09-23T13:03:00.270Z"}
{"level":"error","message":"✘ Completions for node Parameter ([10:24, 10:27] - EXAMEN-Wollok/example.wlk) failed: Error: [Parameter]{686acb} at EXAMEN-Wollok/example.wlk:10 exhausted all cases without a match [Parameter]{686acb} at EXAMEN-Wollok/example.wlk:10 exhausted all cases without a match","stack":"Error: [Parameter]{686acb} at EXAMEN-Wollok/example.wlk:10 exhausted all cases without a match\n    at /home/tiaguinni/.vscode/extensions/uqbar.wollok-lsp-ide-0.5.5/out/server/src/server.js:38:6142\n    at L2 (/home/tiaguinni/.vscode/extensions/uqbar.wollok-lsp-ide-0.5.5/out/server/src/server.js:2421:42)\n    at /home/tiaguinni/.vscode/extensions/uqbar.wollok-lsp-ide-0.5.5/out/server/src/server.js:2421:2988\n    at /home/tiaguinni/.vscode/extensions/uqbar.wollok-lsp-ide-0.5.5/out/server/src/server.js:2430:8440\n    at /home/tiaguinni/.vscode/extensions/uqbar.wollok-lsp-ide-0.5.5/out/server/src/server.js:37:74872\n    at Ke (/home/tiaguinni/.vscode/extensions/uqbar.wollok-lsp-ide-0.5.5/out/server/src/server.js:7:8527)\n    at It (/home/tiaguinni/.vscode/extensions/uqbar.wollok-lsp-ide-0.5.5/out/server/src/server.js:7:6189)\n    at et (/home/tiaguinni/.vscode/extensions/uqbar.wollok-lsp-ide-0.5.5/out/server/src/server.js:7:6378)\n    at Immediate._onImmediate (/home/tiaguinni/.vscode/extensions/uqbar.wollok-lsp-ide-0.5.5/out/server/src/server.js:7:6142)\n    at process.processImmediate (node:internal/timers:504:21)","timestamp":"2026-09-23T13:03:00.501Z"}
{"level":"info","message":"⌛ Validating EXAMEN-Wollok/example.wlk","timeElapsed":170,"timestamp":"2026-09-23T13:03:00.775Z"}
{"level":"info","message":"⌛ Building environment","timeElapsed":151,"timestamp":"2026-09-23T13:03:00.926Z"}
{"level":"info","message":"⌛ Building environment","timeElapsed":149,"timestamp":"2026-09-23T13:03:01.075Z"}
{"level":"info","message":"⌛ Validating EXAMEN-Wollok/example.wlk","timeElapsed":162,"timestamp":"2026-09-23T13:03:01.237Z"}
{"level":"info","message":"⌛ Validating EXAMEN-Wollok/example.wlk","timeElapsed":154,"timestamp":"2026-09-23T13:03:01.397Z"}
{"level":"info","message":"⌛ Building environment","timeElapsed":125,"timestamp":"2026-09-23T13:03:01.522Z"}
{"level":"info","message":"⌛ Validating EXAMEN-Wollok/example.wlk","timeElapsed":210,"timestamp":"2026-09-23T13:03:01.925Z"}
{"level":"info","message":"⌛ Building environment","timeElapsed":116,"timestamp":"2026-09-23T13:03:02.042Z"}
{"level":"info","message":"⌛ Validating EXAMEN-Wollok/example.wlk","timeElapsed":154,"timestamp":"2026-09-23T13:03:02.196Z"}
{"level":"info","message":"⌛ Validating EXAMEN-Wollok/example.wlk","timeElapsed":133,"timestamp":"2026-09-23T13:03:02.335Z"}
{"level":"info","message":"⌛ Validating EXAMEN-Wollok/example.wlk","timeElapsed":139,"timestamp":"2026-09-23T13:03:02.738Z"}
{"level":"info","message":"⌛ Validating EXAMEN-Wollok/example.wlk","timeElapsed":172,"timestamp":"2026-09-23T13:03:02.916Z"}
{"level":"info","message":"⌛ Validating EXAMEN-Wollok/example.wlk","timeElapsed":241,"timestamp":"2026-09-23T13:03:03.158Z"}
{"level":"info","message":"⌛ Validating EXAMEN-Wollok/example.wlk","timeElapsed":148,"timestamp":"2026-09-23T13:03:03.308Z"}
{"level":"error","message":"✘ Completions for node Parameter ([10:24, 10:37] - EXAMEN-Wollok/example.wlk) failed: Error: [Parameter]{394967} at EXAMEN-Wollok/example.wlk:10 exhausted all cases without a match [Parameter]{394967} at EXAMEN-Wollok/example.wlk:10 exhausted all cases without a match","stack":"Error: [Parameter]{394967} at EXAMEN-Wollok/example.wlk:10 exhausted all cases without a match\n    at /home/tiaguinni/.vscode/extensions/uqbar.wollok-lsp-ide-0.5.5/out/server/src/server.js:38:6142\n    at L2 (/home/tiaguinni/.vscode/extensions/uqbar.wollok-lsp-ide-0.5.5/out/server/src/server.js:2421:42)\n    at /home/tiaguinni/.vscode/extensions/uqbar.wollok-lsp-ide-0.5.5/out/server/src/server.js:2421:2988\n    at /home/tiaguinni/.vscode/extensions/uqbar.wollok-lsp-ide-0.5.5/out/server/src/server.js:2430:8440\n    at /home/tiaguinni/.vscode/extensions/uqbar.wollok-lsp-ide-0.5.5/out/server/src/server.js:37:74872\n    at Ke (/home/tiaguinni/.vscode/extensions/uqbar.wollok-lsp-ide-0.5.5/out/server/src/server.js:7:8527)\n    at It (/home/tiaguinni/.vscode/extensions/uqbar.wollok-lsp-ide-0.5.5/out/server/src/server.js:7:6189)\n    at et (/home/tiaguinni/.vscode/extensions/uqbar.wollok-lsp-ide-0.5.5/out/server/src/server.js:7:6378)\n    at Immediate._onImmediate (/home/tiaguinni/.vscode/extensions/uqbar.wollok-lsp-ide-0.5.5/out/server/src/server.js:7:6142)\n    at process.processImmediate (node:internal/timers:504:21)","timestamp":"2026-09-23T13:03:03.329Z"}
{"level":"info","message":"⌛ Building environment","timeElapsed":166,"timestamp":"2026-09-23T13:04:22.430Z"}
{"level":"info","message":"⌛ Building environment","timeElapsed":155,"timestamp":"2026-09-23T13:04:22.588Z"}
{"level":"info","message":"⌛ Validating EXAMEN-Wollok/testExample.wtest","timeElapsed":153,"timestamp":"2026-09-23T13:04:22.742Z"}
{"level":"info","message":"⌛ Validating EXAMEN-Wollok/testExample.wtest","timeElapsed":182,"timestamp":"2026-09-23T13:04:22.930Z"}
{"level":"info","message":"⌛ Building environment","timeElapsed":101,"timestamp":"2026-09-23T13:04:23.033Z"}
{"level":"info","message":"⌛ Building environment","timeElapsed":104,"timestamp":"2026-09-23T13:04:23.138Z"}
{"level":"info","message":"⌛ Validating EXAMEN-Wollok/testExample.wtest","timeElapsed":169,"timestamp":"2026-09-23T13:04:23.308Z"}
{"level":"info","message":"⌛ Validating EXAMEN-Wollok/testExample.wtest","timeElapsed":199,"timestamp":"2026-09-23T13:04:23.510Z"}
{"level":"info","message":"⌛ Building environment","timeElapsed":112,"timestamp":"2026-09-23T13:04:23.623Z"}
{"level":"info","message":"⌛ Validating EXAMEN-Wollok/testExample.wtest","timeElapsed":142,"timestamp":"2026-09-23T13:04:23.857Z"}
{"level":"info","message":"⌛ Validating EXAMEN-Wollok/testExample.wtest","timeElapsed":150,"timestamp":"2026-09-23T13:04:24.007Z"}
{"level":"info","message":"⌛ Building environment","timeElapsed":106,"timestamp":"2026-09-23T13:04:24.122Z"}
{"level":"info","message":"⌛ Validating EXAMEN-Wollok/testExample.wtest","timeElapsed":143,"timestamp":"2026-09-23T13:04:24.268Z"}
{"level":"error","message":"✘ Completions for node Send ([6:17, 6:45] - EXAMEN-Wollok/testExample.wtest) failed: Error: [Send]{92dc50} at EXAMEN-Wollok/testExample.wtest:6 exhausted all cases without a match [Send]{92dc50} at EXAMEN-Wollok/testExample.wtest:6 exhausted all cases without a match","stack":"Error: [Send]{92dc50} at EXAMEN-Wollok/testExample.wtest:6 exhausted all cases without a match\n    at /home/tiaguinni/.vscode/extensions/uqbar.wollok-lsp-ide-0.5.5/out/server/src/server.js:38:6142\n    at L2 (/home/tiaguinni/.vscode/extensions/uqbar.wollok-lsp-ide-0.5.5/out/server/src/server.js:2421:42)\n    at Jh (/home/tiaguinni/.vscode/extensions/uqbar.wollok-lsp-ide-0.5.5/out/server/src/server.js:2421:1092)\n    at w5n (/home/tiaguinni/.vscode/extensions/uqbar.wollok-lsp-ide-0.5.5/out/server/src/server.js:2421:1248)\n    at /home/tiaguinni/.vscode/extensions/uqbar.wollok-lsp-ide-0.5.5/out/server/src/server.js:38:6131\n    at L2 (/home/tiaguinni/.vscode/extensions/uqbar.wollok-lsp-ide-0.5.5/out/server/src/server.js:2421:42)\n    at /home/tiaguinni/.vscode/extensions/uqbar.wollok-lsp-ide-0.5.5/out/server/src/server.js:2421:2988\n    at /home/tiaguinni/.vscode/extensions/uqbar.wollok-lsp-ide-0.5.5/out/server/src/server.js:2430:8440\n    at /home/tiaguinni/.vscode/extensions/uqbar.wollok-lsp-ide-0.5.5/out/server/src/server.js:37:74872\n    at Ke (/home/tiaguinni/.vscode/extensions/uqbar.wollok-lsp-ide-0.5.5/out/server/src/server.js:7:8527)","timestamp":"2026-09-23T13:04:24.811Z"}
{"level":"error","message":"✘ Completions for node Send ([6:5, 6:46] - EXAMEN-Wollok/testExample.wtest) failed: Error: [Send]{b0723d} at EXAMEN-Wollok/testExample.wtest:6 exhausted all cases without a match [Send]{b0723d} at EXAMEN-Wollok/testExample.wtest:6 exhausted all cases without a match","stack":"Error: [Send]{b0723d} at EXAMEN-Wollok/testExample.wtest:6 exhausted all cases without a match\n    at /home/tiaguinni/.vscode/extensions/uqbar.wollok-lsp-ide-0.5.5/out/server/src/server.js:38:6142\n    at L2 (/home/tiaguinni/.vscode/extensions/uqbar.wollok-lsp-ide-0.5.5/out/server/src/server.js:2421:42)\n    at Jh (/home/tiaguinni/.vscode/extensions/uqbar.wollok-lsp-ide-0.5.5/out/server/src/server.js:2421:1092)\n    at L2 (/home/tiaguinni/.vscode/extensions/uqbar.wollok-lsp-ide-0.5.5/out/server/src/server.js:2421:544)\n    at Jh (/home/tiaguinni/.vscode/extensions/uqbar.wollok-lsp-ide-0.5.5/out/server/src/server.js:2421:1092)\n    at w5n (/home/tiaguinni/.vscode/extensions/uqbar.wollok-lsp-ide-0.5.5/out/server/src/server.js:2421:1248)\n    at /home/tiaguinni/.vscode/extensions/uqbar.wollok-lsp-ide-0.5.5/out/server/src/server.js:38:6131\n    at L2 (/home/tiaguinni/.vscode/extensions/uqbar.wollok-lsp-ide-0.5.5/out/server/src/server.js:2421:42)\n    at /home/tiaguinni/.vscode/extensions/uqbar.wollok-lsp-ide-0.5.5/out/server/src/server.js:2421:2988\n    at /home/tiaguinni/.vscode/extensions/uqbar.wollok-lsp-ide-0.5.5/out/server/src/server.js:2430:8440","timestamp":"2026-09-23T13:04:24.811Z"}
{"level":"info","message":"⌛ Building environment","timeElapsed":126,"timestamp":"2026-09-23T13:04:25.283Z"}
{"level":"info","message":"⌛ Validating EXAMEN-Wollok/testExample.wtest","timeElapsed":141,"timestamp":"2026-09-23T13:04:25.429Z"}
{"level":"info","message":"⌛ Building environment","timeElapsed":148,"timestamp":"2026-09-23T13:04:25.900Z"}
{"level":"info","message":"⌛ Validating EXAMEN-Wollok/testExample.wtest","timeElapsed":217,"timestamp":"2026-09-23T13:04:26.125Z"}
{"level":"info","message":"⌛ Building environment","timeElapsed":134,"timestamp":"2026-09-23T13:04:26.260Z"}
{"level":"info","message":"⌛ Validating EXAMEN-Wollok/testExample.wtest","timeElapsed":133,"timestamp":"2026-09-23T13:04:26.399Z"}
{"level":"info","message":"⌛ Validating EXAMEN-Wollok/testExample.wtest","timeElapsed":139,"timestamp":"2026-09-23T13:04:31.570Z"}
{"level":"info","message":"⌛ Validating EXAMEN-Wollok/testExample.wtest","timeElapsed":145,"timestamp":"2026-09-23T13:04:31.887Z"}
{"level":"info","message":"⌛ Building environment","timeElapsed":167,"timestamp":"2026-09-23T13:04:32.062Z"}
{"level":"info","message":"⌛ Validating EXAMEN-Wollok/testExample.wtest","timeElapsed":225,"timestamp":"2026-09-23T13:04:32.291Z"}
{"level":"info","message":"⌛ Building environment","timeElapsed":204,"timestamp":"2026-09-23T13:04:32.495Z"}
{"level":"info","message":"⌛ Building environment","timeElapsed":140,"timestamp":"2026-09-23T13:04:32.636Z"}
{"level":"error","message":"✘ Failed to rebuild document Failed to parse EXAMEN-Wollok/testExample.wtest: \n-- PARSING FAILED --------------------------------------------------\n\n  3 | test \"Dr casa - Temporada 1\" {\n  4 |   test \"frank contrae una malaria de 800celulas\"\n> 5 |     frank.contrae(malaria800)\n    |     ^\n  6 |     assert.that(frank.estaEnfermoDe(malaria800))\n  7 | }\n\nExpected one of the following: \n\n'@', '{', '}', comment, whitespace\n","stack":"Error: Failed to parse EXAMEN-Wollok/testExample.wtest: \n-- PARSING FAILED --------------------------------------------------\n\n  3 | test \"Dr casa - Temporada 1\" {\n  4 |   test \"frank contrae una malaria de 800celulas\"\n> 5 |     frank.contrae(malaria800)\n    |     ^\n  6 |     assert.that(frank.estaEnfermoDe(malaria800))\n  7 | }\n\nExpected one of the following: \n\n'@', '{', '}', comment, whitespace\n\n    at /home/tiaguinni/.vscode/extensions/uqbar.wollok-lsp-ide-0.5.5/out/server/src/server.js:2385:13026\n    at Array.map (<anonymous>)\n    at z1n (/home/tiaguinni/.vscode/extensions/uqbar.wollok-lsp-ide-0.5.5/out/server/src/server.js:2385:12950)\n    at H2.buildEnvironmentFrom (/home/tiaguinni/.vscode/extensions/uqbar.wollok-lsp-ide-0.5.5/out/server/src/server.js:2430:5254)\n    at H2.updateEnvironmentWith (/home/tiaguinni/.vscode/extensions/uqbar.wollok-lsp-ide-0.5.5/out/server/src/server.js:2430:4989)\n    at QF (/home/tiaguinni/.vscode/extensions/uqbar.wollok-lsp-ide-0.5.5/out/server/src/server.js:2430:7383)\n    at V3.invoke (/home/tiaguinni/.vscode/extensions/uqbar.wollok-lsp-ide-0.5.5/out/server/src/server.js:3:157330)\n    at o.fire (/home/tiaguinni/.vscode/extensions/uqbar.wollok-lsp-ide-0.5.5/out/server/src/server.js:3:158100)\n    at /home/tiaguinni/.vscode/extensions/uqbar.wollok-lsp-ide-0.5.5/out/server/src/server.js:37:57871\n    at nd (/home/tiaguinni/.vscode/extensions/uqbar.wollok-lsp-ide-0.5.5/out/server/src/server.js:8:1561)","timestamp":"2026-09-23T13:04:32.641Z"}
{"level":"info","message":"⌛ Validating EXAMEN-Wollok/testExample.wtest","timeElapsed":170,"timestamp":"2026-09-23T13:04:32.812Z"}
{"level":"info","message":"⌛ Validating EXAMEN-Wollok/testExample.wtest","timeElapsed":146,"timestamp":"2026-09-23T13:04:32.960Z"}
{"level":"error","message":"✘ Failed to rebuild document Failed to parse EXAMEN-Wollok/testExample.wtest: \n-- PARSING FAILED --------------------------------------------------\n\n  3 | test \"Dr casa - Temporada 1\" {\n  4 |   test \"frank contrae una malaria de 800celulas\"\n> 5 |     frank.contrae(malaria800)\n    |     ^\n  6 |     assert.that(frank.estaEnfermoDe(malaria800))\n  7 | }\n\nExpected one of the following: \n\n'@', '{', '}', comment, whitespace\n","stack":"Error: Failed to parse EXAMEN-Wollok/testExample.wtest: \n-- PARSING FAILED --------------------------------------------------\n\n  3 | test \"Dr casa - Temporada 1\" {\n  4 |   test \"frank contrae una malaria de 800celulas\"\n> 5 |     frank.contrae(malaria800)\n    |     ^\n  6 |     assert.that(frank.estaEnfermoDe(malaria800))\n  7 | }\n\nExpected one of the following: \n\n'@', '{', '}', comment, whitespace\n\n    at /home/tiaguinni/.vscode/extensions/uqbar.wollok-lsp-ide-0.5.5/out/server/src/server.js:2385:13026\n    at Array.map (<anonymous>)\n    at z1n (/home/tiaguinni/.vscode/extensions/uqbar.wollok-lsp-ide-0.5.5/out/server/src/server.js:2385:12950)\n    at H2.buildEnvironmentFrom (/home/tiaguinni/.vscode/extensions/uqbar.wollok-lsp-ide-0.5.5/out/server/src/server.js:2430:5254)\n    at H2.updateEnvironmentWith (/home/tiaguinni/.vscode/extensions/uqbar.wollok-lsp-ide-0.5.5/out/server/src/server.js:2430:4989)\n    at QF (/home/tiaguinni/.vscode/extensions/uqbar.wollok-lsp-ide-0.5.5/out/server/src/server.js:2430:7383)\n    at V3.invoke (/home/tiaguinni/.vscode/extensions/uqbar.wollok-lsp-ide-0.5.5/out/server/src/server.js:3:157330)\n    at o.fire (/home/tiaguinni/.vscode/extensions/uqbar.wollok-lsp-ide-0.5.5/out/server/src/server.js:3:158100)\n    at /home/tiaguinni/.vscode/extensions/uqbar.wollok-lsp-ide-0.5.5/out/server/src/server.js:37:57871\n    at nd (/home/tiaguinni/.vscode/extensions/uqbar.wollok-lsp-ide-0.5.5/out/server/src/server.js:8:1561)","timestamp":"2026-09-23T13:04:32.998Z"}
{"level":"info","message":"⌛ Building environment","timeElapsed":110,"timestamp":"2026-09-23T13:04:36.964Z"}
{"level":"info","message":"⌛ Validating EXAMEN-Wollok/testExample.wtest","timeElapsed":151,"timestamp":"2026-09-23T13:04:37.117Z"}
{"level":"info","message":"⌛ Building environment","timeElapsed":113,"timestamp":"2026-09-23T13:04:38.190Z"}
{"level":"info","message":"⌛ Validating EXAMEN-Wollok/testExample.wtest","timeElapsed":167,"timestamp":"2026-09-23T13:04:38.362Z"}
{"level":"info","message":"⌛ Validating EXAMEN-Wollok/testExample.wtest","timeElapsed":175,"timestamp":"2026-09-23T13:04:38.641Z"}
{"level":"info","message":"⌛ Validating EXAMEN-Wollok/testExample.wtest","timeElapsed":140,"timestamp":"2026-09-23T13:04:38.875Z"}
{"level":"info","message":"⌛ Building environment","timeElapsed":108,"timestamp":"2026-09-23T13:04:39.567Z"}
{"level":"info","message":"⌛ Validating EXAMEN-Wollok/testExample.wtest","timeElapsed":156,"timestamp":"2026-09-23T13:04:39.726Z"}
{"level":"info","message":"⌛ Building environment","timeElapsed":125,"timestamp":"2026-09-23T13:04:39.852Z"}
{"level":"info","message":"⌛ Validating EXAMEN-Wollok/testExample.wtest","timeElapsed":161,"timestamp":"2026-09-23T13:04:40.020Z"}
{"level":"info","message":"⌛ Building environment","timeElapsed":150,"timestamp":"2026-09-23T13:04:40.172Z"}
{"level":"info","message":"⌛ Validating EXAMEN-Wollok/testExample.wtest","timeElapsed":158,"timestamp":"2026-09-23T13:04:40.336Z"}
{"level":"error","message":"✘ Failed to rebuild document Failed to parse EXAMEN-Wollok/testExample.wtest: \n-- PARSING FAILED --------------------------------------------------\n\n  3 | test \"Dr casa - Temporada 1\" {\n  4 |   test \"frank contrae una malaria de 800celulas\"\n> 5 |     frank.contrae(malaria800)\n    |     ^\n  6 |     assert.that(frank.estaEnfermoDe(malaria800))\n  7 | }\n\nExpected one of the following: \n\n'@', '{', '}', comment, whitespace\n","stack":"Error: Failed to parse EXAMEN-Wollok/testExample.wtest: \n-- PARSING FAILED --------------------------------------------------\n\n  3 | test \"Dr casa - Temporada 1\" {\n  4 |   test \"frank contrae una malaria de 800celulas\"\n> 5 |     frank.contrae(malaria800)\n    |     ^\n  6 |     assert.that(frank.estaEnfermoDe(malaria800))\n  7 | }\n\nExpected one of the following: \n\n'@', '{', '}', comment, whitespace\n\n    at /home/tiaguinni/.vscode/extensions/uqbar.wollok-lsp-ide-0.5.5/out/server/src/server.js:2385:13026\n    at Array.map (<anonymous>)\n    at z1n (/home/tiaguinni/.vscode/extensions/uqbar.wollok-lsp-ide-0.5.5/out/server/src/server.js:2385:12950)\n    at H2.buildEnvironmentFrom (/home/tiaguinni/.vscode/extensions/uqbar.wollok-lsp-ide-0.5.5/out/server/src/server.js:2430:5254)\n    at H2.updateEnvironmentWith (/home/tiaguinni/.vscode/extensions/uqbar.wollok-lsp-ide-0.5.5/out/server/src/server.js:2430:4989)\n    at QF (/home/tiaguinni/.vscode/extensions/uqbar.wollok-lsp-ide-0.5.5/out/server/src/server.js:2430:7383)\n    at V3.invoke (/home/tiaguinni/.vscode/extensions/uqbar.wollok-lsp-ide-0.5.5/out/server/src/server.js:3:157330)\n    at o.fire (/home/tiaguinni/.vscode/extensions/uqbar.wollok-lsp-ide-0.5.5/out/server/src/server.js:3:158100)\n    at /home/tiaguinni/.vscode/extensions/uqbar.wollok-lsp-ide-0.5.5/out/server/src/server.js:37:57871\n    at nd (/home/tiaguinni/.vscode/extensions/uqbar.wollok-lsp-ide-0.5.5/out/server/src/server.js:8:1561)","timestamp":"2026-09-23T13:04:42.405Z"}
{"level":"info","message":"⌛ Building environment","timeElapsed":108,"timestamp":"2026-09-23T13:04:42.891Z"}
{"level":"info","message":"⌛ Validating EXAMEN-Wollok/testExample.wtest","timeElapsed":149,"timestamp":"2026-09-23T13:04:43.045Z"}
{"level":"info","message":"⌛ Validating EXAMEN-Wollok/testExample.wtest","timeElapsed":148,"timestamp":"2026-09-23T13:04:43.460Z"}
{"level":"info","message":"⌛ Building environment","timeElapsed":101,"timestamp":"2026-09-23T13:04:43.603Z"}
{"level":"info","message":"⌛ Validating EXAMEN-Wollok/testExample.wtest","timeElapsed":152,"timestamp":"2026-09-23T13:04:43.759Z"}
{"level":"info","message":"⌛ Building environment","timeElapsed":117,"timestamp":"2026-09-23T13:04:45.274Z"}
{"level":"info","message":"⌛ Validating EXAMEN-Wollok/testExample.wtest","timeElapsed":142,"timestamp":"2026-09-23T13:04:45.420Z"}
{"level":"info","message":"⌛ Building environment","timeElapsed":105,"timestamp":"2026-09-23T13:04:45.716Z"}
{"level":"info","message":"⌛ Validating EXAMEN-Wollok/testExample.wtest","timeElapsed":146,"timestamp":"2026-09-23T13:04:45.865Z"}
{"level":"info","message":"⌛ Building environment","timeElapsed":117,"timestamp":"2026-09-23T13:04:46.859Z"}
{"level":"info","message":"⌛ Validating EXAMEN-Wollok/testExample.wtest","timeElapsed":141,"timestamp":"2026-09-23T13:04:47.002Z"}
{"level":"info","message":"⌛ Building environment","timeElapsed":135,"timestamp":"2026-09-23T13:05:16.372Z"}
{"level":"info","message":"⌛ Validating nombreRandom/nombreRandom.wlk","timeElapsed":175,"timestamp":"2026-09-23T13:05:16.580Z"}
{"level":"info","message":"⌛ Building environment","timeElapsed":148,"timestamp":"2026-09-23T13:05:32.811Z"}
{"level":"info","message":"⌛ Validating EXAMEN-Wollok/testExample.wtest","timeElapsed":142,"timestamp":"2026-09-23T13:05:32.958Z"}
{"level":"info","message":"⌛ Building environment","timeElapsed":109,"timestamp":"2026-09-23T13:05:33.334Z"}
{"level":"info","message":"⌛ Validating EXAMEN-Wollok/testExample.wtest","timeElapsed":148,"timestamp":"2026-09-23T13:05:33.485Z"}
{"level":"info","message":"⌛ Building environment","timeElapsed":121,"timestamp":"2026-09-23T13:05:33.818Z"}
{"level":"info","message":"⌛ Validating EXAMEN-Wollok/testExample.wtest","timeElapsed":151,"timestamp":"2026-09-23T13:05:33.973Z"}
{"level":"info","message":"⌛ Validating EXAMEN-Wollok/testExample.wtest","timeElapsed":163,"timestamp":"2026-09-23T13:05:34.901Z"}
{"level":"error","message":"✘ Failed to get type description: Error: Failed to print, found malformed node Failed to print, found malformed node","node":{"fileName":"EXAMEN-Wollok/testExample.wtest","id":"16253966-f01a-4bd8-b792-83899dea8309","imports":[{"entity":{"id":"e8040cc1-6ca4-43be-b22e-bbb7d03204ce","metadata":[],"name":"src.example.wlk","scope":{"containerScope":{"containerScope":{"containerScope":{"contributions":{},"includedScopes":[]},"contributions":{},"includedScopes":[]},"contributions":{},"includedScopes":[]},"contributions":{},"includedScopes":[]},"sourceMap":{"end":{"column":23,"line":1,"offset":22},"start":{"column":8,"line":1,"offset":7}}},"id":"0b8fd73b-4d25-4ca2-9c0e-1db3c6c9ae4a","isGeneric":false,"metadata":[],"scope":{"containerScope":{"containerScope":{"contributions":{},"includedScopes":[]},"contributions":{},"includedScopes":[]},"contributions":{},"includedScopes":[]},"sourceMap":{"end":{"column":23,"line":1,"offset":22},"start":{"column":1,"line":1,"offset":0}}}],"members":[{"body":{"id":"5f02eb8d-7d7c-40a6-b754-6c177b8b6e54","metadata":[],"problems":[],"scope":{"containerScope":{"containerScope":{"containerScope":{"containerScope":{"contributions":{},"includedScopes":[]},"contributions":{},"includedScopes":[]},"contributions":{},"includedScopes":[]},"contributions":{},"includedScopes":[]},"contributions":{},"includedScopes":[]},"sentences":[{"id":"20a5aa61-3891-4f23-96bb-b0f69037aed6","metadata":[],"name":"test","scope":{"containerScope":{"containerScope":{"containerScope":{"containerScope":{"containerScope":{"contributions":{},"includedScopes":[]},"contributions":{},"includedScopes":[]},"contributions":{},"includedScopes":[]},"contributions":{},"includedScopes":[]},"contributions":{},"includedScopes":[]},"contributions":{},"includedScopes":[]},"sourceMap":{"end":{"column":7,"line":4,"offset":62},"start":{"column":3,"line":4,"offset":58}}},{"id":"f93fdd32-0001-43e9-a6e2-9c0fb22b3473","metadata":[],"scope":{"containerScope":{"containerScope":{"containerScope":{"containerScope":{"containerScope":{"contributions":{},"includedScopes":[]},"contributions":{},"includedScopes":[]},"contributions":{},"includedScopes":[]},"contributions":{},"includedScopes":[]},"contributions":{},"includedScopes":[]},"contributions":{},"includedScopes":[]},"sourceMap":{"end":{"column":49,"line":4,"offset":104},"start":{"column":8,"line":4,"offset":63}},"value":"frank contrae una malaria de 800celulas"},{"args":[{"id":"d0be6e3b-76f7-4508-9f37-dc0a08dbc01a","metadata":[],"name":"malaria800","scope":{"containerScope":{"containerScope":{"containerScope":{"containerScope":{"containerScope":{"containerScope":{"contributions":{},"includedScopes":[]},"contributions":{},"includedScopes":[]},"contributions":{},"includedScopes":[]},"contributions":{},"includedScopes":[]},"contributions":{},"includedScopes":[]},"contributions":{},"includedScopes":[]},"contributions":{},"includedScopes":[]},"sourceMap":{"end":{"column":29,"line":5,"offset":133},"start":{"column":19,"line":5,"offset":123}}}],"id":"77c3b15a-cf6e-4424-83df-ee8dbd28b276","message":"contrae","metadata":[],"receiver":{"id":"f320501a-4685-448f-9878-68a0dfb02295","metadata":[],"name":"frank","scope":{"containerScope":{"containerScope":{"containerScope":{"containerScope":{"containerScope":{"containerScope":{"contributions":{},"includedScopes":[]},"contributions":{},"includedScopes":[]},"contributions":{},"includedScopes":[]},"contributions":{},"includedScopes":[]},"contributions":{},"includedScopes":[]},"contributions":{},"includedScopes":[]},"contributions":{},"includedScopes":[]},"sourceMap":{"end":{"column":10,"line":5,"offset":114},"start":{"column":5,"line":5,"offset":109}}},"scope":{"containerScope":{"containerScope":{"containerScope":{"containerScope":{"containerScope":{"contributions":{},"includedScopes":[]},"contributions":{},"includedScopes":[]},"contributions":{},"includedScopes":[]},"contributions":{},"includedScopes":[]},"contributions":{},"includedScopes":[]},"contributions":{},"includedScopes":[]},"sourceMap":{"end":{"column":30,"line":5,"offset":134},"start":{"column":5,"line":5,"offset":109}}},{"args":[{"args":[{"id":"38395dd9-817f-4b1a-93e0-dd45de9d8555","metadata":[],"name":"malaria800","scope":{"containerScope":{"containerScope":{"containerScope":{"containerScope":{"containerScope":{"containerScope":{"containerScope":{"contributions":{},"includedScopes":[]},"contributions":{},"includedScopes":[]},"contributions":{},"includedScopes":[]},"contributions":{},"includedScopes":[]},"contributions":{},"includedScopes":[]},"contributions":{},"includedScopes":[]},"contributions":{},"includedScopes":[]},"contributions":{},"includedScopes":[]},"sourceMap":{"end":{"column":47,"line":6,"offset":181},"start":{"column":37,"line":6,"offset":171}}}],"id":"49af760f-18bc-4bab-b32f-a8268921b4c9","message":"estaEnfermoDe","metadata":[],"receiver":{"id":"cccac4c8-9b7f-4f58-816c-c2c59cedc6ce","metadata":[],"name":"frank","scope":{"containerScope":{"containerScope":{"containerScope":{"containerScope":{"containerScope":{"containerScope":{"containerScope":{"contributions":{},"includedScopes":[]},"contributions":{},"includedScopes":[]},"contributions":{},"includedScopes":[]},"contributions":{},"includedScopes":[]},"contributions":{},"includedScopes":[]},"contributions":{},"includedScopes":[]},"contributions":{},"includedScopes":[]},"contributions":{},"includedScopes":[]},"sourceMap":{"end":{"column":22,"line":6,"offset":156},"start":{"column":17,"line":6,"offset":151}}},"scope":{"containerScope":{"containerScope":{"containerScope":{"containerScope":{"containerScope":{"containerScope":{"contributions":{},"includedScopes":[]},"contributions":{},"includedScopes":[]},"contributions":{},"includedScopes":[]},"contributions":{},"includedScopes":[]},"contributions":{},"includedScopes":[]},"contributions":{},"includedScopes":[]},"contributions":{},"includedScopes":[]},"sourceMap":{"end":{"column":48,"line":6,"offset":182},"start":{"column":17,"line":6,"offset":151}}}],"id":"0d424677-807f-4298-b4c2-de0361920685","message":"that","metadata":[],"receiver":{"id":"22e73908-0263-4dc0-aca0-43f7a10ef9c4","metadata":[],"name":"assert","scope":{"containerScope":{"containerScope":{"containerScope":{"containerScope":{"containerScope":{"containerScope":{"contributions":{},"includedScopes":[]},"contributions":{},"includedScopes":[]},"contributions":{},"includedScopes":[]},"contributions":{},"includedScopes":[]},"contributions":{},"includedScopes":[]},"contributions":{},"includedScopes":[]},"contributions":{},"includedScopes":[]},"sourceMap":{"end":{"column":11,"line":6,"offset":145},"start":{"column":5,"line":6,"offset":139}}},"scope":{"containerScope":{"containerScope":{"containerScope":{"containerScope":{"containerScope":{"contributions":{},"includedScopes":[]},"contributions":{},"includedScopes":[]},"contributions":{},"includedScopes":[]},"contributions":{},"includedScopes":[]},"contributions":{},"includedScopes":[]},"contributions":{},"includedScopes":[]},"sourceMap":{"end":{"column":49,"line":6,"offset":183},"start":{"column":5,"line":6,"offset":139}}}],"sourceMap":{"end":{"column":2,"line":7,"offset":185},"start":{"column":30,"line":3,"offset":54}}},"id":"bd433a26-25ec-425d-bca2-8677e795b274","isOnly":false,"metadata":[],"name":"\"Dr casa - Temporada 1\"","scope":{"containerScope":{"containerScope":{"containerScope":{"contributions":{},"includedScopes":[]},"contributions":{},"includedScopes":[]},"contributions":{},"includedScopes":[]},"contributions":{},"includedScopes":[]},"sourceMap":{"end":{"column":2,"line":7,"offset":185},"start":{"column":1,"line":3,"offset":25}}}],"metadata":[],"name":"testExample","problems":[{"code":"malformedEntity","sourceMap":{"end":{"column":0,"line":2,"offset":23},"start":{"column":23,"line":1,"offset":22}}}],"scope":{"containerScope":{"containerScope":{"contributions":{},"includedScopes":[]},"contributions":{},"includedScopes":[]},"contributions":{},"includedScopes":[]}},"stack":"Error: Failed to print, found malformed node\n    at /home/tiaguinni/.vscode/extensions/uqbar.wollok-lsp-ide-0.5.5/out/server/src/server.js:68:3585\n    at Ybn (/home/tiaguinni/.vscode/extensions/uqbar.wollok-lsp-ide-0.5.5/out/server/src/server.js:68:3396)\n    at /home/tiaguinni/.vscode/extensions/uqbar.wollok-lsp-ide-0.5.5/out/server/src/server.js:2430:847\n    at /home/tiaguinni/.vscode/extensions/uqbar.wollok-lsp-ide-0.5.5/out/server/src/server.js:2430:8440\n    at /home/tiaguinni/.vscode/extensions/uqbar.wollok-lsp-ide-0.5.5/out/server/src/server.js:37:74770\n    at Ke (/home/tiaguinni/.vscode/extensions/uqbar.wollok-lsp-ide-0.5.5/out/server/src/server.js:7:8527)\n    at It (/home/tiaguinni/.vscode/extensions/uqbar.wollok-lsp-ide-0.5.5/out/server/src/server.js:7:6189)\n    at et (/home/tiaguinni/.vscode/extensions/uqbar.wollok-lsp-ide-0.5.5/out/server/src/server.js:7:6378)\n    at Immediate._onImmediate (/home/tiaguinni/.vscode/extensions/uqbar.wollok-lsp-ide-0.5.5/out/server/src/server.js:7:6142)\n    at process.processImmediate (node:internal/timers:504:21)","timestamp":"2026-09-23T13:05:36.020Z"}
{"level":"info","message":"⌛ Building environment","timeElapsed":135,"timestamp":"2026-09-23T13:06:45.364Z"}
{"level":"info","message":"⌛ Validating EXAMEN-Wollok/testExample.wtest","timeElapsed":185,"timestamp":"2026-09-23T13:06:45.554Z"}
{"level":"info","message":"⌛ Building environment","timeElapsed":138,"timestamp":"2026-09-23T13:06:48.733Z"}
{"level":"info","message":"⌛ Validating EXAMEN-Wollok/testExample.wtest","timeElapsed":146,"timestamp":"2026-09-23T13:06:48.881Z"}
{"level":"info","message":"⌛ Building environment","timeElapsed":108,"timestamp":"2026-09-23T13:06:49.064Z"}
{"level":"info","message":"⌛ Validating EXAMEN-Wollok/testExample.wtest","timeElapsed":134,"timestamp":"2026-09-23T13:06:49.203Z"}
{"level":"info","message":"⌛ Building environment","timeElapsed":104,"timestamp":"2026-09-23T13:06:49.579Z"}
{"level":"info","message":"⌛ Validating EXAMEN-Wollok/testExample.wtest","timeElapsed":159,"timestamp":"2026-09-23T13:06:49.742Z"}
{"level":"error","message":"✘ Failed to rebuild document Failed to parse EXAMEN-Wollok/testExample.wtest: \n-- PARSING FAILED --------------------------------------------------\n\nGot the end of the input\n\nExpected one of the following: \n\nstring literal, whitespace\n","stack":"Error: Failed to parse EXAMEN-Wollok/testExample.wtest: \n-- PARSING FAILED --------------------------------------------------\n\nGot the end of the input\n\nExpected one of the following: \n\nstring literal, whitespace\n\n    at /home/tiaguinni/.vscode/extensions/uqbar.wollok-lsp-ide-0.5.5/out/server/src/server.js:2385:13026\n    at Array.map (<anonymous>)\n    at z1n (/home/tiaguinni/.vscode/extensions/uqbar.wollok-lsp-ide-0.5.5/out/server/src/server.js:2385:12950)\n    at H2.buildEnvironmentFrom (/home/tiaguinni/.vscode/extensions/uqbar.wollok-lsp-ide-0.5.5/out/server/src/server.js:2430:5254)\n    at H2.updateEnvironmentWith (/home/tiaguinni/.vscode/extensions/uqbar.wollok-lsp-ide-0.5.5/out/server/src/server.js:2430:4989)\n    at QF (/home/tiaguinni/.vscode/extensions/uqbar.wollok-lsp-ide-0.5.5/out/server/src/server.js:2430:7383)\n    at V3.invoke (/home/tiaguinni/.vscode/extensions/uqbar.wollok-lsp-ide-0.5.5/out/server/src/server.js:3:157330)\n    at o.fire (/home/tiaguinni/.vscode/extensions/uqbar.wollok-lsp-ide-0.5.5/out/server/src/server.js:3:158100)\n    at /home/tiaguinni/.vscode/extensions/uqbar.wollok-lsp-ide-0.5.5/out/server/src/server.js:37:57871\n    at nd (/home/tiaguinni/.vscode/extensions/uqbar.wollok-lsp-ide-0.5.5/out/server/src/server.js:8:1561)","timestamp":"2026-09-23T13:06:49.769Z"}
{"level":"info","message":"⌛ Building environment","timeElapsed":125,"timestamp":"2026-09-23T13:06:50.907Z"}
{"level":"info","message":"⌛ Validating EXAMEN-Wollok/testExample.wtest","timeElapsed":198,"timestamp":"2026-09-23T13:06:51.134Z"}
{"level":"info","message":"⌛ Building environment","timeElapsed":116,"timestamp":"2026-09-23T13:06:51.253Z"}
{"level":"info","message":"⌛ Validating EXAMEN-Wollok/testExample.wtest","timeElapsed":157,"timestamp":"2026-09-23T13:06:51.567Z"}
{"level":"info","message":"⌛ Validating EXAMEN-Wollok/testExample.wtest","timeElapsed":176,"timestamp":"2026-09-23T13:06:51.743Z"}
{"level":"info","message":"⌛ Validating EXAMEN-Wollok/testExample.wtest","timeElapsed":142,"timestamp":"2026-09-23T13:06:51.970Z"}
{"level":"info","message":"⌛ Building environment","timeElapsed":158,"timestamp":"2026-09-23T13:06:53.891Z"}
{"level":"info","message":"⌛ Validating EXAMEN-Wollok/testExample.wtest","timeElapsed":138,"timestamp":"2026-09-23T13:06:54.038Z"}
{"level":"info","message":"⌛ Building environment","timeElapsed":112,"timestamp":"2026-09-23T13:06:54.691Z"}
{"level":"info","message":"⌛ Validating EXAMEN-Wollok/testExample.wtest","timeElapsed":147,"timestamp":"2026-09-23T13:06:54.842Z"}
{"level":"info","message":"⌛ Building environment","timeElapsed":109,"timestamp":"2026-09-23T13:06:55.372Z"}
{"level":"info","message":"⌛ Validating EXAMEN-Wollok/testExample.wtest","timeElapsed":145,"timestamp":"2026-09-23T13:06:55.521Z"}
{"level":"info","message":"⌛ Building environment","timeElapsed":116,"timestamp":"2026-09-23T13:06:55.638Z"}
{"level":"info","message":"⌛ Validating EXAMEN-Wollok/testExample.wtest","timeElapsed":168,"timestamp":"2026-09-23T13:06:55.914Z"}
{"level":"info","message":"⌛ Validating EXAMEN-Wollok/testExample.wtest","timeElapsed":152,"timestamp":"2026-09-23T13:06:56.066Z"}
{"level":"info","message":"⌛ Validating EXAMEN-Wollok/testExample.wtest","timeElapsed":133,"timestamp":"2026-09-23T13:06:56.289Z"}
{"level":"info","message":"⌛ Building environment","timeElapsed":158,"timestamp":"2026-09-23T13:06:56.921Z"}
{"level":"info","message":"⌛ Validating EXAMEN-Wollok/testExample.wtest","timeElapsed":255,"timestamp":"2026-09-23T13:06:57.182Z"}
{"level":"info","message":"⌛ Building environment","timeElapsed":109,"timestamp":"2026-09-23T13:06:57.629Z"}
{"level":"info","message":"⌛ Validating EXAMEN-Wollok/testExample.wtest","timeElapsed":158,"timestamp":"2026-09-23T13:06:57.791Z"}
{"level":"info","message":"⌛ Building environment","timeElapsed":168,"timestamp":"2026-09-23T13:07:02.740Z"}
{"level":"info","message":"⌛ Validating EXAMEN-Wollok/testExample.wtest","timeElapsed":160,"timestamp":"2026-09-23T13:07:03.003Z"}
{"level":"info","message":"⌛ Validating EXAMEN-Wollok/testExample.wtest","timeElapsed":225,"timestamp":"2026-09-23T13:07:03.229Z"}
{"level":"info","message":"⌛ Building environment","timeElapsed":119,"timestamp":"2026-09-23T13:07:03.355Z"}
{"level":"info","message":"⌛ Validating EXAMEN-Wollok/testExample.wtest","timeElapsed":157,"timestamp":"2026-09-23T13:07:03.524Z"}
{"level":"info","message":"⌛ Validating EXAMEN-Wollok/testExample.wtest","timeElapsed":161,"timestamp":"2026-09-23T13:07:03.872Z"}
{"level":"info","message":"⌛ Validating EXAMEN-Wollok/testExample.wtest","timeElapsed":131,"timestamp":"2026-09-23T13:07:04.004Z"}
{"level":"info","message":"⌛ Building environment","timeElapsed":123,"timestamp":"2026-09-23T13:07:04.198Z"}
{"level":"info","message":"⌛ Validating EXAMEN-Wollok/testExample.wtest","timeElapsed":151,"timestamp":"2026-09-23T13:07:04.354Z"}
{"level":"info","message":"⌛ Validating EXAMEN-Wollok/testExample.wtest","timeElapsed":192,"timestamp":"2026-09-23T13:07:04.638Z"}
{"level":"info","message":"⌛ Building environment","timeElapsed":107,"timestamp":"2026-09-23T13:07:04.752Z"}
{"level":"info","message":"⌛ Validating EXAMEN-Wollok/testExample.wtest","timeElapsed":144,"timestamp":"2026-09-23T13:07:04.900Z"}
{"level":"info","message":"⌛ Validating EXAMEN-Wollok/testExample.wtest","timeElapsed":163,"timestamp":"2026-09-23T13:07:05.394Z"}
{"level":"info","message":"⌛ Building environment","timeElapsed":104,"timestamp":"2026-09-23T13:07:05.499Z"}
{"level":"info","message":"⌛ Validating EXAMEN-Wollok/testExample.wtest","timeElapsed":160,"timestamp":"2026-09-23T13:07:05.749Z"}
{"level":"info","message":"⌛ Validating EXAMEN-Wollok/testExample.wtest","timeElapsed":132,"timestamp":"2026-09-23T13:07:05.881Z"}
{"level":"info","message":"⌛ Building environment","timeElapsed":101,"timestamp":"2026-09-23T13:07:05.989Z"}
{"level":"info","message":"⌛ Validating EXAMEN-Wollok/testExample.wtest","timeElapsed":139,"timestamp":"2026-09-23T13:07:06.322Z"}
{"level":"info","message":"⌛ Validating EXAMEN-Wollok/testExample.wtest","timeElapsed":137,"timestamp":"2026-09-23T13:07:06.460Z"}
{"level":"info","message":"⌛ Validating EXAMEN-Wollok/testExample.wtest","timeElapsed":142,"timestamp":"2026-09-23T13:07:06.602Z"}
{"level":"info","message":"⌛ Building environment","timeElapsed":101,"timestamp":"2026-09-23T13:07:07.753Z"}
{"level":"info","message":"⌛ Validating EXAMEN-Wollok/testExample.wtest","timeElapsed":130,"timestamp":"2026-09-23T13:07:07.892Z"}
{"level":"info","message":"⌛ Building environment","timeElapsed":115,"timestamp":"2026-09-23T13:07:08.084Z"}
{"level":"info","message":"⌛ Building environment","timeElapsed":128,"timestamp":"2026-09-23T13:07:08.213Z"}
{"level":"info","message":"⌛ Validating EXAMEN-Wollok/testExample.wtest","timeElapsed":197,"timestamp":"2026-09-23T13:07:08.411Z"}
{"level":"info","message":"⌛ Validating EXAMEN-Wollok/testExample.wtest","timeElapsed":150,"timestamp":"2026-09-23T13:07:08.561Z"}
{"level":"info","message":"⌛ Validating EXAMEN-Wollok/testExample.wtest","timeElapsed":171,"timestamp":"2026-09-23T13:07:08.843Z"}
{"level":"info","message":"⌛ Building environment","timeElapsed":112,"timestamp":"2026-09-23T13:07:09.049Z"}
{"level":"info","message":"⌛ Validating EXAMEN-Wollok/testExample.wtest","timeElapsed":145,"timestamp":"2026-09-23T13:07:09.195Z"}
{"level":"info","message":"⌛ Building environment","timeElapsed":119,"timestamp":"2026-09-23T13:07:09.315Z"}
{"level":"info","message":"⌛ Validating EXAMEN-Wollok/testExample.wtest","timeElapsed":195,"timestamp":"2026-09-23T13:07:09.512Z"}
{"level":"info","message":"⌛ Validating EXAMEN-Wollok/testExample.wtest","timeElapsed":160,"timestamp":"2026-09-23T13:07:09.765Z"}
{"level":"info","message":"⌛ Validating EXAMEN-Wollok/testExample.wtest","timeElapsed":150,"timestamp":"2026-09-23T13:07:10.000Z"}
{"level":"info","message":"⌛ Validating EXAMEN-Wollok/testExample.wtest","timeElapsed":212,"timestamp":"2026-09-23T13:07:10.294Z"}
{"level":"info","message":"⌛ Validating EXAMEN-Wollok/testExample.wtest","timeElapsed":152,"timestamp":"2026-09-23T13:07:10.453Z"}
{"level":"info","message":"⌛ Building environment","timeElapsed":118,"timestamp":"2026-09-23T13:07:10.572Z"}
{"level":"info","message":"⌛ Validating EXAMEN-Wollok/testExample.wtest","timeElapsed":150,"timestamp":"2026-09-23T13:07:10.914Z"}
{"level":"info","message":"⌛ Building environment","timeElapsed":104,"timestamp":"2026-09-23T13:07:11.018Z"}
{"level":"info","message":"⌛ Validating EXAMEN-Wollok/testExample.wtest","timeElapsed":138,"timestamp":"2026-09-23T13:07:11.157Z"}
{"level":"info","message":"⌛ Validating EXAMEN-Wollok/testExample.wtest","timeElapsed":134,"timestamp":"2026-09-23T13:07:11.291Z"}
{"level":"info","message":"⌛ Validating EXAMEN-Wollok/testExample.wtest","timeElapsed":132,"timestamp":"2026-09-23T13:07:11.530Z"}
{"level":"info","message":"⌛ Validating EXAMEN-Wollok/testExample.wtest","timeElapsed":140,"timestamp":"2026-09-23T13:07:11.766Z"}
{"level":"info","message":"⌛ Validating EXAMEN-Wollok/testExample.wtest","timeElapsed":137,"timestamp":"2026-09-23T13:07:11.909Z"}
{"level":"info","message":"⌛ Building environment","timeElapsed":164,"timestamp":"2026-09-23T13:07:23.059Z"}
{"level":"info","message":"⌛ Validating EXAMEN-Wollok/testExample.wtest","timeElapsed":168,"timestamp":"2026-09-23T13:07:23.282Z"}
{"level":"error","message":"✘ Failed to rebuild document Failed to parse EXAMEN-Wollok/testExample.wtest: \n-- PARSING FAILED --------------------------------------------------\n\nGot the end of the input\n\nExpected one of the following: \n\n'{', '}', any character/byte, comment, sentence, whitespace\n","stack":"Error: Failed to parse EXAMEN-Wollok/testExample.wtest: \n-- PARSING FAILED --------------------------------------------------\n\nGot the end of the input\n\nExpected one of the following: \n\n'{', '}', any character/byte, comment, sentence, whitespace\n\n    at /home/tiaguinni/.vscode/extensions/uqbar.wollok-lsp-ide-0.5.5/out/server/src/server.js:2385:13026\n    at Array.map (<anonymous>)\n    at z1n (/home/tiaguinni/.vscode/extensions/uqbar.wollok-lsp-ide-0.5.5/out/server/src/server.js:2385:12950)\n    at H2.buildEnvironmentFrom (/home/tiaguinni/.vscode/extensions/uqbar.wollok-lsp-ide-0.5.5/out/server/src/server.js:2430:5254)\n    at H2.updateEnvironmentWith (/home/tiaguinni/.vscode/extensions/uqbar.wollok-lsp-ide-0.5.5/out/server/src/server.js:2430:4989)\n    at QF (/home/tiaguinni/.vscode/extensions/uqbar.wollok-lsp-ide-0.5.5/out/server/src/server.js:2430:7383)\n    at V3.invoke (/home/tiaguinni/.vscode/extensions/uqbar.wollok-lsp-ide-0.5.5/out/server/src/server.js:3:157330)\n    at o.fire (/home/tiaguinni/.vscode/extensions/uqbar.wollok-lsp-ide-0.5.5/out/server/src/server.js:3:158100)\n    at /home/tiaguinni/.vscode/extensions/uqbar.wollok-lsp-ide-0.5.5/out/server/src/server.js:37:57871\n    at nd (/home/tiaguinni/.vscode/extensions/uqbar.wollok-lsp-ide-0.5.5/out/server/src/server.js:8:1561)","timestamp":"2026-09-23T13:07:24.225Z"}
{"level":"info","message":"⌛ Building environment","timeElapsed":132,"timestamp":"2026-09-23T13:07:28.328Z"}
{"level":"info","message":"⌛ Validating EXAMEN-Wollok/testExample.wtest","timeElapsed":153,"timestamp":"2026-09-23T13:07:28.483Z"}
{"level":"error","message":"✘ Failed to rebuild document Failed to parse EXAMEN-Wollok/testExample.wtest: \n-- PARSING FAILED --------------------------------------------------\n\nGot the end of the input\n\nExpected one of the following: \n\n'{', '}', any character/byte, comment, sentence, whitespace\n","stack":"Error: Failed to parse EXAMEN-Wollok/testExample.wtest: \n-- PARSING FAILED --------------------------------------------------\n\nGot the end of the input\n\nExpected one of the following: \n\n'{', '}', any character/byte, comment, sentence, whitespace\n\n    at /home/tiaguinni/.vscode/extensions/uqbar.wollok-lsp-ide-0.5.5/out/server/src/server.js:2385:13026\n    at Array.map (<anonymous>)\n    at z1n (/home/tiaguinni/.vscode/extensions/uqbar.wollok-lsp-ide-0.5.5/out/server/src/server.js:2385:12950)\n    at H2.buildEnvironmentFrom (/home/tiaguinni/.vscode/extensions/uqbar.wollok-lsp-ide-0.5.5/out/server/src/server.js:2430:5254)\n    at H2.updateEnvironmentWith (/home/tiaguinni/.vscode/extensions/uqbar.wollok-lsp-ide-0.5.5/out/server/src/server.js:2430:4989)\n    at QF (/home/tiaguinni/.vscode/extensions/uqbar.wollok-lsp-ide-0.5.5/out/server/src/server.js:2430:7383)\n    at V3.invoke (/home/tiaguinni/.vscode/extensions/uqbar.wollok-lsp-ide-0.5.5/out/server/src/server.js:3:157330)\n    at o.fire (/home/tiaguinni/.vscode/extensions/uqbar.wollok-lsp-ide-0.5.5/out/server/src/server.js:3:158100)\n    at /home/tiaguinni/.vscode/extensions/uqbar.wollok-lsp-ide-0.5.5/out/server/src/server.js:37:57871\n    at nd (/home/tiaguinni/.vscode/extensions/uqbar.wollok-lsp-ide-0.5.5/out/server/src/server.js:8:1561)","timestamp":"2026-09-23T13:07:28.620Z"}
{"level":"info","message":"⌛ Building environment","timeElapsed":127,"timestamp":"2026-09-23T13:07:29.096Z"}
{"level":"info","message":"⌛ Validating EXAMEN-Wollok/testExample.wtest","timeElapsed":158,"timestamp":"2026-09-23T13:07:29.259Z"}
{"level":"info","message":"⌛ Building environment","timeElapsed":139,"timestamp":"2026-09-23T13:07:32.832Z"}
{"level":"info","message":"⌛ Validating EXAMEN-Wollok/testExample.wtest","timeElapsed":153,"timestamp":"2026-09-23T13:07:32.989Z"}
{"level":"info","message":"⌛ Building environment","timeElapsed":144,"timestamp":"2026-09-23T13:07:33.593Z"}
{"level":"info","message":"⌛ Validating EXAMEN-Wollok/testExample.wtest","timeElapsed":147,"timestamp":"2026-09-23T13:07:33.744Z"}
{"level":"info","message":"⌛ Building environment","timeElapsed":190,"timestamp":"2026-09-23T13:07:36.868Z"}
{"level":"info","message":"⌛ Building environment","timeElapsed":196,"timestamp":"2026-09-23T13:07:37.064Z"}
{"level":"info","message":"⌛ Validating EXAMEN-Wollok/testExample.wtest","timeElapsed":176,"timestamp":"2026-09-23T13:07:37.241Z"}
{"level":"info","message":"⌛ Building environment","timeElapsed":104,"timestamp":"2026-09-23T13:07:37.345Z"}
{"level":"info","message":"⌛ Building environment","timeElapsed":146,"timestamp":"2026-09-23T13:07:37.492Z"}
{"level":"info","message":"⌛ Validating EXAMEN-Wollok/testExample.wtest","timeElapsed":152,"timestamp":"2026-09-23T13:07:37.644Z"}
{"level":"info","message":"⌛ Building environment","timeElapsed":111,"timestamp":"2026-09-23T13:07:37.756Z"}
{"level":"info","message":"⌛ Validating EXAMEN-Wollok/testExample.wtest","timeElapsed":194,"timestamp":"2026-09-23T13:07:37.950Z"}
{"level":"info","message":"⌛ Building environment","timeElapsed":115,"timestamp":"2026-09-23T13:07:38.073Z"}
{"level":"info","message":"⌛ Validating EXAMEN-Wollok/testExample.wtest","timeElapsed":250,"timestamp":"2026-09-23T13:07:38.324Z"}
{"level":"info","message":"⌛ Validating EXAMEN-Wollok/testExample.wtest","timeElapsed":242,"timestamp":"2026-09-23T13:07:38.647Z"}
{"level":"info","message":"⌛ Building environment","timeElapsed":126,"timestamp":"2026-09-23T13:07:38.775Z"}
{"level":"info","message":"⌛ Validating EXAMEN-Wollok/testExample.wtest","timeElapsed":159,"timestamp":"2026-09-23T13:07:38.934Z"}
{"level":"error","message":"✘ Completions for node Return (undefined - EXAMEN-Wollok/testExample.wtest) failed: Error: [Return]{6c18a7} at EXAMEN-Wollok/testExample.wtest:-- exhausted all cases without a match [Return]{6c18a7} at EXAMEN-Wollok/testExample.wtest:-- exhausted all cases without a match","stack":"Error: [Return]{6c18a7} at EXAMEN-Wollok/testExample.wtest:-- exhausted all cases without a match\n    at /home/tiaguinni/.vscode/extensions/uqbar.wollok-lsp-ide-0.5.5/out/server/src/server.js:38:6142\n    at L2 (/home/tiaguinni/.vscode/extensions/uqbar.wollok-lsp-ide-0.5.5/out/server/src/server.js:2421:42)\n    at Jh (/home/tiaguinni/.vscode/extensions/uqbar.wollok-lsp-ide-0.5.5/out/server/src/server.js:2421:1092)\n    at w5n (/home/tiaguinni/.vscode/extensions/uqbar.wollok-lsp-ide-0.5.5/out/server/src/server.js:2421:1248)\n    at /home/tiaguinni/.vscode/extensions/uqbar.wollok-lsp-ide-0.5.5/out/server/src/server.js:38:6131\n    at L2 (/home/tiaguinni/.vscode/extensions/uqbar.wollok-lsp-ide-0.5.5/out/server/src/server.js:2421:42)\n    at /home/tiaguinni/.vscode/extensions/uqbar.wollok-lsp-ide-0.5.5/out/server/src/server.js:2421:2988\n    at /home/tiaguinni/.vscode/extensions/uqbar.wollok-lsp-ide-0.5.5/out/server/src/server.js:2430:8440\n    at /home/tiaguinni/.vscode/extensions/uqbar.wollok-lsp-ide-0.5.5/out/server/src/server.js:37:74872\n    at Ke (/home/tiaguinni/.vscode/extensions/uqbar.wollok-lsp-ide-0.5.5/out/server/src/server.js:7:8527)","timestamp":"2026-09-23T13:07:38.976Z"}
{"level":"info","message":"⌛ Validating EXAMEN-Wollok/testExample.wtest","timeElapsed":141,"timestamp":"2026-09-23T13:07:39.123Z"}
{"level":"info","message":"⌛ Validating EXAMEN-Wollok/testExample.wtest","timeElapsed":141,"timestamp":"2026-09-23T13:07:39.578Z"}
{"level":"info","message":"⌛ Building environment","timeElapsed":121,"timestamp":"2026-09-23T13:07:39.874Z"}
{"level":"info","message":"⌛ Validating EXAMEN-Wollok/testExample.wtest","timeElapsed":163,"timestamp":"2026-09-23T13:07:40.040Z"}
{"level":"info","message":"⌛ Validating EXAMEN-Wollok/testExample.wtest","timeElapsed":161,"timestamp":"2026-09-23T13:07:40.301Z"}
{"level":"error","message":"✘ Completions for node Return (undefined - EXAMEN-Wollok/testExample.wtest) failed: Error: [Return]{59e035} at EXAMEN-Wollok/testExample.wtest:-- exhausted all cases without a match [Return]{59e035} at EXAMEN-Wollok/testExample.wtest:-- exhausted all cases without a match","stack":"Error: [Return]{59e035} at EXAMEN-Wollok/testExample.wtest:-- exhausted all cases without a match\n    at /home/tiaguinni/.vscode/extensions/uqbar.wollok-lsp-ide-0.5.5/out/server/src/server.js:38:6142\n    at L2 (/home/tiaguinni/.vscode/extensions/uqbar.wollok-lsp-ide-0.5.5/out/server/src/server.js:2421:42)\n    at Jh (/home/tiaguinni/.vscode/extensions/uqbar.wollok-lsp-ide-0.5.5/out/server/src/server.js:2421:1092)\n    at w5n (/home/tiaguinni/.vscode/extensions/uqbar.wollok-lsp-ide-0.5.5/out/server/src/server.js:2421:1248)\n    at /home/tiaguinni/.vscode/extensions/uqbar.wollok-lsp-ide-0.5.5/out/server/src/server.js:38:6131\n    at L2 (/home/tiaguinni/.vscode/extensions/uqbar.wollok-lsp-ide-0.5.5/out/server/src/server.js:2421:42)\n    at /home/tiaguinni/.vscode/extensions/uqbar.wollok-lsp-ide-0.5.5/out/server/src/server.js:2421:2988\n    at /home/tiaguinni/.vscode/extensions/uqbar.wollok-lsp-ide-0.5.5/out/server/src/server.js:2430:8440\n    at /home/tiaguinni/.vscode/extensions/uqbar.wollok-lsp-ide-0.5.5/out/server/src/server.js:37:74872\n    at Ke (/home/tiaguinni/.vscode/extensions/uqbar.wollok-lsp-ide-0.5.5/out/server/src/server.js:7:8527)","timestamp":"2026-09-23T13:07:40.786Z"}
{"level":"info","message":"⌛ Building environment","timeElapsed":122,"timestamp":"2026-09-23T13:07:42.122Z"}
{"level":"info","message":"⌛ Validating EXAMEN-Wollok/testExample.wtest","timeElapsed":176,"timestamp":"2026-09-23T13:07:42.332Z"}
{"level":"info","message":"⌛ Validating EXAMEN-Wollok/testExample.wtest","timeElapsed":151,"timestamp":"2026-09-23T13:07:42.743Z"}
{"level":"info","message":"⌛ Building environment","timeElapsed":116,"timestamp":"2026-09-23T13:07:42.859Z"}
{"level":"info","message":"⌛ Validating EXAMEN-Wollok/testExample.wtest","timeElapsed":138,"timestamp":"2026-09-23T13:07:43.001Z"}
{"level":"info","message":"⌛ Validating EXAMEN-Wollok/testExample.wtest","timeElapsed":157,"timestamp":"2026-09-23T13:07:43.313Z"}
{"level":"info","message":"⌛ Building environment","timeElapsed":215,"timestamp":"2026-09-23T13:07:43.530Z"}
{"level":"info","message":"⌛ Validating EXAMEN-Wollok/testExample.wtest","timeElapsed":197,"timestamp":"2026-09-23T13:07:43.829Z"}
{"level":"info","message":"⌛ Validating EXAMEN-Wollok/testExample.wtest","timeElapsed":175,"timestamp":"2026-09-23T13:07:44.012Z"}
{"level":"info","message":"⌛ Building environment","timeElapsed":116,"timestamp":"2026-09-23T13:07:44.128Z"}
{"level":"info","message":"⌛ Building environment","timeElapsed":106,"timestamp":"2026-09-23T13:07:44.252Z"}
{"level":"info","message":"⌛ Validating EXAMEN-Wollok/testExample.wtest","timeElapsed":191,"timestamp":"2026-09-23T13:07:44.556Z"}
{"level":"info","message":"⌛ Validating EXAMEN-Wollok/testExample.wtest","timeElapsed":157,"timestamp":"2026-09-23T13:07:44.714Z"}
{"level":"info","message":"⌛ Validating EXAMEN-Wollok/testExample.wtest","timeElapsed":182,"timestamp":"2026-09-23T13:07:44.899Z"}
{"level":"info","message":"⌛ Validating EXAMEN-Wollok/testExample.wtest","timeElapsed":155,"timestamp":"2026-09-23T13:07:45.342Z"}
{"level":"info","message":"⌛ Validating EXAMEN-Wollok/testExample.wtest","timeElapsed":150,"timestamp":"2026-09-23T13:07:45.503Z"}
{"level":"info","message":"⌛ Validating EXAMEN-Wollok/testExample.wtest","timeElapsed":154,"timestamp":"2026-09-23T13:07:45.660Z"}
{"level":"error","message":"✘ Completions for node Return (undefined - EXAMEN-Wollok/testExample.wtest) failed: Error: [Return]{475d37} at EXAMEN-Wollok/testExample.wtest:-- exhausted all cases without a match [Return]{475d37} at EXAMEN-Wollok/testExample.wtest:-- exhausted all cases without a match","stack":"Error: [Return]{475d37} at EXAMEN-Wollok/testExample.wtest:-- exhausted all cases without a match\n    at /home/tiaguinni/.vscode/extensions/uqbar.wollok-lsp-ide-0.5.5/out/server/src/server.js:38:6142\n    at L2 (/home/tiaguinni/.vscode/extensions/uqbar.wollok-lsp-ide-0.5.5/out/server/src/server.js:2421:42)\n    at Jh (/home/tiaguinni/.vscode/extensions/uqbar.wollok-lsp-ide-0.5.5/out/server/src/server.js:2421:1092)\n    at w5n (/home/tiaguinni/.vscode/extensions/uqbar.wollok-lsp-ide-0.5.5/out/server/src/server.js:2421:1248)\n    at /home/tiaguinni/.vscode/extensions/uqbar.wollok-lsp-ide-0.5.5/out/server/src/server.js:38:6131\n    at L2 (/home/tiaguinni/.vscode/extensions/uqbar.wollok-lsp-ide-0.5.5/out/server/src/server.js:2421:42)\n    at /home/tiaguinni/.vscode/extensions/uqbar.wollok-lsp-ide-0.5.5/out/server/src/server.js:2421:2988\n    at /home/tiaguinni/.vscode/extensions/uqbar.wollok-lsp-ide-0.5.5/out/server/src/server.js:2430:8440\n    at /home/tiaguinni/.vscode/extensions/uqbar.wollok-lsp-ide-0.5.5/out/server/src/server.js:37:74872\n    at Ke (/home/tiaguinni/.vscode/extensions/uqbar.wollok-lsp-ide-0.5.5/out/server/src/server.js:7:8527)","timestamp":"2026-09-23T13:07:45.696Z"}
{"level":"info","message":"⌛ Building environment","timeElapsed":104,"timestamp":"2026-09-23T13:07:45.912Z"}
{"level":"info","message":"⌛ Validating EXAMEN-Wollok/testExample.wtest","timeElapsed":157,"timestamp":"2026-09-23T13:07:46.072Z"}
{"level":"info","message":"⌛ Building environment","timeElapsed":141,"timestamp":"2026-09-23T13:08:24.412Z"}
{"level":"info","message":"⌛ Building environment","timeElapsed":108,"timestamp":"2026-09-23T13:08:24.521Z"}
{"level":"info","message":"⌛ Validating EXAMEN-Wollok/testExample.wtest","timeElapsed":160,"timestamp":"2026-09-23T13:08:24.681Z"}
{"level":"info","message":"⌛ Validating EXAMEN-Wollok/testExample.wtest","timeElapsed":200,"timestamp":"2026-09-23T13:08:24.880Z"}
{"level":"info","message":"⌛ Building environment","timeElapsed":137,"timestamp":"2026-09-23T13:08:25.027Z"}
{"level":"info","message":"⌛ Building environment","timeElapsed":115,"timestamp":"2026-09-23T13:08:25.155Z"}
{"level":"info","message":"⌛ Validating EXAMEN-Wollok/testExample.wtest","timeElapsed":203,"timestamp":"2026-09-23T13:08:25.358Z"}
{"level":"info","message":"⌛ Validating EXAMEN-Wollok/testExample.wtest","timeElapsed":281,"timestamp":"2026-09-23T13:08:25.642Z"}
{"level":"info","message":"⌛ Building environment","timeElapsed":195,"timestamp":"2026-09-23T13:08:25.838Z"}
{"level":"info","message":"⌛ Validating EXAMEN-Wollok/testExample.wtest","timeElapsed":147,"timestamp":"2026-09-23T13:08:26.090Z"}
{"level":"info","message":"⌛ Validating EXAMEN-Wollok/testExample.wtest","timeElapsed":198,"timestamp":"2026-09-23T13:08:26.298Z"}
{"level":"error","message":"✘ Completions for node Return (undefined - EXAMEN-Wollok/testExample.wtest) failed: Error: [Return]{75430b} at EXAMEN-Wollok/testExample.wtest:-- exhausted all cases without a match [Return]{75430b} at EXAMEN-Wollok/testExample.wtest:-- exhausted all cases without a match","stack":"Error: [Return]{75430b} at EXAMEN-Wollok/testExample.wtest:-- exhausted all cases without a match\n    at /home/tiaguinni/.vscode/extensions/uqbar.wollok-lsp-ide-0.5.5/out/server/src/server.js:38:6142\n    at L2 (/home/tiaguinni/.vscode/extensions/uqbar.wollok-lsp-ide-0.5.5/out/server/src/server.js:2421:42)\n    at Jh (/home/tiaguinni/.vscode/extensions/uqbar.wollok-lsp-ide-0.5.5/out/server/src/server.js:2421:1092)\n    at w5n (/home/tiaguinni/.vscode/extensions/uqbar.wollok-lsp-ide-0.5.5/out/server/src/server.js:2421:1248)\n    at /home/tiaguinni/.vscode/extensions/uqbar.wollok-lsp-ide-0.5.5/out/server/src/server.js:38:6131\n    at L2 (/home/tiaguinni/.vscode/extensions/uqbar.wollok-lsp-ide-0.5.5/out/server/src/server.js:2421:42)\n    at /home/tiaguinni/.vscode/extensions/uqbar.wollok-lsp-ide-0.5.5/out/server/src/server.js:2421:2988\n    at /home/tiaguinni/.vscode/extensions/uqbar.wollok-lsp-ide-0.5.5/out/server/src/server.js:2430:8440\n    at /home/tiaguinni/.vscode/extensions/uqbar.wollok-lsp-ide-0.5.5/out/server/src/server.js:37:74872\n    at Ke (/home/tiaguinni/.vscode/extensions/uqbar.wollok-lsp-ide-0.5.5/out/server/src/server.js:7:8527)","timestamp":"2026-09-23T13:08:26.333Z"}
{"level":"info","message":"⌛ Building environment","timeElapsed":141,"timestamp":"2026-09-23T13:08:26.483Z"}
{"level":"info","message":"⌛ Validating EXAMEN-Wollok/testExample.wtest","timeElapsed":146,"timestamp":"2026-09-23T13:08:26.638Z"}
{"level":"error","message":"✘ Failed to rebuild document Failed to parse EXAMEN-Wollok/testExample.wtest: \n-- PARSING FAILED --------------------------------------------------\n\n   9 |     assert.\n  10 |   }\n> 11 | }\n     | ^\n  12 | // El valor primero del equals es el esperado\n  13 | \n\nExpected one of the following: \n\n'@', 'class', 'const', 'describe', 'mixin', 'object', 'only', 'package', 'program', 'test', 'var', '{', EOF, comment, not \"}\n\", whitespace\n","stack":"Error: Failed to parse EXAMEN-Wollok/testExample.wtest: \n-- PARSING FAILED --------------------------------------------------\n\n   9 |     assert.\n  10 |   }\n> 11 | }\n     | ^\n  12 | // El valor primero del equals es el esperado\n  13 | \n\nExpected one of the following: \n\n'@', 'class', 'const', 'describe', 'mixin', 'object', 'only', 'package', 'program', 'test', 'var', '{', EOF, comment, not \"}\n\", whitespace\n\n    at /home/tiaguinni/.vscode/extensions/uqbar.wollok-lsp-ide-0.5.5/out/server/src/server.js:2385:13026\n    at Array.map (<anonymous>)\n    at z1n (/home/tiaguinni/.vscode/extensions/uqbar.wollok-lsp-ide-0.5.5/out/server/src/server.js:2385:12950)\n    at H2.buildEnvironmentFrom (/home/tiaguinni/.vscode/extensions/uqbar.wollok-lsp-ide-0.5.5/out/server/src/server.js:2430:5254)\n    at H2.updateEnvironmentWith (/home/tiaguinni/.vscode/extensions/uqbar.wollok-lsp-ide-0.5.5/out/server/src/server.js:2430:4989)\n    at QF (/home/tiaguinni/.vscode/extensions/uqbar.wollok-lsp-ide-0.5.5/out/server/src/server.js:2430:7383)\n    at V3.invoke (/home/tiaguinni/.vscode/extensions/uqbar.wollok-lsp-ide-0.5.5/out/server/src/server.js:3:157330)\n    at o.fire (/home/tiaguinni/.vscode/extensions/uqbar.wollok-lsp-ide-0.5.5/out/server/src/server.js:3:158100)\n    at /home/tiaguinni/.vscode/extensions/uqbar.wollok-lsp-ide-0.5.5/out/server/src/server.js:37:57871\n    at nd (/home/tiaguinni/.vscode/extensions/uqbar.wollok-lsp-ide-0.5.5/out/server/src/server.js:8:1561)","timestamp":"2026-09-23T13:08:27.387Z"}
{"level":"info","message":"⌛ Building environment","timeElapsed":125,"timestamp":"2026-09-23T13:08:27.887Z"}
{"level":"info","message":"⌛ Validating EXAMEN-Wollok/testExample.wtest","timeElapsed":187,"timestamp":"2026-09-23T13:08:28.078Z"}
{"level":"info","message":"⌛ Building environment","timeElapsed":155,"timestamp":"2026-09-23T13:08:28.234Z"}
{"level":"info","message":"⌛ Building environment","timeElapsed":102,"timestamp":"2026-09-23T13:08:28.337Z"}
{"level":"info","message":"⌛ Validating EXAMEN-Wollok/testExample.wtest","timeElapsed":182,"timestamp":"2026-09-23T13:08:28.520Z"}
{"level":"info","message":"⌛ Validating EXAMEN-Wollok/testExample.wtest","timeElapsed":177,"timestamp":"2026-09-23T13:08:28.699Z"}
{"level":"info","message":"⌛ Building environment","timeElapsed":126,"timestamp":"2026-09-23T13:08:28.924Z"}
{"level":"info","message":"⌛ Validating EXAMEN-Wollok/testExample.wtest","timeElapsed":180,"timestamp":"2026-09-23T13:08:29.116Z"}
{"level":"info","message":"⌛ Validating EXAMEN-Wollok/testExample.wtest","timeElapsed":190,"timestamp":"2026-09-23T13:08:29.308Z"}
{"level":"info","message":"⌛ Building environment","timeElapsed":128,"timestamp":"2026-09-23T13:08:29.442Z"}
{"level":"info","message":"⌛ Validating EXAMEN-Wollok/testExample.wtest","timeElapsed":158,"timestamp":"2026-09-23T13:08:29.608Z"}
{"level":"error","message":"✘ Failed to rebuild document Failed to parse EXAMEN-Wollok/testExample.wtest: \n-- PARSING FAILED --------------------------------------------------\n\n   9 |     assert.equals)\n  10 |   }\n> 11 | }\n     | ^\n  12 | // El valor primero del equals es el esperado\n  13 | \n\nExpected one of the following: \n\n'@', 'class', 'const', 'describe', 'mixin', 'object', 'only', 'package', 'program', 'test', 'var', '{', EOF, comment, not \"}\n\", whitespace\n","stack":"Error: Failed to parse EXAMEN-Wollok/testExample.wtest: \n-- PARSING FAILED --------------------------------------------------\n\n   9 |     assert.equals)\n  10 |   }\n> 11 | }\n     | ^\n  12 | // El valor primero del equals es el esperado\n  13 | \n\nExpected one of the following: \n\n'@', 'class', 'const', 'describe', 'mixin', 'object', 'only', 'package', 'program', 'test', 'var', '{', EOF, comment, not \"}\n\", whitespace\n\n    at /home/tiaguinni/.vscode/extensions/uqbar.wollok-lsp-ide-0.5.5/out/server/src/server.js:2385:13026\n    at Array.map (<anonymous>)\n    at z1n (/home/tiaguinni/.vscode/extensions/uqbar.wollok-lsp-ide-0.5.5/out/server/src/server.js:2385:12950)\n    at H2.buildEnvironmentFrom (/home/tiaguinni/.vscode/extensions/uqbar.wollok-lsp-ide-0.5.5/out/server/src/server.js:2430:5254)\n    at H2.updateEnvironmentWith (/home/tiaguinni/.vscode/extensions/uqbar.wollok-lsp-ide-0.5.5/out/server/src/server.js:2430:4989)\n    at QF (/home/tiaguinni/.vscode/extensions/uqbar.wollok-lsp-ide-0.5.5/out/server/src/server.js:2430:7383)\n    at V3.invoke (/home/tiaguinni/.vscode/extensions/uqbar.wollok-lsp-ide-0.5.5/out/server/src/server.js:3:157330)\n    at o.fire (/home/tiaguinni/.vscode/extensions/uqbar.wollok-lsp-ide-0.5.5/out/server/src/server.js:3:158100)\n    at /home/tiaguinni/.vscode/extensions/uqbar.wollok-lsp-ide-0.5.5/out/server/src/server.js:37:57871\n    at nd (/home/tiaguinni/.vscode/extensions/uqbar.wollok-lsp-ide-0.5.5/out/server/src/server.js:8:1561)","timestamp":"2026-09-23T13:08:30.591Z"}
{"level":"info","message":"⌛ Building environment","timeElapsed":123,"timestamp":"2026-09-23T13:08:31.200Z"}
{"level":"info","message":"⌛ Validating EXAMEN-Wollok/testExample.wtest","timeElapsed":163,"timestamp":"2026-09-23T13:08:31.371Z"}
{"level":"info","message":"⌛ Building environment","timeElapsed":150,"timestamp":"2026-09-23T13:08:31.642Z"}
{"level":"info","message":"⌛ Validating EXAMEN-Wollok/testExample.wtest","timeElapsed":162,"timestamp":"2026-09-23T13:08:31.807Z"}
{"level":"info","message":"⌛ Building environment","timeElapsed":149,"timestamp":"2026-09-23T13:08:32.791Z"}
{"level":"info","message":"⌛ Validating EXAMEN-Wollok/testExample.wtest","timeElapsed":182,"timestamp":"2026-09-23T13:08:32.980Z"}
{"level":"info","message":"⌛ Building environment","timeElapsed":103,"timestamp":"2026-09-23T13:08:33.084Z"}
{"level":"info","message":"⌛ Validating EXAMEN-Wollok/testExample.wtest","timeElapsed":161,"timestamp":"2026-09-23T13:08:33.249Z"}
{"level":"info","message":"⌛ Building environment","timeElapsed":101,"timestamp":"2026-09-23T13:08:33.350Z"}
{"level":"info","message":"⌛ Validating EXAMEN-Wollok/testExample.wtest","timeElapsed":143,"timestamp":"2026-09-23T13:08:33.588Z"}
{"level":"info","message":"⌛ Validating EXAMEN-Wollok/testExample.wtest","timeElapsed":162,"timestamp":"2026-09-23T13:08:33.751Z"}
{"level":"error","message":"✘ Failed to rebuild document Failed to parse EXAMEN-Wollok/testExample.wtest: \n-- PARSING FAILED --------------------------------------------------\n\n   9 |     assert.equals(1000,)\n  10 |   }\n> 11 | }\n     | ^\n  12 | // El valor primero del equals es el esperado\n  13 | \n\nExpected one of the following: \n\n'@', 'class', 'const', 'describe', 'mixin', 'object', 'only', 'package', 'program', 'test', 'var', '{', EOF, comment, not \"}\n\", whitespace\n","stack":"Error: Failed to parse EXAMEN-Wollok/testExample.wtest: \n-- PARSING FAILED --------------------------------------------------\n\n   9 |     assert.equals(1000,)\n  10 |   }\n> 11 | }\n     | ^\n  12 | // El valor primero del equals es el esperado\n  13 | \n\nExpected one of the following: \n\n'@', 'class', 'const', 'describe', 'mixin', 'object', 'only', 'package', 'program', 'test', 'var', '{', EOF, comment, not \"}\n\", whitespace\n\n    at /home/tiaguinni/.vscode/extensions/uqbar.wollok-lsp-ide-0.5.5/out/server/src/server.js:2385:13026\n    at Array.map (<anonymous>)\n    at z1n (/home/tiaguinni/.vscode/extensions/uqbar.wollok-lsp-ide-0.5.5/out/server/src/server.js:2385:12950)\n    at H2.buildEnvironmentFrom (/home/tiaguinni/.vscode/extensions/uqbar.wollok-lsp-ide-0.5.5/out/server/src/server.js:2430:5254)\n    at H2.updateEnvironmentWith (/home/tiaguinni/.vscode/extensions/uqbar.wollok-lsp-ide-0.5.5/out/server/src/server.js:2430:4989)\n    at QF (/home/tiaguinni/.vscode/extensions/uqbar.wollok-lsp-ide-0.5.5/out/server/src/server.js:2430:7383)\n    at V3.invoke (/home/tiaguinni/.vscode/extensions/uqbar.wollok-lsp-ide-0.5.5/out/server/src/server.js:3:157330)\n    at o.fire (/home/tiaguinni/.vscode/extensions/uqbar.wollok-lsp-ide-0.5.5/out/server/src/server.js:3:158100)\n    at /home/tiaguinni/.vscode/extensions/uqbar.wollok-lsp-ide-0.5.5/out/server/src/server.js:37:57871\n    at nd (/home/tiaguinni/.vscode/extensions/uqbar.wollok-lsp-ide-0.5.5/out/server/src/server.js:8:1561)","timestamp":"2026-09-23T13:08:34.310Z"}
{"level":"error","message":"✘ Failed to rebuild document Failed to parse EXAMEN-Wollok/testExample.wtest: \n-- PARSING FAILED --------------------------------------------------\n\n   9 |     assert.equals(1000, )\n  10 |   }\n> 11 | }\n     | ^\n  12 | // El valor primero del equals es el esperado\n  13 | \n\nExpected one of the following: \n\n'@', 'class', 'const', 'describe', 'mixin', 'object', 'only', 'package', 'program', 'test', 'var', '{', EOF, comment, not \"}\n\", whitespace\n","stack":"Error: Failed to parse EXAMEN-Wollok/testExample.wtest: \n-- PARSING FAILED --------------------------------------------------\n\n   9 |     assert.equals(1000, )\n  10 |   }\n> 11 | }\n     | ^\n  12 | // El valor primero del equals es el esperado\n  13 | \n\nExpected one of the following: \n\n'@', 'class', 'const', 'describe', 'mixin', 'object', 'only', 'package', 'program', 'test', 'var', '{', EOF, comment, not \"}\n\", whitespace\n\n    at /home/tiaguinni/.vscode/extensions/uqbar.wollok-lsp-ide-0.5.5/out/server/src/server.js:2385:13026\n    at Array.map (<anonymous>)\n    at z1n (/home/tiaguinni/.vscode/extensions/uqbar.wollok-lsp-ide-0.5.5/out/server/src/server.js:2385:12950)\n    at H2.buildEnvironmentFrom (/home/tiaguinni/.vscode/extensions/uqbar.wollok-lsp-ide-0.5.5/out/server/src/server.js:2430:5254)\n    at H2.updateEnvironmentWith (/home/tiaguinni/.vscode/extensions/uqbar.wollok-lsp-ide-0.5.5/out/server/src/server.js:2430:4989)\n    at QF (/home/tiaguinni/.vscode/extensions/uqbar.wollok-lsp-ide-0.5.5/out/server/src/server.js:2430:7383)\n    at V3.invoke (/home/tiaguinni/.vscode/extensions/uqbar.wollok-lsp-ide-0.5.5/out/server/src/server.js:3:157330)\n    at o.fire (/home/tiaguinni/.vscode/extensions/uqbar.wollok-lsp-ide-0.5.5/out/server/src/server.js:3:158100)\n    at /home/tiaguinni/.vscode/extensions/uqbar.wollok-lsp-ide-0.5.5/out/server/src/server.js:37:57871\n    at nd (/home/tiaguinni/.vscode/extensions/uqbar.wollok-lsp-ide-0.5.5/out/server/src/server.js:8:1561)","timestamp":"2026-09-23T13:08:34.511Z"}
{"level":"info","message":"⌛ Building environment","timeElapsed":142,"timestamp":"2026-09-23T13:08:35.930Z"}
{"level":"info","message":"⌛ Validating EXAMEN-Wollok/testExample.wtest","timeElapsed":159,"timestamp":"2026-09-23T13:08:36.181Z"}
{"level":"info","message":"⌛ Building environment","timeElapsed":120,"timestamp":"2026-09-23T13:08:36.302Z"}
{"level":"info","message":"⌛ Validating EXAMEN-Wollok/testExample.wtest","timeElapsed":173,"timestamp":"2026-09-23T13:08:36.474Z"}
{"level":"info","message":"⌛ Validating EXAMEN-Wollok/testExample.wtest","timeElapsed":169,"timestamp":"2026-09-23T13:08:36.650Z"}
{"level":"info","message":"⌛ Building environment","timeElapsed":163,"timestamp":"2026-09-23T13:08:36.819Z"}
{"level":"info","message":"⌛ Validating EXAMEN-Wollok/testExample.wtest","timeElapsed":217,"timestamp":"2026-09-23T13:08:37.049Z"}
{"level":"info","message":"⌛ Building environment","timeElapsed":166,"timestamp":"2026-09-23T13:08:37.215Z"}
{"level":"info","message":"⌛ Building environment","timeElapsed":113,"timestamp":"2026-09-23T13:08:37.330Z"}
{"level":"info","message":"⌛ Building environment","timeElapsed":137,"timestamp":"2026-09-23T13:08:37.468Z"}
{"level":"info","message":"⌛ Validating EXAMEN-Wollok/testExample.wtest","timeElapsed":185,"timestamp":"2026-09-23T13:08:37.653Z"}
{"level":"info","message":"⌛ Validating EXAMEN-Wollok/testExample.wtest","timeElapsed":161,"timestamp":"2026-09-23T13:08:37.814Z"}
{"level":"info","message":"⌛ Validating EXAMEN-Wollok/testExample.wtest","timeElapsed":137,"timestamp":"2026-09-23T13:08:37.959Z"}
{"level":"error","message":"✘ Completions for node Send ([9:5, 9:33] - EXAMEN-Wollok/testExample.wtest) failed: Error: [Send]{d3971d} at EXAMEN-Wollok/testExample.wtest:9 exhausted all cases without a match [Send]{d3971d} at EXAMEN-Wollok/testExample.wtest:9 exhausted all cases without a match","stack":"Error: [Send]{d3971d} at EXAMEN-Wollok/testExample.wtest:9 exhausted all cases without a match\n    at /home/tiaguinni/.vscode/extensions/uqbar.wollok-lsp-ide-0.5.5/out/server/src/server.js:38:6142\n    at L2 (/home/tiaguinni/.vscode/extensions/uqbar.wollok-lsp-ide-0.5.5/out/server/src/server.js:2421:42)\n    at Jh (/home/tiaguinni/.vscode/extensions/uqbar.wollok-lsp-ide-0.5.5/out/server/src/server.js:2421:1092)\n    at w5n (/home/tiaguinni/.vscode/extensions/uqbar.wollok-lsp-ide-0.5.5/out/server/src/server.js:2421:1248)\n    at /home/tiaguinni/.vscode/extensions/uqbar.wollok-lsp-ide-0.5.5/out/server/src/server.js:38:6131\n    at L2 (/home/tiaguinni/.vscode/extensions/uqbar.wollok-lsp-ide-0.5.5/out/server/src/server.js:2421:42)\n    at /home/tiaguinni/.vscode/extensions/uqbar.wollok-lsp-ide-0.5.5/out/server/src/server.js:2421:2988\n    at /home/tiaguinni/.vscode/extensions/uqbar.wollok-lsp-ide-0.5.5/out/server/src/server.js:2430:8440\n    at /home/tiaguinni/.vscode/extensions/uqbar.wollok-lsp-ide-0.5.5/out/server/src/server.js:37:74872\n    at Ke (/home/tiaguinni/.vscode/extensions/uqbar.wollok-lsp-ide-0.5.5/out/server/src/server.js:7:8527)","timestamp":"2026-09-23T13:08:37.986Z"}
{"level":"error","message":"✘ Completions for node Return (undefined - EXAMEN-Wollok/testExample.wtest) failed: Error: [Return]{245a64} at EXAMEN-Wollok/testExample.wtest:-- exhausted all cases without a match [Return]{245a64} at EXAMEN-Wollok/testExample.wtest:-- exhausted all cases without a match","stack":"Error: [Return]{245a64} at EXAMEN-Wollok/testExample.wtest:-- exhausted all cases without a match\n    at /home/tiaguinni/.vscode/extensions/uqbar.wollok-lsp-ide-0.5.5/out/server/src/server.js:38:6142\n    at L2 (/home/tiaguinni/.vscode/extensions/uqbar.wollok-lsp-ide-0.5.5/out/server/src/server.js:2421:42)\n    at Jh (/home/tiaguinni/.vscode/extensions/uqbar.wollok-lsp-ide-0.5.5/out/server/src/server.js:2421:1092)\n    at L2 (/home/tiaguinni/.vscode/extensions/uqbar.wollok-lsp-ide-0.5.5/out/server/src/server.js:2421:544)\n    at Jh (/home/tiaguinni/.vscode/extensions/uqbar.wollok-lsp-ide-0.5.5/out/server/src/server.js:2421:1092)\n    at w5n (/home/tiaguinni/.vscode/extensions/uqbar.wollok-lsp-ide-0.5.5/out/server/src/server.js:2421:1248)\n    at /home/tiaguinni/.vscode/extensions/uqbar.wollok-lsp-ide-0.5.5/out/server/src/server.js:38:6131\n    at L2 (/home/tiaguinni/.vscode/extensions/uqbar.wollok-lsp-ide-0.5.5/out/server/src/server.js:2421:42)\n    at /home/tiaguinni/.vscode/extensions/uqbar.wollok-lsp-ide-0.5.5/out/server/src/server.js:2421:2988\n    at /home/tiaguinni/.vscode/extensions/uqbar.wollok-lsp-ide-0.5.5/out/server/src/server.js:2430:8440","timestamp":"2026-09-23T13:08:37.986Z"}
{"level":"info","message":"⌛ Building environment","timeElapsed":114,"timestamp":"2026-09-23T13:08:39.938Z"}
{"level":"info","message":"⌛ Validating EXAMEN-Wollok/testExample.wtest","timeElapsed":148,"timestamp":"2026-09-23T13:08:40.091Z"}
{"level":"info","message":"⌛ Building environment","timeElapsed":128,"timestamp":"2026-09-23T13:08:40.528Z"}
{"level":"info","message":"⌛ Validating EXAMEN-Wollok/testExample.wtest","timeElapsed":152,"timestamp":"2026-09-23T13:08:40.684Z"}
{"level":"info","message":"⌛ Validating EXAMEN-Wollok/testExample.wtest","timeElapsed":155,"timestamp":"2026-09-23T13:08:40.939Z"}
{"level":"info","message":"⌛ Validating EXAMEN-Wollok/testExample.wtest","timeElapsed":143,"timestamp":"2026-09-23T13:08:41.173Z"}
{"level":"error","message":"✘ Completions for node Send ([9:5, 9:37] - EXAMEN-Wollok/testExample.wtest) failed: Error: [Send]{4327aa} at EXAMEN-Wollok/testExample.wtest:9 exhausted all cases without a match [Send]{4327aa} at EXAMEN-Wollok/testExample.wtest:9 exhausted all cases without a match","stack":"Error: [Send]{4327aa} at EXAMEN-Wollok/testExample.wtest:9 exhausted all cases without a match\n    at /home/tiaguinni/.vscode/extensions/uqbar.wollok-lsp-ide-0.5.5/out/server/src/server.js:38:6142\n    at L2 (/home/tiaguinni/.vscode/extensions/uqbar.wollok-lsp-ide-0.5.5/out/server/src/server.js:2421:42)\n    at Jh (/home/tiaguinni/.vscode/extensions/uqbar.wollok-lsp-ide-0.5.5/out/server/src/server.js:2421:1092)\n    at w5n (/home/tiaguinni/.vscode/extensions/uqbar.wollok-lsp-ide-0.5.5/out/server/src/server.js:2421:1248)\n    at /home/tiaguinni/.vscode/extensions/uqbar.wollok-lsp-ide-0.5.5/out/server/src/server.js:38:6131\n    at L2 (/home/tiaguinni/.vscode/extensions/uqbar.wollok-lsp-ide-0.5.5/out/server/src/server.js:2421:42)\n    at /home/tiaguinni/.vscode/extensions/uqbar.wollok-lsp-ide-0.5.5/out/server/src/server.js:2421:2988\n    at /home/tiaguinni/.vscode/extensions/uqbar.wollok-lsp-ide-0.5.5/out/server/src/server.js:2430:8440\n    at /home/tiaguinni/.vscode/extensions/uqbar.wollok-lsp-ide-0.5.5/out/server/src/server.js:37:74872\n    at Ke (/home/tiaguinni/.vscode/extensions/uqbar.wollok-lsp-ide-0.5.5/out/server/src/server.js:7:8527)","timestamp":"2026-09-23T13:08:41.656Z"}
{"level":"error","message":"✘ Completions for node Return (undefined - EXAMEN-Wollok/testExample.wtest) failed: Error: [Return]{4d640c} at EXAMEN-Wollok/testExample.wtest:-- exhausted all cases without a match [Return]{4d640c} at EXAMEN-Wollok/testExample.wtest:-- exhausted all cases without a match","stack":"Error: [Return]{4d640c} at EXAMEN-Wollok/testExample.wtest:-- exhausted all cases without a match\n    at /home/tiaguinni/.vscode/extensions/uqbar.wollok-lsp-ide-0.5.5/out/server/src/server.js:38:6142\n    at L2 (/home/tiaguinni/.vscode/extensions/uqbar.wollok-lsp-ide-0.5.5/out/server/src/server.js:2421:42)\n    at Jh (/home/tiaguinni/.vscode/extensions/uqbar.wollok-lsp-ide-0.5.5/out/server/src/server.js:2421:1092)\n    at L2 (/home/tiaguinni/.vscode/extensions/uqbar.wollok-lsp-ide-0.5.5/out/server/src/server.js:2421:544)\n    at Jh (/home/tiaguinni/.vscode/extensions/uqbar.wollok-lsp-ide-0.5.5/out/server/src/server.js:2421:1092)\n    at w5n (/home/tiaguinni/.vscode/extensions/uqbar.wollok-lsp-ide-0.5.5/out/server/src/server.js:2421:1248)\n    at /home/tiaguinni/.vscode/extensions/uqbar.wollok-lsp-ide-0.5.5/out/server/src/server.js:38:6131\n    at L2 (/home/tiaguinni/.vscode/extensions/uqbar.wollok-lsp-ide-0.5.5/out/server/src/server.js:2421:42)\n    at /home/tiaguinni/.vscode/extensions/uqbar.wollok-lsp-ide-0.5.5/out/server/src/server.js:2421:2988\n    at /home/tiaguinni/.vscode/extensions/uqbar.wollok-lsp-ide-0.5.5/out/server/src/server.js:2430:8440","timestamp":"2026-09-23T13:08:41.656Z"}
{"level":"info","message":"⌛ Building environment","timeElapsed":105,"timestamp":"2026-09-23T13:08:42.370Z"}
{"level":"info","message":"⌛ Validating EXAMEN-Wollok/testExample.wtest","timeElapsed":146,"timestamp":"2026-09-23T13:08:42.520Z"}
{"level":"error","message":"✘ Failed to rebuild document Failed to parse EXAMEN-Wollok/testExample.wtest: \n-- PARSING FAILED --------------------------------------------------\n\n   9 |     assert.equals(1000, malaria500.)\n  10 |   }\n> 11 | }\n     | ^\n  12 | // El valor primero del equals es el esperado\n  13 | \n\nExpected one of the following: \n\n'@', 'class', 'const', 'describe', 'mixin', 'object', 'only', 'package', 'program', 'test', 'var', '{', EOF, comment, not \"}\n\", whitespace\n","stack":"Error: Failed to parse EXAMEN-Wollok/testExample.wtest: \n-- PARSING FAILED --------------------------------------------------\n\n   9 |     assert.equals(1000, malaria500.)\n  10 |   }\n> 11 | }\n     | ^\n  12 | // El valor primero del equals es el esperado\n  13 | \n\nExpected one of the following: \n\n'@', 'class', 'const', 'describe', 'mixin', 'object', 'only', 'package', 'program', 'test', 'var', '{', EOF, comment, not \"}\n\", whitespace\n\n    at /home/tiaguinni/.vscode/extensions/uqbar.wollok-lsp-ide-0.5.5/out/server/src/server.js:2385:13026\n    at Array.map (<anonymous>)\n    at z1n (/home/tiaguinni/.vscode/extensions/uqbar.wollok-lsp-ide-0.5.5/out/server/src/server.js:2385:12950)\n    at H2.buildEnvironmentFrom (/home/tiaguinni/.vscode/extensions/uqbar.wollok-lsp-ide-0.5.5/out/server/src/server.js:2430:5254)\n    at H2.updateEnvironmentWith (/home/tiaguinni/.vscode/extensions/uqbar.wollok-lsp-ide-0.5.5/out/server/src/server.js:2430:4989)\n    at QF (/home/tiaguinni/.vscode/extensions/uqbar.wollok-lsp-ide-0.5.5/out/server/src/server.js:2430:7383)\n    at V3.invoke (/home/tiaguinni/.vscode/extensions/uqbar.wollok-lsp-ide-0.5.5/out/server/src/server.js:3:157330)\n    at o.fire (/home/tiaguinni/.vscode/extensions/uqbar.wollok-lsp-ide-0.5.5/out/server/src/server.js:3:158100)\n    at /home/tiaguinni/.vscode/extensions/uqbar.wollok-lsp-ide-0.5.5/out/server/src/server.js:37:57871\n    at nd (/home/tiaguinni/.vscode/extensions/uqbar.wollok-lsp-ide-0.5.5/out/server/src/server.js:8:1561)","timestamp":"2026-09-23T13:08:43.701Z"}
{"level":"info","message":"⌛ Building environment","timeElapsed":134,"timestamp":"2026-09-23T13:08:44.146Z"}
{"level":"info","message":"⌛ Validating EXAMEN-Wollok/testExample.wtest","timeElapsed":171,"timestamp":"2026-09-23T13:08:44.333Z"}
{"level":"info","message":"⌛ Building environment","timeElapsed":151,"timestamp":"2026-09-23T13:08:44.487Z"}
{"level":"info","message":"⌛ Validating EXAMEN-Wollok/testExample.wtest","timeElapsed":177,"timestamp":"2026-09-23T13:08:44.676Z"}
{"level":"info","message":"⌛ Validating EXAMEN-Wollok/testExample.wtest","timeElapsed":164,"timestamp":"2026-09-23T13:08:45.041Z"}
{"level":"info","message":"⌛ Building environment","timeElapsed":125,"timestamp":"2026-09-23T13:08:45.332Z"}
{"level":"info","message":"⌛ Validating EXAMEN-Wollok/testExample.wtest","timeElapsed":280,"timestamp":"2026-09-23T13:08:45.615Z"}
{"level":"info","message":"⌛ Building environment","timeElapsed":118,"timestamp":"2026-09-23T13:08:45.748Z"}
{"level":"info","message":"⌛ Validating EXAMEN-Wollok/testExample.wtest","timeElapsed":217,"timestamp":"2026-09-23T13:08:45.969Z"}
{"level":"info","message":"⌛ Building environment","timeElapsed":104,"timestamp":"2026-09-23T13:08:46.171Z"}
{"level":"info","message":"⌛ Validating EXAMEN-Wollok/testExample.wtest","timeElapsed":144,"timestamp":"2026-09-23T13:08:46.316Z"}
{"level":"info","message":"⌛ Validating EXAMEN-Wollok/testExample.wtest","timeElapsed":145,"timestamp":"2026-09-23T13:08:46.466Z"}
{"level":"error","message":"✘ Completions for node Send ([9:5, 9:44] - EXAMEN-Wollok/testExample.wtest) failed: Error: [Send]{f08134} at EXAMEN-Wollok/testExample.wtest:9 exhausted all cases without a match [Send]{f08134} at EXAMEN-Wollok/testExample.wtest:9 exhausted all cases without a match","stack":"Error: [Send]{f08134} at EXAMEN-Wollok/testExample.wtest:9 exhausted all cases without a match\n    at /home/tiaguinni/.vscode/extensions/uqbar.wollok-lsp-ide-0.5.5/out/server/src/server.js:38:6142\n    at L2 (/home/tiaguinni/.vscode/extensions/uqbar.wollok-lsp-ide-0.5.5/out/server/src/server.js:2421:42)\n    at Jh (/home/tiaguinni/.vscode/extensions/uqbar.wollok-lsp-ide-0.5.5/out/server/src/server.js:2421:1092)\n    at w5n (/home/tiaguinni/.vscode/extensions/uqbar.wollok-lsp-ide-0.5.5/out/server/src/server.js:2421:1248)\n    at /home/tiaguinni/.vscode/extensions/uqbar.wollok-lsp-ide-0.5.5/out/server/src/server.js:38:6131\n    at L2 (/home/tiaguinni/.vscode/extensions/uqbar.wollok-lsp-ide-0.5.5/out/server/src/server.js:2421:42)\n    at /home/tiaguinni/.vscode/extensions/uqbar.wollok-lsp-ide-0.5.5/out/server/src/server.js:2421:2988\n    at /home/tiaguinni/.vscode/extensions/uqbar.wollok-lsp-ide-0.5.5/out/server/src/server.js:2430:8440\n    at /home/tiaguinni/.vscode/extensions/uqbar.wollok-lsp-ide-0.5.5/out/server/src/server.js:37:74872\n    at Ke (/home/tiaguinni/.vscode/extensions/uqbar.wollok-lsp-ide-0.5.5/out/server/src/server.js:7:8527)","timestamp":"2026-09-23T13:08:46.758Z"}
{"level":"error","message":"✘ Completions for node Return (undefined - EXAMEN-Wollok/testExample.wtest) failed: Error: [Return]{c4f833} at EXAMEN-Wollok/testExample.wtest:-- exhausted all cases without a match [Return]{c4f833} at EXAMEN-Wollok/testExample.wtest:-- exhausted all cases without a match","stack":"Error: [Return]{c4f833} at EXAMEN-Wollok/testExample.wtest:-- exhausted all cases without a match\n    at /home/tiaguinni/.vscode/extensions/uqbar.wollok-lsp-ide-0.5.5/out/server/src/server.js:38:6142\n    at L2 (/home/tiaguinni/.vscode/extensions/uqbar.wollok-lsp-ide-0.5.5/out/server/src/server.js:2421:42)\n    at Jh (/home/tiaguinni/.vscode/extensions/uqbar.wollok-lsp-ide-0.5.5/out/server/src/server.js:2421:1092)\n    at L2 (/home/tiaguinni/.vscode/extensions/uqbar.wollok-lsp-ide-0.5.5/out/server/src/server.js:2421:544)\n    at Jh (/home/tiaguinni/.vscode/extensions/uqbar.wollok-lsp-ide-0.5.5/out/server/src/server.js:2421:1092)\n    at w5n (/home/tiaguinni/.vscode/extensions/uqbar.wollok-lsp-ide-0.5.5/out/server/src/server.js:2421:1248)\n    at /home/tiaguinni/.vscode/extensions/uqbar.wollok-lsp-ide-0.5.5/out/server/src/server.js:38:6131\n    at L2 (/home/tiaguinni/.vscode/extensions/uqbar.wollok-lsp-ide-0.5.5/out/server/src/server.js:2421:42)\n    at /home/tiaguinni/.vscode/extensions/uqbar.wollok-lsp-ide-0.5.5/out/server/src/server.js:2421:2988\n    at /home/tiaguinni/.vscode/extensions/uqbar.wollok-lsp-ide-0.5.5/out/server/src/server.js:2430:8440","timestamp":"2026-09-23T13:08:46.758Z"}
{"level":"info","message":"⌛ Building environment","timeElapsed":115,"timestamp":"2026-09-23T13:08:48.507Z"}
{"level":"info","message":"⌛ Validating EXAMEN-Wollok/testExample.wtest","timeElapsed":137,"timestamp":"2026-09-23T13:08:48.650Z"}
{"level":"info","message":"⌛ Building environment","timeElapsed":103,"timestamp":"2026-09-23T13:08:48.881Z"}
{"level":"info","message":"⌛ Validating EXAMEN-Wollok/testExample.wtest","timeElapsed":217,"timestamp":"2026-09-23T13:08:49.118Z"}
{"level":"info","message":"⌛ Building environment","timeElapsed":120,"timestamp":"2026-09-23T13:08:49.239Z"}
{"level":"info","message":"⌛ Validating EXAMEN-Wollok/testExample.wtest","timeElapsed":139,"timestamp":"2026-09-23T13:08:49.476Z"}
{"level":"info","message":"⌛ Validating EXAMEN-Wollok/testExample.wtest","timeElapsed":177,"timestamp":"2026-09-23T13:08:49.653Z"}
{"level":"info","message":"⌛ Building environment","timeElapsed":114,"timestamp":"2026-09-23T13:08:49.775Z"}
{"level":"info","message":"⌛ Building environment","timeElapsed":112,"timestamp":"2026-09-23T13:08:49.895Z"}
{"level":"info","message":"⌛ Validating EXAMEN-Wollok/testExample.wtest","timeElapsed":156,"timestamp":"2026-09-23T13:08:50.051Z"}
{"level":"info","message":"⌛ Validating EXAMEN-Wollok/testExample.wtest","timeElapsed":140,"timestamp":"2026-09-23T13:08:50.296Z"}
{"level":"info","message":"⌛ Validating EXAMEN-Wollok/testExample.wtest","timeElapsed":137,"timestamp":"2026-09-23T13:08:50.440Z"}
{"level":"error","message":"✘ Completions for node Send ([9:5, 9:51] - EXAMEN-Wollok/testExample.wtest) failed: Error: [Send]{65a54f} at EXAMEN-Wollok/testExample.wtest:9 exhausted all cases without a match [Send]{65a54f} at EXAMEN-Wollok/testExample.wtest:9 exhausted all cases without a match","stack":"Error: [Send]{65a54f} at EXAMEN-Wollok/testExample.wtest:9 exhausted all cases without a match\n    at /home/tiaguinni/.vscode/extensions/uqbar.wollok-lsp-ide-0.5.5/out/server/src/server.js:38:6142\n    at L2 (/home/tiaguinni/.vscode/extensions/uqbar.wollok-lsp-ide-0.5.5/out/server/src/server.js:2421:42)\n    at Jh (/home/tiaguinni/.vscode/extensions/uqbar.wollok-lsp-ide-0.5.5/out/server/src/server.js:2421:1092)\n    at w5n (/home/tiaguinni/.vscode/extensions/uqbar.wollok-lsp-ide-0.5.5/out/server/src/server.js:2421:1248)\n    at /home/tiaguinni/.vscode/extensions/uqbar.wollok-lsp-ide-0.5.5/out/server/src/server.js:38:6131\n    at L2 (/home/tiaguinni/.vscode/extensions/uqbar.wollok-lsp-ide-0.5.5/out/server/src/server.js:2421:42)\n    at /home/tiaguinni/.vscode/extensions/uqbar.wollok-lsp-ide-0.5.5/out/server/src/server.js:2421:2988\n    at /home/tiaguinni/.vscode/extensions/uqbar.wollok-lsp-ide-0.5.5/out/server/src/server.js:2430:8440\n    at /home/tiaguinni/.vscode/extensions/uqbar.wollok-lsp-ide-0.5.5/out/server/src/server.js:37:74872\n    at Ke (/home/tiaguinni/.vscode/extensions/uqbar.wollok-lsp-ide-0.5.5/out/server/src/server.js:7:8527)","timestamp":"2026-09-23T13:08:50.609Z"}
{"level":"error","message":"✘ Completions for node Return (undefined - EXAMEN-Wollok/testExample.wtest) failed: Error: [Return]{4d4776} at EXAMEN-Wollok/testExample.wtest:-- exhausted all cases without a match [Return]{4d4776} at EXAMEN-Wollok/testExample.wtest:-- exhausted all cases without a match","stack":"Error: [Return]{4d4776} at EXAMEN-Wollok/testExample.wtest:-- exhausted all cases without a match\n    at /home/tiaguinni/.vscode/extensions/uqbar.wollok-lsp-ide-0.5.5/out/server/src/server.js:38:6142\n    at L2 (/home/tiaguinni/.vscode/extensions/uqbar.wollok-lsp-ide-0.5.5/out/server/src/server.js:2421:42)\n    at Jh (/home/tiaguinni/.vscode/extensions/uqbar.wollok-lsp-ide-0.5.5/out/server/src/server.js:2421:1092)\n    at L2 (/home/tiaguinni/.vscode/extensions/uqbar.wollok-lsp-ide-0.5.5/out/server/src/server.js:2421:544)\n    at Jh (/home/tiaguinni/.vscode/extensions/uqbar.wollok-lsp-ide-0.5.5/out/server/src/server.js:2421:1092)\n    at w5n (/home/tiaguinni/.vscode/extensions/uqbar.wollok-lsp-ide-0.5.5/out/server/src/server.js:2421:1248)\n    at /home/tiaguinni/.vscode/extensions/uqbar.wollok-lsp-ide-0.5.5/out/server/src/server.js:38:6131\n    at L2 (/home/tiaguinni/.vscode/extensions/uqbar.wollok-lsp-ide-0.5.5/out/server/src/server.js:2421:42)\n    at /home/tiaguinni/.vscode/extensions/uqbar.wollok-lsp-ide-0.5.5/out/server/src/server.js:2421:2988\n    at /home/tiaguinni/.vscode/extensions/uqbar.wollok-lsp-ide-0.5.5/out/server/src/server.js:2430:8440","timestamp":"2026-09-23T13:08:50.609Z"}
{"level":"info","message":"⌛ Building environment","timeElapsed":141,"timestamp":"2026-09-23T13:08:51.238Z"}
{"level":"info","message":"⌛ Validating EXAMEN-Wollok/testExample.wtest","timeElapsed":143,"timestamp":"2026-09-23T13:08:51.385Z"}
{"level":"info","message":"⌛ Validating EXAMEN-Wollok/testExample.wtest","timeElapsed":154,"timestamp":"2026-09-23T13:08:51.690Z"}
{"level":"info","message":"⌛ Building environment","timeElapsed":107,"timestamp":"2026-09-23T13:08:51.888Z"}
{"level":"info","message":"⌛ Validating EXAMEN-Wollok/testExample.wtest","timeElapsed":187,"timestamp":"2026-09-23T13:08:52.077Z"}
{"level":"info","message":"⌛ Validating EXAMEN-Wollok/testExample.wtest","timeElapsed":146,"timestamp":"2026-09-23T13:08:52.224Z"}
{"level":"error","message":"✘ Completions for node Send ([9:5, 9:53] - EXAMEN-Wollok/testExample.wtest) failed: Error: [Send]{f78d63} at EXAMEN-Wollok/testExample.wtest:9 exhausted all cases without a match [Send]{f78d63} at EXAMEN-Wollok/testExample.wtest:9 exhausted all cases without a match","stack":"Error: [Send]{f78d63} at EXAMEN-Wollok/testExample.wtest:9 exhausted all cases without a match\n    at /home/tiaguinni/.vscode/extensions/uqbar.wollok-lsp-ide-0.5.5/out/server/src/server.js:38:6142\n    at L2 (/home/tiaguinni/.vscode/extensions/uqbar.wollok-lsp-ide-0.5.5/out/server/src/server.js:2421:42)\n    at Jh (/home/tiaguinni/.vscode/extensions/uqbar.wollok-lsp-ide-0.5.5/out/server/src/server.js:2421:1092)\n    at w5n (/home/tiaguinni/.vscode/extensions/uqbar.wollok-lsp-ide-0.5.5/out/server/src/server.js:2421:1248)\n    at /home/tiaguinni/.vscode/extensions/uqbar.wollok-lsp-ide-0.5.5/out/server/src/server.js:38:6131\n    at L2 (/home/tiaguinni/.vscode/extensions/uqbar.wollok-lsp-ide-0.5.5/out/server/src/server.js:2421:42)\n    at /home/tiaguinni/.vscode/extensions/uqbar.wollok-lsp-ide-0.5.5/out/server/src/server.js:2421:2988\n    at /home/tiaguinni/.vscode/extensions/uqbar.wollok-lsp-ide-0.5.5/out/server/src/server.js:2430:8440\n    at /home/tiaguinni/.vscode/extensions/uqbar.wollok-lsp-ide-0.5.5/out/server/src/server.js:37:74872\n    at Ke (/home/tiaguinni/.vscode/extensions/uqbar.wollok-lsp-ide-0.5.5/out/server/src/server.js:7:8527)","timestamp":"2026-09-23T13:08:52.615Z"}
{"level":"error","message":"✘ Completions for node Return (undefined - EXAMEN-Wollok/testExample.wtest) failed: Error: [Return]{dc5508} at EXAMEN-Wollok/testExample.wtest:-- exhausted all cases without a match [Return]{dc5508} at EXAMEN-Wollok/testExample.wtest:-- exhausted all cases without a match","stack":"Error: [Return]{dc5508} at EXAMEN-Wollok/testExample.wtest:-- exhausted all cases without a match\n    at /home/tiaguinni/.vscode/extensions/uqbar.wollok-lsp-ide-0.5.5/out/server/src/server.js:38:6142\n    at L2 (/home/tiaguinni/.vscode/extensions/uqbar.wollok-lsp-ide-0.5.5/out/server/src/server.js:2421:42)\n    at Jh (/home/tiaguinni/.vscode/extensions/uqbar.wollok-lsp-ide-0.5.5/out/server/src/server.js:2421:1092)\n    at L2 (/home/tiaguinni/.vscode/extensions/uqbar.wollok-lsp-ide-0.5.5/out/server/src/server.js:2421:544)\n    at Jh (/home/tiaguinni/.vscode/extensions/uqbar.wollok-lsp-ide-0.5.5/out/server/src/server.js:2421:1092)\n    at w5n (/home/tiaguinni/.vscode/extensions/uqbar.wollok-lsp-ide-0.5.5/out/server/src/server.js:2421:1248)\n    at /home/tiaguinni/.vscode/extensions/uqbar.wollok-lsp-ide-0.5.5/out/server/src/server.js:38:6131\n    at L2 (/home/tiaguinni/.vscode/extensions/uqbar.wollok-lsp-ide-0.5.5/out/server/src/server.js:2421:42)\n    at /home/tiaguinni/.vscode/extensions/uqbar.wollok-lsp-ide-0.5.5/out/server/src/server.js:2421:2988\n    at /home/tiaguinni/.vscode/extensions/uqbar.wollok-lsp-ide-0.5.5/out/server/src/server.js:2430:8440","timestamp":"2026-09-23T13:08:52.616Z"}
{"level":"info","message":"⌛ Building environment","timeElapsed":167,"timestamp":"2026-09-23T13:08:53.675Z"}
{"level":"info","message":"⌛ Validating EXAMEN-Wollok/testExample.wtest","timeElapsed":158,"timestamp":"2026-09-23T13:08:53.836Z"}
{"level":"info","message":"⌛ Building environment","timeElapsed":145,"timestamp":"2026-09-23T13:08:57.496Z"}
{"level":"info","message":"⌛ Validating EXAMEN-Wollok/example.wlk","timeElapsed":148,"timestamp":"2026-09-23T13:08:57.891Z"}
{"level":"info","message":"⌛ Validating EXAMEN-Wollok/example.wlk","timeElapsed":129,"timestamp":"2026-09-23T13:08:58.025Z"}
{"level":"info","message":"⌛ Validating EXAMEN-Wollok/example.wlk","timeElapsed":141,"timestamp":"2026-09-23T13:08:58.518Z"}
{"level":"info","message":"⌛ Validating EXAMEN-Wollok/example.wlk","timeElapsed":152,"timestamp":"2026-09-23T13:08:58.806Z"}
{"level":"info","message":"⌛ Building environment","timeElapsed":117,"timestamp":"2026-09-23T13:08:59.018Z"}
{"level":"info","message":"⌛ Validating EXAMEN-Wollok/example.wlk","timeElapsed":198,"timestamp":"2026-09-23T13:08:59.230Z"}
{"level":"info","message":"⌛ Validating EXAMEN-Wollok/example.wlk","timeElapsed":167,"timestamp":"2026-09-23T13:08:59.398Z"}
{"level":"info","message":"⌛ Building environment","timeElapsed":108,"timestamp":"2026-09-23T13:08:59.513Z"}
{"level":"info","message":"⌛ Validating EXAMEN-Wollok/example.wlk","timeElapsed":154,"timestamp":"2026-09-23T13:08:59.765Z"}
{"level":"info","message":"⌛ Validating EXAMEN-Wollok/example.wlk","timeElapsed":199,"timestamp":"2026-09-23T13:08:59.966Z"}
{"level":"info","message":"⌛ Building environment","timeElapsed":126,"timestamp":"2026-09-23T13:09:00.103Z"}
{"level":"info","message":"⌛ Validating EXAMEN-Wollok/example.wlk","timeElapsed":146,"timestamp":"2026-09-23T13:09:00.346Z"}
{"level":"info","message":"⌛ Validating EXAMEN-Wollok/example.wlk","timeElapsed":135,"timestamp":"2026-09-23T13:09:00.482Z"}
{"level":"info","message":"⌛ Building environment","timeElapsed":113,"timestamp":"2026-09-23T13:09:00.960Z"}
{"level":"info","message":"⌛ Validating EXAMEN-Wollok/example.wlk","timeElapsed":142,"timestamp":"2026-09-23T13:09:01.109Z"}
{"level":"info","message":"⌛ Validating EXAMEN-Wollok/example.wlk","timeElapsed":152,"timestamp":"2026-09-23T13:09:06.960Z"}
{"level":"info","message":"⌛ Building environment","timeElapsed":118,"timestamp":"2026-09-23T13:09:07.174Z"}
{"level":"info","message":"⌛ Validating EXAMEN-Wollok/example.wlk","timeElapsed":147,"timestamp":"2026-09-23T13:09:07.322Z"}
{"level":"info","message":"⌛ Building environment","timeElapsed":121,"timestamp":"2026-09-23T13:09:07.444Z"}
{"level":"info","message":"⌛ Validating EXAMEN-Wollok/example.wlk","timeElapsed":155,"timestamp":"2026-09-23T13:09:07.606Z"}
{"level":"info","message":"⌛ Validating EXAMEN-Wollok/example.wlk","timeElapsed":182,"timestamp":"2026-09-23T13:09:07.870Z"}
{"level":"info","message":"⌛ Building environment","timeElapsed":151,"timestamp":"2026-09-23T13:09:08.023Z"}
{"level":"info","message":"⌛ Validating EXAMEN-Wollok/example.wlk","timeElapsed":154,"timestamp":"2026-09-23T13:09:08.183Z"}
{"level":"info","message":"⌛ Validating EXAMEN-Wollok/example.wlk","timeElapsed":144,"timestamp":"2026-09-23T13:09:08.529Z"}
{"level":"info","message":"⌛ Validating EXAMEN-Wollok/example.wlk","timeElapsed":147,"timestamp":"2026-09-23T13:09:08.680Z"}
{"level":"info","message":"⌛ Validating EXAMEN-Wollok/example.wlk","timeElapsed":147,"timestamp":"2026-09-23T13:09:08.827Z"}
{"level":"info","message":"⌛ Building environment","timeElapsed":115,"timestamp":"2026-09-23T13:09:10.612Z"}
{"level":"info","message":"⌛ Validating EXAMEN-Wollok/example.wlk","timeElapsed":140,"timestamp":"2026-09-23T13:09:10.761Z"}
{"level":"info","message":"⌛ Building environment","timeElapsed":103,"timestamp":"2026-09-23T13:09:10.899Z"}
{"level":"info","message":"⌛ Validating EXAMEN-Wollok/example.wlk","timeElapsed":191,"timestamp":"2026-09-23T13:09:11.093Z"}
{"level":"info","message":"⌛ Building environment","timeElapsed":157,"timestamp":"2026-09-23T13:09:11.254Z"}
{"level":"info","message":"⌛ Validating EXAMEN-Wollok/example.wlk","timeElapsed":153,"timestamp":"2026-09-23T13:09:11.422Z"}
{"level":"info","message":"⌛ Building environment","timeElapsed":113,"timestamp":"2026-09-23T13:09:12.194Z"}
{"level":"info","message":"⌛ Validating EXAMEN-Wollok/example.wlk","timeElapsed":161,"timestamp":"2026-09-23T13:09:12.359Z"}
{"level":"info","message":"⌛ Validating EXAMEN-Wollok/example.wlk","timeElapsed":142,"timestamp":"2026-09-23T13:09:12.584Z"}
{"level":"info","message":"⌛ Building environment","timeElapsed":244,"timestamp":"2026-09-23T13:09:12.888Z"}
{"level":"info","message":"⌛ Validating EXAMEN-Wollok/example.wlk","timeElapsed":158,"timestamp":"2026-09-23T13:09:13.054Z"}
{"level":"info","message":"⌛ Building environment","timeElapsed":148,"timestamp":"2026-09-23T13:09:14.189Z"}
{"level":"info","message":"⌛ Validating EXAMEN-Wollok/example.wlk","timeElapsed":191,"timestamp":"2026-09-23T13:09:14.476Z"}
{"level":"info","message":"⌛ Validating EXAMEN-Wollok/example.wlk","timeElapsed":181,"timestamp":"2026-09-23T13:09:14.657Z"}
{"level":"info","message":"⌛ Validating EXAMEN-Wollok/example.wlk","timeElapsed":162,"timestamp":"2026-09-23T13:09:15.004Z"}
{"level":"info","message":"⌛ Validating EXAMEN-Wollok/example.wlk","timeElapsed":175,"timestamp":"2026-09-23T13:09:15.188Z"}
{"level":"info","message":"⌛ Building environment","timeElapsed":116,"timestamp":"2026-09-23T13:09:15.308Z"}
{"level":"info","message":"⌛ Building environment","timeElapsed":117,"timestamp":"2026-09-23T13:09:15.426Z"}
{"level":"info","message":"⌛ Validating EXAMEN-Wollok/example.wlk","timeElapsed":152,"timestamp":"2026-09-23T13:09:15.579Z"}
{"level":"info","message":"⌛ Validating EXAMEN-Wollok/example.wlk","timeElapsed":144,"timestamp":"2026-09-23T13:09:15.806Z"}
{"level":"info","message":"⌛ Validating EXAMEN-Wollok/example.wlk","timeElapsed":139,"timestamp":"2026-09-23T13:09:15.952Z"}
{"level":"info","message":"⌛ Validating EXAMEN-Wollok/example.wlk","timeElapsed":172,"timestamp":"2026-09-23T13:09:16.219Z"}
{"level":"info","message":"⌛ Building environment","timeElapsed":197,"timestamp":"2026-09-23T13:09:16.418Z"}
{"level":"info","message":"⌛ Validating EXAMEN-Wollok/example.wlk","timeElapsed":180,"timestamp":"2026-09-23T13:09:16.696Z"}
{"level":"info","message":"⌛ Validating EXAMEN-Wollok/example.wlk","timeElapsed":151,"timestamp":"2026-09-23T13:09:16.849Z"}
{"level":"info","message":"⌛ Validating EXAMEN-Wollok/example.wlk","timeElapsed":166,"timestamp":"2026-09-23T13:09:17.120Z"}
{"level":"info","message":"⌛ Validating EXAMEN-Wollok/example.wlk","timeElapsed":171,"timestamp":"2026-09-23T13:09:17.380Z"}
{"level":"info","message":"⌛ Building environment","timeElapsed":102,"timestamp":"2026-09-23T13:09:17.483Z"}
{"level":"info","message":"⌛ Validating EXAMEN-Wollok/example.wlk","timeElapsed":169,"timestamp":"2026-09-23T13:09:17.749Z"}
{"level":"info","message":"⌛ Validating EXAMEN-Wollok/example.wlk","timeElapsed":135,"timestamp":"2026-09-23T13:09:17.885Z"}
{"level":"info","message":"⌛ Building environment","timeElapsed":179,"timestamp":"2026-09-23T13:09:18.124Z"}
{"level":"info","message":"⌛ Validating EXAMEN-Wollok/example.wlk","timeElapsed":155,"timestamp":"2026-09-23T13:09:18.472Z"}
{"level":"info","message":"⌛ Validating EXAMEN-Wollok/example.wlk","timeElapsed":168,"timestamp":"2026-09-23T13:09:18.650Z"}
{"level":"info","message":"⌛ Validating EXAMEN-Wollok/example.wlk","timeElapsed":165,"timestamp":"2026-09-23T13:09:18.817Z"}
{"level":"info","message":"⌛ Building environment","timeElapsed":110,"timestamp":"2026-09-23T13:09:18.928Z"}
{"level":"info","message":"⌛ Validating EXAMEN-Wollok/example.wlk","timeElapsed":185,"timestamp":"2026-09-23T13:09:19.215Z"}
{"level":"info","message":"⌛ Validating EXAMEN-Wollok/example.wlk","timeElapsed":146,"timestamp":"2026-09-23T13:09:19.361Z"}
{"level":"info","message":"⌛ Building environment","timeElapsed":144,"timestamp":"2026-09-23T13:09:19.624Z"}
{"level":"info","message":"⌛ Building environment","timeElapsed":203,"timestamp":"2026-09-23T13:09:19.836Z"}
{"level":"info","message":"⌛ Validating EXAMEN-Wollok/example.wlk","timeElapsed":185,"timestamp":"2026-09-23T13:09:20.022Z"}
{"level":"info","message":"⌛ Building environment","timeElapsed":111,"timestamp":"2026-09-23T13:09:20.134Z"}
{"level":"info","message":"⌛ Validating EXAMEN-Wollok/example.wlk","timeElapsed":132,"timestamp":"2026-09-23T13:09:20.274Z"}
{"level":"info","message":"⌛ Validating EXAMEN-Wollok/example.wlk","timeElapsed":149,"timestamp":"2026-09-23T13:09:20.493Z"}
{"level":"info","message":"⌛ Validating EXAMEN-Wollok/example.wlk","timeElapsed":159,"timestamp":"2026-09-23T13:09:20.653Z"}
{"level":"info","message":"⌛ Building environment","timeElapsed":135,"timestamp":"2026-09-23T13:09:21.241Z"}
{"level":"info","message":"⌛ Validating EXAMEN-Wollok/example.wlk","timeElapsed":151,"timestamp":"2026-09-23T13:09:21.405Z"}
{"level":"info","message":"⌛ Building environment","timeElapsed":138,"timestamp":"2026-09-23T13:09:25.657Z"}
{"level":"info","message":"⌛ Validating EXAMEN-Wollok/example.wlk","timeElapsed":163,"timestamp":"2026-09-23T13:09:25.833Z"}
{"level":"info","message":"⌛ Building environment","timeElapsed":109,"timestamp":"2026-09-23T13:09:26.383Z"}
{"level":"info","message":"⌛ Validating EXAMEN-Wollok/example.wlk","timeElapsed":165,"timestamp":"2026-09-23T13:09:26.644Z"}
{"level":"info","message":"⌛ Validating EXAMEN-Wollok/example.wlk","timeElapsed":178,"timestamp":"2026-09-23T13:09:26.823Z"}
{"level":"info","message":"⌛ Validating EXAMEN-Wollok/example.wlk","timeElapsed":178,"timestamp":"2026-09-23T13:09:27.206Z"}
{"level":"info","message":"⌛ Building environment","timeElapsed":114,"timestamp":"2026-09-23T13:09:27.325Z"}
{"level":"info","message":"⌛ Validating EXAMEN-Wollok/example.wlk","timeElapsed":157,"timestamp":"2026-09-23T13:09:27.483Z"}
{"level":"info","message":"⌛ Validating EXAMEN-Wollok/example.wlk","timeElapsed":153,"timestamp":"2026-09-23T13:09:27.733Z"}
{"level":"info","message":"⌛ Validating EXAMEN-Wollok/example.wlk","timeElapsed":147,"timestamp":"2026-09-23T13:09:27.951Z"}
{"level":"info","message":"⌛ Building environment","timeElapsed":138,"timestamp":"2026-09-23T13:09:28.887Z"}
{"level":"info","message":"⌛ Validating EXAMEN-Wollok/example.wlk","timeElapsed":162,"timestamp":"2026-09-23T13:09:29.054Z"}
{"level":"info","message":"⌛ Validating EXAMEN-Wollok/example.wlk","timeElapsed":147,"timestamp":"2026-09-23T13:09:29.408Z"}
{"level":"info","message":"⌛ Building environment","timeElapsed":111,"timestamp":"2026-09-23T13:09:29.692Z"}
{"level":"info","message":"⌛ Validating EXAMEN-Wollok/example.wlk","timeElapsed":147,"timestamp":"2026-09-23T13:09:29.846Z"}
{"level":"info","message":"⌛ Building environment","timeElapsed":109,"timestamp":"2026-09-23T13:09:30.101Z"}
{"level":"info","message":"⌛ Validating EXAMEN-Wollok/example.wlk","timeElapsed":254,"timestamp":"2026-09-23T13:09:30.359Z"}
{"level":"info","message":"⌛ Validating EXAMEN-Wollok/example.wlk","timeElapsed":164,"timestamp":"2026-09-23T13:09:30.639Z"}
{"level":"info","message":"⌛ Building environment","timeElapsed":105,"timestamp":"2026-09-23T13:09:30.755Z"}
{"level":"info","message":"⌛ Validating EXAMEN-Wollok/example.wlk","timeElapsed":146,"timestamp":"2026-09-23T13:09:30.907Z"}
{"level":"info","message":"⌛ Validating EXAMEN-Wollok/example.wlk","timeElapsed":138,"timestamp":"2026-09-23T13:09:31.351Z"}
{"level":"info","message":"⌛ Building environment","timeElapsed":114,"timestamp":"2026-09-23T13:09:31.513Z"}
{"level":"info","message":"⌛ Validating EXAMEN-Wollok/example.wlk","timeElapsed":146,"timestamp":"2026-09-23T13:09:31.663Z"}
{"level":"info","message":"⌛ Building environment","timeElapsed":123,"timestamp":"2026-09-23T13:10:02.421Z"}
{"level":"info","message":"⌛ Validating EXAMEN-Wollok/example.wlk","timeElapsed":165,"timestamp":"2026-09-23T13:10:02.589Z"}
{"level":"info","message":"⌛ Building environment","timeElapsed":147,"timestamp":"2026-09-23T13:10:03.420Z"}
{"level":"info","message":"⌛ Building environment","timeElapsed":111,"timestamp":"2026-09-23T13:10:03.533Z"}
{"level":"info","message":"⌛ Validating EXAMEN-Wollok/example.wlk","timeElapsed":186,"timestamp":"2026-09-23T13:10:03.720Z"}
{"level":"info","message":"⌛ Validating EXAMEN-Wollok/example.wlk","timeElapsed":226,"timestamp":"2026-09-23T13:10:03.948Z"}
{"level":"info","message":"⌛ Building environment","timeElapsed":109,"timestamp":"2026-09-23T13:10:04.058Z"}
{"level":"info","message":"⌛ Validating EXAMEN-Wollok/example.wlk","timeElapsed":149,"timestamp":"2026-09-23T13:10:04.305Z"}
{"level":"info","message":"⌛ Validating EXAMEN-Wollok/example.wlk","timeElapsed":143,"timestamp":"2026-09-23T13:10:04.449Z"}
{"level":"info","message":"⌛ Building environment","timeElapsed":134,"timestamp":"2026-09-23T13:10:05.305Z"}
{"level":"info","message":"⌛ Validating EXAMEN-Wollok/example.wlk","timeElapsed":173,"timestamp":"2026-09-23T13:10:05.483Z"}
{"level":"info","message":"⌛ Building environment","timeElapsed":110,"timestamp":"2026-09-23T13:10:05.689Z"}
{"level":"info","message":"⌛ Validating EXAMEN-Wollok/example.wlk","timeElapsed":319,"timestamp":"2026-09-23T13:10:06.009Z"}
{"level":"info","message":"⌛ Building environment","timeElapsed":165,"timestamp":"2026-09-23T13:10:06.175Z"}
{"level":"info","message":"⌛ Building environment","timeElapsed":122,"timestamp":"2026-09-23T13:10:06.297Z"}
{"level":"info","message":"⌛ Validating EXAMEN-Wollok/example.wlk","timeElapsed":181,"timestamp":"2026-09-23T13:10:06.479Z"}
{"level":"info","message":"⌛ Validating EXAMEN-Wollok/example.wlk","timeElapsed":168,"timestamp":"2026-09-23T13:10:06.657Z"}
{"level":"info","message":"⌛ Validating EXAMEN-Wollok/example.wlk","timeElapsed":176,"timestamp":"2026-09-23T13:10:06.836Z"}
{"level":"info","message":"⌛ Building environment","timeElapsed":164,"timestamp":"2026-09-23T13:10:10.352Z"}
{"level":"info","message":"⌛ Validating EXAMEN-Wollok/testExample.wtest","timeElapsed":163,"timestamp":"2026-09-23T13:10:10.529Z"}
{"level":"error","message":"✘ Completions for node Send ([9:25, 9:47] - EXAMEN-Wollok/testExample.wtest) failed: Error: [Send]{f4cb7a} at EXAMEN-Wollok/testExample.wtest:9 exhausted all cases without a match [Send]{f4cb7a} at EXAMEN-Wollok/testExample.wtest:9 exhausted all cases without a match","stack":"Error: [Send]{f4cb7a} at EXAMEN-Wollok/testExample.wtest:9 exhausted all cases without a match\n    at /home/tiaguinni/.vscode/extensions/uqbar.wollok-lsp-ide-0.5.5/out/server/src/server.js:38:6142\n    at L2 (/home/tiaguinni/.vscode/extensions/uqbar.wollok-lsp-ide-0.5.5/out/server/src/server.js:2421:42)\n    at /home/tiaguinni/.vscode/extensions/uqbar.wollok-lsp-ide-0.5.5/out/server/src/server.js:2421:2988\n    at /home/tiaguinni/.vscode/extensions/uqbar.wollok-lsp-ide-0.5.5/out/server/src/server.js:2430:8440\n    at /home/tiaguinni/.vscode/extensions/uqbar.wollok-lsp-ide-0.5.5/out/server/src/server.js:37:74872\n    at Ke (/home/tiaguinni/.vscode/extensions/uqbar.wollok-lsp-ide-0.5.5/out/server/src/server.js:7:8527)\n    at It (/home/tiaguinni/.vscode/extensions/uqbar.wollok-lsp-ide-0.5.5/out/server/src/server.js:7:6189)\n    at et (/home/tiaguinni/.vscode/extensions/uqbar.wollok-lsp-ide-0.5.5/out/server/src/server.js:7:6378)\n    at Immediate._onImmediate (/home/tiaguinni/.vscode/extensions/uqbar.wollok-lsp-ide-0.5.5/out/server/src/server.js:7:6142)\n    at process.processImmediate (node:internal/timers:504:21)","timestamp":"2026-09-23T13:10:11.012Z"}
{"level":"error","message":"✘ Completions for node Send ([9:5, 9:48] - EXAMEN-Wollok/testExample.wtest) failed: Error: [Send]{6cd9e0} at EXAMEN-Wollok/testExample.wtest:9 exhausted all cases without a match [Send]{6cd9e0} at EXAMEN-Wollok/testExample.wtest:9 exhausted all cases without a match","stack":"Error: [Send]{6cd9e0} at EXAMEN-Wollok/testExample.wtest:9 exhausted all cases without a match\n    at /home/tiaguinni/.vscode/extensions/uqbar.wollok-lsp-ide-0.5.5/out/server/src/server.js:38:6142\n    at L2 (/home/tiaguinni/.vscode/extensions/uqbar.wollok-lsp-ide-0.5.5/out/server/src/server.js:2421:42)\n    at Jh (/home/tiaguinni/.vscode/extensions/uqbar.wollok-lsp-ide-0.5.5/out/server/src/server.js:2421:1092)\n    at L2 (/home/tiaguinni/.vscode/extensions/uqbar.wollok-lsp-ide-0.5.5/out/server/src/server.js:2421:544)\n    at /home/tiaguinni/.vscode/extensions/uqbar.wollok-lsp-ide-0.5.5/out/server/src/server.js:2421:2988\n    at /home/tiaguinni/.vscode/extensions/uqbar.wollok-lsp-ide-0.5.5/out/server/src/server.js:2430:8440\n    at /home/tiaguinni/.vscode/extensions/uqbar.wollok-lsp-ide-0.5.5/out/server/src/server.js:37:74872\n    at Ke (/home/tiaguinni/.vscode/extensions/uqbar.wollok-lsp-ide-0.5.5/out/server/src/server.js:7:8527)\n    at It (/home/tiaguinni/.vscode/extensions/uqbar.wollok-lsp-ide-0.5.5/out/server/src/server.js:7:6189)\n    at et (/home/tiaguinni/.vscode/extensions/uqbar.wollok-lsp-ide-0.5.5/out/server/src/server.js:7:6378)","timestamp":"2026-09-23T13:10:11.012Z"}
{"level":"error","message":"✘ Completions for node Return (undefined - EXAMEN-Wollok/testExample.wtest) failed: Error: [Return]{8c00b4} at EXAMEN-Wollok/testExample.wtest:-- exhausted all cases without a match [Return]{8c00b4} at EXAMEN-Wollok/testExample.wtest:-- exhausted all cases without a match","stack":"Error: [Return]{8c00b4} at EXAMEN-Wollok/testExample.wtest:-- exhausted all cases without a match\n    at /home/tiaguinni/.vscode/extensions/uqbar.wollok-lsp-ide-0.5.5/out/server/src/server.js:38:6142\n    at L2 (/home/tiaguinni/.vscode/extensions/uqbar.wollok-lsp-ide-0.5.5/out/server/src/server.js:2421:42)\n    at Jh (/home/tiaguinni/.vscode/extensions/uqbar.wollok-lsp-ide-0.5.5/out/server/src/server.js:2421:1092)\n    at L2 (/home/tiaguinni/.vscode/extensions/uqbar.wollok-lsp-ide-0.5.5/out/server/src/server.js:2421:544)\n    at Jh (/home/tiaguinni/.vscode/extensions/uqbar.wollok-lsp-ide-0.5.5/out/server/src/server.js:2421:1092)\n    at L2 (/home/tiaguinni/.vscode/extensions/uqbar.wollok-lsp-ide-0.5.5/out/server/src/server.js:2421:544)\n    at /home/tiaguinni/.vscode/extensions/uqbar.wollok-lsp-ide-0.5.5/out/server/src/server.js:2421:2988\n    at /home/tiaguinni/.vscode/extensions/uqbar.wollok-lsp-ide-0.5.5/out/server/src/server.js:2430:8440\n    at /home/tiaguinni/.vscode/extensions/uqbar.wollok-lsp-ide-0.5.5/out/server/src/server.js:37:74872\n    at Ke (/home/tiaguinni/.vscode/extensions/uqbar.wollok-lsp-ide-0.5.5/out/server/src/server.js:7:8527)","timestamp":"2026-09-23T13:10:11.013Z"}
{"level":"info","message":"⌛ Building environment","timeElapsed":126,"timestamp":"2026-09-23T13:10:11.149Z"}
{"level":"error","message":"✘ Completions for node Send ([9:25, 9:46] - EXAMEN-Wollok/testExample.wtest) failed: Error: [Send]{e05468} at EXAMEN-Wollok/testExample.wtest:9 exhausted all cases without a match [Send]{e05468} at EXAMEN-Wollok/testExample.wtest:9 exhausted all cases without a match","stack":"Error: [Send]{e05468} at EXAMEN-Wollok/testExample.wtest:9 exhausted all cases without a match\n    at /home/tiaguinni/.vscode/extensions/uqbar.wollok-lsp-ide-0.5.5/out/server/src/server.js:38:6142\n    at L2 (/home/tiaguinni/.vscode/extensions/uqbar.wollok-lsp-ide-0.5.5/out/server/src/server.js:2421:42)\n    at /home/tiaguinni/.vscode/extensions/uqbar.wollok-lsp-ide-0.5.5/out/server/src/server.js:2421:2988\n    at /home/tiaguinni/.vscode/extensions/uqbar.wollok-lsp-ide-0.5.5/out/server/src/server.js:2430:8440\n    at /home/tiaguinni/.vscode/extensions/uqbar.wollok-lsp-ide-0.5.5/out/server/src/server.js:37:74872\n    at Ke (/home/tiaguinni/.vscode/extensions/uqbar.wollok-lsp-ide-0.5.5/out/server/src/server.js:7:8527)\n    at It (/home/tiaguinni/.vscode/extensions/uqbar.wollok-lsp-ide-0.5.5/out/server/src/server.js:7:6189)\n    at et (/home/tiaguinni/.vscode/extensions/uqbar.wollok-lsp-ide-0.5.5/out/server/src/server.js:7:6378)\n    at Immediate._onImmediate (/home/tiaguinni/.vscode/extensions/uqbar.wollok-lsp-ide-0.5.5/out/server/src/server.js:7:6142)\n    at process.processImmediate (node:internal/timers:504:21)","timestamp":"2026-09-23T13:10:11.187Z"}
{"level":"error","message":"✘ Completions for node Send ([9:5, 9:47] - EXAMEN-Wollok/testExample.wtest) failed: Error: [Send]{aa1720} at EXAMEN-Wollok/testExample.wtest:9 exhausted all cases without a match [Send]{aa1720} at EXAMEN-Wollok/testExample.wtest:9 exhausted all cases without a match","stack":"Error: [Send]{aa1720} at EXAMEN-Wollok/testExample.wtest:9 exhausted all cases without a match\n    at /home/tiaguinni/.vscode/extensions/uqbar.wollok-lsp-ide-0.5.5/out/server/src/server.js:38:6142\n    at L2 (/home/tiaguinni/.vscode/extensions/uqbar.wollok-lsp-ide-0.5.5/out/server/src/server.js:2421:42)\n    at Jh (/home/tiaguinni/.vscode/extensions/uqbar.wollok-lsp-ide-0.5.5/out/server/src/server.js:2421:1092)\n    at L2 (/home/tiaguinni/.vscode/extensions/uqbar.wollok-lsp-ide-0.5.5/out/server/src/server.js:2421:544)\n    at /home/tiaguinni/.vscode/extensions/uqbar.wollok-lsp-ide-0.5.5/out/server/src/server.js:2421:2988\n    at /home/tiaguinni/.vscode/extensions/uqbar.wollok-lsp-ide-0.5.5/out/server/src/server.js:2430:8440\n    at /home/tiaguinni/.vscode/extensions/uqbar.wollok-lsp-ide-0.5.5/out/server/src/server.js:37:74872\n    at Ke (/home/tiaguinni/.vscode/extensions/uqbar.wollok-lsp-ide-0.5.5/out/server/src/server.js:7:8527)\n    at It (/home/tiaguinni/.vscode/extensions/uqbar.wollok-lsp-ide-0.5.5/out/server/src/server.js:7:6189)\n    at et (/home/tiaguinni/.vscode/extensions/uqbar.wollok-lsp-ide-0.5.5/out/server/src/server.js:7:6378)","timestamp":"2026-09-23T13:10:11.188Z"}
{"level":"error","message":"✘ Completions for node Return (undefined - EXAMEN-Wollok/testExample.wtest) failed: Error: [Return]{54d97f} at EXAMEN-Wollok/testExample.wtest:-- exhausted all cases without a match [Return]{54d97f} at EXAMEN-Wollok/testExample.wtest:-- exhausted all cases without a match","stack":"Error: [Return]{54d97f} at EXAMEN-Wollok/testExample.wtest:-- exhausted all cases without a match\n    at /home/tiaguinni/.vscode/extensions/uqbar.wollok-lsp-ide-0.5.5/out/server/src/server.js:38:6142\n    at L2 (/home/tiaguinni/.vscode/extensions/uqbar.wollok-lsp-ide-0.5.5/out/server/src/server.js:2421:42)\n    at Jh (/home/tiaguinni/.vscode/extensions/uqbar.wollok-lsp-ide-0.5.5/out/server/src/server.js:2421:1092)\n    at L2 (/home/tiaguinni/.vscode/extensions/uqbar.wollok-lsp-ide-0.5.5/out/server/src/server.js:2421:544)\n    at Jh (/home/tiaguinni/.vscode/extensions/uqbar.wollok-lsp-ide-0.5.5/out/server/src/server.js:2421:1092)\n    at L2 (/home/tiaguinni/.vscode/extensions/uqbar.wollok-lsp-ide-0.5.5/out/server/src/server.js:2421:544)\n    at /home/tiaguinni/.vscode/extensions/uqbar.wollok-lsp-ide-0.5.5/out/server/src/server.js:2421:2988\n    at /home/tiaguinni/.vscode/extensions/uqbar.wollok-lsp-ide-0.5.5/out/server/src/server.js:2430:8440\n    at /home/tiaguinni/.vscode/extensions/uqbar.wollok-lsp-ide-0.5.5/out/server/src/server.js:37:74872\n    at Ke (/home/tiaguinni/.vscode/extensions/uqbar.wollok-lsp-ide-0.5.5/out/server/src/server.js:7:8527)","timestamp":"2026-09-23T13:10:11.188Z"}
{"level":"info","message":"⌛ Validating EXAMEN-Wollok/testExample.wtest","timeElapsed":152,"timestamp":"2026-09-23T13:10:11.344Z"}
{"level":"info","message":"⌛ Building environment","timeElapsed":130,"timestamp":"2026-09-23T13:10:11.804Z"}
{"level":"info","message":"⌛ Validating EXAMEN-Wollok/testExample.wtest","timeElapsed":157,"timestamp":"2026-09-23T13:10:12.070Z"}
{"level":"info","message":"⌛ Validating EXAMEN-Wollok/testExample.wtest","timeElapsed":180,"timestamp":"2026-09-23T13:10:12.251Z"}
{"level":"info","message":"⌛ Building environment","timeElapsed":102,"timestamp":"2026-09-23T13:10:12.361Z"}
{"level":"info","message":"⌛ Validating EXAMEN-Wollok/testExample.wtest","timeElapsed":156,"timestamp":"2026-09-23T13:10:12.617Z"}
{"level":"info","message":"⌛ Validating EXAMEN-Wollok/testExample.wtest","timeElapsed":154,"timestamp":"2026-09-23T13:10:12.772Z"}
{"level":"info","message":"⌛ Building environment","timeElapsed":101,"timestamp":"2026-09-23T13:10:12.881Z"}
{"level":"info","message":"⌛ Validating EXAMEN-Wollok/testExample.wtest","timeElapsed":148,"timestamp":"2026-09-23T13:10:13.143Z"}
{"level":"info","message":"⌛ Validating EXAMEN-Wollok/testExample.wtest","timeElapsed":135,"timestamp":"2026-09-23T13:10:13.279Z"}
{"level":"info","message":"⌛ Building environment","timeElapsed":121,"timestamp":"2026-09-23T13:10:13.487Z"}
{"level":"info","message":"⌛ Validating EXAMEN-Wollok/testExample.wtest","timeElapsed":169,"timestamp":"2026-09-23T13:10:13.660Z"}
{"level":"info","message":"⌛ Building environment","timeElapsed":117,"timestamp":"2026-09-23T13:10:13.778Z"}
{"level":"info","message":"⌛ Validating EXAMEN-Wollok/testExample.wtest","timeElapsed":175,"timestamp":"2026-09-23T13:10:13.961Z"}
{"level":"info","message":"⌛ Validating EXAMEN-Wollok/testExample.wtest","timeElapsed":142,"timestamp":"2026-09-23T13:10:14.199Z"}
{"level":"info","message":"⌛ Building environment","timeElapsed":106,"timestamp":"2026-09-23T13:10:14.397Z"}
{"level":"info","message":"⌛ Validating EXAMEN-Wollok/testExample.wtest","timeElapsed":153,"timestamp":"2026-09-23T13:10:14.559Z"}
{"level":"info","message":"⌛ Validating EXAMEN-Wollok/testExample.wtest","timeElapsed":183,"timestamp":"2026-09-23T13:10:14.844Z"}
{"level":"error","message":"✘ Completions for node Send ([9:25, 9:55] - EXAMEN-Wollok/testExample.wtest) failed: Error: [Send]{d8073a} at EXAMEN-Wollok/testExample.wtest:9 exhausted all cases without a match [Send]{d8073a} at EXAMEN-Wollok/testExample.wtest:9 exhausted all cases without a match","stack":"Error: [Send]{d8073a} at EXAMEN-Wollok/testExample.wtest:9 exhausted all cases without a match\n    at /home/tiaguinni/.vscode/extensions/uqbar.wollok-lsp-ide-0.5.5/out/server/src/server.js:38:6142\n    at L2 (/home/tiaguinni/.vscode/extensions/uqbar.wollok-lsp-ide-0.5.5/out/server/src/server.js:2421:42)\n    at /home/tiaguinni/.vscode/extensions/uqbar.wollok-lsp-ide-0.5.5/out/server/src/server.js:2421:2988\n    at /home/tiaguinni/.vscode/extensions/uqbar.wollok-lsp-ide-0.5.5/out/server/src/server.js:2430:8440\n    at /home/tiaguinni/.vscode/extensions/uqbar.wollok-lsp-ide-0.5.5/out/server/src/server.js:37:74872\n    at Ke (/home/tiaguinni/.vscode/extensions/uqbar.wollok-lsp-ide-0.5.5/out/server/src/server.js:7:8527)\n    at It (/home/tiaguinni/.vscode/extensions/uqbar.wollok-lsp-ide-0.5.5/out/server/src/server.js:7:6189)\n    at et (/home/tiaguinni/.vscode/extensions/uqbar.wollok-lsp-ide-0.5.5/out/server/src/server.js:7:6378)\n    at Immediate._onImmediate (/home/tiaguinni/.vscode/extensions/uqbar.wollok-lsp-ide-0.5.5/out/server/src/server.js:7:6142)\n    at process.processImmediate (node:internal/timers:504:21)","timestamp":"2026-09-23T13:10:15.321Z"}
{"level":"error","message":"✘ Completions for node Send ([9:5, 9:56] - EXAMEN-Wollok/testExample.wtest) failed: Error: [Send]{0cd931} at EXAMEN-Wollok/testExample.wtest:9 exhausted all cases without a match [Send]{0cd931} at EXAMEN-Wollok/testExample.wtest:9 exhausted all cases without a match","stack":"Error: [Send]{0cd931} at EXAMEN-Wollok/testExample.wtest:9 exhausted all cases without a match\n    at /home/tiaguinni/.vscode/extensions/uqbar.wollok-lsp-ide-0.5.5/out/server/src/server.js:38:6142\n    at L2 (/home/tiaguinni/.vscode/extensions/uqbar.wollok-lsp-ide-0.5.5/out/server/src/server.js:2421:42)\n    at Jh (/home/tiaguinni/.vscode/extensions/uqbar.wollok-lsp-ide-0.5.5/out/server/src/server.js:2421:1092)\n    at L2 (/home/tiaguinni/.vscode/extensions/uqbar.wollok-lsp-ide-0.5.5/out/server/src/server.js:2421:544)\n    at /home/tiaguinni/.vscode/extensions/uqbar.wollok-lsp-ide-0.5.5/out/server/src/server.js:2421:2988\n    at /home/tiaguinni/.vscode/extensions/uqbar.wollok-lsp-ide-0.5.5/out/server/src/server.js:2430:8440\n    at /home/tiaguinni/.vscode/extensions/uqbar.wollok-lsp-ide-0.5.5/out/server/src/server.js:37:74872\n    at Ke (/home/tiaguinni/.vscode/extensions/uqbar.wollok-lsp-ide-0.5.5/out/server/src/server.js:7:8527)\n    at It (/home/tiaguinni/.vscode/extensions/uqbar.wollok-lsp-ide-0.5.5/out/server/src/server.js:7:6189)\n    at et (/home/tiaguinni/.vscode/extensions/uqbar.wollok-lsp-ide-0.5.5/out/server/src/server.js:7:6378)","timestamp":"2026-09-23T13:10:15.321Z"}
{"level":"error","message":"✘ Completions for node Return (undefined - EXAMEN-Wollok/testExample.wtest) failed: Error: [Return]{28190b} at EXAMEN-Wollok/testExample.wtest:-- exhausted all cases without a match [Return]{28190b} at EXAMEN-Wollok/testExample.wtest:-- exhausted all cases without a match","stack":"Error: [Return]{28190b} at EXAMEN-Wollok/testExample.wtest:-- exhausted all cases without a match\n    at /home/tiaguinni/.vscode/extensions/uqbar.wollok-lsp-ide-0.5.5/out/server/src/server.js:38:6142\n    at L2 (/home/tiaguinni/.vscode/extensions/uqbar.wollok-lsp-ide-0.5.5/out/server/src/server.js:2421:42)\n    at Jh (/home/tiaguinni/.vscode/extensions/uqbar.wollok-lsp-ide-0.5.5/out/server/src/server.js:2421:1092)\n    at L2 (/home/tiaguinni/.vscode/extensions/uqbar.wollok-lsp-ide-0.5.5/out/server/src/server.js:2421:544)\n    at Jh (/home/tiaguinni/.vscode/extensions/uqbar.wollok-lsp-ide-0.5.5/out/server/src/server.js:2421:1092)\n    at L2 (/home/tiaguinni/.vscode/extensions/uqbar.wollok-lsp-ide-0.5.5/out/server/src/server.js:2421:544)\n    at /home/tiaguinni/.vscode/extensions/uqbar.wollok-lsp-ide-0.5.5/out/server/src/server.js:2421:2988\n    at /home/tiaguinni/.vscode/extensions/uqbar.wollok-lsp-ide-0.5.5/out/server/src/server.js:2430:8440\n    at /home/tiaguinni/.vscode/extensions/uqbar.wollok-lsp-ide-0.5.5/out/server/src/server.js:37:74872\n    at Ke (/home/tiaguinni/.vscode/extensions/uqbar.wollok-lsp-ide-0.5.5/out/server/src/server.js:7:8527)","timestamp":"2026-09-23T13:10:15.322Z"}
{"level":"info","message":"⌛ Building environment","timeElapsed":138,"timestamp":"2026-09-23T13:10:16.700Z"}
{"level":"info","message":"⌛ Validating EXAMEN-Wollok/example.wlk","timeElapsed":153,"timestamp":"2026-09-23T13:10:16.862Z"}
{"level":"info","message":"⌛ Building environment","timeElapsed":108,"timestamp":"2026-09-23T13:10:17.019Z"}
{"level":"info","message":"⌛ Validating EXAMEN-Wollok/example.wlk","timeElapsed":160,"timestamp":"2026-09-23T13:10:17.184Z"}
{"level":"info","message":"⌛ Building environment","timeElapsed":111,"timestamp":"2026-09-23T13:10:17.295Z"}
{"level":"info","message":"⌛ Validating EXAMEN-Wollok/example.wlk","timeElapsed":164,"timestamp":"2026-09-23T13:10:17.466Z"}
{"level":"info","message":"⌛ Building environment","timeElapsed":104,"timestamp":"2026-09-23T13:10:17.960Z"}
{"level":"info","message":"⌛ Validating EXAMEN-Wollok/example.wlk","timeElapsed":135,"timestamp":"2026-09-23T13:10:18.099Z"}
{"level":"info","message":"⌛ Building environment","timeElapsed":122,"timestamp":"2026-09-23T13:10:18.284Z"}
{"level":"info","message":"⌛ Building environment","timeElapsed":106,"timestamp":"2026-09-23T13:10:18.391Z"}
{"level":"info","message":"⌛ Validating EXAMEN-Wollok/example.wlk","timeElapsed":167,"timestamp":"2026-09-23T13:10:18.559Z"}
{"level":"info","message":"⌛ Validating EXAMEN-Wollok/example.wlk","timeElapsed":157,"timestamp":"2026-09-23T13:10:18.724Z"}
{"level":"error","message":"✘ Failed to get type description: Error: Failed to print, found malformed node Failed to print, found malformed node","node":{"compiled":false,"id":"d7e5423b-8b21-4177-b61f-879b37c29bb9","isOverride":false,"metadata":[],"name":"celulasAmenazadas","parameters":[],"problems":[{"code":"malformedMember","sourceMap":{"end":{"column":0,"line":26,"offset":508},"start":{"column":27,"line":25,"offset":502}}}],"scope":{"containerScope":{"containerScope":{"containerScope":{"containerScope":{"contributions":{},"includedScopes":[]},"contributions":{},"includedScopes":[]},"contributions":{},"includedScopes":[]},"contributions":{},"includedScopes":[{"containerScope":{"containerScope":{"containerScope":{"contributions":{},"includedScopes":[]},"contributions":{},"includedScopes":[]},"contributions":{},"includedScopes":[]},"contributions":{},"includedScopes":[]}]},"contributions":{},"includedScopes":[]},"sourceMap":{"end":{"column":33,"line":25,"offset":508},"start":{"column":3,"line":25,"offset":478}}},"stack":"Error: Failed to print, found malformed node\n    at /home/tiaguinni/.vscode/extensions/uqbar.wollok-lsp-ide-0.5.5/out/server/src/server.js:68:3585\n    at Ybn (/home/tiaguinni/.vscode/extensions/uqbar.wollok-lsp-ide-0.5.5/out/server/src/server.js:68:3396)\n    at /home/tiaguinni/.vscode/extensions/uqbar.wollok-lsp-ide-0.5.5/out/server/src/server.js:2430:847\n    at /home/tiaguinni/.vscode/extensions/uqbar.wollok-lsp-ide-0.5.5/out/server/src/server.js:2430:8440\n    at /home/tiaguinni/.vscode/extensions/uqbar.wollok-lsp-ide-0.5.5/out/server/src/server.js:37:74770\n    at Ke (/home/tiaguinni/.vscode/extensions/uqbar.wollok-lsp-ide-0.5.5/out/server/src/server.js:7:8527)\n    at It (/home/tiaguinni/.vscode/extensions/uqbar.wollok-lsp-ide-0.5.5/out/server/src/server.js:7:6189)\n    at et (/home/tiaguinni/.vscode/extensions/uqbar.wollok-lsp-ide-0.5.5/out/server/src/server.js:7:6378)\n    at Immediate._onImmediate (/home/tiaguinni/.vscode/extensions/uqbar.wollok-lsp-ide-0.5.5/out/server/src/server.js:7:6142)\n    at process.processImmediate (node:internal/timers:504:21)","timestamp":"2026-09-23T13:10:19.782Z"}
{"level":"error","message":"✘ Failed to get type description: Error: Failed to print, found malformed node Failed to print, found malformed node","node":{"compiled":false,"id":"d7e5423b-8b21-4177-b61f-879b37c29bb9","isOverride":false,"metadata":[],"name":"celulasAmenazadas","parameters":[],"problems":[{"code":"malformedMember","sourceMap":{"end":{"column":0,"line":26,"offset":508},"start":{"column":27,"line":25,"offset":502}}}],"scope":{"containerScope":{"containerScope":{"containerScope":{"containerScope":{"contributions":{},"includedScopes":[]},"contributions":{},"includedScopes":[]},"contributions":{},"includedScopes":[]},"contributions":{},"includedScopes":[{"containerScope":{"containerScope":{"containerScope":{"contributions":{},"includedScopes":[]},"contributions":{},"includedScopes":[]},"contributions":{},"includedScopes":[]},"contributions":{},"includedScopes":[]}]},"contributions":{},"includedScopes":[]},"sourceMap":{"end":{"column":33,"line":25,"offset":508},"start":{"column":3,"line":25,"offset":478}}},"stack":"Error: Failed to print, found malformed node\n    at /home/tiaguinni/.vscode/extensions/uqbar.wollok-lsp-ide-0.5.5/out/server/src/server.js:68:3585\n    at Ybn (/home/tiaguinni/.vscode/extensions/uqbar.wollok-lsp-ide-0.5.5/out/server/src/server.js:68:3396)\n    at /home/tiaguinni/.vscode/extensions/uqbar.wollok-lsp-ide-0.5.5/out/server/src/server.js:2430:847\n    at /home/tiaguinni/.vscode/extensions/uqbar.wollok-lsp-ide-0.5.5/out/server/src/server.js:2430:8440\n    at /home/tiaguinni/.vscode/extensions/uqbar.wollok-lsp-ide-0.5.5/out/server/src/server.js:37:74770\n    at Ke (/home/tiaguinni/.vscode/extensions/uqbar.wollok-lsp-ide-0.5.5/out/server/src/server.js:7:8527)\n    at It (/home/tiaguinni/.vscode/extensions/uqbar.wollok-lsp-ide-0.5.5/out/server/src/server.js:7:6189)\n    at et (/home/tiaguinni/.vscode/extensions/uqbar.wollok-lsp-ide-0.5.5/out/server/src/server.js:7:6378)\n    at Immediate._onImmediate (/home/tiaguinni/.vscode/extensions/uqbar.wollok-lsp-ide-0.5.5/out/server/src/server.js:7:6142)\n    at process.processImmediate (node:internal/timers:504:21)","timestamp":"2026-09-23T13:10:20.622Z"}
{"level":"error","message":"✘ Failed to get type description: Error: Failed to print, found malformed node Failed to print, found malformed node","node":{"compiled":false,"id":"d7e5423b-8b21-4177-b61f-879b37c29bb9","isOverride":false,"metadata":[],"name":"celulasAmenazadas","parameters":[],"problems":[{"code":"malformedMember","sourceMap":{"end":{"column":0,"line":26,"offset":508},"start":{"column":27,"line":25,"offset":502}}}],"scope":{"containerScope":{"containerScope":{"containerScope":{"containerScope":{"contributions":{},"includedScopes":[]},"contributions":{},"includedScopes":[]},"contributions":{},"includedScopes":[]},"contributions":{},"includedScopes":[{"containerScope":{"containerScope":{"containerScope":{"contributions":{},"includedScopes":[]},"contributions":{},"includedScopes":[]},"contributions":{},"includedScopes":[]},"contributions":{},"includedScopes":[]}]},"contributions":{},"includedScopes":[]},"sourceMap":{"end":{"column":33,"line":25,"offset":508},"start":{"column":3,"line":25,"offset":478}}},"stack":"Error: Failed to print, found malformed node\n    at /home/tiaguinni/.vscode/extensions/uqbar.wollok-lsp-ide-0.5.5/out/server/src/server.js:68:3585\n    at Ybn (/home/tiaguinni/.vscode/extensions/uqbar.wollok-lsp-ide-0.5.5/out/server/src/server.js:68:3396)\n    at /home/tiaguinni/.vscode/extensions/uqbar.wollok-lsp-ide-0.5.5/out/server/src/server.js:2430:847\n    at /home/tiaguinni/.vscode/extensions/uqbar.wollok-lsp-ide-0.5.5/out/server/src/server.js:2430:8440\n    at /home/tiaguinni/.vscode/extensions/uqbar.wollok-lsp-ide-0.5.5/out/server/src/server.js:37:74770\n    at Ke (/home/tiaguinni/.vscode/extensions/uqbar.wollok-lsp-ide-0.5.5/out/server/src/server.js:7:8527)\n    at It (/home/tiaguinni/.vscode/extensions/uqbar.wollok-lsp-ide-0.5.5/out/server/src/server.js:7:6189)\n    at et (/home/tiaguinni/.vscode/extensions/uqbar.wollok-lsp-ide-0.5.5/out/server/src/server.js:7:6378)\n    at Immediate._onImmediate (/home/tiaguinni/.vscode/extensions/uqbar.wollok-lsp-ide-0.5.5/out/server/src/server.js:7:6142)\n    at process.processImmediate (node:internal/timers:504:21)","timestamp":"2026-09-23T13:10:20.965Z"}
{"level":"error","message":"✘ Failed to get type description: Error: Failed to print, found malformed node Failed to print, found malformed node","node":{"compiled":false,"id":"d7e5423b-8b21-4177-b61f-879b37c29bb9","isOverride":false,"metadata":[],"name":"celulasAmenazadas","parameters":[],"problems":[{"code":"malformedMember","sourceMap":{"end":{"column":0,"line":26,"offset":508},"start":{"column":27,"line":25,"offset":502}}}],"scope":{"containerScope":{"containerScope":{"containerScope":{"containerScope":{"contributions":{},"includedScopes":[]},"contributions":{},"includedScopes":[]},"contributions":{},"includedScopes":[]},"contributions":{},"includedScopes":[{"containerScope":{"containerScope":{"containerScope":{"contributions":{},"includedScopes":[]},"contributions":{},"includedScopes":[]},"contributions":{},"includedScopes":[]},"contributions":{},"includedScopes":[]}]},"contributions":{},"includedScopes":[]},"sourceMap":{"end":{"column":33,"line":25,"offset":508},"start":{"column":3,"line":25,"offset":478}}},"stack":"Error: Failed to print, found malformed node\n    at /home/tiaguinni/.vscode/extensions/uqbar.wollok-lsp-ide-0.5.5/out/server/src/server.js:68:3585\n    at Ybn (/home/tiaguinni/.vscode/extensions/uqbar.wollok-lsp-ide-0.5.5/out/server/src/server.js:68:3396)\n    at /home/tiaguinni/.vscode/extensions/uqbar.wollok-lsp-ide-0.5.5/out/server/src/server.js:2430:847\n    at /home/tiaguinni/.vscode/extensions/uqbar.wollok-lsp-ide-0.5.5/out/server/src/server.js:2430:8440\n    at /home/tiaguinni/.vscode/extensions/uqbar.wollok-lsp-ide-0.5.5/out/server/src/server.js:37:74770\n    at Ke (/home/tiaguinni/.vscode/extensions/uqbar.wollok-lsp-ide-0.5.5/out/server/src/server.js:7:8527)\n    at It (/home/tiaguinni/.vscode/extensions/uqbar.wollok-lsp-ide-0.5.5/out/server/src/server.js:7:6189)\n    at et (/home/tiaguinni/.vscode/extensions/uqbar.wollok-lsp-ide-0.5.5/out/server/src/server.js:7:6378)\n    at Immediate._onImmediate (/home/tiaguinni/.vscode/extensions/uqbar.wollok-lsp-ide-0.5.5/out/server/src/server.js:7:6142)\n    at process.processImmediate (node:internal/timers:504:21)","timestamp":"2026-09-23T13:10:22.165Z"}
{"level":"info","message":"⌛ Building environment","timeElapsed":133,"timestamp":"2026-09-23T13:10:22.586Z"}
{"level":"info","message":"⌛ Validating EXAMEN-Wollok/example.wlk","timeElapsed":146,"timestamp":"2026-09-23T13:10:22.739Z"}
{"level":"info","message":"⌛ Building environment","timeElapsed":115,"timestamp":"2026-09-23T13:10:23.446Z"}
{"level":"info","message":"⌛ Validating EXAMEN-Wollok/example.wlk","timeElapsed":145,"timestamp":"2026-09-23T13:10:23.593Z"}
{"level":"info","message":"⌛ Building environment","timeElapsed":113,"timestamp":"2026-09-23T13:10:23.907Z"}
{"level":"info","message":"⌛ Validating EXAMEN-Wollok/example.wlk","timeElapsed":153,"timestamp":"2026-09-23T13:10:24.067Z"}
{"level":"info","message":"⌛ Building environment","timeElapsed":109,"timestamp":"2026-09-23T13:10:24.177Z"}
{"level":"info","message":"⌛ Validating EXAMEN-Wollok/example.wlk","timeElapsed":146,"timestamp":"2026-09-23T13:10:24.329Z"}
{"level":"info","message":"⌛ Building environment","timeElapsed":138,"timestamp":"2026-09-23T13:10:35.896Z"}
{"level":"info","message":"⌛ Validating EXAMEN-Wollok/example.wlk","timeElapsed":174,"timestamp":"2026-09-23T13:10:36.104Z"}
{"level":"info","message":"⌛ Building environment","timeElapsed":158,"timestamp":"2026-09-23T13:10:36.786Z"}
{"level":"info","message":"⌛ Validating EXAMEN-Wollok/example.wlk","timeElapsed":152,"timestamp":"2026-09-23T13:10:37.041Z"}
{"level":"info","message":"⌛ Validating EXAMEN-Wollok/example.wlk","timeElapsed":168,"timestamp":"2026-09-23T13:10:37.210Z"}
{"level":"info","message":"⌛ Validating EXAMEN-Wollok/example.wlk","timeElapsed":144,"timestamp":"2026-09-23T13:10:37.454Z"}
{"level":"info","message":"⌛ Building environment","timeElapsed":106,"timestamp":"2026-09-23T13:10:38.050Z"}
{"level":"info","message":"⌛ Validating EXAMEN-Wollok/example.wlk","timeElapsed":162,"timestamp":"2026-09-23T13:10:38.215Z"}
{"level":"info","message":"⌛ Validating EXAMEN-Wollok/example.wlk","timeElapsed":142,"timestamp":"2026-09-23T13:10:38.520Z"}
{"level":"info","message":"⌛ Building environment","timeElapsed":149,"timestamp":"2026-09-23T13:10:38.771Z"}
{"level":"info","message":"⌛ Validating EXAMEN-Wollok/example.wlk","timeElapsed":208,"timestamp":"2026-09-23T13:10:38.987Z"}
{"level":"info","message":"⌛ Building environment","timeElapsed":136,"timestamp":"2026-09-23T13:10:41.897Z"}
{"level":"info","message":"⌛ Validating EXAMEN-Wollok/example.wlk","timeElapsed":152,"timestamp":"2026-09-23T13:10:42.054Z"}
{"level":"info","message":"⌛ Validating EXAMEN-Wollok/example.wlk","timeElapsed":146,"timestamp":"2026-09-23T13:10:42.303Z"}
{"level":"info","message":"⌛ Building environment","timeElapsed":122,"timestamp":"2026-09-23T13:10:42.479Z"}
{"level":"info","message":"⌛ Validating EXAMEN-Wollok/example.wlk","timeElapsed":143,"timestamp":"2026-09-23T13:10:42.634Z"}
{"level":"info","message":"⌛ Building environment","timeElapsed":126,"timestamp":"2026-09-23T13:10:43.629Z"}
{"level":"info","message":"⌛ Validating EXAMEN-Wollok/example.wlk","timeElapsed":142,"timestamp":"2026-09-23T13:10:43.780Z"}
{"level":"info","message":"⌛ Building environment","timeElapsed":125,"timestamp":"2026-09-23T13:10:44.245Z"}
{"level":"info","message":"⌛ Validating EXAMEN-Wollok/example.wlk","timeElapsed":166,"timestamp":"2026-09-23T13:10:44.426Z"}
{"level":"info","message":"⌛ Validating EXAMEN-Wollok/example.wlk","timeElapsed":176,"timestamp":"2026-09-23T13:10:44.701Z"}
{"level":"info","message":"⌛ Building environment","timeElapsed":105,"timestamp":"2026-09-23T13:10:44.809Z"}
{"level":"info","message":"⌛ Validating EXAMEN-Wollok/example.wlk","timeElapsed":158,"timestamp":"2026-09-23T13:10:44.975Z"}
{"level":"info","message":"⌛ Building environment","timeElapsed":109,"timestamp":"2026-09-23T13:10:45.085Z"}
{"level":"info","message":"⌛ Validating EXAMEN-Wollok/example.wlk","timeElapsed":162,"timestamp":"2026-09-23T13:10:45.362Z"}
{"level":"info","message":"⌛ Building environment","timeElapsed":151,"timestamp":"2026-09-23T13:10:45.514Z"}
{"level":"info","message":"⌛ Validating EXAMEN-Wollok/example.wlk","timeElapsed":160,"timestamp":"2026-09-23T13:10:45.674Z"}
{"level":"info","message":"⌛ Validating EXAMEN-Wollok/example.wlk","timeElapsed":187,"timestamp":"2026-09-23T13:10:45.870Z"}
{"level":"info","message":"⌛ Building environment","timeElapsed":119,"timestamp":"2026-09-23T13:10:45.994Z"}
{"level":"info","message":"⌛ Validating EXAMEN-Wollok/example.wlk","timeElapsed":186,"timestamp":"2026-09-23T13:10:46.286Z"}
{"level":"info","message":"⌛ Validating EXAMEN-Wollok/example.wlk","timeElapsed":144,"timestamp":"2026-09-23T13:10:46.430Z"}
{"level":"info","message":"⌛ Building environment","timeElapsed":108,"timestamp":"2026-09-23T13:10:46.546Z"}
{"level":"info","message":"⌛ Building environment","timeElapsed":108,"timestamp":"2026-09-23T13:10:46.740Z"}
{"level":"info","message":"⌛ Validating EXAMEN-Wollok/example.wlk","timeElapsed":152,"timestamp":"2026-09-23T13:10:46.892Z"}
{"level":"info","message":"⌛ Validating EXAMEN-Wollok/example.wlk","timeElapsed":170,"timestamp":"2026-09-23T13:10:47.063Z"}
{"level":"info","message":"⌛ Validating EXAMEN-Wollok/example.wlk","timeElapsed":133,"timestamp":"2026-09-23T13:10:47.300Z"}
{"level":"info","message":"⌛ Validating EXAMEN-Wollok/example.wlk","timeElapsed":138,"timestamp":"2026-09-23T13:10:47.613Z"}
{"level":"info","message":"⌛ Validating EXAMEN-Wollok/example.wlk","timeElapsed":181,"timestamp":"2026-09-23T13:10:47.852Z"}
{"level":"info","message":"⌛ Validating EXAMEN-Wollok/example.wlk","timeElapsed":146,"timestamp":"2026-09-23T13:10:48.001Z"}
{"level":"info","message":"⌛ Building environment","timeElapsed":109,"timestamp":"2026-09-23T13:10:48.114Z"}
{"level":"info","message":"⌛ Validating EXAMEN-Wollok/example.wlk","timeElapsed":146,"timestamp":"2026-09-23T13:10:48.266Z"}
{"level":"info","message":"⌛ Validating EXAMEN-Wollok/example.wlk","timeElapsed":163,"timestamp":"2026-09-23T13:10:48.901Z"}
{"level":"info","message":"⌛ Building environment","timeElapsed":151,"timestamp":"2026-09-23T13:10:49.053Z"}
{"level":"info","message":"⌛ Building environment","timeElapsed":137,"timestamp":"2026-09-23T13:10:49.191Z"}
{"level":"info","message":"⌛ Validating EXAMEN-Wollok/example.wlk","timeElapsed":199,"timestamp":"2026-09-23T13:10:49.417Z"}
{"level":"info","message":"⌛ Validating EXAMEN-Wollok/example.wlk","timeElapsed":138,"timestamp":"2026-09-23T13:10:49.563Z"}
{"level":"info","message":"⌛ Building environment","timeElapsed":131,"timestamp":"2026-09-23T13:10:51.726Z"}
{"level":"info","message":"⌛ Validating EXAMEN-Wollok/example.wlk","timeElapsed":147,"timestamp":"2026-09-23T13:10:51.876Z"}
{"level":"info","message":"⌛ Building environment","timeElapsed":126,"timestamp":"2026-09-23T13:10:53.775Z"}
{"level":"info","message":"⌛ Validating EXAMEN-Wollok/example.wlk","timeElapsed":162,"timestamp":"2026-09-23T13:10:53.952Z"}
{"level":"info","message":"⌛ Building environment","timeElapsed":111,"timestamp":"2026-09-23T13:10:54.070Z"}
{"level":"info","message":"⌛ Validating EXAMEN-Wollok/example.wlk","timeElapsed":148,"timestamp":"2026-09-23T13:10:54.222Z"}
{"level":"info","message":"⌛ Building environment","timeElapsed":114,"timestamp":"2026-09-23T13:10:55.032Z"}
{"level":"info","message":"⌛ Validating EXAMEN-Wollok/example.wlk","timeElapsed":146,"timestamp":"2026-09-23T13:10:55.184Z"}
{"level":"info","message":"⌛ Building environment","timeElapsed":108,"timestamp":"2026-09-23T13:10:55.543Z"}
{"level":"info","message":"⌛ Validating EXAMEN-Wollok/example.wlk","timeElapsed":180,"timestamp":"2026-09-23T13:10:55.729Z"}
{"level":"info","message":"⌛ Building environment","timeElapsed":105,"timestamp":"2026-09-23T13:10:55.836Z"}
{"level":"info","message":"⌛ Building environment","timeElapsed":102,"timestamp":"2026-09-23T13:10:55.938Z"}
{"level":"info","message":"⌛ Validating EXAMEN-Wollok/example.wlk","timeElapsed":153,"timestamp":"2026-09-23T13:10:56.092Z"}
{"level":"info","message":"⌛ Validating EXAMEN-Wollok/example.wlk","timeElapsed":159,"timestamp":"2026-09-23T13:10:56.252Z"}
{"level":"info","message":"⌛ Building environment","timeElapsed":140,"timestamp":"2026-09-23T13:11:00.737Z"}
{"level":"info","message":"⌛ Validating EXAMEN-Wollok/example.wlk","timeElapsed":154,"timestamp":"2026-09-23T13:11:00.981Z"}
{"level":"info","message":"⌛ Validating EXAMEN-Wollok/example.wlk","timeElapsed":157,"timestamp":"2026-09-23T13:11:01.140Z"}
{"level":"info","message":"⌛ Validating EXAMEN-Wollok/example.wlk","timeElapsed":177,"timestamp":"2026-09-23T13:11:01.419Z"}
{"level":"info","message":"⌛ Building environment","timeElapsed":102,"timestamp":"2026-09-23T13:11:03.422Z"}
{"level":"info","message":"⌛ Validating EXAMEN-Wollok/example.wlk","timeElapsed":196,"timestamp":"2026-09-23T13:11:03.852Z"}
{"level":"info","message":"⌛ Building environment","timeElapsed":104,"timestamp":"2026-09-23T13:11:03.959Z"}
{"level":"info","message":"⌛ Validating EXAMEN-Wollok/example.wlk","timeElapsed":158,"timestamp":"2026-09-23T13:11:04.122Z"}
{"level":"info","message":"⌛ Building environment","timeElapsed":106,"timestamp":"2026-09-23T13:11:05.755Z"}
{"level":"info","message":"⌛ Validating EXAMEN-Wollok/example.wlk","timeElapsed":183,"timestamp":"2026-09-23T13:11:05.941Z"}
{"level":"info","message":"⌛ Building environment","timeElapsed":132,"timestamp":"2026-09-23T13:11:06.358Z"}
{"level":"info","message":"⌛ Validating EXAMEN-Wollok/example.wlk","timeElapsed":166,"timestamp":"2026-09-23T13:11:06.541Z"}
{"level":"info","message":"⌛ Building environment","timeElapsed":111,"timestamp":"2026-09-23T13:11:06.659Z"}
{"level":"info","message":"⌛ Building environment","timeElapsed":109,"timestamp":"2026-09-23T13:11:06.784Z"}
{"level":"info","message":"⌛ Validating EXAMEN-Wollok/example.wlk","timeElapsed":178,"timestamp":"2026-09-23T13:11:06.963Z"}
{"level":"info","message":"⌛ Validating EXAMEN-Wollok/example.wlk","timeElapsed":138,"timestamp":"2026-09-23T13:11:07.102Z"}
{"level":"info","message":"⌛ Building environment","timeElapsed":106,"timestamp":"2026-09-23T13:11:07.215Z"}
{"level":"info","message":"⌛ Building environment","timeElapsed":166,"timestamp":"2026-09-23T13:11:07.386Z"}
{"level":"info","message":"⌛ Validating EXAMEN-Wollok/example.wlk","timeElapsed":205,"timestamp":"2026-09-23T13:11:07.592Z"}
{"level":"info","message":"⌛ Validating EXAMEN-Wollok/example.wlk","timeElapsed":140,"timestamp":"2026-09-23T13:11:07.829Z"}
{"level":"info","message":"⌛ Building environment","timeElapsed":107,"timestamp":"2026-09-23T13:11:07.942Z"}
{"level":"info","message":"⌛ Validating EXAMEN-Wollok/example.wlk","timeElapsed":183,"timestamp":"2026-09-23T13:11:08.126Z"}
{"level":"info","message":"⌛ Building environment","timeElapsed":116,"timestamp":"2026-09-23T13:11:08.249Z"}
{"level":"info","message":"⌛ Validating EXAMEN-Wollok/example.wlk","timeElapsed":161,"timestamp":"2026-09-23T13:11:08.417Z"}
{"level":"info","message":"⌛ Building environment","timeElapsed":171,"timestamp":"2026-09-23T13:11:08.590Z"}
{"level":"info","message":"⌛ Validating EXAMEN-Wollok/example.wlk","timeElapsed":165,"timestamp":"2026-09-23T13:11:08.857Z"}
{"level":"info","message":"⌛ Validating EXAMEN-Wollok/example.wlk","timeElapsed":177,"timestamp":"2026-09-23T13:11:09.212Z"}
{"level":"info","message":"⌛ Validating EXAMEN-Wollok/example.wlk","timeElapsed":143,"timestamp":"2026-09-23T13:11:09.362Z"}
{"level":"info","message":"⌛ Validating EXAMEN-Wollok/example.wlk","timeElapsed":144,"timestamp":"2026-09-23T13:11:09.509Z"}
{"level":"info","message":"⌛ Validating EXAMEN-Wollok/example.wlk","timeElapsed":144,"timestamp":"2026-09-23T13:11:09.653Z"}
{"level":"info","message":"⌛ Validating EXAMEN-Wollok/example.wlk","timeElapsed":177,"timestamp":"2026-09-23T13:11:10.041Z"}
{"level":"info","message":"⌛ Validating EXAMEN-Wollok/example.wlk","timeElapsed":168,"timestamp":"2026-09-23T13:11:10.209Z"}
{"level":"info","message":"⌛ Validating EXAMEN-Wollok/example.wlk","timeElapsed":148,"timestamp":"2026-09-23T13:11:10.538Z"}
{"level":"info","message":"⌛ Validating EXAMEN-Wollok/example.wlk","timeElapsed":150,"timestamp":"2026-09-23T13:11:10.695Z"}
{"level":"info","message":"⌛ Building environment","timeElapsed":163,"timestamp":"2026-09-23T13:11:15.628Z"}
{"level":"info","message":"⌛ Validating EXAMEN-Wollok/example.wlk","timeElapsed":159,"timestamp":"2026-09-23T13:11:15.789Z"}
{"level":"info","message":"⌛ Building environment","timeElapsed":139,"timestamp":"2026-09-23T13:11:20.216Z"}
{"level":"info","message":"⌛ Validating EXAMEN-Wollok/example.wlk","timeElapsed":141,"timestamp":"2026-09-23T13:11:20.364Z"}
{"level":"info","message":"⌛ Building environment","timeElapsed":115,"timestamp":"2026-09-23T13:11:23.974Z"}
{"level":"info","message":"⌛ Validating EXAMEN-Wollok/example.wlk","timeElapsed":149,"timestamp":"2026-09-23T13:11:24.127Z"}
{"level":"info","message":"⌛ Building environment","timeElapsed":138,"timestamp":"2026-09-23T13:11:27.718Z"}
{"level":"info","message":"⌛ Validating EXAMEN-Wollok/example.wlk","timeElapsed":196,"timestamp":"2026-09-23T13:11:27.920Z"}
{"level":"info","message":"⌛ Validating EXAMEN-Wollok/example.wlk","timeElapsed":166,"timestamp":"2026-09-23T13:11:28.181Z"}
{"level":"info","message":"⌛ Validating EXAMEN-Wollok/example.wlk","timeElapsed":163,"timestamp":"2026-09-23T13:11:28.446Z"}
{"level":"info","message":"⌛ Building environment","timeElapsed":173,"timestamp":"2026-09-23T13:11:55.705Z"}
{"level":"info","message":"⌛ Validating EXAMEN-Wollok/testExample.wtest","timeElapsed":246,"timestamp":"2026-09-23T13:11:55.998Z"}
{"level":"info","message":"⌛ Building environment","timeElapsed":144,"timestamp":"2026-09-23T13:11:57.654Z"}
{"level":"info","message":"⌛ Validating EXAMEN-Wollok/testExample.wtest","timeElapsed":171,"timestamp":"2026-09-23T13:11:57.829Z"}
{"level":"info","message":"⌛ Building environment","timeElapsed":134,"timestamp":"2026-09-23T13:12:02.249Z"}
{"level":"info","message":"⌛ Validating EXAMEN-Wollok/testExample.wtest","timeElapsed":148,"timestamp":"2026-09-23T13:12:02.401Z"}
{"level":"info","message":"⌛ Building environment","timeElapsed":128,"timestamp":"2026-09-23T13:12:03.303Z"}
{"level":"info","message":"⌛ Validating EXAMEN-Wollok/testExample.wtest","timeElapsed":179,"timestamp":"2026-09-23T13:12:03.485Z"}
{"level":"info","message":"⌛ Building environment","timeElapsed":105,"timestamp":"2026-09-23T13:12:03.651Z"}
{"level":"info","message":"⌛ Validating EXAMEN-Wollok/testExample.wtest","timeElapsed":162,"timestamp":"2026-09-23T13:12:03.817Z"}
{"level":"info","message":"⌛ Building environment","timeElapsed":103,"timestamp":"2026-09-23T13:12:03.935Z"}
{"level":"info","message":"⌛ Validating EXAMEN-Wollok/testExample.wtest","timeElapsed":198,"timestamp":"2026-09-23T13:12:04.137Z"}
{"level":"info","message":"⌛ Building environment","timeElapsed":106,"timestamp":"2026-09-23T13:12:04.244Z"}
{"level":"info","message":"⌛ Building environment","timeElapsed":104,"timestamp":"2026-09-23T13:12:04.354Z"}
{"level":"info","message":"⌛ Validating EXAMEN-Wollok/testExample.wtest","timeElapsed":169,"timestamp":"2026-09-23T13:12:04.523Z"}
{"level":"info","message":"⌛ Validating EXAMEN-Wollok/testExample.wtest","timeElapsed":168,"timestamp":"2026-09-23T13:12:04.692Z"}
{"level":"info","message":"⌛ Building environment","timeElapsed":115,"timestamp":"2026-09-23T13:12:05.707Z"}
{"level":"info","message":"⌛ Validating EXAMEN-Wollok/testExample.wtest","timeElapsed":157,"timestamp":"2026-09-23T13:12:05.868Z"}
{"level":"info","message":"⌛ Building environment","timeElapsed":104,"timestamp":"2026-09-23T13:12:06.147Z"}
{"level":"info","message":"⌛ Validating EXAMEN-Wollok/testExample.wtest","timeElapsed":134,"timestamp":"2026-09-23T13:12:06.292Z"}
{"level":"info","message":"⌛ Building environment","timeElapsed":132,"timestamp":"2026-09-23T13:12:06.754Z"}
{"level":"info","message":"⌛ Validating EXAMEN-Wollok/testExample.wtest","timeElapsed":148,"timestamp":"2026-09-23T13:12:06.915Z"}
{"level":"info","message":"⌛ Building environment","timeElapsed":107,"timestamp":"2026-09-23T13:12:07.122Z"}
{"level":"info","message":"⌛ Validating EXAMEN-Wollok/testExample.wtest","timeElapsed":215,"timestamp":"2026-09-23T13:12:07.338Z"}
{"level":"info","message":"⌛ Building environment","timeElapsed":117,"timestamp":"2026-09-23T13:12:07.456Z"}
{"level":"info","message":"⌛ Validating EXAMEN-Wollok/testExample.wtest","timeElapsed":141,"timestamp":"2026-09-23T13:12:07.597Z"}
{"level":"info","message":"⌛ Validating EXAMEN-Wollok/testExample.wtest","timeElapsed":141,"timestamp":"2026-09-23T13:12:07.830Z"}
{"level":"info","message":"⌛ Validating EXAMEN-Wollok/testExample.wtest","timeElapsed":217,"timestamp":"2026-09-23T13:12:08.055Z"}
{"level":"info","message":"⌛ Building environment","timeElapsed":156,"timestamp":"2026-09-23T13:12:08.212Z"}
{"level":"info","message":"⌛ Validating EXAMEN-Wollok/testExample.wtest","timeElapsed":153,"timestamp":"2026-09-23T13:12:08.393Z"}
{"level":"info","message":"⌛ Validating EXAMEN-Wollok/testExample.wtest","timeElapsed":153,"timestamp":"2026-09-23T13:12:08.775Z"}
{"level":"info","message":"⌛ Building environment","timeElapsed":105,"timestamp":"2026-09-23T13:12:08.883Z"}
{"level":"info","message":"⌛ Validating EXAMEN-Wollok/testExample.wtest","timeElapsed":158,"timestamp":"2026-09-23T13:12:09.050Z"}
{"level":"info","message":"⌛ Building environment","timeElapsed":115,"timestamp":"2026-09-23T13:12:09.166Z"}
{"level":"info","message":"⌛ Validating EXAMEN-Wollok/testExample.wtest","timeElapsed":144,"timestamp":"2026-09-23T13:12:09.414Z"}
{"level":"info","message":"⌛ Validating EXAMEN-Wollok/testExample.wtest","timeElapsed":137,"timestamp":"2026-09-23T13:12:09.551Z"}
{"level":"info","message":"⌛ Building environment","timeElapsed":140,"timestamp":"2026-09-23T13:12:11.131Z"}
{"level":"info","message":"⌛ Validating EXAMEN-Wollok/testExample.wtest","timeElapsed":135,"timestamp":"2026-09-23T13:12:11.278Z"}
{"level":"info","message":"⌛ Building environment","timeElapsed":158,"timestamp":"2026-09-23T13:12:11.848Z"}
{"level":"info","message":"⌛ Validating EXAMEN-Wollok/testExample.wtest","timeElapsed":194,"timestamp":"2026-09-23T13:12:12.290Z"}
{"level":"info","message":"⌛ Building environment","timeElapsed":120,"timestamp":"2026-09-23T13:12:12.414Z"}
{"level":"info","message":"⌛ Validating EXAMEN-Wollok/testExample.wtest","timeElapsed":151,"timestamp":"2026-09-23T13:12:12.569Z"}
{"level":"info","message":"⌛ Building environment","timeElapsed":138,"timestamp":"2026-09-23T13:12:13.422Z"}
{"level":"info","message":"⌛ Validating EXAMEN-Wollok/testExample.wtest","timeElapsed":150,"timestamp":"2026-09-23T13:12:13.579Z"}
{"level":"info","message":"⌛ Building environment","timeElapsed":132,"timestamp":"2026-09-23T13:12:13.715Z"}
{"level":"info","message":"⌛ Validating EXAMEN-Wollok/testExample.wtest","timeElapsed":187,"timestamp":"2026-09-23T13:12:13.904Z"}
{"level":"info","message":"⌛ Building environment","timeElapsed":113,"timestamp":"2026-09-23T13:12:14.022Z"}
{"level":"info","message":"⌛ Validating EXAMEN-Wollok/testExample.wtest","timeElapsed":144,"timestamp":"2026-09-23T13:12:14.173Z"}
{"level":"info","message":"⌛ Building environment","timeElapsed":109,"timestamp":"2026-09-23T13:12:14.315Z"}
{"level":"info","message":"⌛ Validating EXAMEN-Wollok/testExample.wtest","timeElapsed":165,"timestamp":"2026-09-23T13:12:14.498Z"}
{"level":"info","message":"⌛ Building environment","timeElapsed":130,"timestamp":"2026-09-23T13:12:14.732Z"}
{"level":"info","message":"⌛ Validating EXAMEN-Wollok/testExample.wtest","timeElapsed":153,"timestamp":"2026-09-23T13:12:14.884Z"}
{"level":"info","message":"⌛ Validating EXAMEN-Wollok/testExample.wtest","timeElapsed":133,"timestamp":"2026-09-23T13:12:15.023Z"}
{"level":"info","message":"⌛ Building environment","timeElapsed":136,"timestamp":"2026-09-23T13:12:16.651Z"}
{"level":"info","message":"⌛ Validating EXAMEN-Wollok/testExample.wtest","timeElapsed":187,"timestamp":"2026-09-23T13:12:16.842Z"}
{"level":"info","message":"⌛ Building environment","timeElapsed":163,"timestamp":"2026-09-23T13:12:17.371Z"}
{"level":"info","message":"⌛ Validating EXAMEN-Wollok/testExample.wtest","timeElapsed":143,"timestamp":"2026-09-23T13:12:17.518Z"}
{"level":"info","message":"⌛ Building environment","timeElapsed":122,"timestamp":"2026-09-23T13:12:53.354Z"}
{"level":"info","message":"⌛ Validating EXAMEN-Wollok/testExample.wtest","timeElapsed":154,"timestamp":"2026-09-23T13:12:53.512Z"}
{"level":"info","message":"⌛ Building environment","timeElapsed":192,"timestamp":"2026-09-23T13:12:53.704Z"}
{"level":"info","message":"⌛ Building environment","timeElapsed":108,"timestamp":"2026-09-23T13:12:53.812Z"}
{"level":"info","message":"⌛ Validating EXAMEN-Wollok/testExample.wtest","timeElapsed":173,"timestamp":"2026-09-23T13:12:53.986Z"}
{"level":"info","message":"⌛ Validating EXAMEN-Wollok/testExample.wtest","timeElapsed":154,"timestamp":"2026-09-23T13:12:54.149Z"}
{"level":"info","message":"⌛ Building environment","timeElapsed":126,"timestamp":"2026-09-23T13:12:54.335Z"}
{"level":"info","message":"⌛ Validating EXAMEN-Wollok/testExample.wtest","timeElapsed":141,"timestamp":"2026-09-23T13:12:54.487Z"}
{"level":"info","message":"⌛ Building environment","timeElapsed":108,"timestamp":"2026-09-23T13:12:54.633Z"}
{"level":"info","message":"⌛ Validating EXAMEN-Wollok/testExample.wtest","timeElapsed":138,"timestamp":"2026-09-23T13:12:54.787Z"}
{"level":"info","message":"⌛ Building environment","timeElapsed":121,"timestamp":"2026-09-23T13:12:55.355Z"}
{"level":"info","message":"⌛ Validating EXAMEN-Wollok/testExample.wtest","timeElapsed":244,"timestamp":"2026-09-23T13:12:55.634Z"}
{"level":"info","message":"⌛ Building environment","timeElapsed":136,"timestamp":"2026-09-23T13:12:55.772Z"}
{"level":"info","message":"⌛ Building environment","timeElapsed":102,"timestamp":"2026-09-23T13:12:55.893Z"}
{"level":"info","message":"⌛ Validating EXAMEN-Wollok/testExample.wtest","timeElapsed":183,"timestamp":"2026-09-23T13:12:56.077Z"}
{"level":"info","message":"⌛ Building environment","timeElapsed":103,"timestamp":"2026-09-23T13:12:56.181Z"}
{"level":"info","message":"⌛ Validating EXAMEN-Wollok/testExample.wtest","timeElapsed":141,"timestamp":"2026-09-23T13:12:56.323Z"}
{"level":"info","message":"⌛ Validating EXAMEN-Wollok/testExample.wtest","timeElapsed":143,"timestamp":"2026-09-23T13:12:56.573Z"}
{"level":"info","message":"⌛ Validating EXAMEN-Wollok/testExample.wtest","timeElapsed":141,"timestamp":"2026-09-23T13:12:56.715Z"}
{"level":"error","message":"✘ Completions for node Return (undefined - EXAMEN-Wollok/testExample.wtest) failed: Error: [Return]{4c25a2} at EXAMEN-Wollok/testExample.wtest:-- exhausted all cases without a match [Return]{4c25a2} at EXAMEN-Wollok/testExample.wtest:-- exhausted all cases without a match","stack":"Error: [Return]{4c25a2} at EXAMEN-Wollok/testExample.wtest:-- exhausted all cases without a match\n    at /home/tiaguinni/.vscode/extensions/uqbar.wollok-lsp-ide-0.5.5/out/server/src/server.js:38:6142\n    at L2 (/home/tiaguinni/.vscode/extensions/uqbar.wollok-lsp-ide-0.5.5/out/server/src/server.js:2421:42)\n    at Jh (/home/tiaguinni/.vscode/extensions/uqbar.wollok-lsp-ide-0.5.5/out/server/src/server.js:2421:1092)\n    at w5n (/home/tiaguinni/.vscode/extensions/uqbar.wollok-lsp-ide-0.5.5/out/server/src/server.js:2421:1248)\n    at /home/tiaguinni/.vscode/extensions/uqbar.wollok-lsp-ide-0.5.5/out/server/src/server.js:38:6131\n    at L2 (/home/tiaguinni/.vscode/extensions/uqbar.wollok-lsp-ide-0.5.5/out/server/src/server.js:2421:42)\n    at /home/tiaguinni/.vscode/extensions/uqbar.wollok-lsp-ide-0.5.5/out/server/src/server.js:2421:2988\n    at /home/tiaguinni/.vscode/extensions/uqbar.wollok-lsp-ide-0.5.5/out/server/src/server.js:2430:8440\n    at /home/tiaguinni/.vscode/extensions/uqbar.wollok-lsp-ide-0.5.5/out/server/src/server.js:37:74872\n    at Ke (/home/tiaguinni/.vscode/extensions/uqbar.wollok-lsp-ide-0.5.5/out/server/src/server.js:7:8527)","timestamp":"2026-09-23T13:12:56.749Z"}
{"level":"info","message":"⌛ Building environment","timeElapsed":133,"timestamp":"2026-09-23T13:13:30.893Z"}
{"level":"info","message":"⌛ Validating EXAMEN-Wollok/testExample.wtest","timeElapsed":201,"timestamp":"2026-09-23T13:13:31.099Z"}
{"level":"info","message":"⌛ Building environment","timeElapsed":128,"timestamp":"2026-09-23T13:13:31.435Z"}
{"level":"info","message":"⌛ Validating EXAMEN-Wollok/testExample.wtest","timeElapsed":143,"timestamp":"2026-09-23T13:13:31.584Z"}
{"level":"info","message":"⌛ Building environment","timeElapsed":149,"timestamp":"2026-09-23T13:13:34.226Z"}
{"level":"info","message":"⌛ Validating EXAMEN-Wollok/testExample.wtest","timeElapsed":147,"timestamp":"2026-09-23T13:13:34.376Z"}
{"level":"info","message":"⌛ Building environment","timeElapsed":128,"timestamp":"2026-09-23T13:13:46.596Z"}
{"level":"info","message":"⌛ Validating EXAMEN-Wollok/example.wlk","timeElapsed":140,"timestamp":"2026-09-23T13:13:46.745Z"}
{"level":"info","message":"⌛ Building environment","timeElapsed":124,"timestamp":"2026-09-23T13:13:53.028Z"}
{"level":"info","message":"⌛ Validating EXAMEN-Wollok/example.wlk","timeElapsed":154,"timestamp":"2026-09-23T13:13:53.186Z"}
{"level":"info","message":"⌛ Building environment","timeElapsed":114,"timestamp":"2026-09-23T13:13:53.654Z"}
{"level":"info","message":"⌛ Validating EXAMEN-Wollok/example.wlk","timeElapsed":157,"timestamp":"2026-09-23T13:13:53.813Z"}
{"level":"info","message":"⌛ Building environment","timeElapsed":123,"timestamp":"2026-09-23T13:13:53.985Z"}
{"level":"info","message":"⌛ Validating EXAMEN-Wollok/example.wlk","timeElapsed":165,"timestamp":"2026-09-23T13:13:54.260Z"}
{"level":"info","message":"⌛ Validating EXAMEN-Wollok/example.wlk","timeElapsed":180,"timestamp":"2026-09-23T13:13:54.440Z"}
{"level":"info","message":"⌛ Building environment","timeElapsed":105,"timestamp":"2026-09-23T13:13:54.546Z"}
{"level":"info","message":"⌛ Building environment","timeElapsed":190,"timestamp":"2026-09-23T13:13:54.737Z"}
{"level":"info","message":"⌛ Validating EXAMEN-Wollok/example.wlk","timeElapsed":195,"timestamp":"2026-09-23T13:13:54.932Z"}
{"level":"info","message":"⌛ Building environment","timeElapsed":104,"timestamp":"2026-09-23T13:13:55.036Z"}
{"level":"info","message":"⌛ Validating EXAMEN-Wollok/example.wlk","timeElapsed":146,"timestamp":"2026-09-23T13:13:55.182Z"}
{"level":"error","message":"✘ Failed to rebuild document Failed to parse EXAMEN-Wollok/example.wlk: \n-- PARSING FAILED --------------------------------------------------\n\n  28 |       celulasAmenazadas *= 2\n  29 |   }\n> 30 | }\n     | ^\n\nExpected one of the following: \n\n'@', 'class', 'const', 'describe', 'mixin', 'object', 'only', 'package', 'program', 'test', 'var', '{', EOF, comment, not \"}\", whitespace\n","stack":"Error: Failed to parse EXAMEN-Wollok/example.wlk: \n-- PARSING FAILED --------------------------------------------------\n\n  28 |       celulasAmenazadas *= 2\n  29 |   }\n> 30 | }\n     | ^\n\nExpected one of the following: \n\n'@', 'class', 'const', 'describe', 'mixin', 'object', 'only', 'package', 'program', 'test', 'var', '{', EOF, comment, not \"}\", whitespace\n\n    at /home/tiaguinni/.vscode/extensions/uqbar.wollok-lsp-ide-0.5.5/out/server/src/server.js:2385:13026\n    at Array.map (<anonymous>)\n    at z1n (/home/tiaguinni/.vscode/extensions/uqbar.wollok-lsp-ide-0.5.5/out/server/src/server.js:2385:12950)\n    at H2.buildEnvironmentFrom (/home/tiaguinni/.vscode/extensions/uqbar.wollok-lsp-ide-0.5.5/out/server/src/server.js:2430:5254)\n    at H2.updateEnvironmentWith (/home/tiaguinni/.vscode/extensions/uqbar.wollok-lsp-ide-0.5.5/out/server/src/server.js:2430:4989)\n    at QF (/home/tiaguinni/.vscode/extensions/uqbar.wollok-lsp-ide-0.5.5/out/server/src/server.js:2430:7383)\n    at V3.invoke (/home/tiaguinni/.vscode/extensions/uqbar.wollok-lsp-ide-0.5.5/out/server/src/server.js:3:157330)\n    at o.fire (/home/tiaguinni/.vscode/extensions/uqbar.wollok-lsp-ide-0.5.5/out/server/src/server.js:3:158100)\n    at /home/tiaguinni/.vscode/extensions/uqbar.wollok-lsp-ide-0.5.5/out/server/src/server.js:37:57871\n    at nd (/home/tiaguinni/.vscode/extensions/uqbar.wollok-lsp-ide-0.5.5/out/server/src/server.js:8:1561)","timestamp":"2026-09-23T13:13:55.192Z"}
{"level":"info","message":"⌛ Validating EXAMEN-Wollok/example.wlk","timeElapsed":167,"timestamp":"2026-09-23T13:13:55.359Z"}
{"level":"error","message":"✘ Failed to rebuild document Failed to parse EXAMEN-Wollok/example.wlk: \n-- PARSING FAILED --------------------------------------------------\n\n  28 |       celulasAmenazadas *= 2\n  29 |   }\n> 30 | }\n     | ^\n\nExpected one of the following: \n\n'@', 'class', 'const', 'describe', 'mixin', 'object', 'only', 'package', 'program', 'test', 'var', '{', EOF, comment, not \"}\", whitespace\n","stack":"Error: Failed to parse EXAMEN-Wollok/example.wlk: \n-- PARSING FAILED --------------------------------------------------\n\n  28 |       celulasAmenazadas *= 2\n  29 |   }\n> 30 | }\n     | ^\n\nExpected one of the following: \n\n'@', 'class', 'const', 'describe', 'mixin', 'object', 'only', 'package', 'program', 'test', 'var', '{', EOF, comment, not \"}\", whitespace\n\n    at /home/tiaguinni/.vscode/extensions/uqbar.wollok-lsp-ide-0.5.5/out/server/src/server.js:2385:13026\n    at Array.map (<anonymous>)\n    at z1n (/home/tiaguinni/.vscode/extensions/uqbar.wollok-lsp-ide-0.5.5/out/server/src/server.js:2385:12950)\n    at H2.buildEnvironmentFrom (/home/tiaguinni/.vscode/extensions/uqbar.wollok-lsp-ide-0.5.5/out/server/src/server.js:2430:5254)\n    at H2.updateEnvironmentWith (/home/tiaguinni/.vscode/extensions/uqbar.wollok-lsp-ide-0.5.5/out/server/src/server.js:2430:4989)\n    at QF (/home/tiaguinni/.vscode/extensions/uqbar.wollok-lsp-ide-0.5.5/out/server/src/server.js:2430:7383)\n    at V3.invoke (/home/tiaguinni/.vscode/extensions/uqbar.wollok-lsp-ide-0.5.5/out/server/src/server.js:3:157330)\n    at o.fire (/home/tiaguinni/.vscode/extensions/uqbar.wollok-lsp-ide-0.5.5/out/server/src/server.js:3:158100)\n    at /home/tiaguinni/.vscode/extensions/uqbar.wollok-lsp-ide-0.5.5/out/server/src/server.js:37:57871\n    at nd (/home/tiaguinni/.vscode/extensions/uqbar.wollok-lsp-ide-0.5.5/out/server/src/server.js:8:1561)","timestamp":"2026-09-23T13:13:55.566Z"}
{"level":"info","message":"⌛ Building environment","timeElapsed":208,"timestamp":"2026-09-23T13:13:55.981Z"}
{"level":"info","message":"⌛ Validating EXAMEN-Wollok/example.wlk","timeElapsed":162,"timestamp":"2026-09-23T13:13:56.146Z"}
{"level":"info","message":"⌛ Validating EXAMEN-Wollok/example.wlk","timeElapsed":154,"timestamp":"2026-09-23T13:13:56.393Z"}
{"level":"info","message":"⌛ Building environment","timeElapsed":114,"timestamp":"2026-09-23T13:13:56.866Z"}
{"level":"info","message":"⌛ Validating EXAMEN-Wollok/example.wlk","timeElapsed":168,"timestamp":"2026-09-23T13:13:57.038Z"}
{"level":"info","message":"⌛ Validating EXAMEN-Wollok/example.wlk","timeElapsed":167,"timestamp":"2026-09-23T13:13:57.300Z"}
{"level":"info","message":"⌛ Validating EXAMEN-Wollok/example.wlk","timeElapsed":171,"timestamp":"2026-09-23T13:13:57.567Z"}
{"level":"info","message":"⌛ Validating EXAMEN-Wollok/example.wlk","timeElapsed":139,"timestamp":"2026-09-23T13:13:57.811Z"}
{"level":"info","message":"⌛ Validating EXAMEN-Wollok/example.wlk","timeElapsed":139,"timestamp":"2026-09-23T13:13:58.136Z"}
{"level":"info","message":"⌛ Building environment","timeElapsed":122,"timestamp":"2026-09-23T13:13:58.359Z"}
{"level":"info","message":"⌛ Validating EXAMEN-Wollok/example.wlk","timeElapsed":177,"timestamp":"2026-09-23T13:13:58.541Z"}
{"level":"info","message":"⌛ Building environment","timeElapsed":138,"timestamp":"2026-09-23T13:13:58.680Z"}
{"level":"info","message":"⌛ Building environment","timeElapsed":112,"timestamp":"2026-09-23T13:13:58.792Z"}
{"level":"info","message":"⌛ Validating EXAMEN-Wollok/example.wlk","timeElapsed":152,"timestamp":"2026-09-23T13:13:58.956Z"}
{"level":"info","message":"⌛ Validating EXAMEN-Wollok/example.wlk","timeElapsed":155,"timestamp":"2026-09-23T13:13:59.211Z"}
{"level":"info","message":"⌛ Validating EXAMEN-Wollok/example.wlk","timeElapsed":144,"timestamp":"2026-09-23T13:13:59.362Z"}
{"level":"info","message":"⌛ Building environment","timeElapsed":116,"timestamp":"2026-09-23T13:13:59.789Z"}
{"level":"info","message":"⌛ Validating EXAMEN-Wollok/example.wlk","timeElapsed":146,"timestamp":"2026-09-23T13:13:59.938Z"}
{"level":"info","message":"⌛ Building environment","timeElapsed":154,"timestamp":"2026-09-23T13:14:01.838Z"}
{"level":"info","message":"⌛ Validating EXAMEN-Wollok/example.wlk","timeElapsed":165,"timestamp":"2026-09-23T13:14:02.011Z"}
{"level":"info","message":"⌛ Validating EXAMEN-Wollok/example.wlk","timeElapsed":143,"timestamp":"2026-09-23T13:14:02.379Z"}
{"level":"info","message":"⌛ Building environment","timeElapsed":144,"timestamp":"2026-09-23T13:14:03.518Z"}
{"level":"info","message":"⌛ Validating EXAMEN-Wollok/example.wlk","timeElapsed":146,"timestamp":"2026-09-23T13:14:03.669Z"}
{"level":"info","message":"⌛ Validating EXAMEN-Wollok/example.wlk","timeElapsed":176,"timestamp":"2026-09-23T13:14:04.097Z"}
{"level":"info","message":"⌛ Building environment","timeElapsed":121,"timestamp":"2026-09-23T13:14:04.585Z"}
{"level":"info","message":"⌛ Validating EXAMEN-Wollok/example.wlk","timeElapsed":147,"timestamp":"2026-09-23T13:14:04.736Z"}
{"level":"info","message":"⌛ Building environment","timeElapsed":107,"timestamp":"2026-09-23T13:14:04.842Z"}
{"level":"info","message":"⌛ Validating EXAMEN-Wollok/example.wlk","timeElapsed":147,"timestamp":"2026-09-23T13:14:04.997Z"}
{"level":"info","message":"⌛ Building environment","timeElapsed":133,"timestamp":"2026-09-23T13:14:05.605Z"}
{"level":"info","message":"⌛ Validating EXAMEN-Wollok/example.wlk","timeElapsed":157,"timestamp":"2026-09-23T13:14:05.857Z"}
{"level":"info","message":"⌛ Validating EXAMEN-Wollok/example.wlk","timeElapsed":159,"timestamp":"2026-09-23T13:14:06.016Z"}
{"level":"info","message":"⌛ Building environment","timeElapsed":116,"timestamp":"2026-09-23T13:14:06.133Z"}
{"level":"info","message":"⌛ Validating EXAMEN-Wollok/example.wlk","timeElapsed":183,"timestamp":"2026-09-23T13:14:06.516Z"}
{"level":"info","message":"⌛ Validating EXAMEN-Wollok/example.wlk","timeElapsed":317,"timestamp":"2026-09-23T13:14:06.833Z"}
{"level":"info","message":"⌛ Validating EXAMEN-Wollok/example.wlk","timeElapsed":341,"timestamp":"2026-09-23T13:14:07.175Z"}
{"level":"info","message":"⌛ Building environment","timeElapsed":137,"timestamp":"2026-09-23T13:14:07.321Z"}
{"level":"info","message":"⌛ Building environment","timeElapsed":135,"timestamp":"2026-09-23T13:14:07.549Z"}
{"level":"info","message":"⌛ Validating EXAMEN-Wollok/example.wlk","timeElapsed":159,"timestamp":"2026-09-23T13:14:07.812Z"}
{"level":"error","message":"✘ Completions for node Return (undefined - EXAMEN-Wollok/example.wlk) failed: Error: [Return]{70d141} at EXAMEN-Wollok/example.wlk:-- exhausted all cases without a match [Return]{70d141} at EXAMEN-Wollok/example.wlk:-- exhausted all cases without a match","stack":"Error: [Return]{70d141} at EXAMEN-Wollok/example.wlk:-- exhausted all cases without a match\n    at /home/tiaguinni/.vscode/extensions/uqbar.wollok-lsp-ide-0.5.5/out/server/src/server.js:38:6142\n    at L2 (/home/tiaguinni/.vscode/extensions/uqbar.wollok-lsp-ide-0.5.5/out/server/src/server.js:2421:42)\n    at Jh (/home/tiaguinni/.vscode/extensions/uqbar.wollok-lsp-ide-0.5.5/out/server/src/server.js:2421:1092)\n    at w5n (/home/tiaguinni/.vscode/extensions/uqbar.wollok-lsp-ide-0.5.5/out/server/src/server.js:2421:1248)\n    at /home/tiaguinni/.vscode/extensions/uqbar.wollok-lsp-ide-0.5.5/out/server/src/server.js:38:6131\n    at L2 (/home/tiaguinni/.vscode/extensions/uqbar.wollok-lsp-ide-0.5.5/out/server/src/server.js:2421:42)\n    at /home/tiaguinni/.vscode/extensions/uqbar.wollok-lsp-ide-0.5.5/out/server/src/server.js:2421:2988\n    at /home/tiaguinni/.vscode/extensions/uqbar.wollok-lsp-ide-0.5.5/out/server/src/server.js:2430:8440\n    at /home/tiaguinni/.vscode/extensions/uqbar.wollok-lsp-ide-0.5.5/out/server/src/server.js:37:74872\n    at Ke (/home/tiaguinni/.vscode/extensions/uqbar.wollok-lsp-ide-0.5.5/out/server/src/server.js:7:8527)","timestamp":"2026-09-23T13:14:07.841Z"}
{"level":"info","message":"⌛ Validating EXAMEN-Wollok/example.wlk","timeElapsed":149,"timestamp":"2026-09-23T13:14:07.995Z"}
{"level":"info","message":"⌛ Validating EXAMEN-Wollok/example.wlk","timeElapsed":173,"timestamp":"2026-09-23T13:14:08.168Z"}
{"level":"info","message":"⌛ Building environment","timeElapsed":142,"timestamp":"2026-09-23T13:14:08.312Z"}
{"level":"info","message":"⌛ Validating EXAMEN-Wollok/example.wlk","timeElapsed":181,"timestamp":"2026-09-23T13:14:08.504Z"}
{"level":"info","message":"⌛ Validating EXAMEN-Wollok/example.wlk","timeElapsed":145,"timestamp":"2026-09-23T13:14:08.746Z"}
{"level":"info","message":"⌛ Validating EXAMEN-Wollok/example.wlk","timeElapsed":151,"timestamp":"2026-09-23T13:14:09.519Z"}
{"level":"info","message":"⌛ Building environment","timeElapsed":152,"timestamp":"2026-09-23T13:14:11.063Z"}
{"level":"info","message":"⌛ Validating EXAMEN-Wollok/example.wlk","timeElapsed":174,"timestamp":"2026-09-23T13:14:11.331Z"}
{"level":"info","message":"⌛ Validating EXAMEN-Wollok/example.wlk","timeElapsed":157,"timestamp":"2026-09-23T13:14:11.487Z"}
{"level":"info","message":"⌛ Building environment","timeElapsed":105,"timestamp":"2026-09-23T13:14:11.593Z"}
{"level":"info","message":"⌛ Validating EXAMEN-Wollok/example.wlk","timeElapsed":141,"timestamp":"2026-09-23T13:14:11.831Z"}
{"level":"info","message":"⌛ Validating EXAMEN-Wollok/example.wlk","timeElapsed":170,"timestamp":"2026-09-23T13:14:12.006Z"}
{"level":"info","message":"⌛ Validating EXAMEN-Wollok/example.wlk","timeElapsed":179,"timestamp":"2026-09-23T13:14:12.287Z"}
{"level":"info","message":"⌛ Building environment","timeElapsed":172,"timestamp":"2026-09-23T13:14:12.527Z"}
{"level":"info","message":"⌛ Building environment","timeElapsed":128,"timestamp":"2026-09-23T13:14:12.660Z"}
{"level":"info","message":"⌛ Validating EXAMEN-Wollok/example.wlk","timeElapsed":170,"timestamp":"2026-09-23T13:14:12.831Z"}
{"level":"info","message":"⌛ Validating EXAMEN-Wollok/example.wlk","timeElapsed":164,"timestamp":"2026-09-23T13:14:12.995Z"}
{"level":"info","message":"⌛ Building environment","timeElapsed":110,"timestamp":"2026-09-23T13:14:13.470Z"}
{"level":"info","message":"⌛ Validating EXAMEN-Wollok/example.wlk","timeElapsed":168,"timestamp":"2026-09-23T13:14:13.643Z"}
{"level":"info","message":"⌛ Validating EXAMEN-Wollok/example.wlk","timeElapsed":189,"timestamp":"2026-09-23T13:14:13.927Z"}
{"level":"info","message":"⌛ Building environment","timeElapsed":110,"timestamp":"2026-09-23T13:14:14.038Z"}
{"level":"info","message":"⌛ Building environment","timeElapsed":105,"timestamp":"2026-09-23T13:14:14.144Z"}
{"level":"info","message":"⌛ Validating EXAMEN-Wollok/example.wlk","timeElapsed":167,"timestamp":"2026-09-23T13:14:14.310Z"}
{"level":"info","message":"⌛ Validating EXAMEN-Wollok/example.wlk","timeElapsed":177,"timestamp":"2026-09-23T13:14:14.488Z"}
{"level":"info","message":"⌛ Building environment","timeElapsed":148,"timestamp":"2026-09-23T13:14:14.636Z"}
{"level":"info","message":"⌛ Building environment","timeElapsed":114,"timestamp":"2026-09-23T13:14:14.922Z"}
{"level":"info","message":"⌛ Validating EXAMEN-Wollok/example.wlk","timeElapsed":140,"timestamp":"2026-09-23T13:14:15.063Z"}
{"level":"info","message":"⌛ Validating EXAMEN-Wollok/example.wlk","timeElapsed":187,"timestamp":"2026-09-23T13:14:15.250Z"}
{"level":"info","message":"⌛ Validating EXAMEN-Wollok/example.wlk","timeElapsed":135,"timestamp":"2026-09-23T13:14:15.386Z"}
{"level":"info","message":"⌛ Validating EXAMEN-Wollok/example.wlk","timeElapsed":141,"timestamp":"2026-09-23T13:14:15.535Z"}
{"level":"info","message":"⌛ Building environment","timeElapsed":164,"timestamp":"2026-09-23T13:14:16.865Z"}
{"level":"info","message":"⌛ Validating EXAMEN-Wollok/example.wlk","timeElapsed":144,"timestamp":"2026-09-23T13:14:17.050Z"}
{"level":"info","message":"⌛ Building environment","timeElapsed":128,"timestamp":"2026-09-23T13:14:18.209Z"}
{"level":"info","message":"⌛ Validating EXAMEN-Wollok/example.wlk","timeElapsed":152,"timestamp":"2026-09-23T13:14:18.368Z"}
{"level":"info","message":"⌛ Building environment","timeElapsed":118,"timestamp":"2026-09-23T13:14:18.770Z"}
{"level":"info","message":"⌛ Validating EXAMEN-Wollok/example.wlk","timeElapsed":140,"timestamp":"2026-09-23T13:14:18.914Z"}
{"level":"info","message":"⌛ Building environment","timeElapsed":113,"timestamp":"2026-09-23T13:14:19.691Z"}
{"level":"info","message":"⌛ Validating EXAMEN-Wollok/example.wlk","timeElapsed":137,"timestamp":"2026-09-23T13:14:19.836Z"}
{"level":"info","message":"⌛ Validating EXAMEN-Wollok/example.wlk","timeElapsed":139,"timestamp":"2026-09-23T13:14:20.716Z"}
{"level":"info","message":"⌛ Building environment","timeElapsed":113,"timestamp":"2026-09-23T13:14:21.215Z"}
{"level":"info","message":"⌛ Validating EXAMEN-Wollok/example.wlk","timeElapsed":142,"timestamp":"2026-09-23T13:14:21.361Z"}
{"level":"info","message":"⌛ Building environment","timeElapsed":112,"timestamp":"2026-09-23T13:14:22.025Z"}
{"level":"info","message":"⌛ Validating EXAMEN-Wollok/example.wlk","timeElapsed":190,"timestamp":"2026-09-23T13:14:22.254Z"}
{"level":"info","message":"⌛ Building environment","timeElapsed":104,"timestamp":"2026-09-23T13:14:23.552Z"}
{"level":"info","message":"⌛ Validating EXAMEN-Wollok/example.wlk","timeElapsed":134,"timestamp":"2026-09-23T13:14:23.690Z"}
{"level":"info","message":"⌛ Building environment","timeElapsed":122,"timestamp":"2026-09-23T13:14:25.359Z"}
{"level":"info","message":"⌛ Validating EXAMEN-Wollok/example.wlk","timeElapsed":141,"timestamp":"2026-09-23T13:14:25.504Z"}
{"level":"info","message":"⌛ Building environment","timeElapsed":186,"timestamp":"2026-09-23T13:14:33.848Z"}
{"level":"info","message":"⌛ Validating EXAMEN-Wollok/example.wlk","timeElapsed":149,"timestamp":"2026-09-23T13:14:34.071Z"}
{"level":"info","message":"⌛ Building environment","timeElapsed":121,"timestamp":"2026-09-23T13:14:34.601Z"}
{"level":"info","message":"⌛ Validating EXAMEN-Wollok/example.wlk","timeElapsed":176,"timestamp":"2026-09-23T13:14:34.875Z"}
{"level":"info","message":"⌛ Validating EXAMEN-Wollok/example.wlk","timeElapsed":199,"timestamp":"2026-09-23T13:14:35.075Z"}
{"level":"info","message":"⌛ Building environment","timeElapsed":120,"timestamp":"2026-09-23T13:14:35.196Z"}
{"level":"info","message":"⌛ Building environment","timeElapsed":106,"timestamp":"2026-09-23T13:14:35.303Z"}
{"level":"info","message":"⌛ Building environment","timeElapsed":147,"timestamp":"2026-09-23T13:14:35.451Z"}
{"level":"info","message":"⌛ Validating EXAMEN-Wollok/example.wlk","timeElapsed":251,"timestamp":"2026-09-23T13:14:35.703Z"}
{"level":"info","message":"⌛ Validating EXAMEN-Wollok/example.wlk","timeElapsed":161,"timestamp":"2026-09-23T13:14:35.865Z"}
{"level":"error","message":"✘ Failed to rebuild document Failed to parse EXAMEN-Wollok/example.wlk: \n-- PARSING FAILED --------------------------------------------------\n\n  17 |   method temperatura() = temperatura\n  18 |   method\n> 19 | }\n     | ^\n  20 | \n  21 | object malaria800 {\n\nExpected one of the following: \n\n'!=', '!==', '%', '&&', '*', '**', '+', '-', '->', '..', '..<', '/', '<', '<<', '<<<', '<=', '<=>', '<>', '==', '===', '>', '>..', '>=', '>>', '>>>', '?:', '@', 'and', 'class', 'const', 'describe', 'invert', 'mixin', 'negate', 'object', 'only', 'or', 'package', 'plus', 'program', 'test', 'var', '{', '||', EOF, comment, identifier, not \"}\n\n\", whitespace\n","stack":"Error: Failed to parse EXAMEN-Wollok/example.wlk: \n-- PARSING FAILED --------------------------------------------------\n\n  17 |   method temperatura() = temperatura\n  18 |   method\n> 19 | }\n     | ^\n  20 | \n  21 | object malaria800 {\n\nExpected one of the following: \n\n'!=', '!==', '%', '&&', '*', '**', '+', '-', '->', '..', '..<', '/', '<', '<<', '<<<', '<=', '<=>', '<>', '==', '===', '>', '>..', '>=', '>>', '>>>', '?:', '@', 'and', 'class', 'const', 'describe', 'invert', 'mixin', 'negate', 'object', 'only', 'or', 'package', 'plus', 'program', 'test', 'var', '{', '||', EOF, comment, identifier, not \"}\n\n\", whitespace\n\n    at /home/tiaguinni/.vscode/extensions/uqbar.wollok-lsp-ide-0.5.5/out/server/src/server.js:2385:13026\n    at Array.map (<anonymous>)\n    at z1n (/home/tiaguinni/.vscode/extensions/uqbar.wollok-lsp-ide-0.5.5/out/server/src/server.js:2385:12950)\n    at H2.buildEnvironmentFrom (/home/tiaguinni/.vscode/extensions/uqbar.wollok-lsp-ide-0.5.5/out/server/src/server.js:2430:5254)\n    at H2.updateEnvironmentWith (/home/tiaguinni/.vscode/extensions/uqbar.wollok-lsp-ide-0.5.5/out/server/src/server.js:2430:4989)\n    at QF (/home/tiaguinni/.vscode/extensions/uqbar.wollok-lsp-ide-0.5.5/out/server/src/server.js:2430:7383)\n    at V3.invoke (/home/tiaguinni/.vscode/extensions/uqbar.wollok-lsp-ide-0.5.5/out/server/src/server.js:3:157330)\n    at o.fire (/home/tiaguinni/.vscode/extensions/uqbar.wollok-lsp-ide-0.5.5/out/server/src/server.js:3:158100)\n    at /home/tiaguinni/.vscode/extensions/uqbar.wollok-lsp-ide-0.5.5/out/server/src/server.js:37:57871\n    at nd (/home/tiaguinni/.vscode/extensions/uqbar.wollok-lsp-ide-0.5.5/out/server/src/server.js:8:1561)","timestamp":"2026-09-23T13:14:35.874Z"}
{"level":"info","message":"⌛ Validating EXAMEN-Wollok/example.wlk","timeElapsed":172,"timestamp":"2026-09-23T13:14:36.047Z"}
{"level":"error","message":"✘ Failed to rebuild document Failed to parse EXAMEN-Wollok/example.wlk: \n-- PARSING FAILED --------------------------------------------------\n\n  17 |   method temperatura() = temperatura\n  18 |   method \n> 19 | }\n     | ^\n  20 | \n  21 | object malaria800 {\n\nExpected one of the following: \n\n'!=', '!==', '%', '&&', '*', '**', '+', '-', '->', '..', '..<', '/', '<', '<<', '<<<', '<=', '<=>', '<>', '==', '===', '>', '>..', '>=', '>>', '>>>', '?:', '@', 'and', 'class', 'const', 'describe', 'invert', 'mixin', 'negate', 'object', 'only', 'or', 'package', 'plus', 'program', 'test', 'var', '{', '||', EOF, comment, identifier, not \"}\n\n\", whitespace\n","stack":"Error: Failed to parse EXAMEN-Wollok/example.wlk: \n-- PARSING FAILED --------------------------------------------------\n\n  17 |   method temperatura() = temperatura\n  18 |   method \n> 19 | }\n     | ^\n  20 | \n  21 | object malaria800 {\n\nExpected one of the following: \n\n'!=', '!==', '%', '&&', '*', '**', '+', '-', '->', '..', '..<', '/', '<', '<<', '<<<', '<=', '<=>', '<>', '==', '===', '>', '>..', '>=', '>>', '>>>', '?:', '@', 'and', 'class', 'const', 'describe', 'invert', 'mixin', 'negate', 'object', 'only', 'or', 'package', 'plus', 'program', 'test', 'var', '{', '||', EOF, comment, identifier, not \"}\n\n\", whitespace\n\n    at /home/tiaguinni/.vscode/extensions/uqbar.wollok-lsp-ide-0.5.5/out/server/src/server.js:2385:13026\n    at Array.map (<anonymous>)\n    at z1n (/home/tiaguinni/.vscode/extensions/uqbar.wollok-lsp-ide-0.5.5/out/server/src/server.js:2385:12950)\n    at H2.buildEnvironmentFrom (/home/tiaguinni/.vscode/extensions/uqbar.wollok-lsp-ide-0.5.5/out/server/src/server.js:2430:5254)\n    at H2.updateEnvironmentWith (/home/tiaguinni/.vscode/extensions/uqbar.wollok-lsp-ide-0.5.5/out/server/src/server.js:2430:4989)\n    at QF (/home/tiaguinni/.vscode/extensions/uqbar.wollok-lsp-ide-0.5.5/out/server/src/server.js:2430:7383)\n    at V3.invoke (/home/tiaguinni/.vscode/extensions/uqbar.wollok-lsp-ide-0.5.5/out/server/src/server.js:3:157330)\n    at o.fire (/home/tiaguinni/.vscode/extensions/uqbar.wollok-lsp-ide-0.5.5/out/server/src/server.js:3:158100)\n    at /home/tiaguinni/.vscode/extensions/uqbar.wollok-lsp-ide-0.5.5/out/server/src/server.js:37:57871\n    at nd (/home/tiaguinni/.vscode/extensions/uqbar.wollok-lsp-ide-0.5.5/out/server/src/server.js:8:1561)","timestamp":"2026-09-23T13:14:36.060Z"}
{"level":"info","message":"⌛ Building environment","timeElapsed":116,"timestamp":"2026-09-23T13:14:36.183Z"}
{"level":"info","message":"⌛ Validating EXAMEN-Wollok/example.wlk","timeElapsed":152,"timestamp":"2026-09-23T13:14:36.447Z"}
{"level":"info","message":"⌛ Validating EXAMEN-Wollok/example.wlk","timeElapsed":154,"timestamp":"2026-09-23T13:14:36.603Z"}
{"level":"info","message":"⌛ Building environment","timeElapsed":124,"timestamp":"2026-09-23T13:14:36.731Z"}
{"level":"info","message":"⌛ Validating EXAMEN-Wollok/example.wlk","timeElapsed":163,"timestamp":"2026-09-23T13:14:36.897Z"}
{"level":"info","message":"⌛ Building environment","timeElapsed":106,"timestamp":"2026-09-23T13:14:37.004Z"}
{"level":"info","message":"⌛ Validating EXAMEN-Wollok/example.wlk","timeElapsed":143,"timestamp":"2026-09-23T13:14:37.154Z"}
{"level":"info","message":"⌛ Building environment","timeElapsed":132,"timestamp":"2026-09-23T13:14:38.227Z"}
{"level":"info","message":"⌛ Validating EXAMEN-Wollok/example.wlk","timeElapsed":206,"timestamp":"2026-09-23T13:14:38.437Z"}
{"level":"info","message":"⌛ Building environment","timeElapsed":134,"timestamp":"2026-09-23T13:14:40.439Z"}
{"level":"info","message":"⌛ Validating EXAMEN-Wollok/example.wlk","timeElapsed":143,"timestamp":"2026-09-23T13:14:40.586Z"}
{"level":"info","message":"⌛ Building environment","timeElapsed":121,"timestamp":"2026-09-23T13:14:43.558Z"}
{"level":"info","message":"⌛ Validating EXAMEN-Wollok/example.wlk","timeElapsed":152,"timestamp":"2026-09-23T13:14:43.713Z"}
{"level":"info","message":"⌛ Building environment","timeElapsed":101,"timestamp":"2026-09-23T13:14:43.815Z"}
{"level":"info","message":"⌛ Validating EXAMEN-Wollok/example.wlk","timeElapsed":150,"timestamp":"2026-09-23T13:14:43.969Z"}
{"level":"info","message":"⌛ Building environment","timeElapsed":107,"timestamp":"2026-09-23T13:14:44.149Z"}
{"level":"info","message":"⌛ Validating EXAMEN-Wollok/example.wlk","timeElapsed":159,"timestamp":"2026-09-23T13:14:44.313Z"}
{"level":"info","message":"⌛ Validating EXAMEN-Wollok/example.wlk","timeElapsed":146,"timestamp":"2026-09-23T13:14:44.652Z"}
{"level":"info","message":"⌛ Validating EXAMEN-Wollok/example.wlk","timeElapsed":132,"timestamp":"2026-09-23T13:14:44.785Z"}
{"level":"info","message":"⌛ Building environment","timeElapsed":139,"timestamp":"2026-09-23T13:14:55.372Z"}
{"level":"info","message":"⌛ Validating EXAMEN-Wollok/example.wlk","timeElapsed":160,"timestamp":"2026-09-23T13:14:55.558Z"}
{"level":"info","message":"⌛ Building environment","timeElapsed":134,"timestamp":"2026-09-23T13:14:59.138Z"}
{"level":"info","message":"⌛ Validating EXAMEN-Wollok/testExample.wtest","timeElapsed":140,"timestamp":"2026-09-23T13:14:59.282Z"}
{"level":"info","message":"⌛ Building environment","timeElapsed":107,"timestamp":"2026-09-23T13:14:59.467Z"}
{"level":"info","message":"⌛ Validating EXAMEN-Wollok/testExample.wtest","timeElapsed":137,"timestamp":"2026-09-23T13:14:59.612Z"}
{"level":"error","message":"✘ Completions for node Return (undefined - EXAMEN-Wollok/testExample.wtest) failed: Error: [Return]{ca83e8} at EXAMEN-Wollok/testExample.wtest:-- exhausted all cases without a match [Return]{ca83e8} at EXAMEN-Wollok/testExample.wtest:-- exhausted all cases without a match","stack":"Error: [Return]{ca83e8} at EXAMEN-Wollok/testExample.wtest:-- exhausted all cases without a match\n    at /home/tiaguinni/.vscode/extensions/uqbar.wollok-lsp-ide-0.5.5/out/server/src/server.js:38:6142\n    at L2 (/home/tiaguinni/.vscode/extensions/uqbar.wollok-lsp-ide-0.5.5/out/server/src/server.js:2421:42)\n    at Jh (/home/tiaguinni/.vscode/extensions/uqbar.wollok-lsp-ide-0.5.5/out/server/src/server.js:2421:1092)\n    at w5n (/home/tiaguinni/.vscode/extensions/uqbar.wollok-lsp-ide-0.5.5/out/server/src/server.js:2421:1248)\n    at /home/tiaguinni/.vscode/extensions/uqbar.wollok-lsp-ide-0.5.5/out/server/src/server.js:38:6131\n    at L2 (/home/tiaguinni/.vscode/extensions/uqbar.wollok-lsp-ide-0.5.5/out/server/src/server.js:2421:42)\n    at /home/tiaguinni/.vscode/extensions/uqbar.wollok-lsp-ide-0.5.5/out/server/src/server.js:2421:2988\n    at /home/tiaguinni/.vscode/extensions/uqbar.wollok-lsp-ide-0.5.5/out/server/src/server.js:2430:8440\n    at /home/tiaguinni/.vscode/extensions/uqbar.wollok-lsp-ide-0.5.5/out/server/src/server.js:37:74872\n    at Ke (/home/tiaguinni/.vscode/extensions/uqbar.wollok-lsp-ide-0.5.5/out/server/src/server.js:7:8527)","timestamp":"2026-09-23T13:15:00.180Z"}
{"level":"info","message":"⌛ Building environment","timeElapsed":145,"timestamp":"2026-09-23T13:15:00.784Z"}
{"level":"error","message":"✘ Completions for node Return (undefined - EXAMEN-Wollok/testExample.wtest) failed: Error: [Return]{ff55bd} at EXAMEN-Wollok/testExample.wtest:-- exhausted all cases without a match [Return]{ff55bd} at EXAMEN-Wollok/testExample.wtest:-- exhausted all cases without a match","stack":"Error: [Return]{ff55bd} at EXAMEN-Wollok/testExample.wtest:-- exhausted all cases without a match\n    at /home/tiaguinni/.vscode/extensions/uqbar.wollok-lsp-ide-0.5.5/out/server/src/server.js:38:6142\n    at L2 (/home/tiaguinni/.vscode/extensions/uqbar.wollok-lsp-ide-0.5.5/out/server/src/server.js:2421:42)\n    at Jh (/home/tiaguinni/.vscode/extensions/uqbar.wollok-lsp-ide-0.5.5/out/server/src/server.js:2421:1092)\n    at w5n (/home/tiaguinni/.vscode/extensions/uqbar.wollok-lsp-ide-0.5.5/out/server/src/server.js:2421:1248)\n    at /home/tiaguinni/.vscode/extensions/uqbar.wollok-lsp-ide-0.5.5/out/server/src/server.js:38:6131\n    at L2 (/home/tiaguinni/.vscode/extensions/uqbar.wollok-lsp-ide-0.5.5/out/server/src/server.js:2421:42)\n    at /home/tiaguinni/.vscode/extensions/uqbar.wollok-lsp-ide-0.5.5/out/server/src/server.js:2421:2988\n    at /home/tiaguinni/.vscode/extensions/uqbar.wollok-lsp-ide-0.5.5/out/server/src/server.js:2430:8440\n    at /home/tiaguinni/.vscode/extensions/uqbar.wollok-lsp-ide-0.5.5/out/server/src/server.js:37:74872\n    at Ke (/home/tiaguinni/.vscode/extensions/uqbar.wollok-lsp-ide-0.5.5/out/server/src/server.js:7:8527)","timestamp":"2026-09-23T13:15:00.824Z"}
{"level":"info","message":"⌛ Validating EXAMEN-Wollok/testExample.wtest","timeElapsed":158,"timestamp":"2026-09-23T13:15:00.992Z"}
{"level":"info","message":"⌛ Building environment","timeElapsed":127,"timestamp":"2026-09-23T13:15:01.157Z"}
{"level":"info","message":"⌛ Validating EXAMEN-Wollok/testExample.wtest","timeElapsed":147,"timestamp":"2026-09-23T13:15:01.308Z"}
{"level":"info","message":"⌛ Building environment","timeElapsed":143,"timestamp":"2026-09-23T13:15:34.061Z"}
{"level":"info","message":"⌛ Validating EXAMEN-Wollok/testExample.wtest","timeElapsed":266,"timestamp":"2026-09-23T13:15:34.397Z"}
{"level":"info","message":"⌛ Building environment","timeElapsed":146,"timestamp":"2026-09-23T13:15:34.772Z"}
{"level":"info","message":"⌛ Validating EXAMEN-Wollok/testExample.wtest","timeElapsed":262,"timestamp":"2026-09-23T13:15:35.042Z"}
{"level":"info","message":"⌛ Building environment","timeElapsed":153,"timestamp":"2026-09-23T13:15:35.196Z"}
{"level":"info","message":"⌛ Building environment","timeElapsed":171,"timestamp":"2026-09-23T13:15:35.373Z"}
{"level":"info","message":"⌛ Building environment","timeElapsed":130,"timestamp":"2026-09-23T13:15:35.509Z"}
{"level":"info","message":"⌛ Validating EXAMEN-Wollok/testExample.wtest","timeElapsed":178,"timestamp":"2026-09-23T13:15:35.694Z"}
{"level":"info","message":"⌛ Building environment","timeElapsed":119,"timestamp":"2026-09-23T13:15:35.814Z"}
{"level":"info","message":"⌛ Validating EXAMEN-Wollok/testExample.wtest","timeElapsed":182,"timestamp":"2026-09-23T13:15:36.010Z"}
{"level":"info","message":"⌛ Validating EXAMEN-Wollok/testExample.wtest","timeElapsed":172,"timestamp":"2026-09-23T13:15:36.186Z"}
{"level":"info","message":"⌛ Validating EXAMEN-Wollok/testExample.wtest","timeElapsed":175,"timestamp":"2026-09-23T13:15:36.362Z"}
{"level":"info","message":"⌛ Building environment","timeElapsed":116,"timestamp":"2026-09-23T13:15:36.481Z"}
{"level":"info","message":"⌛ Building environment","timeElapsed":151,"timestamp":"2026-09-23T13:15:36.797Z"}
{"level":"info","message":"⌛ Validating EXAMEN-Wollok/testExample.wtest","timeElapsed":176,"timestamp":"2026-09-23T13:15:36.973Z"}
{"level":"info","message":"⌛ Validating EXAMEN-Wollok/testExample.wtest","timeElapsed":158,"timestamp":"2026-09-23T13:15:37.137Z"}
{"level":"info","message":"⌛ Building environment","timeElapsed":234,"timestamp":"2026-09-23T13:15:37.375Z"}
{"level":"info","message":"⌛ Validating EXAMEN-Wollok/testExample.wtest","timeElapsed":159,"timestamp":"2026-09-23T13:15:37.541Z"}
{"level":"info","message":"⌛ Building environment","timeElapsed":125,"timestamp":"2026-09-23T13:15:37.666Z"}
{"level":"info","message":"⌛ Building environment","timeElapsed":102,"timestamp":"2026-09-23T13:15:37.875Z"}
{"level":"info","message":"⌛ Validating EXAMEN-Wollok/testExample.wtest","timeElapsed":160,"timestamp":"2026-09-23T13:15:38.040Z"}
{"level":"info","message":"⌛ Building environment","timeElapsed":105,"timestamp":"2026-09-23T13:15:38.149Z"}
{"level":"info","message":"⌛ Validating EXAMEN-Wollok/testExample.wtest","timeElapsed":147,"timestamp":"2026-09-23T13:15:38.301Z"}
{"level":"info","message":"⌛ Validating EXAMEN-Wollok/testExample.wtest","timeElapsed":150,"timestamp":"2026-09-23T13:15:38.454Z"}
{"level":"info","message":"⌛ Validating EXAMEN-Wollok/testExample.wtest","timeElapsed":151,"timestamp":"2026-09-23T13:15:38.609Z"}
{"level":"info","message":"⌛ Validating EXAMEN-Wollok/testExample.wtest","timeElapsed":153,"timestamp":"2026-09-23T13:15:38.762Z"}
{"level":"info","message":"⌛ Building environment","timeElapsed":211,"timestamp":"2026-09-23T13:15:45.800Z"}
{"level":"info","message":"⌛ Validating EXAMEN-Wollok/testExample.wtest","timeElapsed":207,"timestamp":"2026-09-23T13:15:46.019Z"}
{"level":"info","message":"⌛ Building environment","timeElapsed":111,"timestamp":"2026-09-23T13:15:46.132Z"}
{"level":"info","message":"⌛ Validating EXAMEN-Wollok/testExample.wtest","timeElapsed":153,"timestamp":"2026-09-23T13:15:46.392Z"}
{"level":"info","message":"⌛ Validating EXAMEN-Wollok/testExample.wtest","timeElapsed":173,"timestamp":"2026-09-23T13:15:46.566Z"}
{"level":"info","message":"⌛ Building environment","timeElapsed":108,"timestamp":"2026-09-23T13:15:46.767Z"}
{"level":"info","message":"⌛ Building environment","timeElapsed":113,"timestamp":"2026-09-23T13:15:46.886Z"}
{"level":"info","message":"⌛ Validating EXAMEN-Wollok/testExample.wtest","timeElapsed":165,"timestamp":"2026-09-23T13:15:47.051Z"}
{"level":"info","message":"⌛ Validating EXAMEN-Wollok/testExample.wtest","timeElapsed":161,"timestamp":"2026-09-23T13:15:47.213Z"}
{"level":"info","message":"⌛ Building environment","timeElapsed":172,"timestamp":"2026-09-23T13:15:47.386Z"}
{"level":"info","message":"⌛ Validating EXAMEN-Wollok/testExample.wtest","timeElapsed":137,"timestamp":"2026-09-23T13:15:47.530Z"}
{"level":"info","message":"⌛ Validating EXAMEN-Wollok/testExample.wtest","timeElapsed":148,"timestamp":"2026-09-23T13:15:47.770Z"}
{"level":"info","message":"⌛ Validating EXAMEN-Wollok/testExample.wtest","timeElapsed":152,"timestamp":"2026-09-23T13:15:47.927Z"}
{"level":"error","message":"✘ Completions for node Send ([12:5, 12:27] - EXAMEN-Wollok/testExample.wtest) failed: Error: [Send]{f484d8} at EXAMEN-Wollok/testExample.wtest:12 exhausted all cases without a match [Send]{f484d8} at EXAMEN-Wollok/testExample.wtest:12 exhausted all cases without a match","stack":"Error: [Send]{f484d8} at EXAMEN-Wollok/testExample.wtest:12 exhausted all cases without a match\n    at /home/tiaguinni/.vscode/extensions/uqbar.wollok-lsp-ide-0.5.5/out/server/src/server.js:38:6142\n    at L2 (/home/tiaguinni/.vscode/extensions/uqbar.wollok-lsp-ide-0.5.5/out/server/src/server.js:2421:42)\n    at Jh (/home/tiaguinni/.vscode/extensions/uqbar.wollok-lsp-ide-0.5.5/out/server/src/server.js:2421:1092)\n    at w5n (/home/tiaguinni/.vscode/extensions/uqbar.wollok-lsp-ide-0.5.5/out/server/src/server.js:2421:1248)\n    at /home/tiaguinni/.vscode/extensions/uqbar.wollok-lsp-ide-0.5.5/out/server/src/server.js:38:6131\n    at L2 (/home/tiaguinni/.vscode/extensions/uqbar.wollok-lsp-ide-0.5.5/out/server/src/server.js:2421:42)\n    at /home/tiaguinni/.vscode/extensions/uqbar.wollok-lsp-ide-0.5.5/out/server/src/server.js:2421:2988\n    at /home/tiaguinni/.vscode/extensions/uqbar.wollok-lsp-ide-0.5.5/out/server/src/server.js:2430:8440\n    at /home/tiaguinni/.vscode/extensions/uqbar.wollok-lsp-ide-0.5.5/out/server/src/server.js:37:74872\n    at Ke (/home/tiaguinni/.vscode/extensions/uqbar.wollok-lsp-ide-0.5.5/out/server/src/server.js:7:8527)","timestamp":"2026-09-23T13:15:47.953Z"}
{"level":"info","message":"⌛ Building environment","timeElapsed":118,"timestamp":"2026-09-23T13:15:48.383Z"}
{"level":"info","message":"⌛ Validating EXAMEN-Wollok/testExample.wtest","timeElapsed":131,"timestamp":"2026-09-23T13:15:48.521Z"}
{"level":"error","message":"✘ Failed to rebuild document Failed to parse EXAMEN-Wollok/testExample.wtest: \n-- PARSING FAILED --------------------------------------------------\n\n  14 |     \n  15 |   }\n> 16 | }\n     | ^\n  17 | // El valor primero del equals es el esperado\n  18 | \n\nExpected one of the following: \n\n'@', 'class', 'const', 'describe', 'mixin', 'object', 'only', 'package', 'program', 'test', 'var', '{', EOF, comment, not \"}\n\", whitespace\n","stack":"Error: Failed to parse EXAMEN-Wollok/testExample.wtest: \n-- PARSING FAILED --------------------------------------------------\n\n  14 |     \n  15 |   }\n> 16 | }\n     | ^\n  17 | // El valor primero del equals es el esperado\n  18 | \n\nExpected one of the following: \n\n'@', 'class', 'const', 'describe', 'mixin', 'object', 'only', 'package', 'program', 'test', 'var', '{', EOF, comment, not \"}\n\", whitespace\n\n    at /home/tiaguinni/.vscode/extensions/uqbar.wollok-lsp-ide-0.5.5/out/server/src/server.js:2385:13026\n    at Array.map (<anonymous>)\n    at z1n (/home/tiaguinni/.vscode/extensions/uqbar.wollok-lsp-ide-0.5.5/out/server/src/server.js:2385:12950)\n    at H2.buildEnvironmentFrom (/home/tiaguinni/.vscode/extensions/uqbar.wollok-lsp-ide-0.5.5/out/server/src/server.js:2430:5254)\n    at H2.updateEnvironmentWith (/home/tiaguinni/.vscode/extensions/uqbar.wollok-lsp-ide-0.5.5/out/server/src/server.js:2430:4989)\n    at QF (/home/tiaguinni/.vscode/extensions/uqbar.wollok-lsp-ide-0.5.5/out/server/src/server.js:2430:7383)\n    at V3.invoke (/home/tiaguinni/.vscode/extensions/uqbar.wollok-lsp-ide-0.5.5/out/server/src/server.js:3:157330)\n    at o.fire (/home/tiaguinni/.vscode/extensions/uqbar.wollok-lsp-ide-0.5.5/out/server/src/server.js:3:158100)\n    at /home/tiaguinni/.vscode/extensions/uqbar.wollok-lsp-ide-0.5.5/out/server/src/server.js:37:57871\n    at nd (/home/tiaguinni/.vscode/extensions/uqbar.wollok-lsp-ide-0.5.5/out/server/src/server.js:8:1561)","timestamp":"2026-09-23T13:15:49.135Z"}
{"level":"error","message":"✘ Failed to rebuild document Failed to parse EXAMEN-Wollok/testExample.wtest: \n-- PARSING FAILED --------------------------------------------------\n\n  14 |     \n  15 |   }\n> 16 | }\n     | ^\n  17 | // El valor primero del equals es el esperado\n  18 | \n\nExpected one of the following: \n\n'@', 'class', 'const', 'describe', 'mixin', 'object', 'only', 'package', 'program', 'test', 'var', '{', EOF, comment, not \"}\n\", whitespace\n","stack":"Error: Failed to parse EXAMEN-Wollok/testExample.wtest: \n-- PARSING FAILED --------------------------------------------------\n\n  14 |     \n  15 |   }\n> 16 | }\n     | ^\n  17 | // El valor primero del equals es el esperado\n  18 | \n\nExpected one of the following: \n\n'@', 'class', 'const', 'describe', 'mixin', 'object', 'only', 'package', 'program', 'test', 'var', '{', EOF, comment, not \"}\n\", whitespace\n\n    at /home/tiaguinni/.vscode/extensions/uqbar.wollok-lsp-ide-0.5.5/out/server/src/server.js:2385:13026\n    at Array.map (<anonymous>)\n    at z1n (/home/tiaguinni/.vscode/extensions/uqbar.wollok-lsp-ide-0.5.5/out/server/src/server.js:2385:12950)\n    at H2.buildEnvironmentFrom (/home/tiaguinni/.vscode/extensions/uqbar.wollok-lsp-ide-0.5.5/out/server/src/server.js:2430:5254)\n    at H2.updateEnvironmentWith (/home/tiaguinni/.vscode/extensions/uqbar.wollok-lsp-ide-0.5.5/out/server/src/server.js:2430:4989)\n    at QF (/home/tiaguinni/.vscode/extensions/uqbar.wollok-lsp-ide-0.5.5/out/server/src/server.js:2430:7383)\n    at V3.invoke (/home/tiaguinni/.vscode/extensions/uqbar.wollok-lsp-ide-0.5.5/out/server/src/server.js:3:157330)\n    at o.fire (/home/tiaguinni/.vscode/extensions/uqbar.wollok-lsp-ide-0.5.5/out/server/src/server.js:3:158100)\n    at /home/tiaguinni/.vscode/extensions/uqbar.wollok-lsp-ide-0.5.5/out/server/src/server.js:37:57871\n    at nd (/home/tiaguinni/.vscode/extensions/uqbar.wollok-lsp-ide-0.5.5/out/server/src/server.js:8:1561)","timestamp":"2026-09-23T13:15:49.244Z"}
{"level":"error","message":"✘ Failed to rebuild document Failed to parse EXAMEN-Wollok/testExample.wtest: \n-- PARSING FAILED --------------------------------------------------\n\n  14 |     \n  15 |   }\n> 16 | }\n     | ^\n  17 | // El valor primero del equals es el esperado\n  18 | \n\nExpected one of the following: \n\n'@', 'class', 'const', 'describe', 'mixin', 'object', 'only', 'package', 'program', 'test', 'var', '{', EOF, comment, not \"}\n\", whitespace\n","stack":"Error: Failed to parse EXAMEN-Wollok/testExample.wtest: \n-- PARSING FAILED --------------------------------------------------\n\n  14 |     \n  15 |   }\n> 16 | }\n     | ^\n  17 | // El valor primero del equals es el esperado\n  18 | \n\nExpected one of the following: \n\n'@', 'class', 'const', 'describe', 'mixin', 'object', 'only', 'package', 'program', 'test', 'var', '{', EOF, comment, not \"}\n\", whitespace\n\n    at /home/tiaguinni/.vscode/extensions/uqbar.wollok-lsp-ide-0.5.5/out/server/src/server.js:2385:13026\n    at Array.map (<anonymous>)\n    at z1n (/home/tiaguinni/.vscode/extensions/uqbar.wollok-lsp-ide-0.5.5/out/server/src/server.js:2385:12950)\n    at H2.buildEnvironmentFrom (/home/tiaguinni/.vscode/extensions/uqbar.wollok-lsp-ide-0.5.5/out/server/src/server.js:2430:5254)\n    at H2.updateEnvironmentWith (/home/tiaguinni/.vscode/extensions/uqbar.wollok-lsp-ide-0.5.5/out/server/src/server.js:2430:4989)\n    at QF (/home/tiaguinni/.vscode/extensions/uqbar.wollok-lsp-ide-0.5.5/out/server/src/server.js:2430:7383)\n    at V3.invoke (/home/tiaguinni/.vscode/extensions/uqbar.wollok-lsp-ide-0.5.5/out/server/src/server.js:3:157330)\n    at o.fire (/home/tiaguinni/.vscode/extensions/uqbar.wollok-lsp-ide-0.5.5/out/server/src/server.js:3:158100)\n    at /home/tiaguinni/.vscode/extensions/uqbar.wollok-lsp-ide-0.5.5/out/server/src/server.js:37:57871\n    at nd (/home/tiaguinni/.vscode/extensions/uqbar.wollok-lsp-ide-0.5.5/out/server/src/server.js:8:1561)","timestamp":"2026-09-23T13:15:49.746Z"}
{"level":"info","message":"⌛ Building environment","timeElapsed":142,"timestamp":"2026-09-23T13:15:50.070Z"}
{"level":"info","message":"⌛ Validating EXAMEN-Wollok/testExample.wtest","timeElapsed":166,"timestamp":"2026-09-23T13:15:50.241Z"}
{"level":"info","message":"⌛ Building environment","timeElapsed":123,"timestamp":"2026-09-23T13:15:51.598Z"}
{"level":"info","message":"⌛ Validating EXAMEN-Wollok/testExample.wtest","timeElapsed":227,"timestamp":"2026-09-23T13:15:51.828Z"}
{"level":"info","message":"⌛ Building environment","timeElapsed":286,"timestamp":"2026-09-23T13:15:52.120Z"}
{"level":"info","message":"⌛ Validating EXAMEN-Wollok/testExample.wtest","timeElapsed":166,"timestamp":"2026-09-23T13:15:52.296Z"}
{"level":"error","message":"✘ Completions for node Send ([12:5, 12:30] - EXAMEN-Wollok/testExample.wtest) failed: Error: [Send]{18522c} at EXAMEN-Wollok/testExample.wtest:12 exhausted all cases without a match [Send]{18522c} at EXAMEN-Wollok/testExample.wtest:12 exhausted all cases without a match","stack":"Error: [Send]{18522c} at EXAMEN-Wollok/testExample.wtest:12 exhausted all cases without a match\n    at /home/tiaguinni/.vscode/extensions/uqbar.wollok-lsp-ide-0.5.5/out/server/src/server.js:38:6142\n    at L2 (/home/tiaguinni/.vscode/extensions/uqbar.wollok-lsp-ide-0.5.5/out/server/src/server.js:2421:42)\n    at Jh (/home/tiaguinni/.vscode/extensions/uqbar.wollok-lsp-ide-0.5.5/out/server/src/server.js:2421:1092)\n    at w5n (/home/tiaguinni/.vscode/extensions/uqbar.wollok-lsp-ide-0.5.5/out/server/src/server.js:2421:1248)\n    at /home/tiaguinni/.vscode/extensions/uqbar.wollok-lsp-ide-0.5.5/out/server/src/server.js:38:6131\n    at L2 (/home/tiaguinni/.vscode/extensions/uqbar.wollok-lsp-ide-0.5.5/out/server/src/server.js:2421:42)\n    at /home/tiaguinni/.vscode/extensions/uqbar.wollok-lsp-ide-0.5.5/out/server/src/server.js:2421:2988\n    at /home/tiaguinni/.vscode/extensions/uqbar.wollok-lsp-ide-0.5.5/out/server/src/server.js:2430:8440\n    at /home/tiaguinni/.vscode/extensions/uqbar.wollok-lsp-ide-0.5.5/out/server/src/server.js:37:74872\n    at Ke (/home/tiaguinni/.vscode/extensions/uqbar.wollok-lsp-ide-0.5.5/out/server/src/server.js:7:8527)","timestamp":"2026-09-23T13:15:52.470Z"}
{"level":"info","message":"⌛ Building environment","timeElapsed":123,"timestamp":"2026-09-23T13:15:53.606Z"}
{"level":"info","message":"⌛ Validating EXAMEN-Wollok/testExample.wtest","timeElapsed":151,"timestamp":"2026-09-23T13:15:53.759Z"}
{"level":"info","message":"⌛ Building environment","timeElapsed":112,"timestamp":"2026-09-23T13:15:54.430Z"}
{"level":"info","message":"⌛ Validating EXAMEN-Wollok/testExample.wtest","timeElapsed":180,"timestamp":"2026-09-23T13:15:54.614Z"}
{"level":"info","message":"⌛ Validating EXAMEN-Wollok/testExample.wtest","timeElapsed":173,"timestamp":"2026-09-23T13:15:54.889Z"}
{"level":"info","message":"⌛ Building environment","timeElapsed":116,"timestamp":"2026-09-23T13:15:55.007Z"}
{"level":"info","message":"⌛ Building environment","timeElapsed":121,"timestamp":"2026-09-23T13:15:55.130Z"}
{"level":"info","message":"⌛ Validating EXAMEN-Wollok/testExample.wtest","timeElapsed":155,"timestamp":"2026-09-23T13:15:55.286Z"}
{"level":"info","message":"⌛ Building environment","timeElapsed":105,"timestamp":"2026-09-23T13:15:55.391Z"}
{"level":"info","message":"⌛ Validating EXAMEN-Wollok/testExample.wtest","timeElapsed":141,"timestamp":"2026-09-23T13:15:55.532Z"}
{"level":"info","message":"⌛ Validating EXAMEN-Wollok/testExample.wtest","timeElapsed":139,"timestamp":"2026-09-23T13:15:55.677Z"}
{"level":"info","message":"⌛ Building environment","timeElapsed":115,"timestamp":"2026-09-23T13:15:55.834Z"}
{"level":"info","message":"⌛ Validating EXAMEN-Wollok/testExample.wtest","timeElapsed":147,"timestamp":"2026-09-23T13:15:55.984Z"}
{"level":"info","message":"⌛ Validating EXAMEN-Wollok/testExample.wtest","timeElapsed":158,"timestamp":"2026-09-23T13:15:56.230Z"}
{"level":"info","message":"⌛ Building environment","timeElapsed":183,"timestamp":"2026-09-23T13:15:56.416Z"}
{"level":"info","message":"⌛ Validating EXAMEN-Wollok/testExample.wtest","timeElapsed":160,"timestamp":"2026-09-23T13:15:56.676Z"}
{"level":"info","message":"⌛ Validating EXAMEN-Wollok/testExample.wtest","timeElapsed":150,"timestamp":"2026-09-23T13:15:56.825Z"}
{"level":"info","message":"⌛ Building environment","timeElapsed":107,"timestamp":"2026-09-23T13:15:57.005Z"}
{"level":"info","message":"⌛ Validating EXAMEN-Wollok/testExample.wtest","timeElapsed":155,"timestamp":"2026-09-23T13:15:57.163Z"}
{"level":"info","message":"⌛ Building environment","timeElapsed":134,"timestamp":"2026-09-23T13:15:57.298Z"}
{"level":"info","message":"⌛ Validating EXAMEN-Wollok/testExample.wtest","timeElapsed":164,"timestamp":"2026-09-23T13:15:57.559Z"}
{"level":"info","message":"⌛ Validating EXAMEN-Wollok/testExample.wtest","timeElapsed":150,"timestamp":"2026-09-23T13:15:57.711Z"}
{"level":"info","message":"⌛ Validating EXAMEN-Wollok/testExample.wtest","timeElapsed":149,"timestamp":"2026-09-23T13:15:57.960Z"}
{"level":"info","message":"⌛ Building environment","timeElapsed":101,"timestamp":"2026-09-23T13:15:58.293Z"}
{"level":"info","message":"⌛ Validating EXAMEN-Wollok/testExample.wtest","timeElapsed":139,"timestamp":"2026-09-23T13:15:58.436Z"}
{"level":"info","message":"⌛ Building environment","timeElapsed":108,"timestamp":"2026-09-23T13:15:58.830Z"}
{"level":"info","message":"⌛ Validating EXAMEN-Wollok/testExample.wtest","timeElapsed":140,"timestamp":"2026-09-23T13:15:58.974Z"}
{"level":"info","message":"⌛ Building environment","timeElapsed":115,"timestamp":"2026-09-23T13:15:59.149Z"}
{"level":"info","message":"⌛ Validating EXAMEN-Wollok/testExample.wtest","timeElapsed":183,"timestamp":"2026-09-23T13:15:59.368Z"}
{"level":"info","message":"⌛ Building environment","timeElapsed":169,"timestamp":"2026-09-23T13:15:59.547Z"}
{"level":"info","message":"⌛ Validating EXAMEN-Wollok/testExample.wtest","timeElapsed":149,"timestamp":"2026-09-23T13:15:59.699Z"}
{"level":"info","message":"⌛ Building environment","timeElapsed":145,"timestamp":"2026-09-23T13:16:00.015Z"}
{"level":"info","message":"⌛ Validating EXAMEN-Wollok/testExample.wtest","timeElapsed":140,"timestamp":"2026-09-23T13:16:00.159Z"}
{"level":"info","message":"⌛ Building environment","timeElapsed":154,"timestamp":"2026-09-23T13:16:00.323Z"}
{"level":"info","message":"⌛ Building environment","timeElapsed":153,"timestamp":"2026-09-23T13:16:00.522Z"}
{"level":"info","message":"⌛ Validating EXAMEN-Wollok/testExample.wtest","timeElapsed":187,"timestamp":"2026-09-23T13:16:00.709Z"}
{"level":"info","message":"⌛ Building environment","timeElapsed":107,"timestamp":"2026-09-23T13:16:00.818Z"}
{"level":"info","message":"⌛ Validating EXAMEN-Wollok/testExample.wtest","timeElapsed":174,"timestamp":"2026-09-23T13:16:00.992Z"}
{"level":"info","message":"⌛ Building environment","timeElapsed":113,"timestamp":"2026-09-23T13:16:01.106Z"}
{"level":"info","message":"⌛ Validating EXAMEN-Wollok/testExample.wtest","timeElapsed":150,"timestamp":"2026-09-23T13:16:01.256Z"}
{"level":"info","message":"⌛ Validating EXAMEN-Wollok/testExample.wtest","timeElapsed":136,"timestamp":"2026-09-23T13:16:01.577Z"}
{"level":"info","message":"⌛ Validating EXAMEN-Wollok/testExample.wtest","timeElapsed":156,"timestamp":"2026-09-23T13:16:01.741Z"}
{"level":"info","message":"⌛ Validating EXAMEN-Wollok/testExample.wtest","timeElapsed":134,"timestamp":"2026-09-23T13:16:01.875Z"}
{"level":"info","message":"⌛ Building environment","timeElapsed":114,"timestamp":"2026-09-23T13:16:01.991Z"}
{"level":"info","message":"⌛ Validating EXAMEN-Wollok/testExample.wtest","timeElapsed":139,"timestamp":"2026-09-23T13:16:02.141Z"}
{"level":"info","message":"⌛ Building environment","timeElapsed":136,"timestamp":"2026-09-23T13:16:02.727Z"}
{"level":"info","message":"⌛ Validating EXAMEN-Wollok/testExample.wtest","timeElapsed":144,"timestamp":"2026-09-23T13:16:02.880Z"}
{"level":"info","message":"⌛ Building environment","timeElapsed":144,"timestamp":"2026-09-23T13:16:56.576Z"}
{"level":"info","message":"⌛ Validating EXAMEN-Wollok/example.wlk","timeElapsed":319,"timestamp":"2026-09-23T13:16:56.990Z"}
{"level":"info","message":"⌛ Validating EXAMEN-Wollok/example.wlk","timeElapsed":171,"timestamp":"2026-09-23T13:16:57.531Z"}
{"level":"info","message":"⌛ Building environment","timeElapsed":111,"timestamp":"2026-09-23T13:16:57.643Z"}
{"level":"info","message":"⌛ Building environment","timeElapsed":107,"timestamp":"2026-09-23T13:16:57.750Z"}
{"level":"info","message":"⌛ Validating EXAMEN-Wollok/example.wlk","timeElapsed":188,"timestamp":"2026-09-23T13:16:57.938Z"}
{"level":"info","message":"⌛ Validating EXAMEN-Wollok/example.wlk","timeElapsed":140,"timestamp":"2026-09-23T13:16:58.079Z"}
{"level":"info","message":"⌛ Validating EXAMEN-Wollok/example.wlk","timeElapsed":154,"timestamp":"2026-09-23T13:16:58.354Z"}
{"level":"info","message":"⌛ Building environment","timeElapsed":111,"timestamp":"2026-09-23T13:16:58.557Z"}
{"level":"info","message":"⌛ Validating EXAMEN-Wollok/example.wlk","timeElapsed":145,"timestamp":"2026-09-23T13:16:58.715Z"}
{"level":"info","message":"⌛ Building environment","timeElapsed":135,"timestamp":"2026-09-23T13:17:00.577Z"}
{"level":"info","message":"⌛ Validating EXAMEN-Wollok/example.wlk","timeElapsed":165,"timestamp":"2026-09-23T13:17:00.750Z"}
{"level":"info","message":"⌛ Building environment","timeElapsed":102,"timestamp":"2026-09-23T13:17:00.853Z"}
{"level":"info","message":"⌛ Validating EXAMEN-Wollok/example.wlk","timeElapsed":217,"timestamp":"2026-09-23T13:17:01.169Z"}
{"level":"info","message":"⌛ Validating EXAMEN-Wollok/example.wlk","timeElapsed":171,"timestamp":"2026-09-23T13:17:01.340Z"}
{"level":"info","message":"⌛ Building environment","timeElapsed":146,"timestamp":"2026-09-23T13:17:01.486Z"}
{"level":"info","message":"⌛ Validating EXAMEN-Wollok/example.wlk","timeElapsed":168,"timestamp":"2026-09-23T13:17:01.854Z"}
{"level":"info","message":"⌛ Validating EXAMEN-Wollok/example.wlk","timeElapsed":139,"timestamp":"2026-09-23T13:17:01.995Z"}
{"level":"info","message":"⌛ Validating EXAMEN-Wollok/example.wlk","timeElapsed":165,"timestamp":"2026-09-23T13:17:02.169Z"}
{"level":"info","message":"⌛ Building environment","timeElapsed":115,"timestamp":"2026-09-23T13:17:02.393Z"}
{"level":"info","message":"⌛ Validating EXAMEN-Wollok/example.wlk","timeElapsed":185,"timestamp":"2026-09-23T13:17:02.579Z"}
{"level":"info","message":"⌛ Building environment","timeElapsed":106,"timestamp":"2026-09-23T13:17:02.686Z"}
{"level":"info","message":"⌛ Building environment","timeElapsed":104,"timestamp":"2026-09-23T13:17:02.790Z"}
{"level":"info","message":"⌛ Validating EXAMEN-Wollok/example.wlk","timeElapsed":249,"timestamp":"2026-09-23T13:17:03.051Z"}
{"level":"info","message":"⌛ Building environment","timeElapsed":126,"timestamp":"2026-09-23T13:17:03.186Z"}
{"level":"info","message":"⌛ Validating EXAMEN-Wollok/example.wlk","timeElapsed":180,"timestamp":"2026-09-23T13:17:03.366Z"}
{"level":"info","message":"⌛ Validating EXAMEN-Wollok/example.wlk","timeElapsed":187,"timestamp":"2026-09-23T13:17:03.562Z"}
{"level":"info","message":"⌛ Building environment","timeElapsed":120,"timestamp":"2026-09-23T13:17:03.682Z"}
{"level":"info","message":"⌛ Validating EXAMEN-Wollok/example.wlk","timeElapsed":138,"timestamp":"2026-09-23T13:17:03.925Z"}
{"level":"info","message":"⌛ Validating EXAMEN-Wollok/example.wlk","timeElapsed":157,"timestamp":"2026-09-23T13:17:04.088Z"}
{"level":"info","message":"⌛ Validating EXAMEN-Wollok/example.wlk","timeElapsed":151,"timestamp":"2026-09-23T13:17:04.240Z"}
{"level":"info","message":"⌛ Building environment","timeElapsed":132,"timestamp":"2026-09-23T13:17:40.392Z"}
{"level":"info","message":"⌛ Validating EXAMEN-Wollok/example.wlk","timeElapsed":160,"timestamp":"2026-09-23T13:17:40.555Z"}
{"level":"info","message":"⌛ Building environment","timeElapsed":103,"timestamp":"2026-09-23T13:17:40.925Z"}
{"level":"info","message":"⌛ Validating EXAMEN-Wollok/example.wlk","timeElapsed":139,"timestamp":"2026-09-23T13:17:41.078Z"}
{"level":"info","message":"⌛ Building environment","timeElapsed":126,"timestamp":"2026-09-23T13:17:41.702Z"}
{"level":"info","message":"⌛ Validating EXAMEN-Wollok/example.wlk","timeElapsed":139,"timestamp":"2026-09-23T13:17:41.848Z"}
{"level":"info","message":"⌛ Building environment","timeElapsed":131,"timestamp":"2026-09-23T13:17:45.220Z"}
{"level":"info","message":"⌛ Validating EXAMEN-Wollok/example.wlk","timeElapsed":143,"timestamp":"2026-09-23T13:17:45.371Z"}
{"level":"info","message":"⌛ Building environment","timeElapsed":230,"timestamp":"2026-09-23T13:17:45.819Z"}
{"level":"info","message":"⌛ Validating EXAMEN-Wollok/example.wlk","timeElapsed":151,"timestamp":"2026-09-23T13:17:46.087Z"}
{"level":"info","message":"⌛ Validating EXAMEN-Wollok/example.wlk","timeElapsed":198,"timestamp":"2026-09-23T13:17:46.286Z"}
{"level":"info","message":"⌛ Building environment","timeElapsed":140,"timestamp":"2026-09-23T13:17:47.110Z"}
{"level":"info","message":"⌛ Validating EXAMEN-Wollok/example.wlk","timeElapsed":172,"timestamp":"2026-09-23T13:17:47.288Z"}
{"level":"info","message":"⌛ Validating EXAMEN-Wollok/example.wlk","timeElapsed":169,"timestamp":"2026-09-23T13:17:47.559Z"}
{"level":"info","message":"⌛ Validating EXAMEN-Wollok/example.wlk","timeElapsed":176,"timestamp":"2026-09-23T13:17:47.836Z"}
{"level":"info","message":"⌛ Validating EXAMEN-Wollok/example.wlk","timeElapsed":177,"timestamp":"2026-09-23T13:17:48.208Z"}
{"level":"info","message":"⌛ Validating EXAMEN-Wollok/example.wlk","timeElapsed":144,"timestamp":"2026-09-23T13:17:48.354Z"}
{"level":"info","message":"⌛ Validating EXAMEN-Wollok/example.wlk","timeElapsed":162,"timestamp":"2026-09-23T13:17:48.725Z"}
{"level":"info","message":"⌛ Building environment","timeElapsed":145,"timestamp":"2026-09-23T13:17:48.871Z"}
{"level":"info","message":"⌛ Validating EXAMEN-Wollok/example.wlk","timeElapsed":148,"timestamp":"2026-09-23T13:17:49.019Z"}
{"level":"info","message":"⌛ Building environment","timeElapsed":108,"timestamp":"2026-09-23T13:17:49.195Z"}
{"level":"info","message":"⌛ Building environment","timeElapsed":103,"timestamp":"2026-09-23T13:17:49.298Z"}
{"level":"info","message":"⌛ Validating EXAMEN-Wollok/example.wlk","timeElapsed":203,"timestamp":"2026-09-23T13:17:49.500Z"}
{"level":"info","message":"⌛ Validating EXAMEN-Wollok/example.wlk","timeElapsed":146,"timestamp":"2026-09-23T13:17:49.751Z"}
{"level":"info","message":"⌛ Validating EXAMEN-Wollok/example.wlk","timeElapsed":139,"timestamp":"2026-09-23T13:17:49.895Z"}
{"level":"info","message":"⌛ Building environment","timeElapsed":103,"timestamp":"2026-09-23T13:17:49.998Z"}
{"level":"info","message":"⌛ Validating EXAMEN-Wollok/example.wlk","timeElapsed":147,"timestamp":"2026-09-23T13:17:50.241Z"}
{"level":"info","message":"⌛ Validating EXAMEN-Wollok/example.wlk","timeElapsed":149,"timestamp":"2026-09-23T13:17:50.397Z"}
{"level":"info","message":"⌛ Validating EXAMEN-Wollok/example.wlk","timeElapsed":183,"timestamp":"2026-09-23T13:17:50.580Z"}
{"level":"info","message":"⌛ Building environment","timeElapsed":174,"timestamp":"2026-09-23T13:17:52.995Z"}
{"level":"info","message":"⌛ Validating EXAMEN-Wollok/example.wlk","timeElapsed":157,"timestamp":"2026-09-23T13:17:53.161Z"}
{"level":"info","message":"⌛ Validating EXAMEN-Wollok/example.wlk","timeElapsed":140,"timestamp":"2026-09-23T13:17:53.401Z"}
{"level":"info","message":"⌛ Building environment","timeElapsed":110,"timestamp":"2026-09-23T13:17:53.681Z"}
{"level":"info","message":"⌛ Building environment","timeElapsed":176,"timestamp":"2026-09-23T13:17:53.860Z"}
{"level":"info","message":"⌛ Validating EXAMEN-Wollok/example.wlk","timeElapsed":205,"timestamp":"2026-09-23T13:17:54.076Z"}
{"level":"info","message":"⌛ Building environment","timeElapsed":134,"timestamp":"2026-09-23T13:17:54.210Z"}
{"level":"info","message":"⌛ Validating EXAMEN-Wollok/example.wlk","timeElapsed":169,"timestamp":"2026-09-23T13:17:54.380Z"}
{"level":"info","message":"⌛ Validating EXAMEN-Wollok/example.wlk","timeElapsed":190,"timestamp":"2026-09-23T13:17:54.667Z"}
{"level":"info","message":"⌛ Validating EXAMEN-Wollok/example.wlk","timeElapsed":247,"timestamp":"2026-09-23T13:17:55.019Z"}
{"level":"info","message":"⌛ Building environment","timeElapsed":129,"timestamp":"2026-09-23T13:17:55.150Z"}
{"level":"info","message":"⌛ Building environment","timeElapsed":118,"timestamp":"2026-09-23T13:17:55.269Z"}
{"level":"info","message":"⌛ Validating EXAMEN-Wollok/example.wlk","timeElapsed":155,"timestamp":"2026-09-23T13:17:55.436Z"}
{"level":"info","message":"⌛ Validating EXAMEN-Wollok/example.wlk","timeElapsed":140,"timestamp":"2026-09-23T13:17:55.663Z"}
{"level":"info","message":"⌛ Validating EXAMEN-Wollok/example.wlk","timeElapsed":137,"timestamp":"2026-09-23T13:17:55.800Z"}
{"level":"info","message":"⌛ Validating EXAMEN-Wollok/example.wlk","timeElapsed":142,"timestamp":"2026-09-23T13:17:55.946Z"}
{"level":"info","message":"⌛ Building environment","timeElapsed":106,"timestamp":"2026-09-23T13:17:56.053Z"}
{"level":"info","message":"⌛ Validating EXAMEN-Wollok/example.wlk","timeElapsed":139,"timestamp":"2026-09-23T13:17:56.199Z"}
{"level":"info","message":"⌛ Building environment","timeElapsed":134,"timestamp":"2026-09-23T13:17:57.433Z"}
{"level":"info","message":"⌛ Validating EXAMEN-Wollok/example.wlk","timeElapsed":179,"timestamp":"2026-09-23T13:17:57.616Z"}
{"level":"info","message":"⌛ Building environment","timeElapsed":156,"timestamp":"2026-09-23T13:17:57.781Z"}
{"level":"info","message":"⌛ Validating EXAMEN-Wollok/example.wlk","timeElapsed":231,"timestamp":"2026-09-23T13:17:58.023Z"}
{"level":"info","message":"⌛ Validating EXAMEN-Wollok/example.wlk","timeElapsed":171,"timestamp":"2026-09-23T13:17:58.314Z"}
{"level":"info","message":"⌛ Building environment","timeElapsed":117,"timestamp":"2026-09-23T13:17:58.439Z"}
{"level":"info","message":"⌛ Validating EXAMEN-Wollok/example.wlk","timeElapsed":144,"timestamp":"2026-09-23T13:17:58.587Z"}
{"level":"info","message":"⌛ Building environment","timeElapsed":113,"timestamp":"2026-09-23T13:17:59.613Z"}
{"level":"info","message":"⌛ Validating EXAMEN-Wollok/example.wlk","timeElapsed":147,"timestamp":"2026-09-23T13:17:59.765Z"}
{"level":"info","message":"⌛ Building environment","timeElapsed":146,"timestamp":"2026-09-23T13:18:01.188Z"}
{"level":"info","message":"⌛ Validating EXAMEN-Wollok/example.wlk","timeElapsed":167,"timestamp":"2026-09-23T13:18:01.360Z"}
{"level":"info","message":"⌛ Building environment","timeElapsed":110,"timestamp":"2026-09-23T13:18:01.651Z"}
{"level":"info","message":"⌛ Building environment","timeElapsed":157,"timestamp":"2026-09-23T13:18:01.809Z"}
{"level":"info","message":"⌛ Building environment","timeElapsed":171,"timestamp":"2026-09-23T13:18:01.991Z"}
{"level":"info","message":"⌛ Validating EXAMEN-Wollok/example.wlk","timeElapsed":228,"timestamp":"2026-09-23T13:18:02.244Z"}
{"level":"info","message":"⌛ Building environment","timeElapsed":187,"timestamp":"2026-09-23T13:18:02.433Z"}
{"level":"info","message":"⌛ Validating EXAMEN-Wollok/example.wlk","timeElapsed":159,"timestamp":"2026-09-23T13:18:02.774Z"}
{"level":"info","message":"⌛ Building environment","timeElapsed":135,"timestamp":"2026-09-23T13:18:03.011Z"}
{"level":"info","message":"⌛ Building environment","timeElapsed":165,"timestamp":"2026-09-23T13:18:03.176Z"}
{"level":"info","message":"⌛ Building environment","timeElapsed":127,"timestamp":"2026-09-23T13:18:03.335Z"}
{"level":"info","message":"⌛ Validating EXAMEN-Wollok/example.wlk","timeElapsed":158,"timestamp":"2026-09-23T13:18:03.494Z"}
{"level":"info","message":"⌛ Validating EXAMEN-Wollok/example.wlk","timeElapsed":142,"timestamp":"2026-09-23T13:18:03.922Z"}
{"level":"info","message":"⌛ Validating EXAMEN-Wollok/example.wlk","timeElapsed":181,"timestamp":"2026-09-23T13:18:04.106Z"}
{"level":"info","message":"⌛ Validating EXAMEN-Wollok/example.wlk","timeElapsed":202,"timestamp":"2026-09-23T13:18:04.308Z"}
{"level":"info","message":"⌛ Validating EXAMEN-Wollok/example.wlk","timeElapsed":160,"timestamp":"2026-09-23T13:18:04.469Z"}
{"level":"info","message":"⌛ Validating EXAMEN-Wollok/example.wlk","timeElapsed":134,"timestamp":"2026-09-23T13:18:04.604Z"}
{"level":"info","message":"⌛ Validating EXAMEN-Wollok/example.wlk","timeElapsed":194,"timestamp":"2026-09-23T13:18:04.804Z"}
{"level":"info","message":"⌛ Validating EXAMEN-Wollok/example.wlk","timeElapsed":134,"timestamp":"2026-09-23T13:18:04.938Z"}
{"level":"info","message":"⌛ Validating EXAMEN-Wollok/example.wlk","timeElapsed":138,"timestamp":"2026-09-23T13:18:05.075Z"}
{"level":"info","message":"⌛ Validating EXAMEN-Wollok/example.wlk","timeElapsed":144,"timestamp":"2026-09-23T13:18:05.219Z"}
{"level":"info","message":"⌛ Validating EXAMEN-Wollok/example.wlk","timeElapsed":131,"timestamp":"2026-09-23T13:18:05.353Z"}
{"level":"info","message":"⌛ Building environment","timeElapsed":121,"timestamp":"2026-09-23T13:18:05.474Z"}
{"level":"info","message":"⌛ Validating EXAMEN-Wollok/example.wlk","timeElapsed":144,"timestamp":"2026-09-23T13:18:05.626Z"}
{"level":"info","message":"⌛ Building environment","timeElapsed":101,"timestamp":"2026-09-23T13:18:06.755Z"}
{"level":"info","message":"⌛ Validating EXAMEN-Wollok/example.wlk","timeElapsed":151,"timestamp":"2026-09-23T13:18:06.911Z"}
{"level":"info","message":"⌛ Validating EXAMEN-Wollok/example.wlk","timeElapsed":160,"timestamp":"2026-09-23T13:18:07.268Z"}
{"level":"info","message":"⌛ Validating EXAMEN-Wollok/example.wlk","timeElapsed":171,"timestamp":"2026-09-23T13:18:07.529Z"}
{"level":"info","message":"⌛ Building environment","timeElapsed":132,"timestamp":"2026-09-23T13:18:07.667Z"}
{"level":"info","message":"⌛ Validating EXAMEN-Wollok/example.wlk","timeElapsed":154,"timestamp":"2026-09-23T13:18:07.821Z"}
{"level":"info","message":"⌛ Building environment","timeElapsed":101,"timestamp":"2026-09-23T13:18:07.923Z"}
{"level":"info","message":"⌛ Validating EXAMEN-Wollok/example.wlk","timeElapsed":136,"timestamp":"2026-09-23T13:18:08.072Z"}
{"level":"info","message":"⌛ Validating EXAMEN-Wollok/example.wlk","timeElapsed":136,"timestamp":"2026-09-23T13:18:08.212Z"}
{"level":"info","message":"⌛ Building environment","timeElapsed":112,"timestamp":"2026-09-23T13:18:08.620Z"}
{"level":"info","message":"⌛ Validating EXAMEN-Wollok/example.wlk","timeElapsed":135,"timestamp":"2026-09-23T13:18:08.762Z"}
{"level":"info","message":"⌛ Validating EXAMEN-Wollok/example.wlk","timeElapsed":143,"timestamp":"2026-09-23T13:18:09.081Z"}
{"level":"info","message":"⌛ Building environment","timeElapsed":142,"timestamp":"2026-09-23T13:18:09.324Z"}
{"level":"info","message":"⌛ Validating EXAMEN-Wollok/example.wlk","timeElapsed":177,"timestamp":"2026-09-23T13:18:09.513Z"}
{"level":"info","message":"⌛ Building environment","timeElapsed":103,"timestamp":"2026-09-23T13:18:09.619Z"}
{"level":"info","message":"⌛ Validating EXAMEN-Wollok/example.wlk","timeElapsed":165,"timestamp":"2026-09-23T13:18:09.787Z"}
{"level":"info","message":"⌛ Validating EXAMEN-Wollok/example.wlk","timeElapsed":174,"timestamp":"2026-09-23T13:18:10.056Z"}
{"level":"info","message":"⌛ Validating EXAMEN-Wollok/example.wlk","timeElapsed":140,"timestamp":"2026-09-23T13:18:10.299Z"}
{"level":"info","message":"⌛ Validating EXAMEN-Wollok/example.wlk","timeElapsed":142,"timestamp":"2026-09-23T13:18:10.687Z"}
{"level":"info","message":"⌛ Building environment","timeElapsed":105,"timestamp":"2026-09-23T13:18:10.932Z"}
{"level":"info","message":"⌛ Validating EXAMEN-Wollok/example.wlk","timeElapsed":170,"timestamp":"2026-09-23T13:18:11.105Z"}
{"level":"info","message":"⌛ Building environment","timeElapsed":119,"timestamp":"2026-09-23T13:18:11.328Z"}
{"level":"info","message":"⌛ Validating EXAMEN-Wollok/example.wlk","timeElapsed":154,"timestamp":"2026-09-23T13:18:11.482Z"}
{"level":"info","message":"⌛ Building environment","timeElapsed":135,"timestamp":"2026-09-23T13:18:11.617Z"}
{"level":"info","message":"⌛ Validating EXAMEN-Wollok/example.wlk","timeElapsed":157,"timestamp":"2026-09-23T13:18:11.781Z"}
{"level":"info","message":"⌛ Building environment","timeElapsed":135,"timestamp":"2026-09-23T13:18:11.983Z"}
{"level":"info","message":"⌛ Validating EXAMEN-Wollok/example.wlk","timeElapsed":174,"timestamp":"2026-09-23T13:18:12.158Z"}
{"level":"info","message":"⌛ Building environment","timeElapsed":106,"timestamp":"2026-09-23T13:18:12.265Z"}
{"level":"info","message":"⌛ Building environment","timeElapsed":114,"timestamp":"2026-09-23T13:18:12.387Z"}
{"level":"info","message":"⌛ Validating EXAMEN-Wollok/example.wlk","timeElapsed":146,"timestamp":"2026-09-23T13:18:12.533Z"}
{"level":"info","message":"⌛ Building environment","timeElapsed":102,"timestamp":"2026-09-23T13:18:12.641Z"}
{"level":"info","message":"⌛ Validating EXAMEN-Wollok/example.wlk","timeElapsed":164,"timestamp":"2026-09-23T13:18:12.813Z"}
{"level":"info","message":"⌛ Validating EXAMEN-Wollok/example.wlk","timeElapsed":184,"timestamp":"2026-09-23T13:18:13.082Z"}
{"level":"info","message":"⌛ Building environment","timeElapsed":111,"timestamp":"2026-09-23T13:18:13.202Z"}
{"level":"info","message":"⌛ Validating EXAMEN-Wollok/example.wlk","timeElapsed":167,"timestamp":"2026-09-23T13:18:13.370Z"}
{"level":"info","message":"⌛ Building environment","timeElapsed":103,"timestamp":"2026-09-23T13:18:13.474Z"}
{"level":"info","message":"⌛ Validating EXAMEN-Wollok/example.wlk","timeElapsed":158,"timestamp":"2026-09-23T13:18:13.638Z"}
{"level":"info","message":"⌛ Building environment","timeElapsed":198,"timestamp":"2026-09-23T13:18:13.837Z"}
{"level":"info","message":"⌛ Building environment","timeElapsed":164,"timestamp":"2026-09-23T13:18:14.013Z"}
{"level":"info","message":"⌛ Validating EXAMEN-Wollok/example.wlk","timeElapsed":219,"timestamp":"2026-09-23T13:18:14.248Z"}
{"level":"info","message":"⌛ Building environment","timeElapsed":202,"timestamp":"2026-09-23T13:18:14.512Z"}
{"level":"info","message":"⌛ Validating EXAMEN-Wollok/example.wlk","timeElapsed":206,"timestamp":"2026-09-23T13:18:14.825Z"}
{"level":"info","message":"⌛ Building environment","timeElapsed":116,"timestamp":"2026-09-23T13:18:15.037Z"}
{"level":"info","message":"⌛ Validating EXAMEN-Wollok/example.wlk","timeElapsed":172,"timestamp":"2026-09-23T13:18:15.208Z"}
{"level":"info","message":"⌛ Building environment","timeElapsed":117,"timestamp":"2026-09-23T13:18:15.428Z"}
{"level":"info","message":"⌛ Validating EXAMEN-Wollok/example.wlk","timeElapsed":165,"timestamp":"2026-09-23T13:18:15.612Z"}
{"level":"info","message":"⌛ Building environment","timeElapsed":101,"timestamp":"2026-09-23T13:18:15.897Z"}
{"level":"info","message":"⌛ Validating EXAMEN-Wollok/example.wlk","timeElapsed":175,"timestamp":"2026-09-23T13:18:16.160Z"}
{"level":"info","message":"⌛ Validating EXAMEN-Wollok/example.wlk","timeElapsed":146,"timestamp":"2026-09-23T13:18:16.315Z"}
{"level":"info","message":"⌛ Validating EXAMEN-Wollok/example.wlk","timeElapsed":203,"timestamp":"2026-09-23T13:18:16.709Z"}
{"level":"info","message":"⌛ Building environment","timeElapsed":204,"timestamp":"2026-09-23T13:18:16.915Z"}
{"level":"info","message":"⌛ Validating EXAMEN-Wollok/example.wlk","timeElapsed":185,"timestamp":"2026-09-23T13:18:17.101Z"}
{"level":"info","message":"⌛ Building environment","timeElapsed":174,"timestamp":"2026-09-23T13:18:17.282Z"}
{"level":"info","message":"⌛ Validating EXAMEN-Wollok/example.wlk","timeElapsed":191,"timestamp":"2026-09-23T13:18:17.561Z"}
{"level":"info","message":"⌛ Validating EXAMEN-Wollok/example.wlk","timeElapsed":141,"timestamp":"2026-09-23T13:18:17.704Z"}
{"level":"info","message":"⌛ Validating EXAMEN-Wollok/example.wlk","timeElapsed":152,"timestamp":"2026-09-23T13:18:17.949Z"}
{"level":"info","message":"⌛ Validating EXAMEN-Wollok/example.wlk","timeElapsed":157,"timestamp":"2026-09-23T13:18:18.107Z"}
{"level":"info","message":"⌛ Validating EXAMEN-Wollok/example.wlk","timeElapsed":186,"timestamp":"2026-09-23T13:18:18.397Z"}
{"level":"info","message":"⌛ Validating EXAMEN-Wollok/example.wlk","timeElapsed":139,"timestamp":"2026-09-23T13:18:18.544Z"}
{"level":"info","message":"⌛ Validating EXAMEN-Wollok/example.wlk","timeElapsed":162,"timestamp":"2026-09-23T13:18:18.895Z"}
{"level":"info","message":"⌛ Validating EXAMEN-Wollok/example.wlk","timeElapsed":140,"timestamp":"2026-09-23T13:18:19.034Z"}
{"level":"info","message":"⌛ Building environment","timeElapsed":101,"timestamp":"2026-09-23T13:18:19.136Z"}
{"level":"info","message":"⌛ Validating EXAMEN-Wollok/example.wlk","timeElapsed":144,"timestamp":"2026-09-23T13:18:19.472Z"}
{"level":"info","message":"⌛ Validating EXAMEN-Wollok/example.wlk","timeElapsed":177,"timestamp":"2026-09-23T13:18:19.917Z"}
{"level":"info","message":"⌛ Validating EXAMEN-Wollok/example.wlk","timeElapsed":141,"timestamp":"2026-09-23T13:18:20.065Z"}
{"level":"info","message":"⌛ Building environment","timeElapsed":217,"timestamp":"2026-09-23T13:18:20.283Z"}
{"level":"info","message":"⌛ Validating EXAMEN-Wollok/example.wlk","timeElapsed":169,"timestamp":"2026-09-23T13:18:20.545Z"}
{"level":"info","message":"⌛ Building environment","timeElapsed":231,"timestamp":"2026-09-23T13:18:20.838Z"}
{"level":"info","message":"⌛ Validating EXAMEN-Wollok/example.wlk","timeElapsed":194,"timestamp":"2026-09-23T13:18:21.139Z"}
{"level":"info","message":"⌛ Validating EXAMEN-Wollok/example.wlk","timeElapsed":153,"timestamp":"2026-09-23T13:18:21.395Z"}
{"level":"info","message":"⌛ Validating EXAMEN-Wollok/example.wlk","timeElapsed":152,"timestamp":"2026-09-23T13:18:21.548Z"}
{"level":"info","message":"⌛ Validating EXAMEN-Wollok/example.wlk","timeElapsed":148,"timestamp":"2026-09-23T13:18:21.798Z"}
{"level":"info","message":"⌛ Validating EXAMEN-Wollok/example.wlk","timeElapsed":144,"timestamp":"2026-09-23T13:18:21.942Z"}
{"level":"info","message":"⌛ Validating EXAMEN-Wollok/example.wlk","timeElapsed":165,"timestamp":"2026-09-23T13:18:22.113Z"}
{"level":"info","message":"⌛ Validating EXAMEN-Wollok/example.wlk","timeElapsed":178,"timestamp":"2026-09-23T13:18:22.292Z"}
{"level":"info","message":"⌛ Validating EXAMEN-Wollok/example.wlk","timeElapsed":157,"timestamp":"2026-09-23T13:18:22.449Z"}
{"level":"info","message":"⌛ Validating EXAMEN-Wollok/example.wlk","timeElapsed":165,"timestamp":"2026-09-23T13:18:22.708Z"}
{"level":"info","message":"⌛ Validating EXAMEN-Wollok/example.wlk","timeElapsed":143,"timestamp":"2026-09-23T13:18:22.857Z"}
{"level":"info","message":"⌛ Validating EXAMEN-Wollok/example.wlk","timeElapsed":163,"timestamp":"2026-09-23T13:18:23.023Z"}
{"level":"info","message":"⌛ Validating EXAMEN-Wollok/example.wlk","timeElapsed":146,"timestamp":"2026-09-23T13:18:23.282Z"}
{"level":"info","message":"⌛ Validating EXAMEN-Wollok/example.wlk","timeElapsed":135,"timestamp":"2026-09-23T13:18:23.418Z"}
{"level":"info","message":"⌛ Validating EXAMEN-Wollok/example.wlk","timeElapsed":191,"timestamp":"2026-09-23T13:18:23.793Z"}
{"level":"info","message":"⌛ Validating EXAMEN-Wollok/example.wlk","timeElapsed":303,"timestamp":"2026-09-23T13:18:24.106Z"}
{"level":"info","message":"⌛ Building environment","timeElapsed":167,"timestamp":"2026-09-23T13:18:24.273Z"}
{"level":"info","message":"⌛ Validating EXAMEN-Wollok/example.wlk","timeElapsed":159,"timestamp":"2026-09-23T13:18:24.532Z"}
{"level":"info","message":"⌛ Building environment","timeElapsed":109,"timestamp":"2026-09-23T13:18:24.749Z"}
{"level":"info","message":"⌛ Building environment","timeElapsed":122,"timestamp":"2026-09-23T13:18:24.871Z"}
{"level":"info","message":"⌛ Validating EXAMEN-Wollok/example.wlk","timeElapsed":165,"timestamp":"2026-09-23T13:18:25.037Z"}
{"level":"info","message":"⌛ Validating EXAMEN-Wollok/example.wlk","timeElapsed":145,"timestamp":"2026-09-23T13:18:25.302Z"}
{"level":"info","message":"⌛ Validating EXAMEN-Wollok/example.wlk","timeElapsed":143,"timestamp":"2026-09-23T13:18:25.446Z"}
{"level":"info","message":"⌛ Validating EXAMEN-Wollok/example.wlk","timeElapsed":138,"timestamp":"2026-09-23T13:18:25.973Z"}
{"level":"info","message":"⌛ Validating EXAMEN-Wollok/example.wlk","timeElapsed":132,"timestamp":"2026-09-23T13:18:26.106Z"}
{"level":"info","message":"⌛ Building environment","timeElapsed":243,"timestamp":"2026-09-23T13:18:26.462Z"}
{"level":"info","message":"⌛ Validating EXAMEN-Wollok/example.wlk","timeElapsed":149,"timestamp":"2026-09-23T13:18:26.611Z"}
{"level":"info","message":"⌛ Validating EXAMEN-Wollok/example.wlk","timeElapsed":133,"timestamp":"2026-09-23T13:18:26.743Z"}
{"level":"info","message":"⌛ Building environment","timeElapsed":133,"timestamp":"2026-09-23T13:18:26.888Z"}
{"level":"info","message":"⌛ Validating EXAMEN-Wollok/example.wlk","timeElapsed":200,"timestamp":"2026-09-23T13:18:27.088Z"}
{"level":"info","message":"⌛ Building environment","timeElapsed":114,"timestamp":"2026-09-23T13:18:27.203Z"}
{"level":"info","message":"⌛ Validating EXAMEN-Wollok/example.wlk","timeElapsed":179,"timestamp":"2026-09-23T13:18:27.382Z"}
{"level":"info","message":"⌛ Validating EXAMEN-Wollok/example.wlk","timeElapsed":134,"timestamp":"2026-09-23T13:18:27.522Z"}
{"level":"info","message":"⌛ Validating EXAMEN-Wollok/example.wlk","timeElapsed":146,"timestamp":"2026-09-23T13:18:27.667Z"}
{"level":"info","message":"⌛ Validating EXAMEN-Wollok/example.wlk","timeElapsed":208,"timestamp":"2026-09-23T13:18:27.915Z"}
{"level":"info","message":"⌛ Validating EXAMEN-Wollok/example.wlk","timeElapsed":149,"timestamp":"2026-09-23T13:18:28.064Z"}
{"level":"info","message":"⌛ Validating EXAMEN-Wollok/example.wlk","timeElapsed":135,"timestamp":"2026-09-23T13:18:28.200Z"}
{"level":"info","message":"⌛ Validating EXAMEN-Wollok/example.wlk","timeElapsed":138,"timestamp":"2026-09-23T13:18:28.340Z"}
{"level":"info","message":"⌛ Validating EXAMEN-Wollok/example.wlk","timeElapsed":132,"timestamp":"2026-09-23T13:18:28.473Z"}
{"level":"info","message":"⌛ Building environment","timeElapsed":124,"timestamp":"2026-09-23T13:18:28.600Z"}
{"level":"info","message":"⌛ Validating EXAMEN-Wollok/example.wlk","timeElapsed":155,"timestamp":"2026-09-23T13:18:28.754Z"}
{"level":"info","message":"⌛ Building environment","timeElapsed":102,"timestamp":"2026-09-23T13:18:28.857Z"}
{"level":"info","message":"⌛ Building environment","timeElapsed":119,"timestamp":"2026-09-23T13:18:28.983Z"}
{"level":"info","message":"⌛ Validating EXAMEN-Wollok/example.wlk","timeElapsed":148,"timestamp":"2026-09-23T13:18:29.136Z"}
{"level":"info","message":"⌛ Validating EXAMEN-Wollok/example.wlk","timeElapsed":134,"timestamp":"2026-09-23T13:18:29.373Z"}
{"level":"info","message":"⌛ Validating EXAMEN-Wollok/example.wlk","timeElapsed":140,"timestamp":"2026-09-23T13:18:29.607Z"}
{"level":"info","message":"⌛ Validating EXAMEN-Wollok/example.wlk","timeElapsed":147,"timestamp":"2026-09-23T13:18:29.761Z"}
{"level":"info","message":"⌛ Validating EXAMEN-Wollok/example.wlk","timeElapsed":151,"timestamp":"2026-09-23T13:18:29.913Z"}
{"level":"info","message":"⌛ Building environment","timeElapsed":113,"timestamp":"2026-09-23T13:18:30.026Z"}
{"level":"info","message":"⌛ Building environment","timeElapsed":123,"timestamp":"2026-09-23T13:18:30.150Z"}
{"level":"info","message":"⌛ Building environment","timeElapsed":151,"timestamp":"2026-09-23T13:18:30.302Z"}
{"level":"info","message":"⌛ Validating EXAMEN-Wollok/example.wlk","timeElapsed":162,"timestamp":"2026-09-23T13:18:30.464Z"}
{"level":"info","message":"⌛ Validating EXAMEN-Wollok/example.wlk","timeElapsed":135,"timestamp":"2026-09-23T13:18:30.600Z"}
{"level":"info","message":"⌛ Validating EXAMEN-Wollok/example.wlk","timeElapsed":133,"timestamp":"2026-09-23T13:18:30.827Z"}
{"level":"info","message":"⌛ Building environment","timeElapsed":160,"timestamp":"2026-09-23T13:18:30.989Z"}
{"level":"info","message":"⌛ Validating EXAMEN-Wollok/example.wlk","timeElapsed":155,"timestamp":"2026-09-23T13:18:31.144Z"}
{"level":"info","message":"⌛ Validating EXAMEN-Wollok/example.wlk","timeElapsed":154,"timestamp":"2026-09-23T13:18:31.303Z"}
{"level":"info","message":"⌛ Building environment","timeElapsed":122,"timestamp":"2026-09-23T13:18:32.431Z"}
{"level":"info","message":"⌛ Validating EXAMEN-Wollok/example.wlk","timeElapsed":168,"timestamp":"2026-09-23T13:18:32.621Z"}
{"level":"info","message":"⌛ Building environment","timeElapsed":135,"timestamp":"2026-09-23T13:18:34.008Z"}
{"level":"info","message":"⌛ Validating EXAMEN-Wollok/example.wlk","timeElapsed":202,"timestamp":"2026-09-23T13:18:34.214Z"}
{"level":"info","message":"⌛ Building environment","timeElapsed":115,"timestamp":"2026-09-23T13:18:34.330Z"}
{"level":"info","message":"⌛ Validating EXAMEN-Wollok/example.wlk","timeElapsed":166,"timestamp":"2026-09-23T13:18:34.580Z"}
{"level":"info","message":"⌛ Validating EXAMEN-Wollok/example.wlk","timeElapsed":179,"timestamp":"2026-09-23T13:18:34.761Z"}
{"level":"info","message":"⌛ Building environment","timeElapsed":111,"timestamp":"2026-09-23T13:18:34.878Z"}
{"level":"info","message":"⌛ Building environment","timeElapsed":124,"timestamp":"2026-09-23T13:18:35.003Z"}
{"level":"info","message":"⌛ Validating EXAMEN-Wollok/example.wlk","timeElapsed":162,"timestamp":"2026-09-23T13:18:35.271Z"}
{"level":"info","message":"⌛ Building environment","timeElapsed":147,"timestamp":"2026-09-23T13:18:35.418Z"}
{"level":"info","message":"⌛ Validating EXAMEN-Wollok/example.wlk","timeElapsed":175,"timestamp":"2026-09-23T13:18:35.593Z"}
{"level":"info","message":"⌛ Building environment","timeElapsed":122,"timestamp":"2026-09-23T13:18:35.786Z"}
{"level":"info","message":"⌛ Validating EXAMEN-Wollok/example.wlk","timeElapsed":174,"timestamp":"2026-09-23T13:18:35.960Z"}
{"level":"info","message":"⌛ Validating EXAMEN-Wollok/example.wlk","timeElapsed":154,"timestamp":"2026-09-23T13:18:36.209Z"}
{"level":"info","message":"⌛ Validating EXAMEN-Wollok/example.wlk","timeElapsed":152,"timestamp":"2026-09-23T13:18:36.563Z"}
{"level":"info","message":"⌛ Validating EXAMEN-Wollok/example.wlk","timeElapsed":138,"timestamp":"2026-09-23T13:18:36.791Z"}
{"level":"info","message":"⌛ Validating EXAMEN-Wollok/example.wlk","timeElapsed":184,"timestamp":"2026-09-23T13:18:36.976Z"}
{"level":"info","message":"⌛ Validating EXAMEN-Wollok/example.wlk","timeElapsed":146,"timestamp":"2026-09-23T13:18:37.122Z"}
{"level":"info","message":"⌛ Validating EXAMEN-Wollok/example.wlk","timeElapsed":135,"timestamp":"2026-09-23T13:18:37.260Z"}
{"level":"info","message":"⌛ Building environment","timeElapsed":154,"timestamp":"2026-09-23T13:18:38.450Z"}
{"level":"info","message":"⌛ Validating EXAMEN-Wollok/example.wlk","timeElapsed":165,"timestamp":"2026-09-23T13:18:38.734Z"}
{"level":"info","message":"⌛ Building environment","timeElapsed":165,"timestamp":"2026-09-23T13:19:10.157Z"}
{"level":"info","message":"⌛ Validating EXAMEN-Wollok/example.wlk","timeElapsed":174,"timestamp":"2026-09-23T13:19:10.339Z"}
{"level":"info","message":"⌛ Validating EXAMEN-Wollok/example.wlk","timeElapsed":137,"timestamp":"2026-09-23T13:19:10.569Z"}
{"level":"info","message":"⌛ Building environment","timeElapsed":136,"timestamp":"2026-09-23T13:19:12.709Z"}
{"level":"info","message":"⌛ Validating EXAMEN-Wollok/example.wlk","timeElapsed":202,"timestamp":"2026-09-23T13:19:12.914Z"}
{"level":"error","message":"✘ Failed to rebuild document Failed to parse EXAMEN-Wollok/example.wlk: \n-- PARSING FAILED --------------------------------------------------\n\n  12 |     enfermedades.contains(unaEnfermedad)\n  13 |   }\n> 14 | }\n     | ^\n  15 | \n  16 | object logan {\n\nExpected one of the following: \n\n'@', 'class', 'const', 'describe', 'mixin', 'object', 'only', 'package', 'program', 'test', 'var', '{', EOF, comment, not \"}\n\n\", whitespace\n","stack":"Error: Failed to parse EXAMEN-Wollok/example.wlk: \n-- PARSING FAILED --------------------------------------------------\n\n  12 |     enfermedades.contains(unaEnfermedad)\n  13 |   }\n> 14 | }\n     | ^\n  15 | \n  16 | object logan {\n\nExpected one of the following: \n\n'@', 'class', 'const', 'describe', 'mixin', 'object', 'only', 'package', 'program', 'test', 'var', '{', EOF, comment, not \"}\n\n\", whitespace\n\n    at /home/tiaguinni/.vscode/extensions/uqbar.wollok-lsp-ide-0.5.5/out/server/src/server.js:2385:13026\n    at Array.map (<anonymous>)\n    at z1n (/home/tiaguinni/.vscode/extensions/uqbar.wollok-lsp-ide-0.5.5/out/server/src/server.js:2385:12950)\n    at H2.buildEnvironmentFrom (/home/tiaguinni/.vscode/extensions/uqbar.wollok-lsp-ide-0.5.5/out/server/src/server.js:2430:5254)\n    at H2.updateEnvironmentWith (/home/tiaguinni/.vscode/extensions/uqbar.wollok-lsp-ide-0.5.5/out/server/src/server.js:2430:4989)\n    at QF (/home/tiaguinni/.vscode/extensions/uqbar.wollok-lsp-ide-0.5.5/out/server/src/server.js:2430:7383)\n    at V3.invoke (/home/tiaguinni/.vscode/extensions/uqbar.wollok-lsp-ide-0.5.5/out/server/src/server.js:3:157330)\n    at o.fire (/home/tiaguinni/.vscode/extensions/uqbar.wollok-lsp-ide-0.5.5/out/server/src/server.js:3:158100)\n    at /home/tiaguinni/.vscode/extensions/uqbar.wollok-lsp-ide-0.5.5/out/server/src/server.js:37:57871\n    at nd (/home/tiaguinni/.vscode/extensions/uqbar.wollok-lsp-ide-0.5.5/out/server/src/server.js:8:1561)","timestamp":"2026-09-23T13:19:12.925Z"}
{"level":"error","message":"✘ Failed to rebuild document Failed to parse EXAMEN-Wollok/example.wlk: \n-- PARSING FAILED --------------------------------------------------\n\n  12 |     enfermedades.contains(unaEnfermedad)\n  13 |   }\n> 14 | }\n     | ^\n  15 | \n  16 | object logan {\n\nExpected one of the following: \n\n'@', 'class', 'const', 'describe', 'mixin', 'object', 'only', 'package', 'program', 'test', 'var', '{', EOF, comment, not \"}\n\n\", whitespace\n","stack":"Error: Failed to parse EXAMEN-Wollok/example.wlk: \n-- PARSING FAILED --------------------------------------------------\n\n  12 |     enfermedades.contains(unaEnfermedad)\n  13 |   }\n> 14 | }\n     | ^\n  15 | \n  16 | object logan {\n\nExpected one of the following: \n\n'@', 'class', 'const', 'describe', 'mixin', 'object', 'only', 'package', 'program', 'test', 'var', '{', EOF, comment, not \"}\n\n\", whitespace\n\n    at /home/tiaguinni/.vscode/extensions/uqbar.wollok-lsp-ide-0.5.5/out/server/src/server.js:2385:13026\n    at Array.map (<anonymous>)\n    at z1n (/home/tiaguinni/.vscode/extensions/uqbar.wollok-lsp-ide-0.5.5/out/server/src/server.js:2385:12950)\n    at H2.buildEnvironmentFrom (/home/tiaguinni/.vscode/extensions/uqbar.wollok-lsp-ide-0.5.5/out/server/src/server.js:2430:5254)\n    at H2.updateEnvironmentWith (/home/tiaguinni/.vscode/extensions/uqbar.wollok-lsp-ide-0.5.5/out/server/src/server.js:2430:4989)\n    at QF (/home/tiaguinni/.vscode/extensions/uqbar.wollok-lsp-ide-0.5.5/out/server/src/server.js:2430:7383)\n    at V3.invoke (/home/tiaguinni/.vscode/extensions/uqbar.wollok-lsp-ide-0.5.5/out/server/src/server.js:3:157330)\n    at o.fire (/home/tiaguinni/.vscode/extensions/uqbar.wollok-lsp-ide-0.5.5/out/server/src/server.js:3:158100)\n    at /home/tiaguinni/.vscode/extensions/uqbar.wollok-lsp-ide-0.5.5/out/server/src/server.js:37:57871\n    at nd (/home/tiaguinni/.vscode/extensions/uqbar.wollok-lsp-ide-0.5.5/out/server/src/server.js:8:1561)","timestamp":"2026-09-23T13:19:13.972Z"}
{"level":"info","message":"⌛ Building environment","timeElapsed":134,"timestamp":"2026-09-23T13:19:15.426Z"}
{"level":"info","message":"⌛ Validating EXAMEN-Wollok/example.wlk","timeElapsed":144,"timestamp":"2026-09-23T13:19:15.580Z"}
{"level":"info","message":"⌛ Building environment","timeElapsed":158,"timestamp":"2026-09-23T13:19:18.748Z"}
{"level":"info","message":"⌛ Building environment","timeElapsed":149,"timestamp":"2026-09-23T13:19:18.909Z"}
{"level":"info","message":"⌛ Validating EXAMEN-Wollok/example.wlk","timeElapsed":161,"timestamp":"2026-09-23T13:19:19.070Z"}
{"level":"info","message":"⌛ Validating EXAMEN-Wollok/example.wlk","timeElapsed":145,"timestamp":"2026-09-23T13:19:19.217Z"}
{"level":"info","message":"⌛ Validating EXAMEN-Wollok/example.wlk","timeElapsed":170,"timestamp":"2026-09-23T13:19:19.489Z"}
{"level":"info","message":"⌛ Building environment","timeElapsed":115,"timestamp":"2026-09-23T13:19:24.201Z"}
{"level":"info","message":"⌛ Validating EXAMEN-Wollok/example.wlk","timeElapsed":159,"timestamp":"2026-09-23T13:19:24.365Z"}
{"level":"info","message":"⌛ Building environment","timeElapsed":109,"timestamp":"2026-09-23T13:19:24.475Z"}
{"level":"info","message":"⌛ Validating EXAMEN-Wollok/example.wlk","timeElapsed":164,"timestamp":"2026-09-23T13:19:24.737Z"}
{"level":"info","message":"⌛ Validating EXAMEN-Wollok/example.wlk","timeElapsed":148,"timestamp":"2026-09-23T13:19:24.885Z"}
{"level":"info","message":"⌛ Building environment","timeElapsed":114,"timestamp":"2026-09-23T13:19:25.008Z"}
{"level":"error","message":"✘ Failed to rebuild document Failed to parse EXAMEN-Wollok/example.wlk: \n-- PARSING FAILED --------------------------------------------------\n\n  2 | class\n  3 | \n> 4 | object frank {\n    |        ^\n  5 | \n  6 |   var enfermedades =  #{}\n\nExpected one of the following: \n\n'inherits', '{', whitespace\n","stack":"Error: Failed to parse EXAMEN-Wollok/example.wlk: \n-- PARSING FAILED --------------------------------------------------\n\n  2 | class\n  3 | \n> 4 | object frank {\n    |        ^\n  5 | \n  6 |   var enfermedades =  #{}\n\nExpected one of the following: \n\n'inherits', '{', whitespace\n\n    at /home/tiaguinni/.vscode/extensions/uqbar.wollok-lsp-ide-0.5.5/out/server/src/server.js:2385:13026\n    at Array.map (<anonymous>)\n    at z1n (/home/tiaguinni/.vscode/extensions/uqbar.wollok-lsp-ide-0.5.5/out/server/src/server.js:2385:12950)\n    at H2.buildEnvironmentFrom (/home/tiaguinni/.vscode/extensions/uqbar.wollok-lsp-ide-0.5.5/out/server/src/server.js:2430:5254)\n    at H2.updateEnvironmentWith (/home/tiaguinni/.vscode/extensions/uqbar.wollok-lsp-ide-0.5.5/out/server/src/server.js:2430:4989)\n    at QF (/home/tiaguinni/.vscode/extensions/uqbar.wollok-lsp-ide-0.5.5/out/server/src/server.js:2430:7383)\n    at V3.invoke (/home/tiaguinni/.vscode/extensions/uqbar.wollok-lsp-ide-0.5.5/out/server/src/server.js:3:157330)\n    at o.fire (/home/tiaguinni/.vscode/extensions/uqbar.wollok-lsp-ide-0.5.5/out/server/src/server.js:3:158100)\n    at /home/tiaguinni/.vscode/extensions/uqbar.wollok-lsp-ide-0.5.5/out/server/src/server.js:37:57871\n    at nd (/home/tiaguinni/.vscode/extensions/uqbar.wollok-lsp-ide-0.5.5/out/server/src/server.js:8:1561)","timestamp":"2026-09-23T13:19:25.017Z"}
{"level":"info","message":"⌛ Validating EXAMEN-Wollok/example.wlk","timeElapsed":164,"timestamp":"2026-09-23T13:19:25.180Z"}
{"level":"error","message":"✘ Failed to rebuild document Failed to parse EXAMEN-Wollok/example.wlk: \n-- PARSING FAILED --------------------------------------------------\n\n  2 | class \n  3 | \n> 4 | object frank {\n    |        ^\n  5 | \n  6 |   var enfermedades =  #{}\n\nExpected one of the following: \n\n'inherits', '{', whitespace\n","stack":"Error: Failed to parse EXAMEN-Wollok/example.wlk: \n-- PARSING FAILED --------------------------------------------------\n\n  2 | class \n  3 | \n> 4 | object frank {\n    |        ^\n  5 | \n  6 |   var enfermedades =  #{}\n\nExpected one of the following: \n\n'inherits', '{', whitespace\n\n    at /home/tiaguinni/.vscode/extensions/uqbar.wollok-lsp-ide-0.5.5/out/server/src/server.js:2385:13026\n    at Array.map (<anonymous>)\n    at z1n (/home/tiaguinni/.vscode/extensions/uqbar.wollok-lsp-ide-0.5.5/out/server/src/server.js:2385:12950)\n    at H2.buildEnvironmentFrom (/home/tiaguinni/.vscode/extensions/uqbar.wollok-lsp-ide-0.5.5/out/server/src/server.js:2430:5254)\n    at H2.updateEnvironmentWith (/home/tiaguinni/.vscode/extensions/uqbar.wollok-lsp-ide-0.5.5/out/server/src/server.js:2430:4989)\n    at QF (/home/tiaguinni/.vscode/extensions/uqbar.wollok-lsp-ide-0.5.5/out/server/src/server.js:2430:7383)\n    at V3.invoke (/home/tiaguinni/.vscode/extensions/uqbar.wollok-lsp-ide-0.5.5/out/server/src/server.js:3:157330)\n    at o.fire (/home/tiaguinni/.vscode/extensions/uqbar.wollok-lsp-ide-0.5.5/out/server/src/server.js:3:158100)\n    at /home/tiaguinni/.vscode/extensions/uqbar.wollok-lsp-ide-0.5.5/out/server/src/server.js:37:57871\n    at nd (/home/tiaguinni/.vscode/extensions/uqbar.wollok-lsp-ide-0.5.5/out/server/src/server.js:8:1561)","timestamp":"2026-09-23T13:19:25.678Z"}
{"level":"error","message":"✘ Failed to rebuild document Failed to parse EXAMEN-Wollok/example.wlk: \n-- PARSING FAILED --------------------------------------------------\n\n  2 | class P\n  3 | \n> 4 | object frank {\n    | ^\n  5 | \n  6 |   var enfermedades =  #{}\n\nExpected one of the following: \n\n'inherits', '{', whitespace\n","stack":"Error: Failed to parse EXAMEN-Wollok/example.wlk: \n-- PARSING FAILED --------------------------------------------------\n\n  2 | class P\n  3 | \n> 4 | object frank {\n    | ^\n  5 | \n  6 |   var enfermedades =  #{}\n\nExpected one of the following: \n\n'inherits', '{', whitespace\n\n    at /home/tiaguinni/.vscode/extensions/uqbar.wollok-lsp-ide-0.5.5/out/server/src/server.js:2385:13026\n    at Array.map (<anonymous>)\n    at z1n (/home/tiaguinni/.vscode/extensions/uqbar.wollok-lsp-ide-0.5.5/out/server/src/server.js:2385:12950)\n    at H2.buildEnvironmentFrom (/home/tiaguinni/.vscode/extensions/uqbar.wollok-lsp-ide-0.5.5/out/server/src/server.js:2430:5254)\n    at H2.updateEnvironmentWith (/home/tiaguinni/.vscode/extensions/uqbar.wollok-lsp-ide-0.5.5/out/server/src/server.js:2430:4989)\n    at QF (/home/tiaguinni/.vscode/extensions/uqbar.wollok-lsp-ide-0.5.5/out/server/src/server.js:2430:7383)\n    at V3.invoke (/home/tiaguinni/.vscode/extensions/uqbar.wollok-lsp-ide-0.5.5/out/server/src/server.js:3:157330)\n    at o.fire (/home/tiaguinni/.vscode/extensions/uqbar.wollok-lsp-ide-0.5.5/out/server/src/server.js:3:158100)\n    at /home/tiaguinni/.vscode/extensions/uqbar.wollok-lsp-ide-0.5.5/out/server/src/server.js:37:57871\n    at nd (/home/tiaguinni/.vscode/extensions/uqbar.wollok-lsp-ide-0.5.5/out/server/src/server.js:8:1561)","timestamp":"2026-09-23T13:19:26.076Z"}
{"level":"error","message":"✘ Failed to rebuild document Failed to parse EXAMEN-Wollok/example.wlk: \n-- PARSING FAILED --------------------------------------------------\n\n  2 | class Pe\n  3 | \n> 4 | object frank {\n    | ^\n  5 | \n  6 |   var enfermedades =  #{}\n\nExpected one of the following: \n\n'inherits', '{', whitespace\n","stack":"Error: Failed to parse EXAMEN-Wollok/example.wlk: \n-- PARSING FAILED --------------------------------------------------\n\n  2 | class Pe\n  3 | \n> 4 | object frank {\n    | ^\n  5 | \n  6 |   var enfermedades =  #{}\n\nExpected one of the following: \n\n'inherits', '{', whitespace\n\n    at /home/tiaguinni/.vscode/extensions/uqbar.wollok-lsp-ide-0.5.5/out/server/src/server.js:2385:13026\n    at Array.map (<anonymous>)\n    at z1n (/home/tiaguinni/.vscode/extensions/uqbar.wollok-lsp-ide-0.5.5/out/server/src/server.js:2385:12950)\n    at H2.buildEnvironmentFrom (/home/tiaguinni/.vscode/extensions/uqbar.wollok-lsp-ide-0.5.5/out/server/src/server.js:2430:5254)\n    at H2.updateEnvironmentWith (/home/tiaguinni/.vscode/extensions/uqbar.wollok-lsp-ide-0.5.5/out/server/src/server.js:2430:4989)\n    at QF (/home/tiaguinni/.vscode/extensions/uqbar.wollok-lsp-ide-0.5.5/out/server/src/server.js:2430:7383)\n    at V3.invoke (/home/tiaguinni/.vscode/extensions/uqbar.wollok-lsp-ide-0.5.5/out/server/src/server.js:3:157330)\n    at o.fire (/home/tiaguinni/.vscode/extensions/uqbar.wollok-lsp-ide-0.5.5/out/server/src/server.js:3:158100)\n    at /home/tiaguinni/.vscode/extensions/uqbar.wollok-lsp-ide-0.5.5/out/server/src/server.js:37:57871\n    at nd (/home/tiaguinni/.vscode/extensions/uqbar.wollok-lsp-ide-0.5.5/out/server/src/server.js:8:1561)","timestamp":"2026-09-23T13:19:26.215Z"}
{"level":"error","message":"✘ Failed to rebuild document Failed to parse EXAMEN-Wollok/example.wlk: \n-- PARSING FAILED --------------------------------------------------\n\n  2 | class Per\n  3 | \n> 4 | object frank {\n    | ^\n  5 | \n  6 |   var enfermedades =  #{}\n\nExpected one of the following: \n\n'inherits', '{', whitespace\n","stack":"Error: Failed to parse EXAMEN-Wollok/example.wlk: \n-- PARSING FAILED --------------------------------------------------\n\n  2 | class Per\n  3 | \n> 4 | object frank {\n    | ^\n  5 | \n  6 |   var enfermedades =  #{}\n\nExpected one of the following: \n\n'inherits', '{', whitespace\n\n    at /home/tiaguinni/.vscode/extensions/uqbar.wollok-lsp-ide-0.5.5/out/server/src/server.js:2385:13026\n    at Array.map (<anonymous>)\n    at z1n (/home/tiaguinni/.vscode/extensions/uqbar.wollok-lsp-ide-0.5.5/out/server/src/server.js:2385:12950)\n    at H2.buildEnvironmentFrom (/home/tiaguinni/.vscode/extensions/uqbar.wollok-lsp-ide-0.5.5/out/server/src/server.js:2430:5254)\n    at H2.updateEnvironmentWith (/home/tiaguinni/.vscode/extensions/uqbar.wollok-lsp-ide-0.5.5/out/server/src/server.js:2430:4989)\n    at QF (/home/tiaguinni/.vscode/extensions/uqbar.wollok-lsp-ide-0.5.5/out/server/src/server.js:2430:7383)\n    at V3.invoke (/home/tiaguinni/.vscode/extensions/uqbar.wollok-lsp-ide-0.5.5/out/server/src/server.js:3:157330)\n    at o.fire (/home/tiaguinni/.vscode/extensions/uqbar.wollok-lsp-ide-0.5.5/out/server/src/server.js:3:158100)\n    at /home/tiaguinni/.vscode/extensions/uqbar.wollok-lsp-ide-0.5.5/out/server/src/server.js:37:57871\n    at nd (/home/tiaguinni/.vscode/extensions/uqbar.wollok-lsp-ide-0.5.5/out/server/src/server.js:8:1561)","timestamp":"2026-09-23T13:19:26.398Z"}
{"level":"error","message":"✘ Failed to rebuild document Failed to parse EXAMEN-Wollok/example.wlk: \n-- PARSING FAILED --------------------------------------------------\n\n  2 | class Pers\n  3 | \n> 4 | object frank {\n    | ^\n  5 | \n  6 |   var enfermedades =  #{}\n\nExpected one of the following: \n\n'inherits', '{', whitespace\n","stack":"Error: Failed to parse EXAMEN-Wollok/example.wlk: \n-- PARSING FAILED --------------------------------------------------\n\n  2 | class Pers\n  3 | \n> 4 | object frank {\n    | ^\n  5 | \n  6 |   var enfermedades =  #{}\n\nExpected one of the following: \n\n'inherits', '{', whitespace\n\n    at /home/tiaguinni/.vscode/extensions/uqbar.wollok-lsp-ide-0.5.5/out/server/src/server.js:2385:13026\n    at Array.map (<anonymous>)\n    at z1n (/home/tiaguinni/.vscode/extensions/uqbar.wollok-lsp-ide-0.5.5/out/server/src/server.js:2385:12950)\n    at H2.buildEnvironmentFrom (/home/tiaguinni/.vscode/extensions/uqbar.wollok-lsp-ide-0.5.5/out/server/src/server.js:2430:5254)\n    at H2.updateEnvironmentWith (/home/tiaguinni/.vscode/extensions/uqbar.wollok-lsp-ide-0.5.5/out/server/src/server.js:2430:4989)\n    at QF (/home/tiaguinni/.vscode/extensions/uqbar.wollok-lsp-ide-0.5.5/out/server/src/server.js:2430:7383)\n    at V3.invoke (/home/tiaguinni/.vscode/extensions/uqbar.wollok-lsp-ide-0.5.5/out/server/src/server.js:3:157330)\n    at o.fire (/home/tiaguinni/.vscode/extensions/uqbar.wollok-lsp-ide-0.5.5/out/server/src/server.js:3:158100)\n    at /home/tiaguinni/.vscode/extensions/uqbar.wollok-lsp-ide-0.5.5/out/server/src/server.js:37:57871\n    at nd (/home/tiaguinni/.vscode/extensions/uqbar.wollok-lsp-ide-0.5.5/out/server/src/server.js:8:1561)","timestamp":"2026-09-23T13:19:26.643Z"}
{"level":"error","message":"✘ Failed to rebuild document Failed to parse EXAMEN-Wollok/example.wlk: \n-- PARSING FAILED --------------------------------------------------\n\n  2 | class Perso\n  3 | \n> 4 | object frank {\n    | ^\n  5 | \n  6 |   var enfermedades =  #{}\n\nExpected one of the following: \n\n'inherits', '{', whitespace\n","stack":"Error: Failed to parse EXAMEN-Wollok/example.wlk: \n-- PARSING FAILED --------------------------------------------------\n\n  2 | class Perso\n  3 | \n> 4 | object frank {\n    | ^\n  5 | \n  6 |   var enfermedades =  #{}\n\nExpected one of the following: \n\n'inherits', '{', whitespace\n\n    at /home/tiaguinni/.vscode/extensions/uqbar.wollok-lsp-ide-0.5.5/out/server/src/server.js:2385:13026\n    at Array.map (<anonymous>)\n    at z1n (/home/tiaguinni/.vscode/extensions/uqbar.wollok-lsp-ide-0.5.5/out/server/src/server.js:2385:12950)\n    at H2.buildEnvironmentFrom (/home/tiaguinni/.vscode/extensions/uqbar.wollok-lsp-ide-0.5.5/out/server/src/server.js:2430:5254)\n    at H2.updateEnvironmentWith (/home/tiaguinni/.vscode/extensions/uqbar.wollok-lsp-ide-0.5.5/out/server/src/server.js:2430:4989)\n    at QF (/home/tiaguinni/.vscode/extensions/uqbar.wollok-lsp-ide-0.5.5/out/server/src/server.js:2430:7383)\n    at V3.invoke (/home/tiaguinni/.vscode/extensions/uqbar.wollok-lsp-ide-0.5.5/out/server/src/server.js:3:157330)\n    at o.fire (/home/tiaguinni/.vscode/extensions/uqbar.wollok-lsp-ide-0.5.5/out/server/src/server.js:3:158100)\n    at /home/tiaguinni/.vscode/extensions/uqbar.wollok-lsp-ide-0.5.5/out/server/src/server.js:37:57871\n    at nd (/home/tiaguinni/.vscode/extensions/uqbar.wollok-lsp-ide-0.5.5/out/server/src/server.js:8:1561)","timestamp":"2026-09-23T13:19:26.846Z"}
{"level":"error","message":"✘ Failed to rebuild document Failed to parse EXAMEN-Wollok/example.wlk: \n-- PARSING FAILED --------------------------------------------------\n\n  2 | class Person\n  3 | \n> 4 | object frank {\n    | ^\n  5 | \n  6 |   var enfermedades =  #{}\n\nExpected one of the following: \n\n'inherits', '{', whitespace\n","stack":"Error: Failed to parse EXAMEN-Wollok/example.wlk: \n-- PARSING FAILED --------------------------------------------------\n\n  2 | class Person\n  3 | \n> 4 | object frank {\n    | ^\n  5 | \n  6 |   var enfermedades =  #{}\n\nExpected one of the following: \n\n'inherits', '{', whitespace\n\n    at /home/tiaguinni/.vscode/extensions/uqbar.wollok-lsp-ide-0.5.5/out/server/src/server.js:2385:13026\n    at Array.map (<anonymous>)\n    at z1n (/home/tiaguinni/.vscode/extensions/uqbar.wollok-lsp-ide-0.5.5/out/server/src/server.js:2385:12950)\n    at H2.buildEnvironmentFrom (/home/tiaguinni/.vscode/extensions/uqbar.wollok-lsp-ide-0.5.5/out/server/src/server.js:2430:5254)\n    at H2.updateEnvironmentWith (/home/tiaguinni/.vscode/extensions/uqbar.wollok-lsp-ide-0.5.5/out/server/src/server.js:2430:4989)\n    at QF (/home/tiaguinni/.vscode/extensions/uqbar.wollok-lsp-ide-0.5.5/out/server/src/server.js:2430:7383)\n    at V3.invoke (/home/tiaguinni/.vscode/extensions/uqbar.wollok-lsp-ide-0.5.5/out/server/src/server.js:3:157330)\n    at o.fire (/home/tiaguinni/.vscode/extensions/uqbar.wollok-lsp-ide-0.5.5/out/server/src/server.js:3:158100)\n    at /home/tiaguinni/.vscode/extensions/uqbar.wollok-lsp-ide-0.5.5/out/server/src/server.js:37:57871\n    at nd (/home/tiaguinni/.vscode/extensions/uqbar.wollok-lsp-ide-0.5.5/out/server/src/server.js:8:1561)","timestamp":"2026-09-23T13:19:27.082Z"}
{"level":"error","message":"✘ Failed to rebuild document Failed to parse EXAMEN-Wollok/example.wlk: \n-- PARSING FAILED --------------------------------------------------\n\n  2 | class Persona\n  3 | \n> 4 | object frank {\n    | ^\n  5 | \n  6 |   var enfermedades =  #{}\n\nExpected one of the following: \n\n'inherits', '{', whitespace\n","stack":"Error: Failed to parse EXAMEN-Wollok/example.wlk: \n-- PARSING FAILED --------------------------------------------------\n\n  2 | class Persona\n  3 | \n> 4 | object frank {\n    | ^\n  5 | \n  6 |   var enfermedades =  #{}\n\nExpected one of the following: \n\n'inherits', '{', whitespace\n\n    at /home/tiaguinni/.vscode/extensions/uqbar.wollok-lsp-ide-0.5.5/out/server/src/server.js:2385:13026\n    at Array.map (<anonymous>)\n    at z1n (/home/tiaguinni/.vscode/extensions/uqbar.wollok-lsp-ide-0.5.5/out/server/src/server.js:2385:12950)\n    at H2.buildEnvironmentFrom (/home/tiaguinni/.vscode/extensions/uqbar.wollok-lsp-ide-0.5.5/out/server/src/server.js:2430:5254)\n    at H2.updateEnvironmentWith (/home/tiaguinni/.vscode/extensions/uqbar.wollok-lsp-ide-0.5.5/out/server/src/server.js:2430:4989)\n    at QF (/home/tiaguinni/.vscode/extensions/uqbar.wollok-lsp-ide-0.5.5/out/server/src/server.js:2430:7383)\n    at V3.invoke (/home/tiaguinni/.vscode/extensions/uqbar.wollok-lsp-ide-0.5.5/out/server/src/server.js:3:157330)\n    at o.fire (/home/tiaguinni/.vscode/extensions/uqbar.wollok-lsp-ide-0.5.5/out/server/src/server.js:3:158100)\n    at /home/tiaguinni/.vscode/extensions/uqbar.wollok-lsp-ide-0.5.5/out/server/src/server.js:37:57871\n    at nd (/home/tiaguinni/.vscode/extensions/uqbar.wollok-lsp-ide-0.5.5/out/server/src/server.js:8:1561)","timestamp":"2026-09-23T13:19:27.221Z"}
{"level":"info","message":"⌛ Building environment","timeElapsed":148,"timestamp":"2026-09-23T13:19:28.204Z"}
{"level":"info","message":"⌛ Validating EXAMEN-Wollok/example.wlk","timeElapsed":152,"timestamp":"2026-09-23T13:19:28.366Z"}
{"level":"info","message":"⌛ Building environment","timeElapsed":150,"timestamp":"2026-09-23T13:19:28.713Z"}
{"level":"info","message":"⌛ Validating EXAMEN-Wollok/example.wlk","timeElapsed":155,"timestamp":"2026-09-23T13:19:28.911Z"}
{"level":"info","message":"⌛ Building environment","timeElapsed":149,"timestamp":"2026-09-23T13:19:36.866Z"}
{"level":"info","message":"⌛ Validating EXAMEN-Wollok/example.wlk","timeElapsed":142,"timestamp":"2026-09-23T13:19:37.010Z"}
{"level":"info","message":"⌛ Building environment","timeElapsed":147,"timestamp":"2026-09-23T13:19:54.283Z"}
{"level":"info","message":"⌛ Validating EXAMEN-Wollok/example.wlk","timeElapsed":197,"timestamp":"2026-09-23T13:19:54.484Z"}
{"level":"info","message":"⌛ Building environment","timeElapsed":137,"timestamp":"2026-09-23T13:19:55.016Z"}
{"level":"info","message":"⌛ Validating EXAMEN-Wollok/example.wlk","timeElapsed":146,"timestamp":"2026-09-23T13:19:55.166Z"}
{"level":"info","message":"⌛ Building environment","timeElapsed":164,"timestamp":"2026-09-23T13:20:17.490Z"}
{"level":"info","message":"⌛ Validating EXAMEN-Wollok/example.wlk","timeElapsed":155,"timestamp":"2026-09-23T13:20:17.720Z"}
{"level":"info","message":"⌛ Building environment","timeElapsed":117,"timestamp":"2026-09-23T13:20:18.555Z"}
{"level":"info","message":"⌛ Validating EXAMEN-Wollok/example.wlk","timeElapsed":147,"timestamp":"2026-09-23T13:20:18.708Z"}
{"level":"info","message":"⌛ Building environment","timeElapsed":138,"timestamp":"2026-09-23T13:20:21.320Z"}
{"level":"info","message":"⌛ Validating EXAMEN-Wollok/example.wlk","timeElapsed":144,"timestamp":"2026-09-23T13:20:21.468Z"}
{"level":"info","message":"⌛ Building environment","timeElapsed":139,"timestamp":"2026-09-23T13:20:39.663Z"}
{"level":"info","message":"⌛ Validating EXAMEN-Wollok/example.wlk","timeElapsed":150,"timestamp":"2026-09-23T13:20:39.817Z"}
{"level":"info","message":"⌛ Building environment","timeElapsed":123,"timestamp":"2026-09-23T13:20:43.279Z"}
{"level":"info","message":"⌛ Validating EXAMEN-Wollok/example.wlk","timeElapsed":173,"timestamp":"2026-09-23T13:20:43.455Z"}
{"level":"info","message":"⌛ Validating EXAMEN-Wollok/example.wlk","timeElapsed":147,"timestamp":"2026-09-23T13:20:43.697Z"}
{"level":"error","message":"✘ Failed to rebuild document Failed to parse EXAMEN-Wollok/example.wlk: \n-- PARSING FAILED --------------------------------------------------\n\n  20 | \n  21 | object frank \n> 22 | }\n     | ^\n  23 | \n  24 | object logan {\n\nExpected one of the following: \n\n'@', 'class', 'const', 'describe', 'inherits', 'mixin', 'object', 'only', 'package', 'program', 'test', 'var', '{', EOF, comment, not \"}\n\n\", whitespace\n","stack":"Error: Failed to parse EXAMEN-Wollok/example.wlk: \n-- PARSING FAILED --------------------------------------------------\n\n  20 | \n  21 | object frank \n> 22 | }\n     | ^\n  23 | \n  24 | object logan {\n\nExpected one of the following: \n\n'@', 'class', 'const', 'describe', 'inherits', 'mixin', 'object', 'only', 'package', 'program', 'test', 'var', '{', EOF, comment, not \"}\n\n\", whitespace\n\n    at /home/tiaguinni/.vscode/extensions/uqbar.wollok-lsp-ide-0.5.5/out/server/src/server.js:2385:13026\n    at Array.map (<anonymous>)\n    at z1n (/home/tiaguinni/.vscode/extensions/uqbar.wollok-lsp-ide-0.5.5/out/server/src/server.js:2385:12950)\n    at H2.buildEnvironmentFrom (/home/tiaguinni/.vscode/extensions/uqbar.wollok-lsp-ide-0.5.5/out/server/src/server.js:2430:5254)\n    at H2.updateEnvironmentWith (/home/tiaguinni/.vscode/extensions/uqbar.wollok-lsp-ide-0.5.5/out/server/src/server.js:2430:4989)\n    at QF (/home/tiaguinni/.vscode/extensions/uqbar.wollok-lsp-ide-0.5.5/out/server/src/server.js:2430:7383)\n    at V3.invoke (/home/tiaguinni/.vscode/extensions/uqbar.wollok-lsp-ide-0.5.5/out/server/src/server.js:3:157330)\n    at o.fire (/home/tiaguinni/.vscode/extensions/uqbar.wollok-lsp-ide-0.5.5/out/server/src/server.js:3:158100)\n    at /home/tiaguinni/.vscode/extensions/uqbar.wollok-lsp-ide-0.5.5/out/server/src/server.js:37:57871\n    at nd (/home/tiaguinni/.vscode/extensions/uqbar.wollok-lsp-ide-0.5.5/out/server/src/server.js:8:1561)","timestamp":"2026-09-23T13:20:43.832Z"}
{"level":"error","message":"✘ Failed to rebuild document Failed to parse EXAMEN-Wollok/example.wlk: \n-- PARSING FAILED --------------------------------------------------\n\n  20 | \n  21 | object frank\n> 22 | }\n     | ^\n  23 | \n  24 | object logan {\n\nExpected one of the following: \n\n'@', 'class', 'const', 'describe', 'inherits', 'mixin', 'object', 'only', 'package', 'program', 'test', 'var', '{', EOF, comment, not \"}\n\n\", whitespace\n","stack":"Error: Failed to parse EXAMEN-Wollok/example.wlk: \n-- PARSING FAILED --------------------------------------------------\n\n  20 | \n  21 | object frank\n> 22 | }\n     | ^\n  23 | \n  24 | object logan {\n\nExpected one of the following: \n\n'@', 'class', 'const', 'describe', 'inherits', 'mixin', 'object', 'only', 'package', 'program', 'test', 'var', '{', EOF, comment, not \"}\n\n\", whitespace\n\n    at /home/tiaguinni/.vscode/extensions/uqbar.wollok-lsp-ide-0.5.5/out/server/src/server.js:2385:13026\n    at Array.map (<anonymous>)\n    at z1n (/home/tiaguinni/.vscode/extensions/uqbar.wollok-lsp-ide-0.5.5/out/server/src/server.js:2385:12950)\n    at H2.buildEnvironmentFrom (/home/tiaguinni/.vscode/extensions/uqbar.wollok-lsp-ide-0.5.5/out/server/src/server.js:2430:5254)\n    at H2.updateEnvironmentWith (/home/tiaguinni/.vscode/extensions/uqbar.wollok-lsp-ide-0.5.5/out/server/src/server.js:2430:4989)\n    at QF (/home/tiaguinni/.vscode/extensions/uqbar.wollok-lsp-ide-0.5.5/out/server/src/server.js:2430:7383)\n    at V3.invoke (/home/tiaguinni/.vscode/extensions/uqbar.wollok-lsp-ide-0.5.5/out/server/src/server.js:3:157330)\n    at o.fire (/home/tiaguinni/.vscode/extensions/uqbar.wollok-lsp-ide-0.5.5/out/server/src/server.js:3:158100)\n    at /home/tiaguinni/.vscode/extensions/uqbar.wollok-lsp-ide-0.5.5/out/server/src/server.js:37:57871\n    at nd (/home/tiaguinni/.vscode/extensions/uqbar.wollok-lsp-ide-0.5.5/out/server/src/server.js:8:1561)","timestamp":"2026-09-23T13:20:43.992Z"}
{"level":"error","message":"✘ Failed to rebuild document Failed to parse EXAMEN-Wollok/example.wlk: \n-- PARSING FAILED --------------------------------------------------\n\n  20 | \n  21 | object fran\n> 22 | }\n     | ^\n  23 | \n  24 | object logan {\n\nExpected one of the following: \n\n'@', 'class', 'const', 'describe', 'inherits', 'mixin', 'object', 'only', 'package', 'program', 'test', 'var', '{', EOF, comment, not \"}\n\n\", whitespace\n","stack":"Error: Failed to parse EXAMEN-Wollok/example.wlk: \n-- PARSING FAILED --------------------------------------------------\n\n  20 | \n  21 | object fran\n> 22 | }\n     | ^\n  23 | \n  24 | object logan {\n\nExpected one of the following: \n\n'@', 'class', 'const', 'describe', 'inherits', 'mixin', 'object', 'only', 'package', 'program', 'test', 'var', '{', EOF, comment, not \"}\n\n\", whitespace\n\n    at /home/tiaguinni/.vscode/extensions/uqbar.wollok-lsp-ide-0.5.5/out/server/src/server.js:2385:13026\n    at Array.map (<anonymous>)\n    at z1n (/home/tiaguinni/.vscode/extensions/uqbar.wollok-lsp-ide-0.5.5/out/server/src/server.js:2385:12950)\n    at H2.buildEnvironmentFrom (/home/tiaguinni/.vscode/extensions/uqbar.wollok-lsp-ide-0.5.5/out/server/src/server.js:2430:5254)\n    at H2.updateEnvironmentWith (/home/tiaguinni/.vscode/extensions/uqbar.wollok-lsp-ide-0.5.5/out/server/src/server.js:2430:4989)\n    at QF (/home/tiaguinni/.vscode/extensions/uqbar.wollok-lsp-ide-0.5.5/out/server/src/server.js:2430:7383)\n    at V3.invoke (/home/tiaguinni/.vscode/extensions/uqbar.wollok-lsp-ide-0.5.5/out/server/src/server.js:3:157330)\n    at o.fire (/home/tiaguinni/.vscode/extensions/uqbar.wollok-lsp-ide-0.5.5/out/server/src/server.js:3:158100)\n    at /home/tiaguinni/.vscode/extensions/uqbar.wollok-lsp-ide-0.5.5/out/server/src/server.js:37:57871\n    at nd (/home/tiaguinni/.vscode/extensions/uqbar.wollok-lsp-ide-0.5.5/out/server/src/server.js:8:1561)","timestamp":"2026-09-23T13:20:44.145Z"}
{"level":"error","message":"✘ Failed to rebuild document Failed to parse EXAMEN-Wollok/example.wlk: \n-- PARSING FAILED --------------------------------------------------\n\n  20 | \n  21 | object fra\n> 22 | }\n     | ^\n  23 | \n  24 | object logan {\n\nExpected one of the following: \n\n'@', 'class', 'const', 'describe', 'inherits', 'mixin', 'object', 'only', 'package', 'program', 'test', 'var', '{', EOF, comment, not \"}\n\n\", whitespace\n","stack":"Error: Failed to parse EXAMEN-Wollok/example.wlk: \n-- PARSING FAILED --------------------------------------------------\n\n  20 | \n  21 | object fra\n> 22 | }\n     | ^\n  23 | \n  24 | object logan {\n\nExpected one of the following: \n\n'@', 'class', 'const', 'describe', 'inherits', 'mixin', 'object', 'only', 'package', 'program', 'test', 'var', '{', EOF, comment, not \"}\n\n\", whitespace\n\n    at /home/tiaguinni/.vscode/extensions/uqbar.wollok-lsp-ide-0.5.5/out/server/src/server.js:2385:13026\n    at Array.map (<anonymous>)\n    at z1n (/home/tiaguinni/.vscode/extensions/uqbar.wollok-lsp-ide-0.5.5/out/server/src/server.js:2385:12950)\n    at H2.buildEnvironmentFrom (/home/tiaguinni/.vscode/extensions/uqbar.wollok-lsp-ide-0.5.5/out/server/src/server.js:2430:5254)\n    at H2.updateEnvironmentWith (/home/tiaguinni/.vscode/extensions/uqbar.wollok-lsp-ide-0.5.5/out/server/src/server.js:2430:4989)\n    at QF (/home/tiaguinni/.vscode/extensions/uqbar.wollok-lsp-ide-0.5.5/out/server/src/server.js:2430:7383)\n    at V3.invoke (/home/tiaguinni/.vscode/extensions/uqbar.wollok-lsp-ide-0.5.5/out/server/src/server.js:3:157330)\n    at o.fire (/home/tiaguinni/.vscode/extensions/uqbar.wollok-lsp-ide-0.5.5/out/server/src/server.js:3:158100)\n    at /home/tiaguinni/.vscode/extensions/uqbar.wollok-lsp-ide-0.5.5/out/server/src/server.js:37:57871\n    at nd (/home/tiaguinni/.vscode/extensions/uqbar.wollok-lsp-ide-0.5.5/out/server/src/server.js:8:1561)","timestamp":"2026-09-23T13:20:44.297Z"}
{"level":"error","message":"✘ Failed to rebuild document Failed to parse EXAMEN-Wollok/example.wlk: \n-- PARSING FAILED --------------------------------------------------\n\n  20 | \n  21 | object fr\n> 22 | }\n     | ^\n  23 | \n  24 | object logan {\n\nExpected one of the following: \n\n'@', 'class', 'const', 'describe', 'inherits', 'mixin', 'object', 'only', 'package', 'program', 'test', 'var', '{', EOF, comment, not \"}\n\n\", whitespace\n","stack":"Error: Failed to parse EXAMEN-Wollok/example.wlk: \n-- PARSING FAILED --------------------------------------------------\n\n  20 | \n  21 | object fr\n> 22 | }\n     | ^\n  23 | \n  24 | object logan {\n\nExpected one of the following: \n\n'@', 'class', 'const', 'describe', 'inherits', 'mixin', 'object', 'only', 'package', 'program', 'test', 'var', '{', EOF, comment, not \"}\n\n\", whitespace\n\n    at /home/tiaguinni/.vscode/extensions/uqbar.wollok-lsp-ide-0.5.5/out/server/src/server.js:2385:13026\n    at Array.map (<anonymous>)\n    at z1n (/home/tiaguinni/.vscode/extensions/uqbar.wollok-lsp-ide-0.5.5/out/server/src/server.js:2385:12950)\n    at H2.buildEnvironmentFrom (/home/tiaguinni/.vscode/extensions/uqbar.wollok-lsp-ide-0.5.5/out/server/src/server.js:2430:5254)\n    at H2.updateEnvironmentWith (/home/tiaguinni/.vscode/extensions/uqbar.wollok-lsp-ide-0.5.5/out/server/src/server.js:2430:4989)\n    at QF (/home/tiaguinni/.vscode/extensions/uqbar.wollok-lsp-ide-0.5.5/out/server/src/server.js:2430:7383)\n    at V3.invoke (/home/tiaguinni/.vscode/extensions/uqbar.wollok-lsp-ide-0.5.5/out/server/src/server.js:3:157330)\n    at o.fire (/home/tiaguinni/.vscode/extensions/uqbar.wollok-lsp-ide-0.5.5/out/server/src/server.js:3:158100)\n    at /home/tiaguinni/.vscode/extensions/uqbar.wollok-lsp-ide-0.5.5/out/server/src/server.js:37:57871\n    at nd (/home/tiaguinni/.vscode/extensions/uqbar.wollok-lsp-ide-0.5.5/out/server/src/server.js:8:1561)","timestamp":"2026-09-23T13:20:44.800Z"}
{"level":"error","message":"✘ Failed to rebuild document Failed to parse EXAMEN-Wollok/example.wlk: \n-- PARSING FAILED --------------------------------------------------\n\n  20 | \n  21 | object f\n> 22 | }\n     | ^\n  23 | \n  24 | object logan {\n\nExpected one of the following: \n\n'@', 'class', 'const', 'describe', 'inherits', 'mixin', 'object', 'only', 'package', 'program', 'test', 'var', '{', EOF, comment, not \"}\n\n\", whitespace\n","stack":"Error: Failed to parse EXAMEN-Wollok/example.wlk: \n-- PARSING FAILED --------------------------------------------------\n\n  20 | \n  21 | object f\n> 22 | }\n     | ^\n  23 | \n  24 | object logan {\n\nExpected one of the following: \n\n'@', 'class', 'const', 'describe', 'inherits', 'mixin', 'object', 'only', 'package', 'program', 'test', 'var', '{', EOF, comment, not \"}\n\n\", whitespace\n\n    at /home/tiaguinni/.vscode/extensions/uqbar.wollok-lsp-ide-0.5.5/out/server/src/server.js:2385:13026\n    at Array.map (<anonymous>)\n    at z1n (/home/tiaguinni/.vscode/extensions/uqbar.wollok-lsp-ide-0.5.5/out/server/src/server.js:2385:12950)\n    at H2.buildEnvironmentFrom (/home/tiaguinni/.vscode/extensions/uqbar.wollok-lsp-ide-0.5.5/out/server/src/server.js:2430:5254)\n    at H2.updateEnvironmentWith (/home/tiaguinni/.vscode/extensions/uqbar.wollok-lsp-ide-0.5.5/out/server/src/server.js:2430:4989)\n    at QF (/home/tiaguinni/.vscode/extensions/uqbar.wollok-lsp-ide-0.5.5/out/server/src/server.js:2430:7383)\n    at V3.invoke (/home/tiaguinni/.vscode/extensions/uqbar.wollok-lsp-ide-0.5.5/out/server/src/server.js:3:157330)\n    at o.fire (/home/tiaguinni/.vscode/extensions/uqbar.wollok-lsp-ide-0.5.5/out/server/src/server.js:3:158100)\n    at /home/tiaguinni/.vscode/extensions/uqbar.wollok-lsp-ide-0.5.5/out/server/src/server.js:37:57871\n    at nd (/home/tiaguinni/.vscode/extensions/uqbar.wollok-lsp-ide-0.5.5/out/server/src/server.js:8:1561)","timestamp":"2026-09-23T13:20:44.890Z"}
{"level":"error","message":"✘ Failed to rebuild document Failed to parse EXAMEN-Wollok/example.wlk: \n-- PARSING FAILED --------------------------------------------------\n\n  20 | \n  21 | object \n> 22 | }\n     | ^\n  23 | \n  24 | object logan {\n\nExpected one of the following: \n\n'@', 'class', 'const', 'describe', 'inherits', 'mixin', 'object', 'only', 'package', 'program', 'test', 'var', '{', EOF, comment, identifier, not \"}\n\n\", whitespace\n","stack":"Error: Failed to parse EXAMEN-Wollok/example.wlk: \n-- PARSING FAILED --------------------------------------------------\n\n  20 | \n  21 | object \n> 22 | }\n     | ^\n  23 | \n  24 | object logan {\n\nExpected one of the following: \n\n'@', 'class', 'const', 'describe', 'inherits', 'mixin', 'object', 'only', 'package', 'program', 'test', 'var', '{', EOF, comment, identifier, not \"}\n\n\", whitespace\n\n    at /home/tiaguinni/.vscode/extensions/uqbar.wollok-lsp-ide-0.5.5/out/server/src/server.js:2385:13026\n    at Array.map (<anonymous>)\n    at z1n (/home/tiaguinni/.vscode/extensions/uqbar.wollok-lsp-ide-0.5.5/out/server/src/server.js:2385:12950)\n    at H2.buildEnvironmentFrom (/home/tiaguinni/.vscode/extensions/uqbar.wollok-lsp-ide-0.5.5/out/server/src/server.js:2430:5254)\n    at H2.updateEnvironmentWith (/home/tiaguinni/.vscode/extensions/uqbar.wollok-lsp-ide-0.5.5/out/server/src/server.js:2430:4989)\n    at QF (/home/tiaguinni/.vscode/extensions/uqbar.wollok-lsp-ide-0.5.5/out/server/src/server.js:2430:7383)\n    at V3.invoke (/home/tiaguinni/.vscode/extensions/uqbar.wollok-lsp-ide-0.5.5/out/server/src/server.js:3:157330)\n    at o.fire (/home/tiaguinni/.vscode/extensions/uqbar.wollok-lsp-ide-0.5.5/out/server/src/server.js:3:158100)\n    at /home/tiaguinni/.vscode/extensions/uqbar.wollok-lsp-ide-0.5.5/out/server/src/server.js:37:57871\n    at nd (/home/tiaguinni/.vscode/extensions/uqbar.wollok-lsp-ide-0.5.5/out/server/src/server.js:8:1561)","timestamp":"2026-09-23T13:20:44.939Z"}
{"level":"error","message":"✘ Failed to rebuild document Failed to parse EXAMEN-Wollok/example.wlk: \n-- PARSING FAILED --------------------------------------------------\n\n  20 | \n  21 | object\n> 22 | }\n     | ^\n  23 | \n  24 | object logan {\n\nExpected one of the following: \n\n'@', 'class', 'const', 'describe', 'inherits', 'mixin', 'object', 'only', 'package', 'program', 'test', 'var', '{', EOF, comment, identifier, not \"}\n\n\", whitespace\n","stack":"Error: Failed to parse EXAMEN-Wollok/example.wlk: \n-- PARSING FAILED --------------------------------------------------\n\n  20 | \n  21 | object\n> 22 | }\n     | ^\n  23 | \n  24 | object logan {\n\nExpected one of the following: \n\n'@', 'class', 'const', 'describe', 'inherits', 'mixin', 'object', 'only', 'package', 'program', 'test', 'var', '{', EOF, comment, identifier, not \"}\n\n\", whitespace\n\n    at /home/tiaguinni/.vscode/extensions/uqbar.wollok-lsp-ide-0.5.5/out/server/src/server.js:2385:13026\n    at Array.map (<anonymous>)\n    at z1n (/home/tiaguinni/.vscode/extensions/uqbar.wollok-lsp-ide-0.5.5/out/server/src/server.js:2385:12950)\n    at H2.buildEnvironmentFrom (/home/tiaguinni/.vscode/extensions/uqbar.wollok-lsp-ide-0.5.5/out/server/src/server.js:2430:5254)\n    at H2.updateEnvironmentWith (/home/tiaguinni/.vscode/extensions/uqbar.wollok-lsp-ide-0.5.5/out/server/src/server.js:2430:4989)\n    at QF (/home/tiaguinni/.vscode/extensions/uqbar.wollok-lsp-ide-0.5.5/out/server/src/server.js:2430:7383)\n    at V3.invoke (/home/tiaguinni/.vscode/extensions/uqbar.wollok-lsp-ide-0.5.5/out/server/src/server.js:3:157330)\n    at o.fire (/home/tiaguinni/.vscode/extensions/uqbar.wollok-lsp-ide-0.5.5/out/server/src/server.js:3:158100)\n    at /home/tiaguinni/.vscode/extensions/uqbar.wollok-lsp-ide-0.5.5/out/server/src/server.js:37:57871\n    at nd (/home/tiaguinni/.vscode/extensions/uqbar.wollok-lsp-ide-0.5.5/out/server/src/server.js:8:1561)","timestamp":"2026-09-23T13:20:44.986Z"}
{"level":"error","message":"✘ Failed to rebuild document Failed to parse EXAMEN-Wollok/example.wlk: \n-- PARSING FAILED --------------------------------------------------\n\n  20 | \n  21 | objec\n> 22 | }\n     | ^\n  23 | \n  24 | object logan {\n\nExpected one of the following: \n\n'@', 'class', 'const', 'describe', 'mixin', 'object', 'only', 'package', 'program', 'test', 'var', '{', EOF, comment, not \"}\n\n\", whitespace\n","stack":"Error: Failed to parse EXAMEN-Wollok/example.wlk: \n-- PARSING FAILED --------------------------------------------------\n\n  20 | \n  21 | objec\n> 22 | }\n     | ^\n  23 | \n  24 | object logan {\n\nExpected one of the following: \n\n'@', 'class', 'const', 'describe', 'mixin', 'object', 'only', 'package', 'program', 'test', 'var', '{', EOF, comment, not \"}\n\n\", whitespace\n\n    at /home/tiaguinni/.vscode/extensions/uqbar.wollok-lsp-ide-0.5.5/out/server/src/server.js:2385:13026\n    at Array.map (<anonymous>)\n    at z1n (/home/tiaguinni/.vscode/extensions/uqbar.wollok-lsp-ide-0.5.5/out/server/src/server.js:2385:12950)\n    at H2.buildEnvironmentFrom (/home/tiaguinni/.vscode/extensions/uqbar.wollok-lsp-ide-0.5.5/out/server/src/server.js:2430:5254)\n    at H2.updateEnvironmentWith (/home/tiaguinni/.vscode/extensions/uqbar.wollok-lsp-ide-0.5.5/out/server/src/server.js:2430:4989)\n    at QF (/home/tiaguinni/.vscode/extensions/uqbar.wollok-lsp-ide-0.5.5/out/server/src/server.js:2430:7383)\n    at V3.invoke (/home/tiaguinni/.vscode/extensions/uqbar.wollok-lsp-ide-0.5.5/out/server/src/server.js:3:157330)\n    at o.fire (/home/tiaguinni/.vscode/extensions/uqbar.wollok-lsp-ide-0.5.5/out/server/src/server.js:3:158100)\n    at /home/tiaguinni/.vscode/extensions/uqbar.wollok-lsp-ide-0.5.5/out/server/src/server.js:37:57871\n    at nd (/home/tiaguinni/.vscode/extensions/uqbar.wollok-lsp-ide-0.5.5/out/server/src/server.js:8:1561)","timestamp":"2026-09-23T13:20:45.033Z"}
{"level":"error","message":"✘ Failed to rebuild document Failed to parse EXAMEN-Wollok/example.wlk: \n-- PARSING FAILED --------------------------------------------------\n\n  20 | \n  21 | obje\n> 22 | }\n     | ^\n  23 | \n  24 | object logan {\n\nExpected one of the following: \n\n'@', 'class', 'const', 'describe', 'mixin', 'object', 'only', 'package', 'program', 'test', 'var', '{', EOF, comment, not \"}\n\n\", whitespace\n","stack":"Error: Failed to parse EXAMEN-Wollok/example.wlk: \n-- PARSING FAILED --------------------------------------------------\n\n  20 | \n  21 | obje\n> 22 | }\n     | ^\n  23 | \n  24 | object logan {\n\nExpected one of the following: \n\n'@', 'class', 'const', 'describe', 'mixin', 'object', 'only', 'package', 'program', 'test', 'var', '{', EOF, comment, not \"}\n\n\", whitespace\n\n    at /home/tiaguinni/.vscode/extensions/uqbar.wollok-lsp-ide-0.5.5/out/server/src/server.js:2385:13026\n    at Array.map (<anonymous>)\n    at z1n (/home/tiaguinni/.vscode/extensions/uqbar.wollok-lsp-ide-0.5.5/out/server/src/server.js:2385:12950)\n    at H2.buildEnvironmentFrom (/home/tiaguinni/.vscode/extensions/uqbar.wollok-lsp-ide-0.5.5/out/server/src/server.js:2430:5254)\n    at H2.updateEnvironmentWith (/home/tiaguinni/.vscode/extensions/uqbar.wollok-lsp-ide-0.5.5/out/server/src/server.js:2430:4989)\n    at QF (/home/tiaguinni/.vscode/extensions/uqbar.wollok-lsp-ide-0.5.5/out/server/src/server.js:2430:7383)\n    at V3.invoke (/home/tiaguinni/.vscode/extensions/uqbar.wollok-lsp-ide-0.5.5/out/server/src/server.js:3:157330)\n    at o.fire (/home/tiaguinni/.vscode/extensions/uqbar.wollok-lsp-ide-0.5.5/out/server/src/server.js:3:158100)\n    at /home/tiaguinni/.vscode/extensions/uqbar.wollok-lsp-ide-0.5.5/out/server/src/server.js:37:57871\n    at nd (/home/tiaguinni/.vscode/extensions/uqbar.wollok-lsp-ide-0.5.5/out/server/src/server.js:8:1561)","timestamp":"2026-09-23T13:20:45.084Z"}
{"level":"error","message":"✘ Failed to rebuild document Failed to parse EXAMEN-Wollok/example.wlk: \n-- PARSING FAILED --------------------------------------------------\n\n  20 | \n  21 | obj\n> 22 | }\n     | ^\n  23 | \n  24 | object logan {\n\nExpected one of the following: \n\n'@', 'class', 'const', 'describe', 'mixin', 'object', 'only', 'package', 'program', 'test', 'var', '{', EOF, comment, not \"}\n\n\", whitespace\n","stack":"Error: Failed to parse EXAMEN-Wollok/example.wlk: \n-- PARSING FAILED --------------------------------------------------\n\n  20 | \n  21 | obj\n> 22 | }\n     | ^\n  23 | \n  24 | object logan {\n\nExpected one of the following: \n\n'@', 'class', 'const', 'describe', 'mixin', 'object', 'only', 'package', 'program', 'test', 'var', '{', EOF, comment, not \"}\n\n\", whitespace\n\n    at /home/tiaguinni/.vscode/extensions/uqbar.wollok-lsp-ide-0.5.5/out/server/src/server.js:2385:13026\n    at Array.map (<anonymous>)\n    at z1n (/home/tiaguinni/.vscode/extensions/uqbar.wollok-lsp-ide-0.5.5/out/server/src/server.js:2385:12950)\n    at H2.buildEnvironmentFrom (/home/tiaguinni/.vscode/extensions/uqbar.wollok-lsp-ide-0.5.5/out/server/src/server.js:2430:5254)\n    at H2.updateEnvironmentWith (/home/tiaguinni/.vscode/extensions/uqbar.wollok-lsp-ide-0.5.5/out/server/src/server.js:2430:4989)\n    at QF (/home/tiaguinni/.vscode/extensions/uqbar.wollok-lsp-ide-0.5.5/out/server/src/server.js:2430:7383)\n    at V3.invoke (/home/tiaguinni/.vscode/extensions/uqbar.wollok-lsp-ide-0.5.5/out/server/src/server.js:3:157330)\n    at o.fire (/home/tiaguinni/.vscode/extensions/uqbar.wollok-lsp-ide-0.5.5/out/server/src/server.js:3:158100)\n    at /home/tiaguinni/.vscode/extensions/uqbar.wollok-lsp-ide-0.5.5/out/server/src/server.js:37:57871\n    at nd (/home/tiaguinni/.vscode/extensions/uqbar.wollok-lsp-ide-0.5.5/out/server/src/server.js:8:1561)","timestamp":"2026-09-23T13:20:45.135Z"}
{"level":"error","message":"✘ Failed to rebuild document Failed to parse EXAMEN-Wollok/example.wlk: \n-- PARSING FAILED --------------------------------------------------\n\n  20 | \n  21 | ob\n> 22 | }\n     | ^\n  23 | \n  24 | object logan {\n\nExpected one of the following: \n\n'@', 'class', 'const', 'describe', 'mixin', 'object', 'only', 'package', 'program', 'test', 'var', '{', EOF, comment, not \"}\n\n\", whitespace\n","stack":"Error: Failed to parse EXAMEN-Wollok/example.wlk: \n-- PARSING FAILED --------------------------------------------------\n\n  20 | \n  21 | ob\n> 22 | }\n     | ^\n  23 | \n  24 | object logan {\n\nExpected one of the following: \n\n'@', 'class', 'const', 'describe', 'mixin', 'object', 'only', 'package', 'program', 'test', 'var', '{', EOF, comment, not \"}\n\n\", whitespace\n\n    at /home/tiaguinni/.vscode/extensions/uqbar.wollok-lsp-ide-0.5.5/out/server/src/server.js:2385:13026\n    at Array.map (<anonymous>)\n    at z1n (/home/tiaguinni/.vscode/extensions/uqbar.wollok-lsp-ide-0.5.5/out/server/src/server.js:2385:12950)\n    at H2.buildEnvironmentFrom (/home/tiaguinni/.vscode/extensions/uqbar.wollok-lsp-ide-0.5.5/out/server/src/server.js:2430:5254)\n    at H2.updateEnvironmentWith (/home/tiaguinni/.vscode/extensions/uqbar.wollok-lsp-ide-0.5.5/out/server/src/server.js:2430:4989)\n    at QF (/home/tiaguinni/.vscode/extensions/uqbar.wollok-lsp-ide-0.5.5/out/server/src/server.js:2430:7383)\n    at V3.invoke (/home/tiaguinni/.vscode/extensions/uqbar.wollok-lsp-ide-0.5.5/out/server/src/server.js:3:157330)\n    at o.fire (/home/tiaguinni/.vscode/extensions/uqbar.wollok-lsp-ide-0.5.5/out/server/src/server.js:3:158100)\n    at /home/tiaguinni/.vscode/extensions/uqbar.wollok-lsp-ide-0.5.5/out/server/src/server.js:37:57871\n    at nd (/home/tiaguinni/.vscode/extensions/uqbar.wollok-lsp-ide-0.5.5/out/server/src/server.js:8:1561)","timestamp":"2026-09-23T13:20:45.356Z"}
{"level":"error","message":"✘ Failed to rebuild document Failed to parse EXAMEN-Wollok/example.wlk: \n-- PARSING FAILED --------------------------------------------------\n\n  20 | \n  21 | o\n> 22 | }\n     | ^\n  23 | \n  24 | object logan {\n\nExpected one of the following: \n\n'@', 'class', 'const', 'describe', 'mixin', 'object', 'only', 'package', 'program', 'test', 'var', '{', EOF, comment, not \"}\n\n\", whitespace\n","stack":"Error: Failed to parse EXAMEN-Wollok/example.wlk: \n-- PARSING FAILED --------------------------------------------------\n\n  20 | \n  21 | o\n> 22 | }\n     | ^\n  23 | \n  24 | object logan {\n\nExpected one of the following: \n\n'@', 'class', 'const', 'describe', 'mixin', 'object', 'only', 'package', 'program', 'test', 'var', '{', EOF, comment, not \"}\n\n\", whitespace\n\n    at /home/tiaguinni/.vscode/extensions/uqbar.wollok-lsp-ide-0.5.5/out/server/src/server.js:2385:13026\n    at Array.map (<anonymous>)\n    at z1n (/home/tiaguinni/.vscode/extensions/uqbar.wollok-lsp-ide-0.5.5/out/server/src/server.js:2385:12950)\n    at H2.buildEnvironmentFrom (/home/tiaguinni/.vscode/extensions/uqbar.wollok-lsp-ide-0.5.5/out/server/src/server.js:2430:5254)\n    at H2.updateEnvironmentWith (/home/tiaguinni/.vscode/extensions/uqbar.wollok-lsp-ide-0.5.5/out/server/src/server.js:2430:4989)\n    at QF (/home/tiaguinni/.vscode/extensions/uqbar.wollok-lsp-ide-0.5.5/out/server/src/server.js:2430:7383)\n    at V3.invoke (/home/tiaguinni/.vscode/extensions/uqbar.wollok-lsp-ide-0.5.5/out/server/src/server.js:3:157330)\n    at o.fire (/home/tiaguinni/.vscode/extensions/uqbar.wollok-lsp-ide-0.5.5/out/server/src/server.js:3:158100)\n    at /home/tiaguinni/.vscode/extensions/uqbar.wollok-lsp-ide-0.5.5/out/server/src/server.js:37:57871\n    at nd (/home/tiaguinni/.vscode/extensions/uqbar.wollok-lsp-ide-0.5.5/out/server/src/server.js:8:1561)","timestamp":"2026-09-23T13:20:45.526Z"}
{"level":"error","message":"✘ Failed to rebuild document Failed to parse EXAMEN-Wollok/example.wlk: \n-- PARSING FAILED --------------------------------------------------\n\n  20 | \n  21 | \n> 22 | }\n     | ^\n  23 | \n  24 | object logan {\n\nExpected one of the following: \n\n' ', '@', 'class', 'const', 'describe', 'mixin', 'object', 'only', 'package', 'program', 'test', 'var', '{', EOF, comment, not \"}\n\n\", whitespace\n","stack":"Error: Failed to parse EXAMEN-Wollok/example.wlk: \n-- PARSING FAILED --------------------------------------------------\n\n  20 | \n  21 | \n> 22 | }\n     | ^\n  23 | \n  24 | object logan {\n\nExpected one of the following: \n\n' ', '@', 'class', 'const', 'describe', 'mixin', 'object', 'only', 'package', 'program', 'test', 'var', '{', EOF, comment, not \"}\n\n\", whitespace\n\n    at /home/tiaguinni/.vscode/extensions/uqbar.wollok-lsp-ide-0.5.5/out/server/src/server.js:2385:13026\n    at Array.map (<anonymous>)\n    at z1n (/home/tiaguinni/.vscode/extensions/uqbar.wollok-lsp-ide-0.5.5/out/server/src/server.js:2385:12950)\n    at H2.buildEnvironmentFrom (/home/tiaguinni/.vscode/extensions/uqbar.wollok-lsp-ide-0.5.5/out/server/src/server.js:2430:5254)\n    at H2.updateEnvironmentWith (/home/tiaguinni/.vscode/extensions/uqbar.wollok-lsp-ide-0.5.5/out/server/src/server.js:2430:4989)\n    at QF (/home/tiaguinni/.vscode/extensions/uqbar.wollok-lsp-ide-0.5.5/out/server/src/server.js:2430:7383)\n    at V3.invoke (/home/tiaguinni/.vscode/extensions/uqbar.wollok-lsp-ide-0.5.5/out/server/src/server.js:3:157330)\n    at o.fire (/home/tiaguinni/.vscode/extensions/uqbar.wollok-lsp-ide-0.5.5/out/server/src/server.js:3:158100)\n    at /home/tiaguinni/.vscode/extensions/uqbar.wollok-lsp-ide-0.5.5/out/server/src/server.js:37:57871\n    at nd (/home/tiaguinni/.vscode/extensions/uqbar.wollok-lsp-ide-0.5.5/out/server/src/server.js:8:1561)","timestamp":"2026-09-23T13:20:45.693Z"}
{"level":"info","message":"⌛ Building environment","timeElapsed":112,"timestamp":"2026-09-23T13:20:47.271Z"}
{"level":"info","message":"⌛ Validating EXAMEN-Wollok/example.wlk","timeElapsed":138,"timestamp":"2026-09-23T13:20:47.417Z"}
{"level":"info","message":"⌛ Building environment","timeElapsed":128,"timestamp":"2026-09-23T13:20:48.968Z"}
{"level":"info","message":"⌛ Validating EXAMEN-Wollok/example.wlk","timeElapsed":191,"timestamp":"2026-09-23T13:20:49.162Z"}
{"level":"info","message":"⌛ Building environment","timeElapsed":129,"timestamp":"2026-09-23T13:20:49.294Z"}
{"level":"info","message":"⌛ Building environment","timeElapsed":105,"timestamp":"2026-09-23T13:20:49.399Z"}
{"level":"info","message":"⌛ Validating EXAMEN-Wollok/example.wlk","timeElapsed":183,"timestamp":"2026-09-23T13:20:49.583Z"}
{"level":"info","message":"⌛ Validating EXAMEN-Wollok/example.wlk","timeElapsed":155,"timestamp":"2026-09-23T13:20:49.738Z"}
{"level":"info","message":"⌛ Building environment","timeElapsed":114,"timestamp":"2026-09-23T13:20:49.852Z"}
{"level":"error","message":"✘ Failed to rebuild document Failed to parse EXAMEN-Wollok/example.wlk: \n-- PARSING FAILED --------------------------------------------------\n\n  29 | \n  30 |   }\n> 31 | }\n     | ^\n  32 | \n  33 | object malaria800 {\n\nExpected one of the following: \n\n'@', 'class', 'const', 'describe', 'mixin', 'object', 'only', 'package', 'program', 'test', 'var', '{', EOF, comment, not \"}\n\n\", whitespace\n","stack":"Error: Failed to parse EXAMEN-Wollok/example.wlk: \n-- PARSING FAILED --------------------------------------------------\n\n  29 | \n  30 |   }\n> 31 | }\n     | ^\n  32 | \n  33 | object malaria800 {\n\nExpected one of the following: \n\n'@', 'class', 'const', 'describe', 'mixin', 'object', 'only', 'package', 'program', 'test', 'var', '{', EOF, comment, not \"}\n\n\", whitespace\n\n    at /home/tiaguinni/.vscode/extensions/uqbar.wollok-lsp-ide-0.5.5/out/server/src/server.js:2385:13026\n    at Array.map (<anonymous>)\n    at z1n (/home/tiaguinni/.vscode/extensions/uqbar.wollok-lsp-ide-0.5.5/out/server/src/server.js:2385:12950)\n    at H2.buildEnvironmentFrom (/home/tiaguinni/.vscode/extensions/uqbar.wollok-lsp-ide-0.5.5/out/server/src/server.js:2430:5254)\n    at H2.updateEnvironmentWith (/home/tiaguinni/.vscode/extensions/uqbar.wollok-lsp-ide-0.5.5/out/server/src/server.js:2430:4989)\n    at QF (/home/tiaguinni/.vscode/extensions/uqbar.wollok-lsp-ide-0.5.5/out/server/src/server.js:2430:7383)\n    at V3.invoke (/home/tiaguinni/.vscode/extensions/uqbar.wollok-lsp-ide-0.5.5/out/server/src/server.js:3:157330)\n    at o.fire (/home/tiaguinni/.vscode/extensions/uqbar.wollok-lsp-ide-0.5.5/out/server/src/server.js:3:158100)\n    at /home/tiaguinni/.vscode/extensions/uqbar.wollok-lsp-ide-0.5.5/out/server/src/server.js:37:57871\n    at nd (/home/tiaguinni/.vscode/extensions/uqbar.wollok-lsp-ide-0.5.5/out/server/src/server.js:8:1561)","timestamp":"2026-09-23T13:20:49.872Z"}
{"level":"info","message":"⌛ Validating EXAMEN-Wollok/example.wlk","timeElapsed":174,"timestamp":"2026-09-23T13:20:50.046Z"}
{"level":"error","message":"✘ Failed to rebuild document Failed to parse EXAMEN-Wollok/example.wlk: \n-- PARSING FAILED --------------------------------------------------\n\n  29 | \n  30 |   }\n> 31 | }\n     | ^\n  32 | \n  33 | object malaria800 {\n\nExpected one of the following: \n\n'@', 'class', 'const', 'describe', 'mixin', 'object', 'only', 'package', 'program', 'test', 'var', '{', EOF, comment, not \"}\n\n\", whitespace\n","stack":"Error: Failed to parse EXAMEN-Wollok/example.wlk: \n-- PARSING FAILED --------------------------------------------------\n\n  29 | \n  30 |   }\n> 31 | }\n     | ^\n  32 | \n  33 | object malaria800 {\n\nExpected one of the following: \n\n'@', 'class', 'const', 'describe', 'mixin', 'object', 'only', 'package', 'program', 'test', 'var', '{', EOF, comment, not \"}\n\n\", whitespace\n\n    at /home/tiaguinni/.vscode/extensions/uqbar.wollok-lsp-ide-0.5.5/out/server/src/server.js:2385:13026\n    at Array.map (<anonymous>)\n    at z1n (/home/tiaguinni/.vscode/extensions/uqbar.wollok-lsp-ide-0.5.5/out/server/src/server.js:2385:12950)\n    at H2.buildEnvironmentFrom (/home/tiaguinni/.vscode/extensions/uqbar.wollok-lsp-ide-0.5.5/out/server/src/server.js:2430:5254)\n    at H2.updateEnvironmentWith (/home/tiaguinni/.vscode/extensions/uqbar.wollok-lsp-ide-0.5.5/out/server/src/server.js:2430:4989)\n    at QF (/home/tiaguinni/.vscode/extensions/uqbar.wollok-lsp-ide-0.5.5/out/server/src/server.js:2430:7383)\n    at V3.invoke (/home/tiaguinni/.vscode/extensions/uqbar.wollok-lsp-ide-0.5.5/out/server/src/server.js:3:157330)\n    at o.fire (/home/tiaguinni/.vscode/extensions/uqbar.wollok-lsp-ide-0.5.5/out/server/src/server.js:3:158100)\n    at /home/tiaguinni/.vscode/extensions/uqbar.wollok-lsp-ide-0.5.5/out/server/src/server.js:37:57871\n    at nd (/home/tiaguinni/.vscode/extensions/uqbar.wollok-lsp-ide-0.5.5/out/server/src/server.js:8:1561)","timestamp":"2026-09-23T13:20:50.518Z"}
{"level":"info","message":"⌛ Building environment","timeElapsed":122,"timestamp":"2026-09-23T13:20:50.947Z"}
{"level":"info","message":"⌛ Validating EXAMEN-Wollok/example.wlk","timeElapsed":165,"timestamp":"2026-09-23T13:20:51.116Z"}
{"level":"info","message":"⌛ Building environment","timeElapsed":102,"timestamp":"2026-09-23T13:20:51.219Z"}
{"level":"info","message":"⌛ Validating EXAMEN-Wollok/example.wlk","timeElapsed":197,"timestamp":"2026-09-23T13:20:51.427Z"}
{"level":"info","message":"⌛ Building environment","timeElapsed":103,"timestamp":"2026-09-23T13:20:51.531Z"}
{"level":"info","message":"⌛ Building environment","timeElapsed":109,"timestamp":"2026-09-23T13:20:51.646Z"}
{"level":"info","message":"⌛ Validating EXAMEN-Wollok/example.wlk","timeElapsed":148,"timestamp":"2026-09-23T13:20:51.809Z"}
{"level":"info","message":"⌛ Validating EXAMEN-Wollok/example.wlk","timeElapsed":139,"timestamp":"2026-09-23T13:20:51.948Z"}
{"level":"info","message":"⌛ Building environment","timeElapsed":103,"timestamp":"2026-09-23T13:20:52.097Z"}
{"level":"info","message":"⌛ Validating EXAMEN-Wollok/example.wlk","timeElapsed":144,"timestamp":"2026-09-23T13:20:52.248Z"}
{"level":"error","message":"✘ Completions for node Variable ([22:1, 22:12] - EXAMEN-Wollok/example.wlk) failed: Error: EXAMEN-Wollok.example.logan [Variable]{61652a} at EXAMEN-Wollok/example.wlk:22 exhausted all cases without a match EXAMEN-Wollok.example.logan [Variable]{61652a} at EXAMEN-Wollok/example.wlk:22 exhausted all cases without a match","stack":"Error: EXAMEN-Wollok.example.logan [Variable]{61652a} at EXAMEN-Wollok/example.wlk:22 exhausted all cases without a match\n    at /home/tiaguinni/.vscode/extensions/uqbar.wollok-lsp-ide-0.5.5/out/server/src/server.js:38:6142\n    at L2 (/home/tiaguinni/.vscode/extensions/uqbar.wollok-lsp-ide-0.5.5/out/server/src/server.js:2421:42)\n    at /home/tiaguinni/.vscode/extensions/uqbar.wollok-lsp-ide-0.5.5/out/server/src/server.js:2421:2988\n    at /home/tiaguinni/.vscode/extensions/uqbar.wollok-lsp-ide-0.5.5/out/server/src/server.js:2430:8440\n    at /home/tiaguinni/.vscode/extensions/uqbar.wollok-lsp-ide-0.5.5/out/server/src/server.js:37:74872\n    at Ke (/home/tiaguinni/.vscode/extensions/uqbar.wollok-lsp-ide-0.5.5/out/server/src/server.js:7:8527)\n    at It (/home/tiaguinni/.vscode/extensions/uqbar.wollok-lsp-ide-0.5.5/out/server/src/server.js:7:6189)\n    at et (/home/tiaguinni/.vscode/extensions/uqbar.wollok-lsp-ide-0.5.5/out/server/src/server.js:7:6378)\n    at Immediate._onImmediate (/home/tiaguinni/.vscode/extensions/uqbar.wollok-lsp-ide-0.5.5/out/server/src/server.js:7:6142)\n    at process.processImmediate (node:internal/timers:504:21)","timestamp":"2026-09-23T13:20:52.801Z"}
{"level":"info","message":"⌛ Building environment","timeElapsed":139,"timestamp":"2026-09-23T13:20:53.079Z"}
{"level":"info","message":"⌛ Validating EXAMEN-Wollok/example.wlk","timeElapsed":191,"timestamp":"2026-09-23T13:20:53.277Z"}
{"level":"info","message":"⌛ Building environment","timeElapsed":126,"timestamp":"2026-09-23T13:20:53.412Z"}
{"level":"info","message":"⌛ Validating EXAMEN-Wollok/example.wlk","timeElapsed":186,"timestamp":"2026-09-23T13:20:53.604Z"}
{"level":"info","message":"⌛ Validating EXAMEN-Wollok/example.wlk","timeElapsed":158,"timestamp":"2026-09-23T13:20:53.877Z"}
{"level":"info","message":"⌛ Building environment","timeElapsed":111,"timestamp":"2026-09-23T13:20:54.110Z"}
{"level":"info","message":"⌛ Validating EXAMEN-Wollok/example.wlk","timeElapsed":166,"timestamp":"2026-09-23T13:20:54.287Z"}
{"level":"info","message":"⌛ Building environment","timeElapsed":103,"timestamp":"2026-09-23T13:20:54.391Z"}
{"level":"info","message":"⌛ Validating EXAMEN-Wollok/example.wlk","timeElapsed":162,"timestamp":"2026-09-23T13:20:54.568Z"}
{"level":"info","message":"⌛ Building environment","timeElapsed":123,"timestamp":"2026-09-23T13:20:54.692Z"}
{"level":"info","message":"⌛ Validating EXAMEN-Wollok/example.wlk","timeElapsed":144,"timestamp":"2026-09-23T13:20:54.865Z"}
{"level":"error","message":"✘ Completions for node Variable ([22:1, 22:18] - EXAMEN-Wollok/example.wlk) failed: Error: EXAMEN-Wollok.example.logan [Variable]{4d5d63} at EXAMEN-Wollok/example.wlk:22 exhausted all cases without a match EXAMEN-Wollok.example.logan [Variable]{4d5d63} at EXAMEN-Wollok/example.wlk:22 exhausted all cases without a match","stack":"Error: EXAMEN-Wollok.example.logan [Variable]{4d5d63} at EXAMEN-Wollok/example.wlk:22 exhausted all cases without a match\n    at /home/tiaguinni/.vscode/extensions/uqbar.wollok-lsp-ide-0.5.5/out/server/src/server.js:38:6142\n    at L2 (/home/tiaguinni/.vscode/extensions/uqbar.wollok-lsp-ide-0.5.5/out/server/src/server.js:2421:42)\n    at Jh (/home/tiaguinni/.vscode/extensions/uqbar.wollok-lsp-ide-0.5.5/out/server/src/server.js:2421:1092)\n    at w5n (/home/tiaguinni/.vscode/extensions/uqbar.wollok-lsp-ide-0.5.5/out/server/src/server.js:2421:1248)\n    at /home/tiaguinni/.vscode/extensions/uqbar.wollok-lsp-ide-0.5.5/out/server/src/server.js:38:6131\n    at L2 (/home/tiaguinni/.vscode/extensions/uqbar.wollok-lsp-ide-0.5.5/out/server/src/server.js:2421:42)\n    at /home/tiaguinni/.vscode/extensions/uqbar.wollok-lsp-ide-0.5.5/out/server/src/server.js:2421:2988\n    at /home/tiaguinni/.vscode/extensions/uqbar.wollok-lsp-ide-0.5.5/out/server/src/server.js:2430:8440\n    at /home/tiaguinni/.vscode/extensions/uqbar.wollok-lsp-ide-0.5.5/out/server/src/server.js:37:74872\n    at Ke (/home/tiaguinni/.vscode/extensions/uqbar.wollok-lsp-ide-0.5.5/out/server/src/server.js:7:8527)","timestamp":"2026-09-23T13:20:55.282Z"}
{"level":"info","message":"⌛ Building environment","timeElapsed":138,"timestamp":"2026-09-23T13:20:56.018Z"}
{"level":"info","message":"⌛ Validating EXAMEN-Wollok/example.wlk","timeElapsed":153,"timestamp":"2026-09-23T13:20:56.176Z"}
{"level":"info","message":"⌛ Building environment","timeElapsed":121,"timestamp":"2026-09-23T13:20:56.480Z"}
{"level":"info","message":"⌛ Validating EXAMEN-Wollok/example.wlk","timeElapsed":150,"timestamp":"2026-09-23T13:20:56.646Z"}
{"level":"info","message":"⌛ Building environment","timeElapsed":113,"timestamp":"2026-09-23T13:20:56.760Z"}
{"level":"info","message":"⌛ Validating EXAMEN-Wollok/example.wlk","timeElapsed":190,"timestamp":"2026-09-23T13:20:57.051Z"}
{"level":"info","message":"⌛ Building environment","timeElapsed":169,"timestamp":"2026-09-23T13:20:57.222Z"}
{"level":"info","message":"⌛ Validating EXAMEN-Wollok/example.wlk","timeElapsed":182,"timestamp":"2026-09-23T13:20:57.404Z"}
{"level":"info","message":"⌛ Validating EXAMEN-Wollok/example.wlk","timeElapsed":171,"timestamp":"2026-09-23T13:20:57.678Z"}
{"level":"info","message":"⌛ Building environment","timeElapsed":103,"timestamp":"2026-09-23T13:20:57.786Z"}
{"level":"info","message":"⌛ Validating EXAMEN-Wollok/example.wlk","timeElapsed":163,"timestamp":"2026-09-23T13:20:57.959Z"}
{"level":"info","message":"⌛ Building environment","timeElapsed":101,"timestamp":"2026-09-23T13:20:58.068Z"}
{"level":"info","message":"⌛ Validating EXAMEN-Wollok/example.wlk","timeElapsed":187,"timestamp":"2026-09-23T13:20:58.254Z"}
{"level":"info","message":"⌛ Validating EXAMEN-Wollok/example.wlk","timeElapsed":146,"timestamp":"2026-09-23T13:20:58.506Z"}
{"level":"info","message":"⌛ Building environment","timeElapsed":103,"timestamp":"2026-09-23T13:20:58.610Z"}
{"level":"info","message":"⌛ Validating EXAMEN-Wollok/example.wlk","timeElapsed":166,"timestamp":"2026-09-23T13:20:58.791Z"}
{"level":"info","message":"⌛ Validating EXAMEN-Wollok/example.wlk","timeElapsed":148,"timestamp":"2026-09-23T13:20:58.940Z"}
{"level":"info","message":"⌛ Building environment","timeElapsed":126,"timestamp":"2026-09-23T13:20:59.072Z"}
{"level":"info","message":"⌛ Validating EXAMEN-Wollok/example.wlk","timeElapsed":135,"timestamp":"2026-09-23T13:20:59.216Z"}
{"level":"info","message":"⌛ Building environment","timeElapsed":103,"timestamp":"2026-09-23T13:20:59.429Z"}
{"level":"info","message":"⌛ Validating EXAMEN-Wollok/example.wlk","timeElapsed":149,"timestamp":"2026-09-23T13:20:59.582Z"}
{"level":"info","message":"⌛ Building environment","timeElapsed":133,"timestamp":"2026-09-23T13:20:59.789Z"}
{"level":"info","message":"⌛ Building environment","timeElapsed":124,"timestamp":"2026-09-23T13:20:59.914Z"}
{"level":"info","message":"⌛ Validating EXAMEN-Wollok/example.wlk","timeElapsed":189,"timestamp":"2026-09-23T13:21:00.104Z"}
{"level":"info","message":"⌛ Building environment","timeElapsed":113,"timestamp":"2026-09-23T13:21:00.226Z"}
{"level":"info","message":"⌛ Validating EXAMEN-Wollok/example.wlk","timeElapsed":147,"timestamp":"2026-09-23T13:21:00.373Z"}
{"level":"error","message":"✘ Failed to rebuild document Failed to parse EXAMEN-Wollok/example.wlk: \n-- PARSING FAILED --------------------------------------------------\n\n  30 | \n  31 |   }\n> 32 | }\n     | ^\n  33 | \n  34 | object malaria800 {\n\nExpected one of the following: \n\n'@', 'class', 'const', 'describe', 'mixin', 'object', 'only', 'package', 'program', 'test', 'var', '{', EOF, comment, not \"}\n\n\", whitespace\n","stack":"Error: Failed to parse EXAMEN-Wollok/example.wlk: \n-- PARSING FAILED --------------------------------------------------\n\n  30 | \n  31 |   }\n> 32 | }\n     | ^\n  33 | \n  34 | object malaria800 {\n\nExpected one of the following: \n\n'@', 'class', 'const', 'describe', 'mixin', 'object', 'only', 'package', 'program', 'test', 'var', '{', EOF, comment, not \"}\n\n\", whitespace\n\n    at /home/tiaguinni/.vscode/extensions/uqbar.wollok-lsp-ide-0.5.5/out/server/src/server.js:2385:13026\n    at Array.map (<anonymous>)\n    at z1n (/home/tiaguinni/.vscode/extensions/uqbar.wollok-lsp-ide-0.5.5/out/server/src/server.js:2385:12950)\n    at H2.buildEnvironmentFrom (/home/tiaguinni/.vscode/extensions/uqbar.wollok-lsp-ide-0.5.5/out/server/src/server.js:2430:5254)\n    at H2.updateEnvironmentWith (/home/tiaguinni/.vscode/extensions/uqbar.wollok-lsp-ide-0.5.5/out/server/src/server.js:2430:4989)\n    at QF (/home/tiaguinni/.vscode/extensions/uqbar.wollok-lsp-ide-0.5.5/out/server/src/server.js:2430:7383)\n    at V3.invoke (/home/tiaguinni/.vscode/extensions/uqbar.wollok-lsp-ide-0.5.5/out/server/src/server.js:3:157330)\n    at o.fire (/home/tiaguinni/.vscode/extensions/uqbar.wollok-lsp-ide-0.5.5/out/server/src/server.js:3:158100)\n    at /home/tiaguinni/.vscode/extensions/uqbar.wollok-lsp-ide-0.5.5/out/server/src/server.js:37:57871\n    at nd (/home/tiaguinni/.vscode/extensions/uqbar.wollok-lsp-ide-0.5.5/out/server/src/server.js:8:1561)","timestamp":"2026-09-23T13:21:00.386Z"}
{"level":"info","message":"⌛ Validating EXAMEN-Wollok/example.wlk","timeElapsed":155,"timestamp":"2026-09-23T13:21:00.542Z"}
{"level":"error","message":"✘ Failed to rebuild document Failed to parse EXAMEN-Wollok/example.wlk: \n-- PARSING FAILED --------------------------------------------------\n\n  30 | \n  31 |   }\n> 32 | }\n     | ^\n  33 | \n  34 | object malaria800 {\n\nExpected one of the following: \n\n'@', 'class', 'const', 'describe', 'mixin', 'object', 'only', 'package', 'program', 'test', 'var', '{', EOF, comment, not \"}\n\n\", whitespace\n","stack":"Error: Failed to parse EXAMEN-Wollok/example.wlk: \n-- PARSING FAILED --------------------------------------------------\n\n  30 | \n  31 |   }\n> 32 | }\n     | ^\n  33 | \n  34 | object malaria800 {\n\nExpected one of the following: \n\n'@', 'class', 'const', 'describe', 'mixin', 'object', 'only', 'package', 'program', 'test', 'var', '{', EOF, comment, not \"}\n\n\", whitespace\n\n    at /home/tiaguinni/.vscode/extensions/uqbar.wollok-lsp-ide-0.5.5/out/server/src/server.js:2385:13026\n    at Array.map (<anonymous>)\n    at z1n (/home/tiaguinni/.vscode/extensions/uqbar.wollok-lsp-ide-0.5.5/out/server/src/server.js:2385:12950)\n    at H2.buildEnvironmentFrom (/home/tiaguinni/.vscode/extensions/uqbar.wollok-lsp-ide-0.5.5/out/server/src/server.js:2430:5254)\n    at H2.updateEnvironmentWith (/home/tiaguinni/.vscode/extensions/uqbar.wollok-lsp-ide-0.5.5/out/server/src/server.js:2430:4989)\n    at QF (/home/tiaguinni/.vscode/extensions/uqbar.wollok-lsp-ide-0.5.5/out/server/src/server.js:2430:7383)\n    at V3.invoke (/home/tiaguinni/.vscode/extensions/uqbar.wollok-lsp-ide-0.5.5/out/server/src/server.js:3:157330)\n    at o.fire (/home/tiaguinni/.vscode/extensions/uqbar.wollok-lsp-ide-0.5.5/out/server/src/server.js:3:158100)\n    at /home/tiaguinni/.vscode/extensions/uqbar.wollok-lsp-ide-0.5.5/out/server/src/server.js:37:57871\n    at nd (/home/tiaguinni/.vscode/extensions/uqbar.wollok-lsp-ide-0.5.5/out/server/src/server.js:8:1561)","timestamp":"2026-09-23T13:21:01.054Z"}
