{"level":"info","message":"⌛ Building environment","timeElapsed":145,"timestamp":"2026-09-23T13:21:01.479Z"}
{"level":"info","message":"⌛ Validating EXAMEN-Wollok/example.wlk","timeElapsed":148,"timestamp":"2026-09-23T13:21:01.631Z"}
{"level":"info","message":"⌛ Building environment","timeElapsed":105,"timestamp":"2026-09-23T13:21:01.747Z"}
{"level":"info","message":"⌛ Validating EXAMEN-Wollok/example.wlk","timeElapsed":151,"timestamp":"2026-09-23T13:21:01.900Z"}
{"level":"info","message":"⌛ Building environment","timeElapsed":128,"timestamp":"2026-09-23T13:21:02.173Z"}
{"level":"info","message":"⌛ Validating EXAMEN-Wollok/example.wlk","timeElapsed":176,"timestamp":"2026-09-23T13:21:02.358Z"}
{"level":"info","message":"⌛ Validating EXAMEN-Wollok/example.wlk","timeElapsed":167,"timestamp":"2026-09-23T13:21:02.628Z"}
{"level":"info","message":"⌛ Validating EXAMEN-Wollok/example.wlk","timeElapsed":145,"timestamp":"2026-09-23T13:21:02.878Z"}
{"level":"error","message":"✘ Completions for node Variable ([23:1, 23:12] - EXAMEN-Wollok/example.wlk) failed: Error: EXAMEN-Wollok.example.frank [Variable]{57137a} at EXAMEN-Wollok/example.wlk:23 exhausted all cases without a match EXAMEN-Wollok.example.frank [Variable]{57137a} at EXAMEN-Wollok/example.wlk:23 exhausted all cases without a match","stack":"Error: EXAMEN-Wollok.example.frank [Variable]{57137a} at EXAMEN-Wollok/example.wlk:23 exhausted all cases without a match\n    at /home/tiaguinni/.vscode/extensions/uqbar.wollok-lsp-ide-0.5.5/out/server/src/server.js:38:6142\n    at L2 (/home/tiaguinni/.vscode/extensions/uqbar.wollok-lsp-ide-0.5.5/out/server/src/server.js:2421:42)\n    at /home/tiaguinni/.vscode/extensions/uqbar.wollok-lsp-ide-0.5.5/out/server/src/server.js:2421:2988\n    at /home/tiaguinni/.vscode/extensions/uqbar.wollok-lsp-ide-0.5.5/out/server/src/server.js:2430:8440\n    at /home/tiaguinni/.vscode/extensions/uqbar.wollok-lsp-ide-0.5.5/out/server/src/server.js:37:74872\n    at Ke (/home/tiaguinni/.vscode/extensions/uqbar.wollok-lsp-ide-0.5.5/out/server/src/server.js:7:8527)\n    at It (/home/tiaguinni/.vscode/extensions/uqbar.wollok-lsp-ide-0.5.5/out/server/src/server.js:7:6189)\n    at et (/home/tiaguinni/.vscode/extensions/uqbar.wollok-lsp-ide-0.5.5/out/server/src/server.js:7:6378)\n    at Immediate._onImmediate (/home/tiaguinni/.vscode/extensions/uqbar.wollok-lsp-ide-0.5.5/out/server/src/server.js:7:6142)\n    at process.processImmediate (node:internal/timers:504:21)","timestamp":"2026-09-23T13:21:03.313Z"}
{"level":"info","message":"⌛ Building environment","timeElapsed":126,"timestamp":"2026-09-23T13:21:19.094Z"}
{"level":"info","message":"⌛ Validating EXAMEN-Wollok/example.wlk","timeElapsed":178,"timestamp":"2026-09-23T13:21:19.276Z"}
{"level":"info","message":"⌛ Building environment","timeElapsed":151,"timestamp":"2026-09-23T13:21:19.504Z"}
{"level":"info","message":"⌛ Validating EXAMEN-Wollok/example.wlk","timeElapsed":269,"timestamp":"2026-09-23T13:21:19.777Z"}
{"level":"info","message":"⌛ Building environment","timeElapsed":136,"timestamp":"2026-09-23T13:21:19.916Z"}
{"level":"info","message":"⌛ Validating EXAMEN-Wollok/example.wlk","timeElapsed":192,"timestamp":"2026-09-23T13:21:20.122Z"}
{"level":"info","message":"⌛ Validating EXAMEN-Wollok/example.wlk","timeElapsed":165,"timestamp":"2026-09-23T13:21:20.394Z"}
{"level":"error","message":"✘ Failed to rebuild document Failed to parse EXAMEN-Wollok/example.wlk: \n-- PARSING FAILED --------------------------------------------------\n\n  24 | \n  25 | \n> 26 | }\n     | ^\n  27 | \n  28 | object malaria800 {\n\nExpected one of the following: \n\n'(', '.', '@', 'class', 'const', 'describe', 'mixin', 'object', 'only', 'package', 'program', 'test', 'var', '{', EOF, comment, not \"}\n\n\", whitespace\n","stack":"Error: Failed to parse EXAMEN-Wollok/example.wlk: \n-- PARSING FAILED --------------------------------------------------\n\n  24 | \n  25 | \n> 26 | }\n     | ^\n  27 | \n  28 | object malaria800 {\n\nExpected one of the following: \n\n'(', '.', '@', 'class', 'const', 'describe', 'mixin', 'object', 'only', 'package', 'program', 'test', 'var', '{', EOF, comment, not \"}\n\n\", whitespace\n\n    at /home/tiaguinni/.vscode/extensions/uqbar.wollok-lsp-ide-0.5.5/out/server/src/server.js:2385:13026\n    at Array.map (<anonymous>)\n    at z1n (/home/tiaguinni/.vscode/extensions/uqbar.wollok-lsp-ide-0.5.5/out/server/src/server.js:2385:12950)\n    at H2.buildEnvironmentFrom (/home/tiaguinni/.vscode/extensions/uqbar.wollok-lsp-ide-0.5.5/out/server/src/server.js:2430:5254)\n    at H2.updateEnvironmentWith (/home/tiaguinni/.vscode/extensions/uqbar.wollok-lsp-ide-0.5.5/out/server/src/server.js:2430:4989)\n    at QF (/home/tiaguinni/.vscode/extensions/uqbar.wollok-lsp-ide-0.5.5/out/server/src/server.js:2430:7383)\n    at V3.invoke (/home/tiaguinni/.vscode/extensions/uqbar.wollok-lsp-ide-0.5.5/out/server/src/server.js:3:157330)\n    at o.fire (/home/tiaguinni/.vscode/extensions/uqbar.wollok-lsp-ide-0.5.5/out/server/src/server.js:3:158100)\n    at /home/tiaguinni/.vscode/extensions/uqbar.wollok-lsp-ide-0.5.5/out/server/src/server.js:37:57871\n    at nd (/home/tiaguinni/.vscode/extensions/uqbar.wollok-lsp-ide-0.5.5/out/server/src/server.js:8:1561)","timestamp":"2026-09-23T13:21:27.309Z"}
{"level":"info","message":"⌛ Building environment","timeElapsed":113,"timestamp":"2026-09-23T13:21:29.600Z"}
{"level":"info","message":"⌛ Validating EXAMEN-Wollok/example.wlk","timeElapsed":150,"timestamp":"2026-09-23T13:21:29.753Z"}
{"level":"info","message":"⌛ Building environment","timeElapsed":112,"timestamp":"2026-09-23T13:21:29.920Z"}
{"level":"info","message":"⌛ Validating EXAMEN-Wollok/example.wlk","timeElapsed":152,"timestamp":"2026-09-23T13:21:30.087Z"}
{"level":"error","message":"✘ Failed to rebuild document Failed to parse EXAMEN-Wollok/example.wlk: \n-- PARSING FAILED --------------------------------------------------\n\n  23 | const frank = new Persona\n  24 | \n> 25 | }\n     | ^\n  26 | \n  27 | object malaria800 {\n\nExpected one of the following: \n\n'(', '.', '@', 'class', 'const', 'describe', 'mixin', 'object', 'only', 'package', 'program', 'test', 'var', '{', EOF, comment, not \"}\n\n\", whitespace\n","stack":"Error: Failed to parse EXAMEN-Wollok/example.wlk: \n-- PARSING FAILED --------------------------------------------------\n\n  23 | const frank = new Persona\n  24 | \n> 25 | }\n     | ^\n  26 | \n  27 | object malaria800 {\n\nExpected one of the following: \n\n'(', '.', '@', 'class', 'const', 'describe', 'mixin', 'object', 'only', 'package', 'program', 'test', 'var', '{', EOF, comment, not \"}\n\n\", whitespace\n\n    at /home/tiaguinni/.vscode/extensions/uqbar.wollok-lsp-ide-0.5.5/out/server/src/server.js:2385:13026\n    at Array.map (<anonymous>)\n    at z1n (/home/tiaguinni/.vscode/extensions/uqbar.wollok-lsp-ide-0.5.5/out/server/src/server.js:2385:12950)\n    at H2.buildEnvironmentFrom (/home/tiaguinni/.vscode/extensions/uqbar.wollok-lsp-ide-0.5.5/out/server/src/server.js:2430:5254)\n    at H2.updateEnvironmentWith (/home/tiaguinni/.vscode/extensions/uqbar.wollok-lsp-ide-0.5.5/out/server/src/server.js:2430:4989)\n    at QF (/home/tiaguinni/.vscode/extensions/uqbar.wollok-lsp-ide-0.5.5/out/server/src/server.js:2430:7383)\n    at V3.invoke (/home/tiaguinni/.vscode/extensions/uqbar.wollok-lsp-ide-0.5.5/out/server/src/server.js:3:157330)\n    at o.fire (/home/tiaguinni/.vscode/extensions/uqbar.wollok-lsp-ide-0.5.5/out/server/src/server.js:3:158100)\n    at /home/tiaguinni/.vscode/extensions/uqbar.wollok-lsp-ide-0.5.5/out/server/src/server.js:37:57871\n    at nd (/home/tiaguinni/.vscode/extensions/uqbar.wollok-lsp-ide-0.5.5/out/server/src/server.js:8:1561)","timestamp":"2026-09-23T13:21:30.902Z"}
{"level":"info","message":"⌛ Building environment","timeElapsed":140,"timestamp":"2026-09-23T13:21:31.715Z"}
{"level":"info","message":"⌛ Validating EXAMEN-Wollok/example.wlk","timeElapsed":195,"timestamp":"2026-09-23T13:21:31.920Z"}
{"level":"info","message":"⌛ Building environment","timeElapsed":102,"timestamp":"2026-09-23T13:21:32.023Z"}
{"level":"info","message":"⌛ Validating EXAMEN-Wollok/example.wlk","timeElapsed":152,"timestamp":"2026-09-23T13:21:32.182Z"}
{"level":"info","message":"⌛ Building environment","timeElapsed":153,"timestamp":"2026-09-23T13:21:37.615Z"}
{"level":"info","message":"⌛ Validating EXAMEN-Wollok/example.wlk","timeElapsed":142,"timestamp":"2026-09-23T13:21:37.759Z"}
{"level":"info","message":"⌛ Building environment","timeElapsed":134,"timestamp":"2026-09-23T13:21:39.402Z"}
{"level":"info","message":"⌛ Validating EXAMEN-Wollok/example.wlk","timeElapsed":142,"timestamp":"2026-09-23T13:21:39.548Z"}
{"level":"info","message":"⌛ Building environment","timeElapsed":140,"timestamp":"2026-09-23T13:21:41.044Z"}
{"level":"info","message":"⌛ Building environment","timeElapsed":144,"timestamp":"2026-09-23T13:21:41.189Z"}
{"level":"info","message":"⌛ Building environment","timeElapsed":138,"timestamp":"2026-09-23T13:21:41.327Z"}
{"level":"info","message":"⌛ Validating EXAMEN-Wollok/example.wlk","timeElapsed":158,"timestamp":"2026-09-23T13:21:41.504Z"}
{"level":"info","message":"⌛ Validating EXAMEN-Wollok/example.wlk","timeElapsed":144,"timestamp":"2026-09-23T13:21:41.753Z"}
{"level":"info","message":"⌛ Validating EXAMEN-Wollok/example.wlk","timeElapsed":142,"timestamp":"2026-09-23T13:21:41.986Z"}
{"level":"info","message":"⌛ Validating EXAMEN-Wollok/example.wlk","timeElapsed":143,"timestamp":"2026-09-23T13:21:42.135Z"}
{"level":"info","message":"⌛ Validating EXAMEN-Wollok/example.wlk","timeElapsed":167,"timestamp":"2026-09-23T13:21:42.303Z"}
{"level":"info","message":"⌛ Building environment","timeElapsed":108,"timestamp":"2026-09-23T13:21:42.411Z"}
{"level":"info","message":"⌛ Validating EXAMEN-Wollok/example.wlk","timeElapsed":173,"timestamp":"2026-09-23T13:21:42.588Z"}
{"level":"info","message":"⌛ Building environment","timeElapsed":113,"timestamp":"2026-09-23T13:21:42.710Z"}
{"level":"info","message":"⌛ Validating EXAMEN-Wollok/example.wlk","timeElapsed":162,"timestamp":"2026-09-23T13:21:42.978Z"}
{"level":"info","message":"⌛ Validating EXAMEN-Wollok/example.wlk","timeElapsed":127,"timestamp":"2026-09-23T13:21:43.106Z"}
{"level":"info","message":"⌛ Building environment","timeElapsed":143,"timestamp":"2026-09-23T13:21:43.319Z"}
{"level":"info","message":"⌛ Building environment","timeElapsed":119,"timestamp":"2026-09-23T13:21:43.444Z"}
{"level":"info","message":"⌛ Validating EXAMEN-Wollok/example.wlk","timeElapsed":203,"timestamp":"2026-09-23T13:21:43.647Z"}
{"level":"info","message":"⌛ Building environment","timeElapsed":136,"timestamp":"2026-09-23T13:21:43.784Z"}
{"level":"info","message":"⌛ Validating EXAMEN-Wollok/example.wlk","timeElapsed":332,"timestamp":"2026-09-23T13:21:44.123Z"}
{"level":"info","message":"⌛ Building environment","timeElapsed":107,"timestamp":"2026-09-23T13:21:44.229Z"}
{"level":"info","message":"⌛ Building environment","timeElapsed":111,"timestamp":"2026-09-23T13:21:44.447Z"}
{"level":"info","message":"⌛ Validating EXAMEN-Wollok/example.wlk","timeElapsed":162,"timestamp":"2026-09-23T13:21:44.610Z"}
{"level":"info","message":"⌛ Building environment","timeElapsed":112,"timestamp":"2026-09-23T13:21:44.728Z"}
{"level":"info","message":"⌛ Validating EXAMEN-Wollok/example.wlk","timeElapsed":159,"timestamp":"2026-09-23T13:21:44.892Z"}
{"level":"info","message":"⌛ Validating EXAMEN-Wollok/example.wlk","timeElapsed":192,"timestamp":"2026-09-23T13:21:45.169Z"}
{"level":"info","message":"⌛ Validating EXAMEN-Wollok/example.wlk","timeElapsed":175,"timestamp":"2026-09-23T13:21:45.354Z"}
{"level":"info","message":"⌛ Validating EXAMEN-Wollok/example.wlk","timeElapsed":157,"timestamp":"2026-09-23T13:21:45.516Z"}
{"level":"info","message":"⌛ Validating EXAMEN-Wollok/example.wlk","timeElapsed":141,"timestamp":"2026-09-23T13:21:45.660Z"}
{"level":"info","message":"⌛ Building environment","timeElapsed":177,"timestamp":"2026-09-23T13:21:45.839Z"}
{"level":"info","message":"⌛ Building environment","timeElapsed":128,"timestamp":"2026-09-23T13:21:45.968Z"}
{"level":"info","message":"⌛ Building environment","timeElapsed":136,"timestamp":"2026-09-23T13:21:46.227Z"}
{"level":"info","message":"⌛ Building environment","timeElapsed":115,"timestamp":"2026-09-23T13:21:46.343Z"}
{"level":"info","message":"⌛ Validating EXAMEN-Wollok/example.wlk","timeElapsed":178,"timestamp":"2026-09-23T13:21:46.521Z"}
{"level":"info","message":"⌛ Validating EXAMEN-Wollok/example.wlk","timeElapsed":193,"timestamp":"2026-09-23T13:21:46.911Z"}
{"level":"info","message":"⌛ Validating EXAMEN-Wollok/example.wlk","timeElapsed":149,"timestamp":"2026-09-23T13:21:47.062Z"}
{"level":"info","message":"⌛ Validating EXAMEN-Wollok/example.wlk","timeElapsed":165,"timestamp":"2026-09-23T13:21:47.327Z"}
{"level":"info","message":"⌛ Validating EXAMEN-Wollok/example.wlk","timeElapsed":168,"timestamp":"2026-09-23T13:21:47.590Z"}
{"level":"info","message":"⌛ Building environment","timeElapsed":108,"timestamp":"2026-09-23T13:21:47.699Z"}
{"level":"info","message":"⌛ Validating EXAMEN-Wollok/example.wlk","timeElapsed":158,"timestamp":"2026-09-23T13:21:47.858Z"}
{"level":"info","message":"⌛ Validating EXAMEN-Wollok/example.wlk","timeElapsed":157,"timestamp":"2026-09-23T13:21:48.086Z"}
{"level":"info","message":"⌛ Building environment","timeElapsed":123,"timestamp":"2026-09-23T13:21:48.209Z"}
{"level":"info","message":"⌛ Building environment","timeElapsed":129,"timestamp":"2026-09-23T13:21:48.346Z"}
{"level":"info","message":"⌛ Validating EXAMEN-Wollok/example.wlk","timeElapsed":173,"timestamp":"2026-09-23T13:21:48.620Z"}
{"level":"info","message":"⌛ Building environment","timeElapsed":111,"timestamp":"2026-09-23T13:21:48.827Z"}
{"level":"info","message":"⌛ Validating EXAMEN-Wollok/example.wlk","timeElapsed":156,"timestamp":"2026-09-23T13:21:48.984Z"}
{"level":"info","message":"⌛ Validating EXAMEN-Wollok/example.wlk","timeElapsed":146,"timestamp":"2026-09-23T13:21:49.138Z"}
{"level":"info","message":"⌛ Validating EXAMEN-Wollok/example.wlk","timeElapsed":145,"timestamp":"2026-09-23T13:21:49.289Z"}
{"level":"info","message":"⌛ Validating EXAMEN-Wollok/example.wlk","timeElapsed":134,"timestamp":"2026-09-23T13:21:49.530Z"}
{"level":"info","message":"⌛ Validating EXAMEN-Wollok/example.wlk","timeElapsed":130,"timestamp":"2026-09-23T13:21:49.667Z"}
{"level":"info","message":"⌛ Validating EXAMEN-Wollok/example.wlk","timeElapsed":155,"timestamp":"2026-09-23T13:21:49.908Z"}
{"level":"info","message":"⌛ Validating EXAMEN-Wollok/example.wlk","timeElapsed":145,"timestamp":"2026-09-23T13:21:50.146Z"}
{"level":"info","message":"⌛ Validating EXAMEN-Wollok/example.wlk","timeElapsed":131,"timestamp":"2026-09-23T13:21:50.285Z"}
{"level":"info","message":"⌛ Validating EXAMEN-Wollok/example.wlk","timeElapsed":155,"timestamp":"2026-09-23T13:21:50.536Z"}
{"level":"info","message":"⌛ Validating EXAMEN-Wollok/example.wlk","timeElapsed":188,"timestamp":"2026-09-23T13:21:50.726Z"}
{"level":"info","message":"⌛ Building environment","timeElapsed":141,"timestamp":"2026-09-23T13:21:50.875Z"}
{"level":"info","message":"⌛ Validating EXAMEN-Wollok/example.wlk","timeElapsed":152,"timestamp":"2026-09-23T13:21:51.027Z"}
{"level":"info","message":"⌛ Building environment","timeElapsed":109,"timestamp":"2026-09-23T13:21:51.238Z"}
{"level":"info","message":"⌛ Validating EXAMEN-Wollok/example.wlk","timeElapsed":154,"timestamp":"2026-09-23T13:21:51.392Z"}
{"level":"info","message":"⌛ Validating EXAMEN-Wollok/example.wlk","timeElapsed":147,"timestamp":"2026-09-23T13:21:51.640Z"}
{"level":"info","message":"⌛ Validating EXAMEN-Wollok/example.wlk","timeElapsed":140,"timestamp":"2026-09-23T13:21:51.784Z"}
{"level":"info","message":"⌛ Validating EXAMEN-Wollok/example.wlk","timeElapsed":156,"timestamp":"2026-09-23T13:21:51.946Z"}
{"level":"info","message":"⌛ Validating EXAMEN-Wollok/example.wlk","timeElapsed":149,"timestamp":"2026-09-23T13:21:52.182Z"}
{"level":"info","message":"⌛ Building environment","timeElapsed":109,"timestamp":"2026-09-23T13:21:52.651Z"}
{"level":"info","message":"⌛ Validating EXAMEN-Wollok/example.wlk","timeElapsed":146,"timestamp":"2026-09-23T13:21:52.801Z"}
{"level":"info","message":"⌛ Building environment","timeElapsed":122,"timestamp":"2026-09-23T13:21:52.977Z"}
{"level":"info","message":"⌛ Validating EXAMEN-Wollok/example.wlk","timeElapsed":160,"timestamp":"2026-09-23T13:21:53.143Z"}
{"level":"info","message":"⌛ Validating EXAMEN-Wollok/example.wlk","timeElapsed":158,"timestamp":"2026-09-23T13:21:53.395Z"}
{"level":"info","message":"⌛ Building environment","timeElapsed":175,"timestamp":"2026-09-23T13:21:53.572Z"}
{"level":"info","message":"⌛ Building environment","timeElapsed":121,"timestamp":"2026-09-23T13:21:53.701Z"}
{"level":"info","message":"⌛ Validating EXAMEN-Wollok/example.wlk","timeElapsed":197,"timestamp":"2026-09-23T13:21:53.898Z"}
{"level":"info","message":"⌛ Validating EXAMEN-Wollok/example.wlk","timeElapsed":147,"timestamp":"2026-09-23T13:21:54.052Z"}
{"level":"info","message":"⌛ Building environment","timeElapsed":116,"timestamp":"2026-09-23T13:21:54.168Z"}
{"level":"info","message":"⌛ Validating EXAMEN-Wollok/example.wlk","timeElapsed":175,"timestamp":"2026-09-23T13:21:54.356Z"}
{"level":"info","message":"⌛ Building environment","timeElapsed":117,"timestamp":"2026-09-23T13:21:54.579Z"}
{"level":"info","message":"⌛ Validating EXAMEN-Wollok/example.wlk","timeElapsed":182,"timestamp":"2026-09-23T13:21:54.762Z"}
{"level":"info","message":"⌛ Building environment","timeElapsed":112,"timestamp":"2026-09-23T13:21:54.876Z"}
{"level":"info","message":"⌛ Validating EXAMEN-Wollok/example.wlk","timeElapsed":159,"timestamp":"2026-09-23T13:21:55.035Z"}
{"level":"info","message":"⌛ Validating EXAMEN-Wollok/example.wlk","timeElapsed":150,"timestamp":"2026-09-23T13:21:55.376Z"}
{"level":"info","message":"⌛ Validating EXAMEN-Wollok/example.wlk","timeElapsed":130,"timestamp":"2026-09-23T13:21:55.512Z"}
{"level":"info","message":"⌛ Validating EXAMEN-Wollok/example.wlk","timeElapsed":143,"timestamp":"2026-09-23T13:21:55.656Z"}
{"level":"info","message":"⌛ Building environment","timeElapsed":144,"timestamp":"2026-09-23T13:22:20.911Z"}
{"level":"info","message":"⌛ Validating EXAMEN-Wollok/example.wlk","timeElapsed":177,"timestamp":"2026-09-23T13:22:21.675Z"}
{"level":"info","message":"⌛ Building environment","timeElapsed":127,"timestamp":"2026-09-23T13:22:21.803Z"}
{"level":"info","message":"⌛ Validating EXAMEN-Wollok/example.wlk","timeElapsed":238,"timestamp":"2026-09-23T13:22:22.065Z"}
{"level":"info","message":"⌛ Building environment","timeElapsed":104,"timestamp":"2026-09-23T13:22:22.314Z"}
{"level":"info","message":"⌛ Validating EXAMEN-Wollok/example.wlk","timeElapsed":146,"timestamp":"2026-09-23T13:22:22.468Z"}
{"level":"info","message":"⌛ Building environment","timeElapsed":151,"timestamp":"2026-09-23T13:22:27.450Z"}
{"level":"info","message":"⌛ Validating EXAMEN-Wollok/example.wlk","timeElapsed":166,"timestamp":"2026-09-23T13:22:27.619Z"}
{"level":"info","message":"⌛ Building environment","timeElapsed":112,"timestamp":"2026-09-23T13:22:28.713Z"}
{"level":"info","message":"⌛ Validating EXAMEN-Wollok/example.wlk","timeElapsed":156,"timestamp":"2026-09-23T13:22:28.873Z"}
{"level":"info","message":"⌛ Building environment","timeElapsed":109,"timestamp":"2026-09-23T13:22:29.277Z"}
{"level":"info","message":"⌛ Validating EXAMEN-Wollok/example.wlk","timeElapsed":174,"timestamp":"2026-09-23T13:22:29.455Z"}
{"level":"info","message":"⌛ Building environment","timeElapsed":135,"timestamp":"2026-09-23T13:22:29.617Z"}
{"level":"info","message":"⌛ Building environment","timeElapsed":115,"timestamp":"2026-09-23T13:22:29.732Z"}
{"level":"info","message":"⌛ Validating EXAMEN-Wollok/example.wlk","timeElapsed":161,"timestamp":"2026-09-23T13:22:29.893Z"}
{"level":"info","message":"⌛ Validating EXAMEN-Wollok/example.wlk","timeElapsed":197,"timestamp":"2026-09-23T13:22:30.090Z"}
{"level":"info","message":"⌛ Building environment","timeElapsed":171,"timestamp":"2026-09-23T13:22:30.277Z"}
{"level":"info","message":"⌛ Building environment","timeElapsed":133,"timestamp":"2026-09-23T13:22:30.417Z"}
{"level":"info","message":"⌛ Building environment","timeElapsed":113,"timestamp":"2026-09-23T13:22:30.547Z"}
{"level":"info","message":"⌛ Validating EXAMEN-Wollok/example.wlk","timeElapsed":157,"timestamp":"2026-09-23T13:22:30.704Z"}
{"level":"info","message":"⌛ Building environment","timeElapsed":116,"timestamp":"2026-09-23T13:22:30.821Z"}
{"level":"info","message":"⌛ Validating EXAMEN-Wollok/example.wlk","timeElapsed":144,"timestamp":"2026-09-23T13:22:30.966Z"}
{"level":"info","message":"⌛ Validating EXAMEN-Wollok/example.wlk","timeElapsed":206,"timestamp":"2026-09-23T13:22:31.235Z"}
{"level":"info","message":"⌛ Building environment","timeElapsed":130,"timestamp":"2026-09-23T13:22:31.370Z"}
{"level":"info","message":"⌛ Validating EXAMEN-Wollok/example.wlk","timeElapsed":149,"timestamp":"2026-09-23T13:22:31.525Z"}
{"level":"info","message":"⌛ Building environment","timeElapsed":101,"timestamp":"2026-09-23T13:22:31.825Z"}
{"level":"info","message":"⌛ Validating EXAMEN-Wollok/example.wlk","timeElapsed":139,"timestamp":"2026-09-23T13:22:31.984Z"}
{"level":"info","message":"⌛ Validating EXAMEN-Wollok/example.wlk","timeElapsed":151,"timestamp":"2026-09-23T13:22:32.140Z"}
{"level":"info","message":"⌛ Validating EXAMEN-Wollok/example.wlk","timeElapsed":147,"timestamp":"2026-09-23T13:22:32.288Z"}
{"level":"info","message":"⌛ Validating EXAMEN-Wollok/example.wlk","timeElapsed":142,"timestamp":"2026-09-23T13:22:32.433Z"}
{"level":"info","message":"⌛ Building environment","timeElapsed":115,"timestamp":"2026-09-23T13:22:33.189Z"}
{"level":"info","message":"⌛ Validating EXAMEN-Wollok/example.wlk","timeElapsed":142,"timestamp":"2026-09-23T13:22:33.335Z"}
{"level":"info","message":"⌛ Building environment","timeElapsed":151,"timestamp":"2026-09-23T13:22:33.777Z"}
{"level":"info","message":"⌛ Validating EXAMEN-Wollok/example.wlk","timeElapsed":155,"timestamp":"2026-09-23T13:22:34.043Z"}
{"level":"info","message":"⌛ Validating EXAMEN-Wollok/example.wlk","timeElapsed":173,"timestamp":"2026-09-23T13:22:34.218Z"}
{"level":"info","message":"⌛ Building environment","timeElapsed":106,"timestamp":"2026-09-23T13:22:34.391Z"}
{"level":"info","message":"⌛ Validating EXAMEN-Wollok/example.wlk","timeElapsed":146,"timestamp":"2026-09-23T13:22:34.540Z"}
{"level":"info","message":"⌛ Building environment","timeElapsed":139,"timestamp":"2026-09-23T13:22:34.845Z"}
{"level":"info","message":"⌛ Validating EXAMEN-Wollok/example.wlk","timeElapsed":175,"timestamp":"2026-09-23T13:22:35.032Z"}
{"level":"info","message":"⌛ Building environment","timeElapsed":102,"timestamp":"2026-09-23T13:22:35.134Z"}
{"level":"info","message":"⌛ Validating EXAMEN-Wollok/example.wlk","timeElapsed":166,"timestamp":"2026-09-23T13:22:35.304Z"}
{"level":"info","message":"⌛ Validating EXAMEN-Wollok/example.wlk","timeElapsed":147,"timestamp":"2026-09-23T13:22:35.551Z"}
{"level":"info","message":"⌛ Building environment","timeElapsed":114,"timestamp":"2026-09-23T13:22:35.748Z"}
{"level":"info","message":"⌛ Validating EXAMEN-Wollok/example.wlk","timeElapsed":146,"timestamp":"2026-09-23T13:22:35.898Z"}
{"level":"info","message":"⌛ Building environment","timeElapsed":101,"timestamp":"2026-09-23T13:22:36.458Z"}
{"level":"info","message":"⌛ Validating EXAMEN-Wollok/example.wlk","timeElapsed":151,"timestamp":"2026-09-23T13:22:36.617Z"}
{"level":"info","message":"⌛ Building environment","timeElapsed":131,"timestamp":"2026-09-23T13:22:37.982Z"}
{"level":"info","message":"⌛ Validating EXAMEN-Wollok/example.wlk","timeElapsed":138,"timestamp":"2026-09-23T13:22:38.130Z"}
{"level":"info","message":"⌛ Building environment","timeElapsed":146,"timestamp":"2026-09-23T13:22:41.202Z"}
{"level":"info","message":"⌛ Validating EXAMEN-Wollok/example.wlk","timeElapsed":139,"timestamp":"2026-09-23T13:22:41.348Z"}
{"level":"info","message":"⌛ Building environment","timeElapsed":206,"timestamp":"2026-09-23T13:22:43.085Z"}
{"level":"info","message":"⌛ Validating EXAMEN-Wollok/example.wlk","timeElapsed":192,"timestamp":"2026-09-23T13:22:43.293Z"}
{"level":"info","message":"⌛ Validating EXAMEN-Wollok/example.wlk","timeElapsed":142,"timestamp":"2026-09-23T13:22:43.583Z"}
{"level":"info","message":"⌛ Building environment","timeElapsed":115,"timestamp":"2026-09-23T13:22:44.068Z"}
{"level":"info","message":"⌛ Validating EXAMEN-Wollok/example.wlk","timeElapsed":200,"timestamp":"2026-09-23T13:22:44.272Z"}
{"level":"info","message":"⌛ Building environment","timeElapsed":114,"timestamp":"2026-09-23T13:22:44.664Z"}
{"level":"info","message":"⌛ Validating EXAMEN-Wollok/example.wlk","timeElapsed":183,"timestamp":"2026-09-23T13:22:44.851Z"}
{"level":"info","message":"⌛ Building environment","timeElapsed":105,"timestamp":"2026-09-23T13:22:44.959Z"}
{"level":"info","message":"⌛ Validating EXAMEN-Wollok/example.wlk","timeElapsed":170,"timestamp":"2026-09-23T13:22:45.132Z"}
{"level":"info","message":"⌛ Building environment","timeElapsed":106,"timestamp":"2026-09-23T13:22:45.239Z"}
{"level":"info","message":"⌛ Validating EXAMEN-Wollok/example.wlk","timeElapsed":161,"timestamp":"2026-09-23T13:22:45.405Z"}
{"level":"info","message":"⌛ Validating EXAMEN-Wollok/example.wlk","timeElapsed":150,"timestamp":"2026-09-23T13:22:45.739Z"}
{"level":"info","message":"⌛ Building environment","timeElapsed":115,"timestamp":"2026-09-23T13:22:45.858Z"}
{"level":"info","message":"⌛ Validating EXAMEN-Wollok/example.wlk","timeElapsed":162,"timestamp":"2026-09-23T13:22:46.024Z"}
{"level":"info","message":"⌛ Building environment","timeElapsed":105,"timestamp":"2026-09-23T13:22:46.130Z"}
{"level":"info","message":"⌛ Building environment","timeElapsed":111,"timestamp":"2026-09-23T13:22:46.248Z"}
{"level":"info","message":"⌛ Validating EXAMEN-Wollok/example.wlk","timeElapsed":148,"timestamp":"2026-09-23T13:22:46.408Z"}
{"level":"info","message":"⌛ Validating EXAMEN-Wollok/example.wlk","timeElapsed":151,"timestamp":"2026-09-23T13:22:46.566Z"}
{"level":"info","message":"⌛ Building environment","timeElapsed":121,"timestamp":"2026-09-23T13:22:46.691Z"}
{"level":"info","message":"⌛ Validating EXAMEN-Wollok/example.wlk","timeElapsed":176,"timestamp":"2026-09-23T13:22:46.981Z"}
{"level":"info","message":"⌛ Validating EXAMEN-Wollok/example.wlk","timeElapsed":242,"timestamp":"2026-09-23T13:22:47.225Z"}
{"level":"info","message":"⌛ Building environment","timeElapsed":116,"timestamp":"2026-09-23T13:22:47.346Z"}
{"level":"info","message":"⌛ Building environment","timeElapsed":119,"timestamp":"2026-09-23T13:22:47.472Z"}
{"level":"info","message":"⌛ Validating EXAMEN-Wollok/example.wlk","timeElapsed":149,"timestamp":"2026-09-23T13:22:47.622Z"}
{"level":"info","message":"⌛ Building environment","timeElapsed":112,"timestamp":"2026-09-23T13:22:47.735Z"}
{"level":"info","message":"⌛ Validating EXAMEN-Wollok/example.wlk","timeElapsed":166,"timestamp":"2026-09-23T13:22:47.912Z"}
{"level":"info","message":"⌛ Building environment","timeElapsed":132,"timestamp":"2026-09-23T13:22:48.148Z"}
{"level":"info","message":"⌛ Validating EXAMEN-Wollok/example.wlk","timeElapsed":161,"timestamp":"2026-09-23T13:22:48.310Z"}
{"level":"info","message":"⌛ Building environment","timeElapsed":140,"timestamp":"2026-09-23T13:22:48.451Z"}
{"level":"info","message":"⌛ Validating EXAMEN-Wollok/example.wlk","timeElapsed":148,"timestamp":"2026-09-23T13:22:48.610Z"}
{"level":"info","message":"⌛ Building environment","timeElapsed":122,"timestamp":"2026-09-23T13:22:48.732Z"}
{"level":"info","message":"⌛ Validating EXAMEN-Wollok/example.wlk","timeElapsed":149,"timestamp":"2026-09-23T13:22:48.881Z"}
{"level":"info","message":"⌛ Validating EXAMEN-Wollok/example.wlk","timeElapsed":161,"timestamp":"2026-09-23T13:22:49.237Z"}
{"level":"info","message":"⌛ Building environment","timeElapsed":114,"timestamp":"2026-09-23T13:22:49.432Z"}
{"level":"info","message":"⌛ Validating EXAMEN-Wollok/example.wlk","timeElapsed":165,"timestamp":"2026-09-23T13:22:49.598Z"}
{"level":"info","message":"⌛ Building environment","timeElapsed":102,"timestamp":"2026-09-23T13:22:49.701Z"}
{"level":"info","message":"⌛ Validating EXAMEN-Wollok/example.wlk","timeElapsed":149,"timestamp":"2026-09-23T13:22:49.859Z"}
{"level":"info","message":"⌛ Building environment","timeElapsed":102,"timestamp":"2026-09-23T13:22:49.963Z"}
{"level":"info","message":"⌛ Validating EXAMEN-Wollok/example.wlk","timeElapsed":172,"timestamp":"2026-09-23T13:22:50.135Z"}
{"level":"info","message":"⌛ Validating EXAMEN-Wollok/example.wlk","timeElapsed":145,"timestamp":"2026-09-23T13:22:50.288Z"}
{"level":"info","message":"⌛ Validating EXAMEN-Wollok/example.wlk","timeElapsed":157,"timestamp":"2026-09-23T13:22:50.448Z"}
{"level":"info","message":"⌛ Validating EXAMEN-Wollok/example.wlk","timeElapsed":149,"timestamp":"2026-09-23T13:22:50.598Z"}
{"level":"info","message":"⌛ Building environment","timeElapsed":106,"timestamp":"2026-09-23T13:22:50.705Z"}
{"level":"info","message":"⌛ Validating EXAMEN-Wollok/example.wlk","timeElapsed":143,"timestamp":"2026-09-23T13:22:50.861Z"}
{"level":"info","message":"⌛ Building environment","timeElapsed":105,"timestamp":"2026-09-23T13:22:51.496Z"}
{"level":"info","message":"⌛ Validating EXAMEN-Wollok/example.wlk","timeElapsed":136,"timestamp":"2026-09-23T13:22:51.639Z"}
{"level":"info","message":"⌛ Building environment","timeElapsed":133,"timestamp":"2026-09-23T13:22:54.622Z"}
{"level":"info","message":"⌛ Validating EXAMEN-Wollok/example.wlk","timeElapsed":152,"timestamp":"2026-09-23T13:22:54.781Z"}
{"level":"info","message":"⌛ Building environment","timeElapsed":125,"timestamp":"2026-09-23T13:22:56.234Z"}
{"level":"info","message":"⌛ Validating EXAMEN-Wollok/example.wlk","timeElapsed":141,"timestamp":"2026-09-23T13:22:56.384Z"}
{"level":"info","message":"⌛ Building environment","timeElapsed":149,"timestamp":"2026-09-23T13:22:57.738Z"}
{"level":"info","message":"⌛ Validating EXAMEN-Wollok/example.wlk","timeElapsed":185,"timestamp":"2026-09-23T13:22:58.018Z"}
{"level":"info","message":"⌛ Building environment","timeElapsed":248,"timestamp":"2026-09-23T13:22:58.269Z"}
{"level":"info","message":"⌛ Validating EXAMEN-Wollok/example.wlk","timeElapsed":185,"timestamp":"2026-09-23T13:22:58.455Z"}
{"level":"info","message":"⌛ Building environment","timeElapsed":139,"timestamp":"2026-09-23T13:22:58.594Z"}
{"level":"info","message":"⌛ Validating EXAMEN-Wollok/example.wlk","timeElapsed":155,"timestamp":"2026-09-23T13:22:58.859Z"}
{"level":"info","message":"⌛ Validating EXAMEN-Wollok/example.wlk","timeElapsed":174,"timestamp":"2026-09-23T13:22:59.230Z"}
{"level":"info","message":"⌛ Validating EXAMEN-Wollok/example.wlk","timeElapsed":180,"timestamp":"2026-09-23T13:22:59.413Z"}
{"level":"info","message":"⌛ Validating EXAMEN-Wollok/example.wlk","timeElapsed":159,"timestamp":"2026-09-23T13:22:59.582Z"}
{"level":"info","message":"⌛ Validating EXAMEN-Wollok/example.wlk","timeElapsed":147,"timestamp":"2026-09-23T13:22:59.729Z"}
{"level":"error","message":"✘ Completions for node Literal ([24:20, 24:30] - EXAMEN-Wollok/example.wlk) failed: Error: wollok.lang.Set [Reference]{eb5f75} at EXAMEN-Wollok/example.wlk:--,malaria [Reference]{ec939e} at EXAMEN-Wollok/example.wlk:24 [Literal]{a14b0a} at EXAMEN-Wollok/example.wlk:24 exhausted all cases without a match wollok.lang.Set [Reference]{eb5f75} at EXAMEN-Wollok/example.wlk:--,malaria [Reference]{ec939e} at EXAMEN-Wollok/example.wlk:24 [Literal]{a14b0a} at EXAMEN-Wollok/example.wlk:24 exhausted all cases without a match","stack":"Error: wollok.lang.Set [Reference]{eb5f75} at EXAMEN-Wollok/example.wlk:--,malaria [Reference]{ec939e} at EXAMEN-Wollok/example.wlk:24 [Literal]{a14b0a} at EXAMEN-Wollok/example.wlk:24 exhausted all cases without a match\n    at /home/tiaguinni/.vscode/extensions/uqbar.wollok-lsp-ide-0.5.5/out/server/src/server.js:38:6142\n    at L2 (/home/tiaguinni/.vscode/extensions/uqbar.wollok-lsp-ide-0.5.5/out/server/src/server.js:2421:42)\n    at Jh (/home/tiaguinni/.vscode/extensions/uqbar.wollok-lsp-ide-0.5.5/out/server/src/server.js:2421:1092)\n    at w5n (/home/tiaguinni/.vscode/extensions/uqbar.wollok-lsp-ide-0.5.5/out/server/src/server.js:2421:1248)\n    at /home/tiaguinni/.vscode/extensions/uqbar.wollok-lsp-ide-0.5.5/out/server/src/server.js:38:6131\n    at L2 (/home/tiaguinni/.vscode/extensions/uqbar.wollok-lsp-ide-0.5.5/out/server/src/server.js:2421:42)\n    at /home/tiaguinni/.vscode/extensions/uqbar.wollok-lsp-ide-0.5.5/out/server/src/server.js:2421:2988\n    at /home/tiaguinni/.vscode/extensions/uqbar.wollok-lsp-ide-0.5.5/out/server/src/server.js:2430:8440\n    at /home/tiaguinni/.vscode/extensions/uqbar.wollok-lsp-ide-0.5.5/out/server/src/server.js:37:74872\n    at Ke (/home/tiaguinni/.vscode/extensions/uqbar.wollok-lsp-ide-0.5.5/out/server/src/server.js:7:8527)","timestamp":"2026-09-23T13:22:59.759Z"}
{"level":"error","message":"✘ Completions for node NamedArgument ([24:5, 24:30] - EXAMEN-Wollok/example.wlk) failed: Error: [NamedArgument]{7a3344} at EXAMEN-Wollok/example.wlk:24 exhausted all cases without a match [NamedArgument]{7a3344} at EXAMEN-Wollok/example.wlk:24 exhausted all cases without a match","stack":"Error: [NamedArgument]{7a3344} at EXAMEN-Wollok/example.wlk:24 exhausted all cases without a match\n    at /home/tiaguinni/.vscode/extensions/uqbar.wollok-lsp-ide-0.5.5/out/server/src/server.js:38:6142\n    at L2 (/home/tiaguinni/.vscode/extensions/uqbar.wollok-lsp-ide-0.5.5/out/server/src/server.js:2421:42)\n    at Jh (/home/tiaguinni/.vscode/extensions/uqbar.wollok-lsp-ide-0.5.5/out/server/src/server.js:2421:1092)\n    at L2 (/home/tiaguinni/.vscode/extensions/uqbar.wollok-lsp-ide-0.5.5/out/server/src/server.js:2421:544)\n    at Jh (/home/tiaguinni/.vscode/extensions/uqbar.wollok-lsp-ide-0.5.5/out/server/src/server.js:2421:1092)\n    at w5n (/home/tiaguinni/.vscode/extensions/uqbar.wollok-lsp-ide-0.5.5/out/server/src/server.js:2421:1248)\n    at /home/tiaguinni/.vscode/extensions/uqbar.wollok-lsp-ide-0.5.5/out/server/src/server.js:38:6131\n    at L2 (/home/tiaguinni/.vscode/extensions/uqbar.wollok-lsp-ide-0.5.5/out/server/src/server.js:2421:42)\n    at /home/tiaguinni/.vscode/extensions/uqbar.wollok-lsp-ide-0.5.5/out/server/src/server.js:2421:2988\n    at /home/tiaguinni/.vscode/extensions/uqbar.wollok-lsp-ide-0.5.5/out/server/src/server.js:2430:8440","timestamp":"2026-09-23T13:22:59.760Z"}
{"level":"info","message":"⌛ Building environment","timeElapsed":120,"timestamp":"2026-09-23T13:23:00.914Z"}
{"level":"info","message":"⌛ Validating EXAMEN-Wollok/example.wlk","timeElapsed":141,"timestamp":"2026-09-23T13:23:01.063Z"}
{"level":"info","message":"⌛ Validating EXAMEN-Wollok/example.wlk","timeElapsed":159,"timestamp":"2026-09-23T13:23:01.493Z"}
{"level":"info","message":"⌛ Building environment","timeElapsed":114,"timestamp":"2026-09-23T13:23:01.607Z"}
{"level":"info","message":"⌛ Validating EXAMEN-Wollok/example.wlk","timeElapsed":148,"timestamp":"2026-09-23T13:23:01.758Z"}
{"level":"error","message":"✘ Completions for node Literal ([24:20, 24:33] - EXAMEN-Wollok/example.wlk) failed: Error: wollok.lang.Set [Reference]{7db81b} at EXAMEN-Wollok/example.wlk:--,malaria500 [Reference]{b75722} at EXAMEN-Wollok/example.wlk:24 [Literal]{b47316} at EXAMEN-Wollok/example.wlk:24 exhausted all cases without a match wollok.lang.Set [Reference]{7db81b} at EXAMEN-Wollok/example.wlk:--,malaria500 [Reference]{b75722} at EXAMEN-Wollok/example.wlk:24 [Literal]{b47316} at EXAMEN-Wollok/example.wlk:24 exhausted all cases without a match","stack":"Error: wollok.lang.Set [Reference]{7db81b} at EXAMEN-Wollok/example.wlk:--,malaria500 [Reference]{b75722} at EXAMEN-Wollok/example.wlk:24 [Literal]{b47316} at EXAMEN-Wollok/example.wlk:24 exhausted all cases without a match\n    at /home/tiaguinni/.vscode/extensions/uqbar.wollok-lsp-ide-0.5.5/out/server/src/server.js:38:6142\n    at L2 (/home/tiaguinni/.vscode/extensions/uqbar.wollok-lsp-ide-0.5.5/out/server/src/server.js:2421:42)\n    at Jh (/home/tiaguinni/.vscode/extensions/uqbar.wollok-lsp-ide-0.5.5/out/server/src/server.js:2421:1092)\n    at w5n (/home/tiaguinni/.vscode/extensions/uqbar.wollok-lsp-ide-0.5.5/out/server/src/server.js:2421:1248)\n    at /home/tiaguinni/.vscode/extensions/uqbar.wollok-lsp-ide-0.5.5/out/server/src/server.js:38:6131\n    at L2 (/home/tiaguinni/.vscode/extensions/uqbar.wollok-lsp-ide-0.5.5/out/server/src/server.js:2421:42)\n    at /home/tiaguinni/.vscode/extensions/uqbar.wollok-lsp-ide-0.5.5/out/server/src/server.js:2421:2988\n    at /home/tiaguinni/.vscode/extensions/uqbar.wollok-lsp-ide-0.5.5/out/server/src/server.js:2430:8440\n    at /home/tiaguinni/.vscode/extensions/uqbar.wollok-lsp-ide-0.5.5/out/server/src/server.js:37:74872\n    at Ke (/home/tiaguinni/.vscode/extensions/uqbar.wollok-lsp-ide-0.5.5/out/server/src/server.js:7:8527)","timestamp":"2026-09-23T13:23:02.285Z"}
{"level":"error","message":"✘ Completions for node NamedArgument ([24:5, 24:33] - EXAMEN-Wollok/example.wlk) failed: Error: [NamedArgument]{a06bdf} at EXAMEN-Wollok/example.wlk:24 exhausted all cases without a match [NamedArgument]{a06bdf} at EXAMEN-Wollok/example.wlk:24 exhausted all cases without a match","stack":"Error: [NamedArgument]{a06bdf} at EXAMEN-Wollok/example.wlk:24 exhausted all cases without a match\n    at /home/tiaguinni/.vscode/extensions/uqbar.wollok-lsp-ide-0.5.5/out/server/src/server.js:38:6142\n    at L2 (/home/tiaguinni/.vscode/extensions/uqbar.wollok-lsp-ide-0.5.5/out/server/src/server.js:2421:42)\n    at Jh (/home/tiaguinni/.vscode/extensions/uqbar.wollok-lsp-ide-0.5.5/out/server/src/server.js:2421:1092)\n    at L2 (/home/tiaguinni/.vscode/extensions/uqbar.wollok-lsp-ide-0.5.5/out/server/src/server.js:2421:544)\n    at Jh (/home/tiaguinni/.vscode/extensions/uqbar.wollok-lsp-ide-0.5.5/out/server/src/server.js:2421:1092)\n    at w5n (/home/tiaguinni/.vscode/extensions/uqbar.wollok-lsp-ide-0.5.5/out/server/src/server.js:2421:1248)\n    at /home/tiaguinni/.vscode/extensions/uqbar.wollok-lsp-ide-0.5.5/out/server/src/server.js:38:6131\n    at L2 (/home/tiaguinni/.vscode/extensions/uqbar.wollok-lsp-ide-0.5.5/out/server/src/server.js:2421:42)\n    at /home/tiaguinni/.vscode/extensions/uqbar.wollok-lsp-ide-0.5.5/out/server/src/server.js:2421:2988\n    at /home/tiaguinni/.vscode/extensions/uqbar.wollok-lsp-ide-0.5.5/out/server/src/server.js:2430:8440","timestamp":"2026-09-23T13:23:02.285Z"}
{"level":"info","message":"⌛ Building environment","timeElapsed":185,"timestamp":"2026-09-23T13:23:22.800Z"}
{"level":"info","message":"⌛ Validating EXAMEN-Wollok/example.wlk","timeElapsed":271,"timestamp":"2026-09-23T13:23:23.081Z"}
{"level":"info","message":"⌛ Building environment","timeElapsed":107,"timestamp":"2026-09-23T13:23:23.196Z"}
{"level":"info","message":"⌛ Validating EXAMEN-Wollok/example.wlk","timeElapsed":167,"timestamp":"2026-09-23T13:23:23.377Z"}
{"level":"info","message":"⌛ Building environment","timeElapsed":103,"timestamp":"2026-09-23T13:23:23.481Z"}
{"level":"info","message":"⌛ Building environment","timeElapsed":101,"timestamp":"2026-09-23T13:23:23.597Z"}
{"level":"info","message":"⌛ Validating EXAMEN-Wollok/example.wlk","timeElapsed":150,"timestamp":"2026-09-23T13:23:23.748Z"}
{"level":"info","message":"⌛ Validating EXAMEN-Wollok/example.wlk","timeElapsed":159,"timestamp":"2026-09-23T13:23:23.909Z"}
{"level":"info","message":"⌛ Building environment","timeElapsed":151,"timestamp":"2026-09-23T13:23:27.075Z"}
{"level":"info","message":"⌛ Validating EXAMEN-Wollok/example.wlk","timeElapsed":141,"timestamp":"2026-09-23T13:23:27.229Z"}
{"level":"info","message":"⌛ Building environment","timeElapsed":130,"timestamp":"2026-09-23T13:23:30.095Z"}
{"level":"info","message":"⌛ Validating EXAMEN-Wollok/example.wlk","timeElapsed":137,"timestamp":"2026-09-23T13:23:30.239Z"}
{"level":"info","message":"⌛ Building environment","timeElapsed":155,"timestamp":"2026-09-23T13:23:45.609Z"}
{"level":"info","message":"⌛ Validating EXAMEN-Wollok/testExample.wtest","timeElapsed":167,"timestamp":"2026-09-23T13:23:45.779Z"}
{"level":"info","message":"⌛ Building environment","timeElapsed":105,"timestamp":"2026-09-23T13:23:45.884Z"}
{"level":"info","message":"⌛ Building environment","timeElapsed":101,"timestamp":"2026-09-23T13:23:45.993Z"}
{"level":"info","message":"⌛ Validating EXAMEN-Wollok/testExample.wtest","timeElapsed":165,"timestamp":"2026-09-23T13:23:46.159Z"}
{"level":"info","message":"⌛ Validating EXAMEN-Wollok/testExample.wtest","timeElapsed":243,"timestamp":"2026-09-23T13:23:46.405Z"}
{"level":"info","message":"⌛ Building environment","timeElapsed":146,"timestamp":"2026-09-23T13:23:46.561Z"}
{"level":"info","message":"⌛ Building environment","timeElapsed":129,"timestamp":"2026-09-23T13:23:46.691Z"}
{"level":"info","message":"⌛ Validating EXAMEN-Wollok/testExample.wtest","timeElapsed":150,"timestamp":"2026-09-23T13:23:46.842Z"}
{"level":"info","message":"⌛ Building environment","timeElapsed":107,"timestamp":"2026-09-23T13:23:46.949Z"}
{"level":"info","message":"⌛ Validating EXAMEN-Wollok/testExample.wtest","timeElapsed":140,"timestamp":"2026-09-23T13:23:47.094Z"}
{"level":"info","message":"⌛ Validating EXAMEN-Wollok/testExample.wtest","timeElapsed":148,"timestamp":"2026-09-23T13:23:47.242Z"}
{"level":"info","message":"⌛ Building environment","timeElapsed":101,"timestamp":"2026-09-23T13:23:47.344Z"}
{"level":"info","message":"⌛ Validating EXAMEN-Wollok/testExample.wtest","timeElapsed":140,"timestamp":"2026-09-23T13:23:47.492Z"}
{"level":"error","message":"✘ Completions for node Send ([13:5, 13:27] - EXAMEN-Wollok/testExample.wtest) failed: Error: [Send]{19dec8} at EXAMEN-Wollok/testExample.wtest:13 exhausted all cases without a match [Send]{19dec8} at EXAMEN-Wollok/testExample.wtest:13 exhausted all cases without a match","stack":"Error: [Send]{19dec8} at EXAMEN-Wollok/testExample.wtest:13 exhausted all cases without a match\n    at /home/tiaguinni/.vscode/extensions/uqbar.wollok-lsp-ide-0.5.5/out/server/src/server.js:38:6142\n    at L2 (/home/tiaguinni/.vscode/extensions/uqbar.wollok-lsp-ide-0.5.5/out/server/src/server.js:2421:42)\n    at Jh (/home/tiaguinni/.vscode/extensions/uqbar.wollok-lsp-ide-0.5.5/out/server/src/server.js:2421:1092)\n    at w5n (/home/tiaguinni/.vscode/extensions/uqbar.wollok-lsp-ide-0.5.5/out/server/src/server.js:2421:1248)\n    at /home/tiaguinni/.vscode/extensions/uqbar.wollok-lsp-ide-0.5.5/out/server/src/server.js:38:6131\n    at L2 (/home/tiaguinni/.vscode/extensions/uqbar.wollok-lsp-ide-0.5.5/out/server/src/server.js:2421:42)\n    at /home/tiaguinni/.vscode/extensions/uqbar.wollok-lsp-ide-0.5.5/out/server/src/server.js:2421:2988\n    at /home/tiaguinni/.vscode/extensions/uqbar.wollok-lsp-ide-0.5.5/out/server/src/server.js:2430:8440\n    at /home/tiaguinni/.vscode/extensions/uqbar.wollok-lsp-ide-0.5.5/out/server/src/server.js:37:74872\n    at Ke (/home/tiaguinni/.vscode/extensions/uqbar.wollok-lsp-ide-0.5.5/out/server/src/server.js:7:8527)","timestamp":"2026-09-23T13:23:47.900Z"}
{"level":"info","message":"⌛ Building environment","timeElapsed":127,"timestamp":"2026-09-23T13:23:48.110Z"}
{"level":"info","message":"⌛ Validating EXAMEN-Wollok/testExample.wtest","timeElapsed":146,"timestamp":"2026-09-23T13:23:48.260Z"}
{"level":"error","message":"✘ Completions for node Send ([13:5, 13:28] - EXAMEN-Wollok/testExample.wtest) failed: Error: [Send]{0a95fb} at EXAMEN-Wollok/testExample.wtest:13 exhausted all cases without a match [Send]{0a95fb} at EXAMEN-Wollok/testExample.wtest:13 exhausted all cases without a match","stack":"Error: [Send]{0a95fb} at EXAMEN-Wollok/testExample.wtest:13 exhausted all cases without a match\n    at /home/tiaguinni/.vscode/extensions/uqbar.wollok-lsp-ide-0.5.5/out/server/src/server.js:38:6142\n    at L2 (/home/tiaguinni/.vscode/extensions/uqbar.wollok-lsp-ide-0.5.5/out/server/src/server.js:2421:42)\n    at Jh (/home/tiaguinni/.vscode/extensions/uqbar.wollok-lsp-ide-0.5.5/out/server/src/server.js:2421:1092)\n    at w5n (/home/tiaguinni/.vscode/extensions/uqbar.wollok-lsp-ide-0.5.5/out/server/src/server.js:2421:1248)\n    at /home/tiaguinni/.vscode/extensions/uqbar.wollok-lsp-ide-0.5.5/out/server/src/server.js:38:6131\n    at L2 (/home/tiaguinni/.vscode/extensions/uqbar.wollok-lsp-ide-0.5.5/out/server/src/server.js:2421:42)\n    at /home/tiaguinni/.vscode/extensions/uqbar.wollok-lsp-ide-0.5.5/out/server/src/server.js:2421:2988\n    at /home/tiaguinni/.vscode/extensions/uqbar.wollok-lsp-ide-0.5.5/out/server/src/server.js:2430:8440\n    at /home/tiaguinni/.vscode/extensions/uqbar.wollok-lsp-ide-0.5.5/out/server/src/server.js:37:74872\n    at Ke (/home/tiaguinni/.vscode/extensions/uqbar.wollok-lsp-ide-0.5.5/out/server/src/server.js:7:8527)","timestamp":"2026-09-23T13:23:48.810Z"}
{"level":"info","message":"⌛ Building environment","timeElapsed":145,"timestamp":"2026-09-23T13:23:49.327Z"}
{"level":"info","message":"⌛ Validating EXAMEN-Wollok/testExample.wtest","timeElapsed":163,"timestamp":"2026-09-23T13:23:49.494Z"}
{"level":"info","message":"⌛ Validating EXAMEN-Wollok/testExample.wtest","timeElapsed":134,"timestamp":"2026-09-23T13:23:49.726Z"}
{"level":"error","message":"✘ Completions for node Send ([13:5, 13:30] - EXAMEN-Wollok/testExample.wtest) failed: Error: [Send]{be4b01} at EXAMEN-Wollok/testExample.wtest:13 exhausted all cases without a match [Send]{be4b01} at EXAMEN-Wollok/testExample.wtest:13 exhausted all cases without a match","stack":"Error: [Send]{be4b01} at EXAMEN-Wollok/testExample.wtest:13 exhausted all cases without a match\n    at /home/tiaguinni/.vscode/extensions/uqbar.wollok-lsp-ide-0.5.5/out/server/src/server.js:38:6142\n    at L2 (/home/tiaguinni/.vscode/extensions/uqbar.wollok-lsp-ide-0.5.5/out/server/src/server.js:2421:42)\n    at Jh (/home/tiaguinni/.vscode/extensions/uqbar.wollok-lsp-ide-0.5.5/out/server/src/server.js:2421:1092)\n    at w5n (/home/tiaguinni/.vscode/extensions/uqbar.wollok-lsp-ide-0.5.5/out/server/src/server.js:2421:1248)\n    at /home/tiaguinni/.vscode/extensions/uqbar.wollok-lsp-ide-0.5.5/out/server/src/server.js:38:6131\n    at L2 (/home/tiaguinni/.vscode/extensions/uqbar.wollok-lsp-ide-0.5.5/out/server/src/server.js:2421:42)\n    at /home/tiaguinni/.vscode/extensions/uqbar.wollok-lsp-ide-0.5.5/out/server/src/server.js:2421:2988\n    at /home/tiaguinni/.vscode/extensions/uqbar.wollok-lsp-ide-0.5.5/out/server/src/server.js:2430:8440\n    at /home/tiaguinni/.vscode/extensions/uqbar.wollok-lsp-ide-0.5.5/out/server/src/server.js:37:74872\n    at Ke (/home/tiaguinni/.vscode/extensions/uqbar.wollok-lsp-ide-0.5.5/out/server/src/server.js:7:8527)","timestamp":"2026-09-23T13:23:50.163Z"}
{"level":"info","message":"⌛ Building environment","timeElapsed":127,"timestamp":"2026-09-23T13:23:50.861Z"}
{"level":"info","message":"⌛ Validating EXAMEN-Wollok/testExample.wtest","timeElapsed":141,"timestamp":"2026-09-23T13:23:51.012Z"}
{"level":"info","message":"⌛ Building environment","timeElapsed":130,"timestamp":"2026-09-23T13:23:51.594Z"}
{"level":"info","message":"⌛ Validating EXAMEN-Wollok/testExample.wtest","timeElapsed":197,"timestamp":"2026-09-23T13:23:51.794Z"}
{"level":"info","message":"⌛ Building environment","timeElapsed":151,"timestamp":"2026-09-23T13:23:51.947Z"}
{"level":"info","message":"⌛ Building environment","timeElapsed":121,"timestamp":"2026-09-23T13:23:52.068Z"}
{"level":"info","message":"⌛ Building environment","timeElapsed":103,"timestamp":"2026-09-23T13:23:52.172Z"}
{"level":"info","message":"⌛ Validating EXAMEN-Wollok/testExample.wtest","timeElapsed":145,"timestamp":"2026-09-23T13:23:52.318Z"}
{"level":"info","message":"⌛ Validating EXAMEN-Wollok/testExample.wtest","timeElapsed":165,"timestamp":"2026-09-23T13:23:52.490Z"}
{"level":"info","message":"⌛ Validating EXAMEN-Wollok/testExample.wtest","timeElapsed":139,"timestamp":"2026-09-23T13:23:52.632Z"}
{"level":"info","message":"⌛ Building environment","timeElapsed":126,"timestamp":"2026-09-23T13:23:52.759Z"}
{"level":"info","message":"⌛ Validating EXAMEN-Wollok/testExample.wtest","timeElapsed":171,"timestamp":"2026-09-23T13:23:52.938Z"}
{"level":"info","message":"⌛ Building environment","timeElapsed":113,"timestamp":"2026-09-23T13:23:53.052Z"}
{"level":"info","message":"⌛ Validating EXAMEN-Wollok/testExample.wtest","timeElapsed":184,"timestamp":"2026-09-23T13:23:53.278Z"}
{"level":"info","message":"⌛ Building environment","timeElapsed":123,"timestamp":"2026-09-23T13:23:53.402Z"}
{"level":"info","message":"⌛ Building environment","timeElapsed":177,"timestamp":"2026-09-23T13:23:53.607Z"}
{"level":"info","message":"⌛ Validating EXAMEN-Wollok/testExample.wtest","timeElapsed":220,"timestamp":"2026-09-23T13:23:53.828Z"}
{"level":"info","message":"⌛ Validating EXAMEN-Wollok/testExample.wtest","timeElapsed":166,"timestamp":"2026-09-23T13:23:54.097Z"}
{"level":"info","message":"⌛ Building environment","timeElapsed":241,"timestamp":"2026-09-23T13:23:54.342Z"}
{"level":"info","message":"⌛ Building environment","timeElapsed":109,"timestamp":"2026-09-23T13:23:54.452Z"}
{"level":"info","message":"⌛ Validating EXAMEN-Wollok/testExample.wtest","timeElapsed":163,"timestamp":"2026-09-23T13:23:54.625Z"}
{"level":"info","message":"⌛ Building environment","timeElapsed":108,"timestamp":"2026-09-23T13:23:54.744Z"}
{"level":"info","message":"⌛ Validating EXAMEN-Wollok/testExample.wtest","timeElapsed":149,"timestamp":"2026-09-23T13:23:54.906Z"}
{"level":"info","message":"⌛ Validating EXAMEN-Wollok/testExample.wtest","timeElapsed":150,"timestamp":"2026-09-23T13:23:55.059Z"}
{"level":"info","message":"⌛ Validating EXAMEN-Wollok/testExample.wtest","timeElapsed":146,"timestamp":"2026-09-23T13:23:55.207Z"}
{"level":"info","message":"⌛ Building environment","timeElapsed":147,"timestamp":"2026-09-23T13:25:04.094Z"}
{"level":"info","message":"⌛ Validating EXAMEN-Wollok/example.wlk","timeElapsed":241,"timestamp":"2026-09-23T13:25:04.342Z"}
{"level":"info","message":"⌛ Building environment","timeElapsed":121,"timestamp":"2026-09-23T13:25:04.464Z"}
{"level":"info","message":"⌛ Building environment","timeElapsed":200,"timestamp":"2026-09-23T13:25:04.665Z"}
{"level":"info","message":"⌛ Validating EXAMEN-Wollok/example.wlk","timeElapsed":206,"timestamp":"2026-09-23T13:25:04.873Z"}
{"level":"info","message":"⌛ Validating EXAMEN-Wollok/example.wlk","timeElapsed":145,"timestamp":"2026-09-23T13:25:05.130Z"}
{"level":"error","message":"✘ Failed to rebuild document Failed to parse EXAMEN-Wollok/example.wlk: \n-- PARSING FAILED --------------------------------------------------\n\n  20 | \n  21 | class\n> 22 | const logan = new Persona(\n     |       ^\n  23 |     temperatura  = 36\n  24 | )\n\nExpected one of the following: \n\n'inherits', '{', whitespace\n","stack":"Error: Failed to parse EXAMEN-Wollok/example.wlk: \n-- PARSING FAILED --------------------------------------------------\n\n  20 | \n  21 | class\n> 22 | const logan = new Persona(\n     |       ^\n  23 |     temperatura  = 36\n  24 | )\n\nExpected one of the following: \n\n'inherits', '{', whitespace\n\n    at /home/tiaguinni/.vscode/extensions/uqbar.wollok-lsp-ide-0.5.5/out/server/src/server.js:2385:13026\n    at Array.map (<anonymous>)\n    at z1n (/home/tiaguinni/.vscode/extensions/uqbar.wollok-lsp-ide-0.5.5/out/server/src/server.js:2385:12950)\n    at H2.buildEnvironmentFrom (/home/tiaguinni/.vscode/extensions/uqbar.wollok-lsp-ide-0.5.5/out/server/src/server.js:2430:5254)\n    at H2.updateEnvironmentWith (/home/tiaguinni/.vscode/extensions/uqbar.wollok-lsp-ide-0.5.5/out/server/src/server.js:2430:4989)\n    at QF (/home/tiaguinni/.vscode/extensions/uqbar.wollok-lsp-ide-0.5.5/out/server/src/server.js:2430:7383)\n    at V3.invoke (/home/tiaguinni/.vscode/extensions/uqbar.wollok-lsp-ide-0.5.5/out/server/src/server.js:3:157330)\n    at o.fire (/home/tiaguinni/.vscode/extensions/uqbar.wollok-lsp-ide-0.5.5/out/server/src/server.js:3:158100)\n    at /home/tiaguinni/.vscode/extensions/uqbar.wollok-lsp-ide-0.5.5/out/server/src/server.js:37:57871\n    at nd (/home/tiaguinni/.vscode/extensions/uqbar.wollok-lsp-ide-0.5.5/out/server/src/server.js:8:1561)","timestamp":"2026-09-23T13:25:05.187Z"}
{"level":"info","message":"⌛ Validating EXAMEN-Wollok/example.wlk","timeElapsed":178,"timestamp":"2026-09-23T13:25:05.366Z"}
{"level":"error","message":"✘ Failed to rebuild document Failed to parse EXAMEN-Wollok/example.wlk: \n-- PARSING FAILED --------------------------------------------------\n\n  20 | \n  21 | class \n> 22 | const logan = new Persona(\n     |       ^\n  23 |     temperatura  = 36\n  24 | )\n\nExpected one of the following: \n\n'inherits', '{', whitespace\n","stack":"Error: Failed to parse EXAMEN-Wollok/example.wlk: \n-- PARSING FAILED --------------------------------------------------\n\n  20 | \n  21 | class \n> 22 | const logan = new Persona(\n     |       ^\n  23 |     temperatura  = 36\n  24 | )\n\nExpected one of the following: \n\n'inherits', '{', whitespace\n\n    at /home/tiaguinni/.vscode/extensions/uqbar.wollok-lsp-ide-0.5.5/out/server/src/server.js:2385:13026\n    at Array.map (<anonymous>)\n    at z1n (/home/tiaguinni/.vscode/extensions/uqbar.wollok-lsp-ide-0.5.5/out/server/src/server.js:2385:12950)\n    at H2.buildEnvironmentFrom (/home/tiaguinni/.vscode/extensions/uqbar.wollok-lsp-ide-0.5.5/out/server/src/server.js:2430:5254)\n    at H2.updateEnvironmentWith (/home/tiaguinni/.vscode/extensions/uqbar.wollok-lsp-ide-0.5.5/out/server/src/server.js:2430:4989)\n    at QF (/home/tiaguinni/.vscode/extensions/uqbar.wollok-lsp-ide-0.5.5/out/server/src/server.js:2430:7383)\n    at V3.invoke (/home/tiaguinni/.vscode/extensions/uqbar.wollok-lsp-ide-0.5.5/out/server/src/server.js:3:157330)\n    at o.fire (/home/tiaguinni/.vscode/extensions/uqbar.wollok-lsp-ide-0.5.5/out/server/src/server.js:3:158100)\n    at /home/tiaguinni/.vscode/extensions/uqbar.wollok-lsp-ide-0.5.5/out/server/src/server.js:37:57871\n    at nd (/home/tiaguinni/.vscode/extensions/uqbar.wollok-lsp-ide-0.5.5/out/server/src/server.js:8:1561)","timestamp":"2026-09-23T13:25:06.382Z"}
{"level":"error","message":"✘ Failed to rebuild document Failed to parse EXAMEN-Wollok/example.wlk: \n-- PARSING FAILED --------------------------------------------------\n\n  20 | \n  21 | class E\n> 22 | const logan = new Persona(\n     | ^\n  23 |     temperatura  = 36\n  24 | )\n\nExpected one of the following: \n\n'inherits', '{', whitespace\n","stack":"Error: Failed to parse EXAMEN-Wollok/example.wlk: \n-- PARSING FAILED --------------------------------------------------\n\n  20 | \n  21 | class E\n> 22 | const logan = new Persona(\n     | ^\n  23 |     temperatura  = 36\n  24 | )\n\nExpected one of the following: \n\n'inherits', '{', whitespace\n\n    at /home/tiaguinni/.vscode/extensions/uqbar.wollok-lsp-ide-0.5.5/out/server/src/server.js:2385:13026\n    at Array.map (<anonymous>)\n    at z1n (/home/tiaguinni/.vscode/extensions/uqbar.wollok-lsp-ide-0.5.5/out/server/src/server.js:2385:12950)\n    at H2.buildEnvironmentFrom (/home/tiaguinni/.vscode/extensions/uqbar.wollok-lsp-ide-0.5.5/out/server/src/server.js:2430:5254)\n    at H2.updateEnvironmentWith (/home/tiaguinni/.vscode/extensions/uqbar.wollok-lsp-ide-0.5.5/out/server/src/server.js:2430:4989)\n    at QF (/home/tiaguinni/.vscode/extensions/uqbar.wollok-lsp-ide-0.5.5/out/server/src/server.js:2430:7383)\n    at V3.invoke (/home/tiaguinni/.vscode/extensions/uqbar.wollok-lsp-ide-0.5.5/out/server/src/server.js:3:157330)\n    at o.fire (/home/tiaguinni/.vscode/extensions/uqbar.wollok-lsp-ide-0.5.5/out/server/src/server.js:3:158100)\n    at /home/tiaguinni/.vscode/extensions/uqbar.wollok-lsp-ide-0.5.5/out/server/src/server.js:37:57871\n    at nd (/home/tiaguinni/.vscode/extensions/uqbar.wollok-lsp-ide-0.5.5/out/server/src/server.js:8:1561)","timestamp":"2026-09-23T13:25:06.931Z"}
{"level":"error","message":"✘ Failed to rebuild document Failed to parse EXAMEN-Wollok/example.wlk: \n-- PARSING FAILED --------------------------------------------------\n\n  20 | \n  21 | class En\n> 22 | const logan = new Persona(\n     | ^\n  23 |     temperatura  = 36\n  24 | )\n\nExpected one of the following: \n\n'inherits', '{', whitespace\n","stack":"Error: Failed to parse EXAMEN-Wollok/example.wlk: \n-- PARSING FAILED --------------------------------------------------\n\n  20 | \n  21 | class En\n> 22 | const logan = new Persona(\n     | ^\n  23 |     temperatura  = 36\n  24 | )\n\nExpected one of the following: \n\n'inherits', '{', whitespace\n\n    at /home/tiaguinni/.vscode/extensions/uqbar.wollok-lsp-ide-0.5.5/out/server/src/server.js:2385:13026\n    at Array.map (<anonymous>)\n    at z1n (/home/tiaguinni/.vscode/extensions/uqbar.wollok-lsp-ide-0.5.5/out/server/src/server.js:2385:12950)\n    at H2.buildEnvironmentFrom (/home/tiaguinni/.vscode/extensions/uqbar.wollok-lsp-ide-0.5.5/out/server/src/server.js:2430:5254)\n    at H2.updateEnvironmentWith (/home/tiaguinni/.vscode/extensions/uqbar.wollok-lsp-ide-0.5.5/out/server/src/server.js:2430:4989)\n    at QF (/home/tiaguinni/.vscode/extensions/uqbar.wollok-lsp-ide-0.5.5/out/server/src/server.js:2430:7383)\n    at V3.invoke (/home/tiaguinni/.vscode/extensions/uqbar.wollok-lsp-ide-0.5.5/out/server/src/server.js:3:157330)\n    at o.fire (/home/tiaguinni/.vscode/extensions/uqbar.wollok-lsp-ide-0.5.5/out/server/src/server.js:3:158100)\n    at /home/tiaguinni/.vscode/extensions/uqbar.wollok-lsp-ide-0.5.5/out/server/src/server.js:37:57871\n    at nd (/home/tiaguinni/.vscode/extensions/uqbar.wollok-lsp-ide-0.5.5/out/server/src/server.js:8:1561)","timestamp":"2026-09-23T13:25:07.104Z"}
{"level":"error","message":"✘ Failed to rebuild document Failed to parse EXAMEN-Wollok/example.wlk: \n-- PARSING FAILED --------------------------------------------------\n\n  20 | \n  21 | class Enf\n> 22 | const logan = new Persona(\n     | ^\n  23 |     temperatura  = 36\n  24 | )\n\nExpected one of the following: \n\n'inherits', '{', whitespace\n","stack":"Error: Failed to parse EXAMEN-Wollok/example.wlk: \n-- PARSING FAILED --------------------------------------------------\n\n  20 | \n  21 | class Enf\n> 22 | const logan = new Persona(\n     | ^\n  23 |     temperatura  = 36\n  24 | )\n\nExpected one of the following: \n\n'inherits', '{', whitespace\n\n    at /home/tiaguinni/.vscode/extensions/uqbar.wollok-lsp-ide-0.5.5/out/server/src/server.js:2385:13026\n    at Array.map (<anonymous>)\n    at z1n (/home/tiaguinni/.vscode/extensions/uqbar.wollok-lsp-ide-0.5.5/out/server/src/server.js:2385:12950)\n    at H2.buildEnvironmentFrom (/home/tiaguinni/.vscode/extensions/uqbar.wollok-lsp-ide-0.5.5/out/server/src/server.js:2430:5254)\n    at H2.updateEnvironmentWith (/home/tiaguinni/.vscode/extensions/uqbar.wollok-lsp-ide-0.5.5/out/server/src/server.js:2430:4989)\n    at QF (/home/tiaguinni/.vscode/extensions/uqbar.wollok-lsp-ide-0.5.5/out/server/src/server.js:2430:7383)\n    at V3.invoke (/home/tiaguinni/.vscode/extensions/uqbar.wollok-lsp-ide-0.5.5/out/server/src/server.js:3:157330)\n    at o.fire (/home/tiaguinni/.vscode/extensions/uqbar.wollok-lsp-ide-0.5.5/out/server/src/server.js:3:158100)\n    at /home/tiaguinni/.vscode/extensions/uqbar.wollok-lsp-ide-0.5.5/out/server/src/server.js:37:57871\n    at nd (/home/tiaguinni/.vscode/extensions/uqbar.wollok-lsp-ide-0.5.5/out/server/src/server.js:8:1561)","timestamp":"2026-09-23T13:25:07.354Z"}
{"level":"error","message":"✘ Failed to rebuild document Failed to parse EXAMEN-Wollok/example.wlk: \n-- PARSING FAILED --------------------------------------------------\n\n  20 | \n  21 | class Enfe\n> 22 | const logan = new Persona(\n     | ^\n  23 |     temperatura  = 36\n  24 | )\n\nExpected one of the following: \n\n'inherits', '{', whitespace\n","stack":"Error: Failed to parse EXAMEN-Wollok/example.wlk: \n-- PARSING FAILED --------------------------------------------------\n\n  20 | \n  21 | class Enfe\n> 22 | const logan = new Persona(\n     | ^\n  23 |     temperatura  = 36\n  24 | )\n\nExpected one of the following: \n\n'inherits', '{', whitespace\n\n    at /home/tiaguinni/.vscode/extensions/uqbar.wollok-lsp-ide-0.5.5/out/server/src/server.js:2385:13026\n    at Array.map (<anonymous>)\n    at z1n (/home/tiaguinni/.vscode/extensions/uqbar.wollok-lsp-ide-0.5.5/out/server/src/server.js:2385:12950)\n    at H2.buildEnvironmentFrom (/home/tiaguinni/.vscode/extensions/uqbar.wollok-lsp-ide-0.5.5/out/server/src/server.js:2430:5254)\n    at H2.updateEnvironmentWith (/home/tiaguinni/.vscode/extensions/uqbar.wollok-lsp-ide-0.5.5/out/server/src/server.js:2430:4989)\n    at QF (/home/tiaguinni/.vscode/extensions/uqbar.wollok-lsp-ide-0.5.5/out/server/src/server.js:2430:7383)\n    at V3.invoke (/home/tiaguinni/.vscode/extensions/uqbar.wollok-lsp-ide-0.5.5/out/server/src/server.js:3:157330)\n    at o.fire (/home/tiaguinni/.vscode/extensions/uqbar.wollok-lsp-ide-0.5.5/out/server/src/server.js:3:158100)\n    at /home/tiaguinni/.vscode/extensions/uqbar.wollok-lsp-ide-0.5.5/out/server/src/server.js:37:57871\n    at nd (/home/tiaguinni/.vscode/extensions/uqbar.wollok-lsp-ide-0.5.5/out/server/src/server.js:8:1561)","timestamp":"2026-09-23T13:25:07.589Z"}
{"level":"error","message":"✘ Failed to rebuild document Failed to parse EXAMEN-Wollok/example.wlk: \n-- PARSING FAILED --------------------------------------------------\n\n  20 | \n  21 | class Enfer\n> 22 | const logan = new Persona(\n     | ^\n  23 |     temperatura  = 36\n  24 | )\n\nExpected one of the following: \n\n'inherits', '{', whitespace\n","stack":"Error: Failed to parse EXAMEN-Wollok/example.wlk: \n-- PARSING FAILED --------------------------------------------------\n\n  20 | \n  21 | class Enfer\n> 22 | const logan = new Persona(\n     | ^\n  23 |     temperatura  = 36\n  24 | )\n\nExpected one of the following: \n\n'inherits', '{', whitespace\n\n    at /home/tiaguinni/.vscode/extensions/uqbar.wollok-lsp-ide-0.5.5/out/server/src/server.js:2385:13026\n    at Array.map (<anonymous>)\n    at z1n (/home/tiaguinni/.vscode/extensions/uqbar.wollok-lsp-ide-0.5.5/out/server/src/server.js:2385:12950)\n    at H2.buildEnvironmentFrom (/home/tiaguinni/.vscode/extensions/uqbar.wollok-lsp-ide-0.5.5/out/server/src/server.js:2430:5254)\n    at H2.updateEnvironmentWith (/home/tiaguinni/.vscode/extensions/uqbar.wollok-lsp-ide-0.5.5/out/server/src/server.js:2430:4989)\n    at QF (/home/tiaguinni/.vscode/extensions/uqbar.wollok-lsp-ide-0.5.5/out/server/src/server.js:2430:7383)\n    at V3.invoke (/home/tiaguinni/.vscode/extensions/uqbar.wollok-lsp-ide-0.5.5/out/server/src/server.js:3:157330)\n    at o.fire (/home/tiaguinni/.vscode/extensions/uqbar.wollok-lsp-ide-0.5.5/out/server/src/server.js:3:158100)\n    at /home/tiaguinni/.vscode/extensions/uqbar.wollok-lsp-ide-0.5.5/out/server/src/server.js:37:57871\n    at nd (/home/tiaguinni/.vscode/extensions/uqbar.wollok-lsp-ide-0.5.5/out/server/src/server.js:8:1561)","timestamp":"2026-09-23T13:25:07.779Z"}
{"level":"error","message":"✘ Failed to rebuild document Failed to parse EXAMEN-Wollok/example.wlk: \n-- PARSING FAILED --------------------------------------------------\n\n  20 | \n  21 | class Enferm\n> 22 | const logan = new Persona(\n     | ^\n  23 |     temperatura  = 36\n  24 | )\n\nExpected one of the following: \n\n'inherits', '{', whitespace\n","stack":"Error: Failed to parse EXAMEN-Wollok/example.wlk: \n-- PARSING FAILED --------------------------------------------------\n\n  20 | \n  21 | class Enferm\n> 22 | const logan = new Persona(\n     | ^\n  23 |     temperatura  = 36\n  24 | )\n\nExpected one of the following: \n\n'inherits', '{', whitespace\n\n    at /home/tiaguinni/.vscode/extensions/uqbar.wollok-lsp-ide-0.5.5/out/server/src/server.js:2385:13026\n    at Array.map (<anonymous>)\n    at z1n (/home/tiaguinni/.vscode/extensions/uqbar.wollok-lsp-ide-0.5.5/out/server/src/server.js:2385:12950)\n    at H2.buildEnvironmentFrom (/home/tiaguinni/.vscode/extensions/uqbar.wollok-lsp-ide-0.5.5/out/server/src/server.js:2430:5254)\n    at H2.updateEnvironmentWith (/home/tiaguinni/.vscode/extensions/uqbar.wollok-lsp-ide-0.5.5/out/server/src/server.js:2430:4989)\n    at QF (/home/tiaguinni/.vscode/extensions/uqbar.wollok-lsp-ide-0.5.5/out/server/src/server.js:2430:7383)\n    at V3.invoke (/home/tiaguinni/.vscode/extensions/uqbar.wollok-lsp-ide-0.5.5/out/server/src/server.js:3:157330)\n    at o.fire (/home/tiaguinni/.vscode/extensions/uqbar.wollok-lsp-ide-0.5.5/out/server/src/server.js:3:158100)\n    at /home/tiaguinni/.vscode/extensions/uqbar.wollok-lsp-ide-0.5.5/out/server/src/server.js:37:57871\n    at nd (/home/tiaguinni/.vscode/extensions/uqbar.wollok-lsp-ide-0.5.5/out/server/src/server.js:8:1561)","timestamp":"2026-09-23T13:25:08.080Z"}
{"level":"error","message":"✘ Failed to rebuild document Failed to parse EXAMEN-Wollok/example.wlk: \n-- PARSING FAILED --------------------------------------------------\n\n  20 | \n  21 | class Enferme\n> 22 | const logan = new Persona(\n     | ^\n  23 |     temperatura  = 36\n  24 | )\n\nExpected one of the following: \n\n'inherits', '{', whitespace\n","stack":"Error: Failed to parse EXAMEN-Wollok/example.wlk: \n-- PARSING FAILED --------------------------------------------------\n\n  20 | \n  21 | class Enferme\n> 22 | const logan = new Persona(\n     | ^\n  23 |     temperatura  = 36\n  24 | )\n\nExpected one of the following: \n\n'inherits', '{', whitespace\n\n    at /home/tiaguinni/.vscode/extensions/uqbar.wollok-lsp-ide-0.5.5/out/server/src/server.js:2385:13026\n    at Array.map (<anonymous>)\n    at z1n (/home/tiaguinni/.vscode/extensions/uqbar.wollok-lsp-ide-0.5.5/out/server/src/server.js:2385:12950)\n    at H2.buildEnvironmentFrom (/home/tiaguinni/.vscode/extensions/uqbar.wollok-lsp-ide-0.5.5/out/server/src/server.js:2430:5254)\n    at H2.updateEnvironmentWith (/home/tiaguinni/.vscode/extensions/uqbar.wollok-lsp-ide-0.5.5/out/server/src/server.js:2430:4989)\n    at QF (/home/tiaguinni/.vscode/extensions/uqbar.wollok-lsp-ide-0.5.5/out/server/src/server.js:2430:7383)\n    at V3.invoke (/home/tiaguinni/.vscode/extensions/uqbar.wollok-lsp-ide-0.5.5/out/server/src/server.js:3:157330)\n    at o.fire (/home/tiaguinni/.vscode/extensions/uqbar.wollok-lsp-ide-0.5.5/out/server/src/server.js:3:158100)\n    at /home/tiaguinni/.vscode/extensions/uqbar.wollok-lsp-ide-0.5.5/out/server/src/server.js:37:57871\n    at nd (/home/tiaguinni/.vscode/extensions/uqbar.wollok-lsp-ide-0.5.5/out/server/src/server.js:8:1561)","timestamp":"2026-09-23T13:25:08.304Z"}
{"level":"error","message":"✘ Failed to rebuild document Failed to parse EXAMEN-Wollok/example.wlk: \n-- PARSING FAILED --------------------------------------------------\n\n  20 | \n  21 | class Enfermed\n> 22 | const logan = new Persona(\n     | ^\n  23 |     temperatura  = 36\n  24 | )\n\nExpected one of the following: \n\n'inherits', '{', whitespace\n","stack":"Error: Failed to parse EXAMEN-Wollok/example.wlk: \n-- PARSING FAILED --------------------------------------------------\n\n  20 | \n  21 | class Enfermed\n> 22 | const logan = new Persona(\n     | ^\n  23 |     temperatura  = 36\n  24 | )\n\nExpected one of the following: \n\n'inherits', '{', whitespace\n\n    at /home/tiaguinni/.vscode/extensions/uqbar.wollok-lsp-ide-0.5.5/out/server/src/server.js:2385:13026\n    at Array.map (<anonymous>)\n    at z1n (/home/tiaguinni/.vscode/extensions/uqbar.wollok-lsp-ide-0.5.5/out/server/src/server.js:2385:12950)\n    at H2.buildEnvironmentFrom (/home/tiaguinni/.vscode/extensions/uqbar.wollok-lsp-ide-0.5.5/out/server/src/server.js:2430:5254)\n    at H2.updateEnvironmentWith (/home/tiaguinni/.vscode/extensions/uqbar.wollok-lsp-ide-0.5.5/out/server/src/server.js:2430:4989)\n    at QF (/home/tiaguinni/.vscode/extensions/uqbar.wollok-lsp-ide-0.5.5/out/server/src/server.js:2430:7383)\n    at V3.invoke (/home/tiaguinni/.vscode/extensions/uqbar.wollok-lsp-ide-0.5.5/out/server/src/server.js:3:157330)\n    at o.fire (/home/tiaguinni/.vscode/extensions/uqbar.wollok-lsp-ide-0.5.5/out/server/src/server.js:3:158100)\n    at /home/tiaguinni/.vscode/extensions/uqbar.wollok-lsp-ide-0.5.5/out/server/src/server.js:37:57871\n    at nd (/home/tiaguinni/.vscode/extensions/uqbar.wollok-lsp-ide-0.5.5/out/server/src/server.js:8:1561)","timestamp":"2026-09-23T13:25:08.551Z"}
{"level":"error","message":"✘ Failed to rebuild document Failed to parse EXAMEN-Wollok/example.wlk: \n-- PARSING FAILED --------------------------------------------------\n\n  20 | \n  21 | class Enfermeda\n> 22 | const logan = new Persona(\n     | ^\n  23 |     temperatura  = 36\n  24 | )\n\nExpected one of the following: \n\n'inherits', '{', whitespace\n","stack":"Error: Failed to parse EXAMEN-Wollok/example.wlk: \n-- PARSING FAILED --------------------------------------------------\n\n  20 | \n  21 | class Enfermeda\n> 22 | const logan = new Persona(\n     | ^\n  23 |     temperatura  = 36\n  24 | )\n\nExpected one of the following: \n\n'inherits', '{', whitespace\n\n    at /home/tiaguinni/.vscode/extensions/uqbar.wollok-lsp-ide-0.5.5/out/server/src/server.js:2385:13026\n    at Array.map (<anonymous>)\n    at z1n (/home/tiaguinni/.vscode/extensions/uqbar.wollok-lsp-ide-0.5.5/out/server/src/server.js:2385:12950)\n    at H2.buildEnvironmentFrom (/home/tiaguinni/.vscode/extensions/uqbar.wollok-lsp-ide-0.5.5/out/server/src/server.js:2430:5254)\n    at H2.updateEnvironmentWith (/home/tiaguinni/.vscode/extensions/uqbar.wollok-lsp-ide-0.5.5/out/server/src/server.js:2430:4989)\n    at QF (/home/tiaguinni/.vscode/extensions/uqbar.wollok-lsp-ide-0.5.5/out/server/src/server.js:2430:7383)\n    at V3.invoke (/home/tiaguinni/.vscode/extensions/uqbar.wollok-lsp-ide-0.5.5/out/server/src/server.js:3:157330)\n    at o.fire (/home/tiaguinni/.vscode/extensions/uqbar.wollok-lsp-ide-0.5.5/out/server/src/server.js:3:158100)\n    at /home/tiaguinni/.vscode/extensions/uqbar.wollok-lsp-ide-0.5.5/out/server/src/server.js:37:57871\n    at nd (/home/tiaguinni/.vscode/extensions/uqbar.wollok-lsp-ide-0.5.5/out/server/src/server.js:8:1561)","timestamp":"2026-09-23T13:25:08.685Z"}
{"level":"error","message":"✘ Failed to rebuild document Failed to parse EXAMEN-Wollok/example.wlk: \n-- PARSING FAILED --------------------------------------------------\n\n  20 | \n  21 | class Enfermedad\n> 22 | const logan = new Persona(\n     | ^\n  23 |     temperatura  = 36\n  24 | )\n\nExpected one of the following: \n\n'inherits', '{', whitespace\n","stack":"Error: Failed to parse EXAMEN-Wollok/example.wlk: \n-- PARSING FAILED --------------------------------------------------\n\n  20 | \n  21 | class Enfermedad\n> 22 | const logan = new Persona(\n     | ^\n  23 |     temperatura  = 36\n  24 | )\n\nExpected one of the following: \n\n'inherits', '{', whitespace\n\n    at /home/tiaguinni/.vscode/extensions/uqbar.wollok-lsp-ide-0.5.5/out/server/src/server.js:2385:13026\n    at Array.map (<anonymous>)\n    at z1n (/home/tiaguinni/.vscode/extensions/uqbar.wollok-lsp-ide-0.5.5/out/server/src/server.js:2385:12950)\n    at H2.buildEnvironmentFrom (/home/tiaguinni/.vscode/extensions/uqbar.wollok-lsp-ide-0.5.5/out/server/src/server.js:2430:5254)\n    at H2.updateEnvironmentWith (/home/tiaguinni/.vscode/extensions/uqbar.wollok-lsp-ide-0.5.5/out/server/src/server.js:2430:4989)\n    at QF (/home/tiaguinni/.vscode/extensions/uqbar.wollok-lsp-ide-0.5.5/out/server/src/server.js:2430:7383)\n    at V3.invoke (/home/tiaguinni/.vscode/extensions/uqbar.wollok-lsp-ide-0.5.5/out/server/src/server.js:3:157330)\n    at o.fire (/home/tiaguinni/.vscode/extensions/uqbar.wollok-lsp-ide-0.5.5/out/server/src/server.js:3:158100)\n    at /home/tiaguinni/.vscode/extensions/uqbar.wollok-lsp-ide-0.5.5/out/server/src/server.js:37:57871\n    at nd (/home/tiaguinni/.vscode/extensions/uqbar.wollok-lsp-ide-0.5.5/out/server/src/server.js:8:1561)","timestamp":"2026-09-23T13:25:08.809Z"}
{"level":"error","message":"✘ Failed to rebuild document Failed to parse EXAMEN-Wollok/example.wlk: \n-- PARSING FAILED --------------------------------------------------\n\n  20 | \n  21 | class EnfermedadI\n> 22 | const logan = new Persona(\n     | ^\n  23 |     temperatura  = 36\n  24 | )\n\nExpected one of the following: \n\n'inherits', '{', whitespace\n","stack":"Error: Failed to parse EXAMEN-Wollok/example.wlk: \n-- PARSING FAILED --------------------------------------------------\n\n  20 | \n  21 | class EnfermedadI\n> 22 | const logan = new Persona(\n     | ^\n  23 |     temperatura  = 36\n  24 | )\n\nExpected one of the following: \n\n'inherits', '{', whitespace\n\n    at /home/tiaguinni/.vscode/extensions/uqbar.wollok-lsp-ide-0.5.5/out/server/src/server.js:2385:13026\n    at Array.map (<anonymous>)\n    at z1n (/home/tiaguinni/.vscode/extensions/uqbar.wollok-lsp-ide-0.5.5/out/server/src/server.js:2385:12950)\n    at H2.buildEnvironmentFrom (/home/tiaguinni/.vscode/extensions/uqbar.wollok-lsp-ide-0.5.5/out/server/src/server.js:2430:5254)\n    at H2.updateEnvironmentWith (/home/tiaguinni/.vscode/extensions/uqbar.wollok-lsp-ide-0.5.5/out/server/src/server.js:2430:4989)\n    at QF (/home/tiaguinni/.vscode/extensions/uqbar.wollok-lsp-ide-0.5.5/out/server/src/server.js:2430:7383)\n    at V3.invoke (/home/tiaguinni/.vscode/extensions/uqbar.wollok-lsp-ide-0.5.5/out/server/src/server.js:3:157330)\n    at o.fire (/home/tiaguinni/.vscode/extensions/uqbar.wollok-lsp-ide-0.5.5/out/server/src/server.js:3:158100)\n    at /home/tiaguinni/.vscode/extensions/uqbar.wollok-lsp-ide-0.5.5/out/server/src/server.js:37:57871\n    at nd (/home/tiaguinni/.vscode/extensions/uqbar.wollok-lsp-ide-0.5.5/out/server/src/server.js:8:1561)","timestamp":"2026-09-23T13:25:09.334Z"}
{"level":"error","message":"✘ Failed to rebuild document Failed to parse EXAMEN-Wollok/example.wlk: \n-- PARSING FAILED --------------------------------------------------\n\n  20 | \n  21 | class EnfermedadIn\n> 22 | const logan = new Persona(\n     | ^\n  23 |     temperatura  = 36\n  24 | )\n\nExpected one of the following: \n\n'inherits', '{', whitespace\n","stack":"Error: Failed to parse EXAMEN-Wollok/example.wlk: \n-- PARSING FAILED --------------------------------------------------\n\n  20 | \n  21 | class EnfermedadIn\n> 22 | const logan = new Persona(\n     | ^\n  23 |     temperatura  = 36\n  24 | )\n\nExpected one of the following: \n\n'inherits', '{', whitespace\n\n    at /home/tiaguinni/.vscode/extensions/uqbar.wollok-lsp-ide-0.5.5/out/server/src/server.js:2385:13026\n    at Array.map (<anonymous>)\n    at z1n (/home/tiaguinni/.vscode/extensions/uqbar.wollok-lsp-ide-0.5.5/out/server/src/server.js:2385:12950)\n    at H2.buildEnvironmentFrom (/home/tiaguinni/.vscode/extensions/uqbar.wollok-lsp-ide-0.5.5/out/server/src/server.js:2430:5254)\n    at H2.updateEnvironmentWith (/home/tiaguinni/.vscode/extensions/uqbar.wollok-lsp-ide-0.5.5/out/server/src/server.js:2430:4989)\n    at QF (/home/tiaguinni/.vscode/extensions/uqbar.wollok-lsp-ide-0.5.5/out/server/src/server.js:2430:7383)\n    at V3.invoke (/home/tiaguinni/.vscode/extensions/uqbar.wollok-lsp-ide-0.5.5/out/server/src/server.js:3:157330)\n    at o.fire (/home/tiaguinni/.vscode/extensions/uqbar.wollok-lsp-ide-0.5.5/out/server/src/server.js:3:158100)\n    at /home/tiaguinni/.vscode/extensions/uqbar.wollok-lsp-ide-0.5.5/out/server/src/server.js:37:57871\n    at nd (/home/tiaguinni/.vscode/extensions/uqbar.wollok-lsp-ide-0.5.5/out/server/src/server.js:8:1561)","timestamp":"2026-09-23T13:25:09.562Z"}
{"level":"error","message":"✘ Failed to rebuild document Failed to parse EXAMEN-Wollok/example.wlk: \n-- PARSING FAILED --------------------------------------------------\n\n  20 | \n  21 | class EnfermedadInf\n> 22 | const logan = new Persona(\n     | ^\n  23 |     temperatura  = 36\n  24 | )\n\nExpected one of the following: \n\n'inherits', '{', whitespace\n","stack":"Error: Failed to parse EXAMEN-Wollok/example.wlk: \n-- PARSING FAILED --------------------------------------------------\n\n  20 | \n  21 | class EnfermedadInf\n> 22 | const logan = new Persona(\n     | ^\n  23 |     temperatura  = 36\n  24 | )\n\nExpected one of the following: \n\n'inherits', '{', whitespace\n\n    at /home/tiaguinni/.vscode/extensions/uqbar.wollok-lsp-ide-0.5.5/out/server/src/server.js:2385:13026\n    at Array.map (<anonymous>)\n    at z1n (/home/tiaguinni/.vscode/extensions/uqbar.wollok-lsp-ide-0.5.5/out/server/src/server.js:2385:12950)\n    at H2.buildEnvironmentFrom (/home/tiaguinni/.vscode/extensions/uqbar.wollok-lsp-ide-0.5.5/out/server/src/server.js:2430:5254)\n    at H2.updateEnvironmentWith (/home/tiaguinni/.vscode/extensions/uqbar.wollok-lsp-ide-0.5.5/out/server/src/server.js:2430:4989)\n    at QF (/home/tiaguinni/.vscode/extensions/uqbar.wollok-lsp-ide-0.5.5/out/server/src/server.js:2430:7383)\n    at V3.invoke (/home/tiaguinni/.vscode/extensions/uqbar.wollok-lsp-ide-0.5.5/out/server/src/server.js:3:157330)\n    at o.fire (/home/tiaguinni/.vscode/extensions/uqbar.wollok-lsp-ide-0.5.5/out/server/src/server.js:3:158100)\n    at /home/tiaguinni/.vscode/extensions/uqbar.wollok-lsp-ide-0.5.5/out/server/src/server.js:37:57871\n    at nd (/home/tiaguinni/.vscode/extensions/uqbar.wollok-lsp-ide-0.5.5/out/server/src/server.js:8:1561)","timestamp":"2026-09-23T13:25:09.784Z"}
{"level":"error","message":"✘ Failed to rebuild document Failed to parse EXAMEN-Wollok/example.wlk: \n-- PARSING FAILED --------------------------------------------------\n\n  20 | \n  21 | class EnfermedadInfe\n> 22 | const logan = new Persona(\n     | ^\n  23 |     temperatura  = 36\n  24 | )\n\nExpected one of the following: \n\n'inherits', '{', whitespace\n","stack":"Error: Failed to parse EXAMEN-Wollok/example.wlk: \n-- PARSING FAILED --------------------------------------------------\n\n  20 | \n  21 | class EnfermedadInfe\n> 22 | const logan = new Persona(\n     | ^\n  23 |     temperatura  = 36\n  24 | )\n\nExpected one of the following: \n\n'inherits', '{', whitespace\n\n    at /home/tiaguinni/.vscode/extensions/uqbar.wollok-lsp-ide-0.5.5/out/server/src/server.js:2385:13026\n    at Array.map (<anonymous>)\n    at z1n (/home/tiaguinni/.vscode/extensions/uqbar.wollok-lsp-ide-0.5.5/out/server/src/server.js:2385:12950)\n    at H2.buildEnvironmentFrom (/home/tiaguinni/.vscode/extensions/uqbar.wollok-lsp-ide-0.5.5/out/server/src/server.js:2430:5254)\n    at H2.updateEnvironmentWith (/home/tiaguinni/.vscode/extensions/uqbar.wollok-lsp-ide-0.5.5/out/server/src/server.js:2430:4989)\n    at QF (/home/tiaguinni/.vscode/extensions/uqbar.wollok-lsp-ide-0.5.5/out/server/src/server.js:2430:7383)\n    at V3.invoke (/home/tiaguinni/.vscode/extensions/uqbar.wollok-lsp-ide-0.5.5/out/server/src/server.js:3:157330)\n    at o.fire (/home/tiaguinni/.vscode/extensions/uqbar.wollok-lsp-ide-0.5.5/out/server/src/server.js:3:158100)\n    at /home/tiaguinni/.vscode/extensions/uqbar.wollok-lsp-ide-0.5.5/out/server/src/server.js:37:57871\n    at nd (/home/tiaguinni/.vscode/extensions/uqbar.wollok-lsp-ide-0.5.5/out/server/src/server.js:8:1561)","timestamp":"2026-09-23T13:25:10.134Z"}
{"level":"error","message":"✘ Failed to rebuild document Failed to parse EXAMEN-Wollok/example.wlk: \n-- PARSING FAILED --------------------------------------------------\n\n  20 | \n  21 | class EnfermedadInfec\n> 22 | const logan = new Persona(\n     | ^\n  23 |     temperatura  = 36\n  24 | )\n\nExpected one of the following: \n\n'inherits', '{', whitespace\n","stack":"Error: Failed to parse EXAMEN-Wollok/example.wlk: \n-- PARSING FAILED --------------------------------------------------\n\n  20 | \n  21 | class EnfermedadInfec\n> 22 | const logan = new Persona(\n     | ^\n  23 |     temperatura  = 36\n  24 | )\n\nExpected one of the following: \n\n'inherits', '{', whitespace\n\n    at /home/tiaguinni/.vscode/extensions/uqbar.wollok-lsp-ide-0.5.5/out/server/src/server.js:2385:13026\n    at Array.map (<anonymous>)\n    at z1n (/home/tiaguinni/.vscode/extensions/uqbar.wollok-lsp-ide-0.5.5/out/server/src/server.js:2385:12950)\n    at H2.buildEnvironmentFrom (/home/tiaguinni/.vscode/extensions/uqbar.wollok-lsp-ide-0.5.5/out/server/src/server.js:2430:5254)\n    at H2.updateEnvironmentWith (/home/tiaguinni/.vscode/extensions/uqbar.wollok-lsp-ide-0.5.5/out/server/src/server.js:2430:4989)\n    at QF (/home/tiaguinni/.vscode/extensions/uqbar.wollok-lsp-ide-0.5.5/out/server/src/server.js:2430:7383)\n    at V3.invoke (/home/tiaguinni/.vscode/extensions/uqbar.wollok-lsp-ide-0.5.5/out/server/src/server.js:3:157330)\n    at o.fire (/home/tiaguinni/.vscode/extensions/uqbar.wollok-lsp-ide-0.5.5/out/server/src/server.js:3:158100)\n    at /home/tiaguinni/.vscode/extensions/uqbar.wollok-lsp-ide-0.5.5/out/server/src/server.js:37:57871\n    at nd (/home/tiaguinni/.vscode/extensions/uqbar.wollok-lsp-ide-0.5.5/out/server/src/server.js:8:1561)","timestamp":"2026-09-23T13:25:10.441Z"}
{"level":"error","message":"✘ Failed to rebuild document Failed to parse EXAMEN-Wollok/example.wlk: \n-- PARSING FAILED --------------------------------------------------\n\n  20 | \n  21 | class EnfermedadInfecc\n> 22 | const logan = new Persona(\n     | ^\n  23 |     temperatura  = 36\n  24 | )\n\nExpected one of the following: \n\n'inherits', '{', whitespace\n","stack":"Error: Failed to parse EXAMEN-Wollok/example.wlk: \n-- PARSING FAILED --------------------------------------------------\n\n  20 | \n  21 | class EnfermedadInfecc\n> 22 | const logan = new Persona(\n     | ^\n  23 |     temperatura  = 36\n  24 | )\n\nExpected one of the following: \n\n'inherits', '{', whitespace\n\n    at /home/tiaguinni/.vscode/extensions/uqbar.wollok-lsp-ide-0.5.5/out/server/src/server.js:2385:13026\n    at Array.map (<anonymous>)\n    at z1n (/home/tiaguinni/.vscode/extensions/uqbar.wollok-lsp-ide-0.5.5/out/server/src/server.js:2385:12950)\n    at H2.buildEnvironmentFrom (/home/tiaguinni/.vscode/extensions/uqbar.wollok-lsp-ide-0.5.5/out/server/src/server.js:2430:5254)\n    at H2.updateEnvironmentWith (/home/tiaguinni/.vscode/extensions/uqbar.wollok-lsp-ide-0.5.5/out/server/src/server.js:2430:4989)\n    at QF (/home/tiaguinni/.vscode/extensions/uqbar.wollok-lsp-ide-0.5.5/out/server/src/server.js:2430:7383)\n    at V3.invoke (/home/tiaguinni/.vscode/extensions/uqbar.wollok-lsp-ide-0.5.5/out/server/src/server.js:3:157330)\n    at o.fire (/home/tiaguinni/.vscode/extensions/uqbar.wollok-lsp-ide-0.5.5/out/server/src/server.js:3:158100)\n    at /home/tiaguinni/.vscode/extensions/uqbar.wollok-lsp-ide-0.5.5/out/server/src/server.js:37:57871\n    at nd (/home/tiaguinni/.vscode/extensions/uqbar.wollok-lsp-ide-0.5.5/out/server/src/server.js:8:1561)","timestamp":"2026-09-23T13:25:10.646Z"}
{"level":"error","message":"✘ Failed to rebuild document Failed to parse EXAMEN-Wollok/example.wlk: \n-- PARSING FAILED --------------------------------------------------\n\n  20 | \n  21 | class EnfermedadInfecci\n> 22 | const logan = new Persona(\n     | ^\n  23 |     temperatura  = 36\n  24 | )\n\nExpected one of the following: \n\n'inherits', '{', whitespace\n","stack":"Error: Failed to parse EXAMEN-Wollok/example.wlk: \n-- PARSING FAILED --------------------------------------------------\n\n  20 | \n  21 | class EnfermedadInfecci\n> 22 | const logan = new Persona(\n     | ^\n  23 |     temperatura  = 36\n  24 | )\n\nExpected one of the following: \n\n'inherits', '{', whitespace\n\n    at /home/tiaguinni/.vscode/extensions/uqbar.wollok-lsp-ide-0.5.5/out/server/src/server.js:2385:13026\n    at Array.map (<anonymous>)\n    at z1n (/home/tiaguinni/.vscode/extensions/uqbar.wollok-lsp-ide-0.5.5/out/server/src/server.js:2385:12950)\n    at H2.buildEnvironmentFrom (/home/tiaguinni/.vscode/extensions/uqbar.wollok-lsp-ide-0.5.5/out/server/src/server.js:2430:5254)\n    at H2.updateEnvironmentWith (/home/tiaguinni/.vscode/extensions/uqbar.wollok-lsp-ide-0.5.5/out/server/src/server.js:2430:4989)\n    at QF (/home/tiaguinni/.vscode/extensions/uqbar.wollok-lsp-ide-0.5.5/out/server/src/server.js:2430:7383)\n    at V3.invoke (/home/tiaguinni/.vscode/extensions/uqbar.wollok-lsp-ide-0.5.5/out/server/src/server.js:3:157330)\n    at o.fire (/home/tiaguinni/.vscode/extensions/uqbar.wollok-lsp-ide-0.5.5/out/server/src/server.js:3:158100)\n    at /home/tiaguinni/.vscode/extensions/uqbar.wollok-lsp-ide-0.5.5/out/server/src/server.js:37:57871\n    at nd (/home/tiaguinni/.vscode/extensions/uqbar.wollok-lsp-ide-0.5.5/out/server/src/server.js:8:1561)","timestamp":"2026-09-23T13:25:10.726Z"}
{"level":"error","message":"✘ Failed to rebuild document Failed to parse EXAMEN-Wollok/example.wlk: \n-- PARSING FAILED --------------------------------------------------\n\n  20 | \n  21 | class EnfermedadInfeccio\n> 22 | const logan = new Persona(\n     | ^\n  23 |     temperatura  = 36\n  24 | )\n\nExpected one of the following: \n\n'inherits', '{', whitespace\n","stack":"Error: Failed to parse EXAMEN-Wollok/example.wlk: \n-- PARSING FAILED --------------------------------------------------\n\n  20 | \n  21 | class EnfermedadInfeccio\n> 22 | const logan = new Persona(\n     | ^\n  23 |     temperatura  = 36\n  24 | )\n\nExpected one of the following: \n\n'inherits', '{', whitespace\n\n    at /home/tiaguinni/.vscode/extensions/uqbar.wollok-lsp-ide-0.5.5/out/server/src/server.js:2385:13026\n    at Array.map (<anonymous>)\n    at z1n (/home/tiaguinni/.vscode/extensions/uqbar.wollok-lsp-ide-0.5.5/out/server/src/server.js:2385:12950)\n    at H2.buildEnvironmentFrom (/home/tiaguinni/.vscode/extensions/uqbar.wollok-lsp-ide-0.5.5/out/server/src/server.js:2430:5254)\n    at H2.updateEnvironmentWith (/home/tiaguinni/.vscode/extensions/uqbar.wollok-lsp-ide-0.5.5/out/server/src/server.js:2430:4989)\n    at QF (/home/tiaguinni/.vscode/extensions/uqbar.wollok-lsp-ide-0.5.5/out/server/src/server.js:2430:7383)\n    at V3.invoke (/home/tiaguinni/.vscode/extensions/uqbar.wollok-lsp-ide-0.5.5/out/server/src/server.js:3:157330)\n    at o.fire (/home/tiaguinni/.vscode/extensions/uqbar.wollok-lsp-ide-0.5.5/out/server/src/server.js:3:158100)\n    at /home/tiaguinni/.vscode/extensions/uqbar.wollok-lsp-ide-0.5.5/out/server/src/server.js:37:57871\n    at nd (/home/tiaguinni/.vscode/extensions/uqbar.wollok-lsp-ide-0.5.5/out/server/src/server.js:8:1561)","timestamp":"2026-09-23T13:25:10.915Z"}
{"level":"error","message":"✘ Failed to rebuild document Failed to parse EXAMEN-Wollok/example.wlk: \n-- PARSING FAILED --------------------------------------------------\n\n  20 | \n  21 | class EnfermedadInfeccion\n> 22 | const logan = new Persona(\n     | ^\n  23 |     temperatura  = 36\n  24 | )\n\nExpected one of the following: \n\n'inherits', '{', whitespace\n","stack":"Error: Failed to parse EXAMEN-Wollok/example.wlk: \n-- PARSING FAILED --------------------------------------------------\n\n  20 | \n  21 | class EnfermedadInfeccion\n> 22 | const logan = new Persona(\n     | ^\n  23 |     temperatura  = 36\n  24 | )\n\nExpected one of the following: \n\n'inherits', '{', whitespace\n\n    at /home/tiaguinni/.vscode/extensions/uqbar.wollok-lsp-ide-0.5.5/out/server/src/server.js:2385:13026\n    at Array.map (<anonymous>)\n    at z1n (/home/tiaguinni/.vscode/extensions/uqbar.wollok-lsp-ide-0.5.5/out/server/src/server.js:2385:12950)\n    at H2.buildEnvironmentFrom (/home/tiaguinni/.vscode/extensions/uqbar.wollok-lsp-ide-0.5.5/out/server/src/server.js:2430:5254)\n    at H2.updateEnvironmentWith (/home/tiaguinni/.vscode/extensions/uqbar.wollok-lsp-ide-0.5.5/out/server/src/server.js:2430:4989)\n    at QF (/home/tiaguinni/.vscode/extensions/uqbar.wollok-lsp-ide-0.5.5/out/server/src/server.js:2430:7383)\n    at V3.invoke (/home/tiaguinni/.vscode/extensions/uqbar.wollok-lsp-ide-0.5.5/out/server/src/server.js:3:157330)\n    at o.fire (/home/tiaguinni/.vscode/extensions/uqbar.wollok-lsp-ide-0.5.5/out/server/src/server.js:3:158100)\n    at /home/tiaguinni/.vscode/extensions/uqbar.wollok-lsp-ide-0.5.5/out/server/src/server.js:37:57871\n    at nd (/home/tiaguinni/.vscode/extensions/uqbar.wollok-lsp-ide-0.5.5/out/server/src/server.js:8:1561)","timestamp":"2026-09-23T13:25:11.180Z"}
{"level":"error","message":"✘ Failed to rebuild document Failed to parse EXAMEN-Wollok/example.wlk: \n-- PARSING FAILED --------------------------------------------------\n\n  20 | \n  21 | class EnfermedadInfeccio\n> 22 | const logan = new Persona(\n     | ^\n  23 |     temperatura  = 36\n  24 | )\n\nExpected one of the following: \n\n'inherits', '{', whitespace\n","stack":"Error: Failed to parse EXAMEN-Wollok/example.wlk: \n-- PARSING FAILED --------------------------------------------------\n\n  20 | \n  21 | class EnfermedadInfeccio\n> 22 | const logan = new Persona(\n     | ^\n  23 |     temperatura  = 36\n  24 | )\n\nExpected one of the following: \n\n'inherits', '{', whitespace\n\n    at /home/tiaguinni/.vscode/extensions/uqbar.wollok-lsp-ide-0.5.5/out/server/src/server.js:2385:13026\n    at Array.map (<anonymous>)\n    at z1n (/home/tiaguinni/.vscode/extensions/uqbar.wollok-lsp-ide-0.5.5/out/server/src/server.js:2385:12950)\n    at H2.buildEnvironmentFrom (/home/tiaguinni/.vscode/extensions/uqbar.wollok-lsp-ide-0.5.5/out/server/src/server.js:2430:5254)\n    at H2.updateEnvironmentWith (/home/tiaguinni/.vscode/extensions/uqbar.wollok-lsp-ide-0.5.5/out/server/src/server.js:2430:4989)\n    at QF (/home/tiaguinni/.vscode/extensions/uqbar.wollok-lsp-ide-0.5.5/out/server/src/server.js:2430:7383)\n    at V3.invoke (/home/tiaguinni/.vscode/extensions/uqbar.wollok-lsp-ide-0.5.5/out/server/src/server.js:3:157330)\n    at o.fire (/home/tiaguinni/.vscode/extensions/uqbar.wollok-lsp-ide-0.5.5/out/server/src/server.js:3:158100)\n    at /home/tiaguinni/.vscode/extensions/uqbar.wollok-lsp-ide-0.5.5/out/server/src/server.js:37:57871\n    at nd (/home/tiaguinni/.vscode/extensions/uqbar.wollok-lsp-ide-0.5.5/out/server/src/server.js:8:1561)","timestamp":"2026-09-23T13:25:11.598Z"}
{"level":"error","message":"✘ Failed to rebuild document Failed to parse EXAMEN-Wollok/example.wlk: \n-- PARSING FAILED --------------------------------------------------\n\n  20 | \n  21 | class EnfermedadInfeccios\n> 22 | const logan = new Persona(\n     | ^\n  23 |     temperatura  = 36\n  24 | )\n\nExpected one of the following: \n\n'inherits', '{', whitespace\n","stack":"Error: Failed to parse EXAMEN-Wollok/example.wlk: \n-- PARSING FAILED --------------------------------------------------\n\n  20 | \n  21 | class EnfermedadInfeccios\n> 22 | const logan = new Persona(\n     | ^\n  23 |     temperatura  = 36\n  24 | )\n\nExpected one of the following: \n\n'inherits', '{', whitespace\n\n    at /home/tiaguinni/.vscode/extensions/uqbar.wollok-lsp-ide-0.5.5/out/server/src/server.js:2385:13026\n    at Array.map (<anonymous>)\n    at z1n (/home/tiaguinni/.vscode/extensions/uqbar.wollok-lsp-ide-0.5.5/out/server/src/server.js:2385:12950)\n    at H2.buildEnvironmentFrom (/home/tiaguinni/.vscode/extensions/uqbar.wollok-lsp-ide-0.5.5/out/server/src/server.js:2430:5254)\n    at H2.updateEnvironmentWith (/home/tiaguinni/.vscode/extensions/uqbar.wollok-lsp-ide-0.5.5/out/server/src/server.js:2430:4989)\n    at QF (/home/tiaguinni/.vscode/extensions/uqbar.wollok-lsp-ide-0.5.5/out/server/src/server.js:2430:7383)\n    at V3.invoke (/home/tiaguinni/.vscode/extensions/uqbar.wollok-lsp-ide-0.5.5/out/server/src/server.js:3:157330)\n    at o.fire (/home/tiaguinni/.vscode/extensions/uqbar.wollok-lsp-ide-0.5.5/out/server/src/server.js:3:158100)\n    at /home/tiaguinni/.vscode/extensions/uqbar.wollok-lsp-ide-0.5.5/out/server/src/server.js:37:57871\n    at nd (/home/tiaguinni/.vscode/extensions/uqbar.wollok-lsp-ide-0.5.5/out/server/src/server.js:8:1561)","timestamp":"2026-09-23T13:25:11.809Z"}
{"level":"error","message":"✘ Failed to rebuild document Failed to parse EXAMEN-Wollok/example.wlk: \n-- PARSING FAILED --------------------------------------------------\n\n  20 | \n  21 | class EnfermedadInfecciosa\n> 22 | const logan = new Persona(\n     | ^\n  23 |     temperatura  = 36\n  24 | )\n\nExpected one of the following: \n\n'inherits', '{', whitespace\n","stack":"Error: Failed to parse EXAMEN-Wollok/example.wlk: \n-- PARSING FAILED --------------------------------------------------\n\n  20 | \n  21 | class EnfermedadInfecciosa\n> 22 | const logan = new Persona(\n     | ^\n  23 |     temperatura  = 36\n  24 | )\n\nExpected one of the following: \n\n'inherits', '{', whitespace\n\n    at /home/tiaguinni/.vscode/extensions/uqbar.wollok-lsp-ide-0.5.5/out/server/src/server.js:2385:13026\n    at Array.map (<anonymous>)\n    at z1n (/home/tiaguinni/.vscode/extensions/uqbar.wollok-lsp-ide-0.5.5/out/server/src/server.js:2385:12950)\n    at H2.buildEnvironmentFrom (/home/tiaguinni/.vscode/extensions/uqbar.wollok-lsp-ide-0.5.5/out/server/src/server.js:2430:5254)\n    at H2.updateEnvironmentWith (/home/tiaguinni/.vscode/extensions/uqbar.wollok-lsp-ide-0.5.5/out/server/src/server.js:2430:4989)\n    at QF (/home/tiaguinni/.vscode/extensions/uqbar.wollok-lsp-ide-0.5.5/out/server/src/server.js:2430:7383)\n    at V3.invoke (/home/tiaguinni/.vscode/extensions/uqbar.wollok-lsp-ide-0.5.5/out/server/src/server.js:3:157330)\n    at o.fire (/home/tiaguinni/.vscode/extensions/uqbar.wollok-lsp-ide-0.5.5/out/server/src/server.js:3:158100)\n    at /home/tiaguinni/.vscode/extensions/uqbar.wollok-lsp-ide-0.5.5/out/server/src/server.js:37:57871\n    at nd (/home/tiaguinni/.vscode/extensions/uqbar.wollok-lsp-ide-0.5.5/out/server/src/server.js:8:1561)","timestamp":"2026-09-23T13:25:11.944Z"}
{"level":"error","message":"✘ Failed to rebuild document Failed to parse EXAMEN-Wollok/example.wlk: \n-- PARSING FAILED --------------------------------------------------\n\n  20 | \n  21 | class EnfermedadInfecciosa \n> 22 | const logan = new Persona(\n     | ^\n  23 |     temperatura  = 36\n  24 | )\n\nExpected one of the following: \n\n'inherits', '{', whitespace\n","stack":"Error: Failed to parse EXAMEN-Wollok/example.wlk: \n-- PARSING FAILED --------------------------------------------------\n\n  20 | \n  21 | class EnfermedadInfecciosa \n> 22 | const logan = new Persona(\n     | ^\n  23 |     temperatura  = 36\n  24 | )\n\nExpected one of the following: \n\n'inherits', '{', whitespace\n\n    at /home/tiaguinni/.vscode/extensions/uqbar.wollok-lsp-ide-0.5.5/out/server/src/server.js:2385:13026\n    at Array.map (<anonymous>)\n    at z1n (/home/tiaguinni/.vscode/extensions/uqbar.wollok-lsp-ide-0.5.5/out/server/src/server.js:2385:12950)\n    at H2.buildEnvironmentFrom (/home/tiaguinni/.vscode/extensions/uqbar.wollok-lsp-ide-0.5.5/out/server/src/server.js:2430:5254)\n    at H2.updateEnvironmentWith (/home/tiaguinni/.vscode/extensions/uqbar.wollok-lsp-ide-0.5.5/out/server/src/server.js:2430:4989)\n    at QF (/home/tiaguinni/.vscode/extensions/uqbar.wollok-lsp-ide-0.5.5/out/server/src/server.js:2430:7383)\n    at V3.invoke (/home/tiaguinni/.vscode/extensions/uqbar.wollok-lsp-ide-0.5.5/out/server/src/server.js:3:157330)\n    at o.fire (/home/tiaguinni/.vscode/extensions/uqbar.wollok-lsp-ide-0.5.5/out/server/src/server.js:3:158100)\n    at /home/tiaguinni/.vscode/extensions/uqbar.wollok-lsp-ide-0.5.5/out/server/src/server.js:37:57871\n    at nd (/home/tiaguinni/.vscode/extensions/uqbar.wollok-lsp-ide-0.5.5/out/server/src/server.js:8:1561)","timestamp":"2026-09-23T13:25:18.829Z"}
{"level":"info","message":"⌛ Building environment","timeElapsed":145,"timestamp":"2026-09-23T13:25:19.949Z"}
{"level":"info","message":"⌛ Validating EXAMEN-Wollok/example.wlk","timeElapsed":194,"timestamp":"2026-09-23T13:25:20.149Z"}
{"level":"info","message":"⌛ Building environment","timeElapsed":163,"timestamp":"2026-09-23T13:25:21.509Z"}
{"level":"info","message":"⌛ Validating EXAMEN-Wollok/example.wlk","timeElapsed":145,"timestamp":"2026-09-23T13:25:21.701Z"}
{"level":"info","message":"⌛ Building environment","timeElapsed":130,"timestamp":"2026-09-23T13:25:23.199Z"}
{"level":"info","message":"⌛ Validating EXAMEN-Wollok/example.wlk","timeElapsed":138,"timestamp":"2026-09-23T13:25:23.344Z"}
{"level":"info","message":"⌛ Building environment","timeElapsed":164,"timestamp":"2026-09-23T13:25:28.868Z"}
{"level":"info","message":"⌛ Validating EXAMEN-Wollok/example.wlk","timeElapsed":159,"timestamp":"2026-09-23T13:25:29.036Z"}
{"level":"info","message":"⌛ Building environment","timeElapsed":128,"timestamp":"2026-09-23T13:25:33.016Z"}
{"level":"info","message":"⌛ Validating EXAMEN-Wollok/example.wlk","timeElapsed":152,"timestamp":"2026-09-23T13:25:33.171Z"}
{"level":"info","message":"⌛ Building environment","timeElapsed":122,"timestamp":"2026-09-23T13:25:34.091Z"}
{"level":"info","message":"⌛ Validating EXAMEN-Wollok/example.wlk","timeElapsed":160,"timestamp":"2026-09-23T13:25:34.255Z"}
{"level":"info","message":"⌛ Building environment","timeElapsed":117,"timestamp":"2026-09-23T13:25:37.960Z"}
{"level":"info","message":"⌛ Validating EXAMEN-Wollok/example.wlk","timeElapsed":144,"timestamp":"2026-09-23T13:25:38.112Z"}
{"level":"info","message":"⌛ Building environment","timeElapsed":191,"timestamp":"2026-09-23T13:25:48.258Z"}
{"level":"info","message":"⌛ Validating EXAMEN-Wollok/example.wlk","timeElapsed":240,"timestamp":"2026-09-23T13:25:48.514Z"}
{"level":"info","message":"⌛ Building environment","timeElapsed":160,"timestamp":"2026-09-23T13:25:50.585Z"}
{"level":"info","message":"⌛ Validating EXAMEN-Wollok/example.wlk","timeElapsed":168,"timestamp":"2026-09-23T13:25:50.755Z"}
{"level":"info","message":"⌛ Building environment","timeElapsed":158,"timestamp":"2026-09-23T13:25:52.488Z"}
{"level":"info","message":"⌛ Validating EXAMEN-Wollok/example.wlk","timeElapsed":179,"timestamp":"2026-09-23T13:25:52.670Z"}
{"level":"info","message":"⌛ Validating EXAMEN-Wollok/example.wlk","timeElapsed":173,"timestamp":"2026-09-23T13:25:52.942Z"}
{"level":"info","message":"⌛ Validating EXAMEN-Wollok/example.wlk","timeElapsed":174,"timestamp":"2026-09-23T13:25:53.224Z"}
{"level":"info","message":"⌛ Validating EXAMEN-Wollok/example.wlk","timeElapsed":157,"timestamp":"2026-09-23T13:25:53.485Z"}
{"level":"info","message":"⌛ Building environment","timeElapsed":139,"timestamp":"2026-09-23T13:25:54.562Z"}
{"level":"info","message":"⌛ Validating EXAMEN-Wollok/example.wlk","timeElapsed":174,"timestamp":"2026-09-23T13:25:54.751Z"}
{"level":"info","message":"⌛ Building environment","timeElapsed":107,"timestamp":"2026-09-23T13:25:54.859Z"}
{"level":"info","message":"⌛ Building environment","timeElapsed":114,"timestamp":"2026-09-23T13:25:54.981Z"}
{"level":"info","message":"⌛ Validating EXAMEN-Wollok/example.wlk","timeElapsed":163,"timestamp":"2026-09-23T13:25:55.143Z"}
{"level":"info","message":"⌛ Building environment","timeElapsed":101,"timestamp":"2026-09-23T13:25:55.245Z"}
{"level":"info","message":"⌛ Validating EXAMEN-Wollok/example.wlk","timeElapsed":154,"timestamp":"2026-09-23T13:25:55.400Z"}
{"level":"info","message":"⌛ Validating EXAMEN-Wollok/example.wlk","timeElapsed":188,"timestamp":"2026-09-23T13:25:55.661Z"}
{"level":"info","message":"⌛ Building environment","timeElapsed":143,"timestamp":"2026-09-23T13:25:55.809Z"}
{"level":"info","message":"⌛ Building environment","timeElapsed":130,"timestamp":"2026-09-23T13:25:55.949Z"}
{"level":"info","message":"⌛ Building environment","timeElapsed":101,"timestamp":"2026-09-23T13:25:56.057Z"}
{"level":"info","message":"⌛ Validating EXAMEN-Wollok/example.wlk","timeElapsed":154,"timestamp":"2026-09-23T13:25:56.212Z"}
{"level":"info","message":"⌛ Validating EXAMEN-Wollok/example.wlk","timeElapsed":150,"timestamp":"2026-09-23T13:25:56.371Z"}
{"level":"info","message":"⌛ Validating EXAMEN-Wollok/example.wlk","timeElapsed":138,"timestamp":"2026-09-23T13:25:56.511Z"}
{"level":"info","message":"⌛ Building environment","timeElapsed":120,"timestamp":"2026-09-23T13:25:57.280Z"}
{"level":"info","message":"⌛ Validating EXAMEN-Wollok/example.wlk","timeElapsed":148,"timestamp":"2026-09-23T13:25:57.435Z"}
{"level":"info","message":"⌛ Validating EXAMEN-Wollok/example.wlk","timeElapsed":148,"timestamp":"2026-09-23T13:25:57.866Z"}
{"level":"info","message":"⌛ Building environment","timeElapsed":120,"timestamp":"2026-09-23T13:25:57.991Z"}
{"level":"info","message":"⌛ Validating EXAMEN-Wollok/example.wlk","timeElapsed":145,"timestamp":"2026-09-23T13:25:58.140Z"}
{"level":"info","message":"⌛ Building environment","timeElapsed":117,"timestamp":"2026-09-23T13:25:58.600Z"}
{"level":"info","message":"⌛ Validating EXAMEN-Wollok/example.wlk","timeElapsed":147,"timestamp":"2026-09-23T13:25:58.755Z"}
{"level":"info","message":"⌛ Building environment","timeElapsed":129,"timestamp":"2026-09-23T13:25:58.917Z"}
{"level":"info","message":"⌛ Validating EXAMEN-Wollok/example.wlk","timeElapsed":144,"timestamp":"2026-09-23T13:25:59.065Z"}
{"level":"info","message":"⌛ Building environment","timeElapsed":214,"timestamp":"2026-09-23T13:26:06.406Z"}
{"level":"info","message":"⌛ Validating EXAMEN-Wollok/example.wlk","timeElapsed":167,"timestamp":"2026-09-23T13:26:06.581Z"}
{"level":"info","message":"⌛ Validating EXAMEN-Wollok/testExample.wtest","timeElapsed":135,"timestamp":"2026-09-23T13:26:06.716Z"}
{"level":"info","message":"⌛ Validating nombreRandom/nombreRandom.wlk","timeElapsed":119,"timestamp":"2026-09-23T13:26:06.835Z"}
{"level":"info","message":"⌛ Building environment","timeElapsed":185,"timestamp":"2026-09-23T13:26:14.177Z"}
{"level":"info","message":"⌛ Validating EXAMEN-Wollok/example.wlk","timeElapsed":150,"timestamp":"2026-09-23T13:26:14.343Z"}
{"level":"info","message":"⌛ Building environment","timeElapsed":128,"timestamp":"2026-09-23T13:26:15.192Z"}
{"level":"info","message":"⌛ Validating EXAMEN-Wollok/example.wlk","timeElapsed":177,"timestamp":"2026-09-23T13:26:15.463Z"}
{"level":"info","message":"⌛ Validating EXAMEN-Wollok/example.wlk","timeElapsed":171,"timestamp":"2026-09-23T13:26:15.635Z"}
{"level":"info","message":"⌛ Building environment","timeElapsed":104,"timestamp":"2026-09-23T13:26:15.739Z"}
{"level":"info","message":"⌛ Building environment","timeElapsed":102,"timestamp":"2026-09-23T13:26:15.842Z"}
{"level":"info","message":"⌛ Validating EXAMEN-Wollok/example.wlk","timeElapsed":143,"timestamp":"2026-09-23T13:26:16.005Z"}
{"level":"error","message":"✘ Failed to rebuild document Failed to parse EXAMEN-Wollok/example.wlk: \n-- PARSING FAILED --------------------------------------------------\n\n  36 | const\n  37 | \n> 38 | /*\n     | ^\n  39 |   CLASES!! nos simplifica para no repetir logica!\n  40 |     class Nombre{}\n\nExpected one of the following: \n\nidentifier, whitespace\n","stack":"Error: Failed to parse EXAMEN-Wollok/example.wlk: \n-- PARSING FAILED --------------------------------------------------\n\n  36 | const\n  37 | \n> 38 | /*\n     | ^\n  39 |   CLASES!! nos simplifica para no repetir logica!\n  40 |     class Nombre{}\n\nExpected one of the following: \n\nidentifier, whitespace\n\n    at /home/tiaguinni/.vscode/extensions/uqbar.wollok-lsp-ide-0.5.5/out/server/src/server.js:2385:13026\n    at Array.map (<anonymous>)\n    at z1n (/home/tiaguinni/.vscode/extensions/uqbar.wollok-lsp-ide-0.5.5/out/server/src/server.js:2385:12950)\n    at H2.buildEnvironmentFrom (/home/tiaguinni/.vscode/extensions/uqbar.wollok-lsp-ide-0.5.5/out/server/src/server.js:2430:5254)\n    at H2.updateEnvironmentWith (/home/tiaguinni/.vscode/extensions/uqbar.wollok-lsp-ide-0.5.5/out/server/src/server.js:2430:4989)\n    at QF (/home/tiaguinni/.vscode/extensions/uqbar.wollok-lsp-ide-0.5.5/out/server/src/server.js:2430:7383)\n    at V3.invoke (/home/tiaguinni/.vscode/extensions/uqbar.wollok-lsp-ide-0.5.5/out/server/src/server.js:3:157330)\n    at o.fire (/home/tiaguinni/.vscode/extensions/uqbar.wollok-lsp-ide-0.5.5/out/server/src/server.js:3:158100)\n    at /home/tiaguinni/.vscode/extensions/uqbar.wollok-lsp-ide-0.5.5/out/server/src/server.js:37:57871\n    at nd (/home/tiaguinni/.vscode/extensions/uqbar.wollok-lsp-ide-0.5.5/out/server/src/server.js:8:1561)","timestamp":"2026-09-23T13:26:16.014Z"}
{"level":"info","message":"⌛ Validating EXAMEN-Wollok/example.wlk","timeElapsed":178,"timestamp":"2026-09-23T13:26:16.192Z"}
{"level":"error","message":"✘ Failed to rebuild document Failed to parse EXAMEN-Wollok/example.wlk: \n-- PARSING FAILED --------------------------------------------------\n\n  36 | const \n  37 | \n> 38 | /*\n     | ^\n  39 |   CLASES!! nos simplifica para no repetir logica!\n  40 |     class Nombre{}\n\nExpected one of the following: \n\nidentifier, whitespace\n","stack":"Error: Failed to parse EXAMEN-Wollok/example.wlk: \n-- PARSING FAILED --------------------------------------------------\n\n  36 | const \n  37 | \n> 38 | /*\n     | ^\n  39 |   CLASES!! nos simplifica para no repetir logica!\n  40 |     class Nombre{}\n\nExpected one of the following: \n\nidentifier, whitespace\n\n    at /home/tiaguinni/.vscode/extensions/uqbar.wollok-lsp-ide-0.5.5/out/server/src/server.js:2385:13026\n    at Array.map (<anonymous>)\n    at z1n (/home/tiaguinni/.vscode/extensions/uqbar.wollok-lsp-ide-0.5.5/out/server/src/server.js:2385:12950)\n    at H2.buildEnvironmentFrom (/home/tiaguinni/.vscode/extensions/uqbar.wollok-lsp-ide-0.5.5/out/server/src/server.js:2430:5254)\n    at H2.updateEnvironmentWith (/home/tiaguinni/.vscode/extensions/uqbar.wollok-lsp-ide-0.5.5/out/server/src/server.js:2430:4989)\n    at QF (/home/tiaguinni/.vscode/extensions/uqbar.wollok-lsp-ide-0.5.5/out/server/src/server.js:2430:7383)\n    at V3.invoke (/home/tiaguinni/.vscode/extensions/uqbar.wollok-lsp-ide-0.5.5/out/server/src/server.js:3:157330)\n    at o.fire (/home/tiaguinni/.vscode/extensions/uqbar.wollok-lsp-ide-0.5.5/out/server/src/server.js:3:158100)\n    at /home/tiaguinni/.vscode/extensions/uqbar.wollok-lsp-ide-0.5.5/out/server/src/server.js:37:57871\n    at nd (/home/tiaguinni/.vscode/extensions/uqbar.wollok-lsp-ide-0.5.5/out/server/src/server.js:8:1561)","timestamp":"2026-09-23T13:26:20.498Z"}
{"level":"info","message":"⌛ Building environment","timeElapsed":144,"timestamp":"2026-09-23T13:26:21.489Z"}
{"level":"info","message":"⌛ Validating EXAMEN-Wollok/example.wlk","timeElapsed":195,"timestamp":"2026-09-23T13:26:21.781Z"}
{"level":"info","message":"⌛ Validating EXAMEN-Wollok/example.wlk","timeElapsed":181,"timestamp":"2026-09-23T13:26:21.963Z"}
{"level":"info","message":"⌛ Building environment","timeElapsed":209,"timestamp":"2026-09-23T13:26:22.173Z"}
{"level":"info","message":"⌛ Validating EXAMEN-Wollok/example.wlk","timeElapsed":148,"timestamp":"2026-09-23T13:26:22.717Z"}
{"level":"info","message":"⌛ Validating EXAMEN-Wollok/example.wlk","timeElapsed":142,"timestamp":"2026-09-23T13:26:22.866Z"}
{"level":"info","message":"⌛ Validating EXAMEN-Wollok/example.wlk","timeElapsed":139,"timestamp":"2026-09-23T13:26:23.008Z"}
{"level":"info","message":"⌛ Validating EXAMEN-Wollok/example.wlk","timeElapsed":159,"timestamp":"2026-09-23T13:26:23.168Z"}
{"level":"info","message":"⌛ Validating EXAMEN-Wollok/example.wlk","timeElapsed":156,"timestamp":"2026-09-23T13:26:23.324Z"}
{"level":"error","message":"✘ Completions for node Variable ([36:1, 36:14] - EXAMEN-Wollok/example.wlk) failed: Error: EXAMEN-Wollok.example.malaria [Variable]{9cfe12} at EXAMEN-Wollok/example.wlk:36 exhausted all cases without a match EXAMEN-Wollok.example.malaria [Variable]{9cfe12} at EXAMEN-Wollok/example.wlk:36 exhausted all cases without a match","stack":"Error: EXAMEN-Wollok.example.malaria [Variable]{9cfe12} at EXAMEN-Wollok/example.wlk:36 exhausted all cases without a match\n    at /home/tiaguinni/.vscode/extensions/uqbar.wollok-lsp-ide-0.5.5/out/server/src/server.js:38:6142\n    at L2 (/home/tiaguinni/.vscode/extensions/uqbar.wollok-lsp-ide-0.5.5/out/server/src/server.js:2421:42)\n    at /home/tiaguinni/.vscode/extensions/uqbar.wollok-lsp-ide-0.5.5/out/server/src/server.js:2421:2988\n    at /home/tiaguinni/.vscode/extensions/uqbar.wollok-lsp-ide-0.5.5/out/server/src/server.js:2430:8440\n    at /home/tiaguinni/.vscode/extensions/uqbar.wollok-lsp-ide-0.5.5/out/server/src/server.js:37:74872\n    at Ke (/home/tiaguinni/.vscode/extensions/uqbar.wollok-lsp-ide-0.5.5/out/server/src/server.js:7:8527)\n    at It (/home/tiaguinni/.vscode/extensions/uqbar.wollok-lsp-ide-0.5.5/out/server/src/server.js:7:6189)\n    at et (/home/tiaguinni/.vscode/extensions/uqbar.wollok-lsp-ide-0.5.5/out/server/src/server.js:7:6378)\n    at Immediate._onImmediate (/home/tiaguinni/.vscode/extensions/uqbar.wollok-lsp-ide-0.5.5/out/server/src/server.js:7:6142)\n    at process.processImmediate (node:internal/timers:504:21)","timestamp":"2026-09-23T13:26:23.350Z"}
{"level":"info","message":"⌛ Building environment","timeElapsed":136,"timestamp":"2026-09-23T13:26:23.488Z"}
{"level":"info","message":"⌛ Validating EXAMEN-Wollok/example.wlk","timeElapsed":164,"timestamp":"2026-09-23T13:26:23.751Z"}
{"level":"info","message":"⌛ Validating EXAMEN-Wollok/example.wlk","timeElapsed":140,"timestamp":"2026-09-23T13:26:23.891Z"}
{"level":"info","message":"⌛ Validating EXAMEN-Wollok/example.wlk","timeElapsed":154,"timestamp":"2026-09-23T13:26:24.146Z"}
{"level":"error","message":"✘ Completions for node Variable ([36:1, 36:17] - EXAMEN-Wollok/example.wlk) failed: Error: EXAMEN-Wollok.example.malaria500 [Variable]{bc238a} at EXAMEN-Wollok/example.wlk:36 exhausted all cases without a match EXAMEN-Wollok.example.malaria500 [Variable]{bc238a} at EXAMEN-Wollok/example.wlk:36 exhausted all cases without a match","stack":"Error: EXAMEN-Wollok.example.malaria500 [Variable]{bc238a} at EXAMEN-Wollok/example.wlk:36 exhausted all cases without a match\n    at /home/tiaguinni/.vscode/extensions/uqbar.wollok-lsp-ide-0.5.5/out/server/src/server.js:38:6142\n    at L2 (/home/tiaguinni/.vscode/extensions/uqbar.wollok-lsp-ide-0.5.5/out/server/src/server.js:2421:42)\n    at /home/tiaguinni/.vscode/extensions/uqbar.wollok-lsp-ide-0.5.5/out/server/src/server.js:2421:2988\n    at /home/tiaguinni/.vscode/extensions/uqbar.wollok-lsp-ide-0.5.5/out/server/src/server.js:2430:8440\n    at /home/tiaguinni/.vscode/extensions/uqbar.wollok-lsp-ide-0.5.5/out/server/src/server.js:37:74872\n    at Ke (/home/tiaguinni/.vscode/extensions/uqbar.wollok-lsp-ide-0.5.5/out/server/src/server.js:7:8527)\n    at It (/home/tiaguinni/.vscode/extensions/uqbar.wollok-lsp-ide-0.5.5/out/server/src/server.js:7:6189)\n    at et (/home/tiaguinni/.vscode/extensions/uqbar.wollok-lsp-ide-0.5.5/out/server/src/server.js:7:6378)\n    at Immediate._onImmediate (/home/tiaguinni/.vscode/extensions/uqbar.wollok-lsp-ide-0.5.5/out/server/src/server.js:7:6142)\n    at process.processImmediate (node:internal/timers:504:21)","timestamp":"2026-09-23T13:26:24.384Z"}
{"level":"info","message":"⌛ Building environment","timeElapsed":144,"timestamp":"2026-09-23T13:26:27.661Z"}
{"level":"info","message":"⌛ Validating EXAMEN-Wollok/example.wlk","timeElapsed":148,"timestamp":"2026-09-23T13:26:27.816Z"}
{"level":"info","message":"⌛ Building environment","timeElapsed":177,"timestamp":"2026-09-23T13:26:32.193Z"}
{"level":"info","message":"⌛ Validating EXAMEN-Wollok/example.wlk","timeElapsed":196,"timestamp":"2026-09-23T13:26:32.409Z"}
{"level":"info","message":"⌛ Building environment","timeElapsed":120,"timestamp":"2026-09-23T13:26:32.618Z"}
{"level":"info","message":"⌛ Validating EXAMEN-Wollok/example.wlk","timeElapsed":161,"timestamp":"2026-09-23T13:26:32.782Z"}
{"level":"info","message":"⌛ Building environment","timeElapsed":131,"timestamp":"2026-09-23T13:26:33.301Z"}
{"level":"info","message":"⌛ Validating EXAMEN-Wollok/example.wlk","timeElapsed":172,"timestamp":"2026-09-23T13:26:33.478Z"}
{"level":"info","message":"⌛ Validating EXAMEN-Wollok/example.wlk","timeElapsed":164,"timestamp":"2026-09-23T13:26:33.741Z"}
{"level":"info","message":"⌛ Building environment","timeElapsed":105,"timestamp":"2026-09-23T13:26:33.853Z"}
{"level":"info","message":"⌛ Validating EXAMEN-Wollok/example.wlk","timeElapsed":162,"timestamp":"2026-09-23T13:26:34.024Z"}
{"level":"info","message":"⌛ Building environment","timeElapsed":130,"timestamp":"2026-09-23T13:26:34.157Z"}
{"level":"info","message":"⌛ Validating EXAMEN-Wollok/example.wlk","timeElapsed":162,"timestamp":"2026-09-23T13:26:34.326Z"}
{"level":"info","message":"⌛ Building environment","timeElapsed":130,"timestamp":"2026-09-23T13:26:34.465Z"}
{"level":"info","message":"⌛ Validating EXAMEN-Wollok/example.wlk","timeElapsed":176,"timestamp":"2026-09-23T13:26:34.656Z"}
{"level":"info","message":"⌛ Validating EXAMEN-Wollok/example.wlk","timeElapsed":160,"timestamp":"2026-09-23T13:26:35.012Z"}
{"level":"info","message":"⌛ Validating EXAMEN-Wollok/example.wlk","timeElapsed":153,"timestamp":"2026-09-23T13:26:35.166Z"}
{"level":"info","message":"⌛ Building environment","timeElapsed":111,"timestamp":"2026-09-23T13:26:35.286Z"}
{"level":"info","message":"⌛ Validating EXAMEN-Wollok/example.wlk","timeElapsed":169,"timestamp":"2026-09-23T13:26:35.463Z"}
{"level":"info","message":"⌛ Building environment","timeElapsed":176,"timestamp":"2026-09-23T13:26:35.641Z"}
{"level":"info","message":"⌛ Building environment","timeElapsed":103,"timestamp":"2026-09-23T13:26:35.756Z"}
{"level":"info","message":"⌛ Validating EXAMEN-Wollok/example.wlk","timeElapsed":184,"timestamp":"2026-09-23T13:26:35.940Z"}
{"level":"info","message":"⌛ Validating EXAMEN-Wollok/example.wlk","timeElapsed":143,"timestamp":"2026-09-23T13:26:36.089Z"}
{"level":"info","message":"⌛ Building environment","timeElapsed":113,"timestamp":"2026-09-23T13:26:36.205Z"}
{"level":"info","message":"⌛ Validating EXAMEN-Wollok/example.wlk","timeElapsed":156,"timestamp":"2026-09-23T13:26:36.474Z"}
{"level":"info","message":"⌛ Validating EXAMEN-Wollok/example.wlk","timeElapsed":144,"timestamp":"2026-09-23T13:26:36.618Z"}
{"level":"info","message":"⌛ Validating EXAMEN-Wollok/example.wlk","timeElapsed":169,"timestamp":"2026-09-23T13:26:36.894Z"}
{"level":"info","message":"⌛ Validating EXAMEN-Wollok/example.wlk","timeElapsed":161,"timestamp":"2026-09-23T13:26:37.260Z"}
{"level":"info","message":"⌛ Validating EXAMEN-Wollok/example.wlk","timeElapsed":135,"timestamp":"2026-09-23T13:26:37.396Z"}
{"level":"info","message":"⌛ Validating EXAMEN-Wollok/example.wlk","timeElapsed":171,"timestamp":"2026-09-23T13:26:37.770Z"}
{"level":"info","message":"⌛ Building environment","timeElapsed":250,"timestamp":"2026-09-23T13:26:38.021Z"}
{"level":"info","message":"⌛ Validating EXAMEN-Wollok/example.wlk","timeElapsed":177,"timestamp":"2026-09-23T13:26:38.199Z"}
{"level":"info","message":"⌛ Building environment","timeElapsed":113,"timestamp":"2026-09-23T13:26:38.322Z"}
{"level":"info","message":"⌛ Building environment","timeElapsed":122,"timestamp":"2026-09-23T13:26:38.444Z"}
{"level":"info","message":"⌛ Validating EXAMEN-Wollok/example.wlk","timeElapsed":153,"timestamp":"2026-09-23T13:26:38.608Z"}
{"level":"info","message":"⌛ Validating EXAMEN-Wollok/example.wlk","timeElapsed":163,"timestamp":"2026-09-23T13:26:38.952Z"}
{"level":"info","message":"⌛ Building environment","timeElapsed":116,"timestamp":"2026-09-23T13:26:39.070Z"}
{"level":"info","message":"⌛ Validating EXAMEN-Wollok/example.wlk","timeElapsed":150,"timestamp":"2026-09-23T13:26:39.221Z"}
{"level":"info","message":"⌛ Validating EXAMEN-Wollok/example.wlk","timeElapsed":160,"timestamp":"2026-09-23T13:26:39.389Z"}
{"level":"info","message":"⌛ Validating EXAMEN-Wollok/example.wlk","timeElapsed":165,"timestamp":"2026-09-23T13:26:39.555Z"}
{"level":"info","message":"⌛ Validating EXAMEN-Wollok/example.wlk","timeElapsed":155,"timestamp":"2026-09-23T13:26:39.798Z"}
{"level":"info","message":"⌛ Building environment","timeElapsed":119,"timestamp":"2026-09-23T13:26:40.109Z"}
{"level":"info","message":"⌛ Validating EXAMEN-Wollok/example.wlk","timeElapsed":137,"timestamp":"2026-09-23T13:26:40.247Z"}
{"level":"info","message":"⌛ Validating EXAMEN-Wollok/example.wlk","timeElapsed":141,"timestamp":"2026-09-23T13:26:40.389Z"}
{"level":"info","message":"⌛ Validating EXAMEN-Wollok/example.wlk","timeElapsed":156,"timestamp":"2026-09-23T13:26:40.551Z"}
{"level":"info","message":"⌛ Validating EXAMEN-Wollok/example.wlk","timeElapsed":173,"timestamp":"2026-09-23T13:26:40.831Z"}
{"level":"info","message":"⌛ Validating EXAMEN-Wollok/example.wlk","timeElapsed":179,"timestamp":"2026-09-23T13:26:41.094Z"}
{"level":"info","message":"⌛ Building environment","timeElapsed":152,"timestamp":"2026-09-23T13:26:41.249Z"}
{"level":"info","message":"⌛ Validating EXAMEN-Wollok/example.wlk","timeElapsed":154,"timestamp":"2026-09-23T13:26:41.410Z"}
{"level":"info","message":"⌛ Building environment","timeElapsed":151,"timestamp":"2026-09-23T13:26:41.562Z"}
{"level":"info","message":"⌛ Building environment","timeElapsed":102,"timestamp":"2026-09-23T13:26:41.665Z"}
{"level":"info","message":"⌛ Validating EXAMEN-Wollok/example.wlk","timeElapsed":260,"timestamp":"2026-09-23T13:26:41.933Z"}
{"level":"info","message":"⌛ Building environment","timeElapsed":153,"timestamp":"2026-09-23T13:26:42.087Z"}
{"level":"info","message":"⌛ Validating EXAMEN-Wollok/example.wlk","timeElapsed":177,"timestamp":"2026-09-23T13:26:42.370Z"}
{"level":"info","message":"⌛ Validating EXAMEN-Wollok/example.wlk","timeElapsed":225,"timestamp":"2026-09-23T13:26:42.598Z"}
{"level":"info","message":"⌛ Building environment","timeElapsed":121,"timestamp":"2026-09-23T13:26:42.728Z"}
{"level":"info","message":"⌛ Validating EXAMEN-Wollok/example.wlk","timeElapsed":157,"timestamp":"2026-09-23T13:26:42.985Z"}
{"level":"info","message":"⌛ Validating EXAMEN-Wollok/example.wlk","timeElapsed":139,"timestamp":"2026-09-23T13:26:43.131Z"}
{"level":"info","message":"⌛ Building environment","timeElapsed":112,"timestamp":"2026-09-23T13:26:43.437Z"}
{"level":"info","message":"⌛ Validating EXAMEN-Wollok/example.wlk","timeElapsed":150,"timestamp":"2026-09-23T13:26:43.588Z"}
{"level":"info","message":"⌛ Validating EXAMEN-Wollok/example.wlk","timeElapsed":138,"timestamp":"2026-09-23T13:26:43.731Z"}
{"level":"error","message":"✘ Failed to get type description: Error: Failed to print, found malformed node Failed to print, found malformed node","node":{"fileName":"EXAMEN-Wollok/example.wlk","id":"fb510ece-5a63-42d0-8142-84313764021a","imports":[],"members":[{"id":"ec6684ec-4961-4afe-a717-7e485d285725","members":[{"id":"5b5e127d-2b82-4ed2-8b4e-a210156786b8","isConstant":false,"isProperty":false,"metadata":[],"name":"enfermedades","scope":{"containerScope":{"containerScope":{"containerScope":{"containerScope":{"contributions":{},"includedScopes":[]},"contributions":{},"includedScopes":[]},"contributions":{},"includedScopes":[]},"contributions":{},"includedScopes":[{"containerScope":{"containerScope":{"containerScope":{"contributions":{},"includedScopes":[]},"contributions":{},"includedScopes":[]},"contributions":{},"includedScopes":[]},"contributions":{},"includedScopes":[]}]},"contributions":{},"includedScopes":[]},"sourceMap":{"end":{"column":27,"line":3,"offset":42},"start":{"column":4,"line":3,"offset":19}},"value":{"id":"47aeb9a5-c4e8-41a6-acec-6cd717e4ad37","metadata":[],"scope":{"containerScope":{"containerScope":{"containerScope":{"containerScope":{"containerScope":{"contributions":{},"includedScopes":[]},"contributions":{},"includedScopes":[]},"contributions":{},"includedScopes":[]},"contributions":{},"includedScopes":[{"containerScope":{"containerScope":{"containerScope":{"contributions":{},"includedScopes":[]},"contributions":{},"includedScopes":[]},"contributions":{},"includedScopes":[]},"contributions":{},"includedScopes":[]}]},"contributions":{},"includedScopes":[]},"contributions":{},"includedScopes":[]},"sourceMap":{"end":{"column":27,"line":3,"offset":42},"start":{"column":24,"line":3,"offset":39}},"value":[{"id":"07bc9639-b940-4149-a2a7-0bf73c6a7ecf","metadata":[],"name":"wollok.lang.Set","scope":{"containerScope":{"containerScope":{"containerScope":{"containerScope":{"containerScope":{"containerScope":{"contributions":{},"includedScopes":[]},"contributions":{},"includedScopes":[]},"contributions":{},"includedScopes":[]},"contributions":{},"includedScopes":[{"containerScope":{"containerScope":{"containerScope":{"contributions":{},"includedScopes":[]},"contributions":{},"includedScopes":[]},"contributions":{},"includedScopes":[]},"contributions":{},"includedScopes":[]}]},"contributions":{},"includedScopes":[]},"contributions":{},"includedScopes":[]},"contributions":{},"includedScopes":[]}},[]]}},{"id":"693e9447-ee7d-475a-829f-5f3847ae0e76","isConstant":false,"isProperty":false,"metadata":[{"args":{"position":"end","text":"/*\n    HAY DOS TIPPOS DE LISTAS!! lista(COLLECION)puede haber elementos con Ordenrepetidos y colecciones no, ademas las colecciones no tienen orden\n    luego tenemos un SET: #{} no se puede repetir ni orden\n  */"},"name":"comment"}],"name":"temperatura","scope":{"containerScope":{"containerScope":{"containerScope":{"containerScope":{"contributions":{},"includedScopes":[]},"contributions":{},"includedScopes":[]},"contributions":{},"includedScopes":[]},"contributions":{},"includedScopes":[{"containerScope":{"containerScope":{"containerScope":{"contributions":{},"includedScopes":[]},"contributions":{},"includedScopes":[]},"contributions":{},"includedScopes":[]},"contributions":{},"includedScopes":[]}]},"contributions":{},"includedScopes":[]},"sourceMap":{"end":{"column":26,"line":4,"offset":68},"start":{"column":4,"line":4,"offset":46}},"value":{"id":"2bc35ec9-3ea7-42ad-aadf-7b0e6394034b","metadata":[],"scope":{"containerScope":{"containerScope":{"containerScope":{"containerScope":{"containerScope":{"contributions":{},"includedScopes":[]},"contributions":{},"includedScopes":[]},"contributions":{},"includedScopes":[]},"contributions":{},"includedScopes":[{"containerScope":{"containerScope":{"containerScope":{"contributions":{},"includedScopes":[]},"contributions":{},"includedScopes":[]},"contributions":{},"includedScopes":[]},"contributions":{},"includedScopes":[]}]},"contributions":{},"includedScopes":[]},"contributions":{},"includedScopes":[]},"sourceMap":{"end":{"column":26,"line":4,"offset":68},"start":{"column":22,"line":4,"offset":64}},"value":36.6}},{"body":{"id":"ac53dec2-d8b9-474e-ad84-d348326728fe","metadata":[],"problems":[],"scope":{"containerScope":{"containerScope":{"containerScope":{"containerScope":{"containerScope":{"contributions":{},"includedScopes":[]},"contributions":{},"includedScopes":[]},"contributions":{},"includedScopes":[]},"contributions":{},"includedScopes":[{"containerScope":{"containerScope":{"containerScope":{"contributions":{},"includedScopes":[]},"contributions":{},"includedScopes":[]},"contributions":{},"includedScopes":[]},"contributions":{},"includedScopes":[]}]},"contributions":{},"includedScopes":[]},"contributions":{},"includedScopes":[]},"sentences":[{"args":[{"id":"02822075-b85f-4113-9f76-a2a2a3fae73a","metadata":[],"name":"enfermedad","scope":{"containerScope":{"containerScope":{"containerScope":{"containerScope":{"containerScope":{"containerScope":{"containerScope":{"contributions":{},"includedScopes":[]},"contributions":{},"includedScopes":[]},"contributions":{},"includedScopes":[]},"contributions":{},"includedScopes":[{"containerScope":{"containerScope":{"containerScope":{"contributions":{},"includedScopes":[]},"contributions":{},"includedScopes":[]},"contributions":{},"includedScopes":[]},"contributions":{},"includedScopes":[]}]},"contributions":{},"includedScopes":[]},"contributions":{},"includedScopes":[]},"contributions":{},"includedScopes":[]},"contributions":{},"includedScopes":[]},"sourceMap":{"end":{"column":34,"line":10,"offset":346},"start":{"column":24,"line":10,"offset":336}}}],"id":"4ba09b72-2230-4c89-95ac-f7b2dd6a3ece","message":"add","metadata":[],"receiver":{"id":"2614108b-98f8-4721-ae38-6ea1e8bd0bad","metadata":[],"name":"enfermedades","scope":{"containerScope":{"containerScope":{"containerScope":{"containerScope":{"containerScope":{"containerScope":{"containerScope":{"contributions":{},"includedScopes":[]},"contributions":{},"includedScopes":[]},"contributions":{},"includedScopes":[]},"contributions":{},"includedScopes":[{"containerScope":{"containerScope":{"containerScope":{"contributions":{},"includedScopes":[]},"contributions":{},"includedScopes":[]},"contributions":{},"includedScopes":[]},"contributions":{},"includedScopes":[]}]},"contributions":{},"includedScopes":[]},"contributions":{},"includedScopes":[]},"contributions":{},"includedScopes":[]},"contributions":{},"includedScopes":[]},"sourceMap":{"end":{"column":19,"line":10,"offset":331},"start":{"column":7,"line":10,"offset":319}}},"scope":{"containerScope":{"containerScope":{"containerScope":{"containerScope":{"containerScope":{"containerScope":{"contributions":{},"includedScopes":[]},"contributions":{},"includedScopes":[]},"contributions":{},"includedScopes":[]},"contributions":{},"includedScopes":[{"containerScope":{"containerScope":{"containerScope":{"contributions":{},"includedScopes":[]},"contributions":{},"includedScopes":[]},"contributions":{},"includedScopes":[]},"contributions":{},"includedScopes":[]}]},"contributions":{},"includedScopes":[]},"contributions":{},"includedScopes":[]},"contributions":{},"includedScopes":[]},"sourceMap":{"end":{"column":35,"line":10,"offset":347},"start":{"column":7,"line":10,"offset":319}}}],"sourceMap":{"end":{"column":4,"line":11,"offset":351},"start":{"column":29,"line":9,"offset":311}}},"compiled":false,"id":"f767dc51-ccd8-4b47-a45b-eaf1a01fc5c3","isOverride":false,"metadata":[],"name":"contrae","parameters":[{"id":"bdfc012c-d1a8-47ec-8fe0-d01bf8de1121","isVarArg":false,"metadata":[],"name":"enfermedad","scope":{"containerScope":{"containerScope":{"containerScope":{"containerScope":{"containerScope":{"contributions":{},"includedScopes":[]},"contributions":{},"includedScopes":[]},"contributions":{},"includedScopes":[]},"contributions":{},"includedScopes":[{"containerScope":{"containerScope":{"containerScope":{"contributions":{},"includedScopes":[]},"contributions":{},"includedScopes":[]},"contributions":{},"includedScopes":[]},"contributions":{},"includedScopes":[]}]},"contributions":{},"includedScopes":[]},"contributions":{},"includedScopes":[]},"sourceMap":{"end":{"column":28,"line":9,"offset":310},"start":{"column":18,"line":9,"offset":300}}}],"problems":[],"scope":{"containerScope":{"containerScope":{"containerScope":{"containerScope":{"contributions":{},"includedScopes":[]},"contributions":{},"includedScopes":[]},"contributions":{},"includedScopes":[]},"contributions":{},"includedScopes":[{"containerScope":{"containerScope":{"containerScope":{"contributions":{},"includedScopes":[]},"contributions":{},"includedScopes":[]},"contributions":{},"includedScopes":[]},"contributions":{},"includedScopes":[]}]},"contributions":{},"includedScopes":[]},"sourceMap":{"end":{"column":4,"line":11,"offset":351},"start":{"column":3,"line":9,"offset":285}}},{"body":{"id":"9489546e-305e-4ead-9e6c-005f1d96294e","metadata":[],"problems":[],"scope":{"containerScope":{"containerScope":{"containerScope":{"containerScope":{"containerScope":{"contributions":{},"includedScopes":[]},"contributions":{},"includedScopes":[]},"contributions":{},"includedScopes":[]},"contributions":{},"includedScopes":[{"containerScope":{"containerScope":{"containerScope":{"contributions":{},"includedScopes":[]},"contributions":{},"includedScopes":[]},"contributions":{},"includedScopes":[]},"contributions":{},"includedScopes":[]}]},"contributions":{},"includedScopes":[]},"contributions":{},"includedScopes":[]},"sentences":[{"args":[{"id":"bab13bcc-7951-4056-8205-e895a58237fc","metadata":[],"name":"unaEnfermedad","scope":{"containerScope":{"containerScope":{"containerScope":{"containerScope":{"containerScope":{"containerScope":{"containerScope":{"contributions":{},"includedScopes":[]},"contributions":{},"includedScopes":[]},"contributions":{},"includedScopes":[]},"contributions":{},"includedScopes":[{"containerScope":{"containerScope":{"containerScope":{"contributions":{},"includedScopes":[]},"contributions":{},"includedScopes":[]},"contributions":{},"includedScopes":[]},"contributions":{},"includedScopes":[]}]},"contributions":{},"includedScopes":[]},"contributions":{},"includedScopes":[]},"contributions":{},"includedScopes":[]},"contributions":{},"includedScopes":[]},"sourceMap":{"end":{"column":40,"line":13,"offset":430},"start":{"column":27,"line":13,"offset":417}}}],"id":"f5237bc7-dff4-40b0-9a7c-11228f217759","message":"contains","metadata":[],"receiver":{"id":"c0e87684-f41c-48bc-b67d-bef9cdd67ca1","metadata":[],"name":"enfermedades","scope":{"containerScope":{"containerScope":{"containerScope":{"containerScope":{"containerScope":{"containerScope":{"containerScope":{"contributions":{},"includedScopes":[]},"contributions":{},"includedScopes":[]},"contributions":{},"includedScopes":[]},"contributions":{},"includedScopes":[{"containerScope":{"containerScope":{"containerScope":{"contributions":{},"includedScopes":[]},"contributions":{},"includedScopes":[]},"contributions":{},"includedScopes":[]},"contributions":{},"includedScopes":[]}]},"contributions":{},"includedScopes":[]},"contributions":{},"includedScopes":[]},"contributions":{},"includedScopes":[]},"contributions":{},"includedScopes":[]},"sourceMap":{"end":{"column":17,"line":13,"offset":407},"start":{"column":5,"line":13,"offset":395}}},"scope":{"containerScope":{"containerScope":{"containerScope":{"containerScope":{"containerScope":{"containerScope":{"contributions":{},"includedScopes":[]},"contributions":{},"includedScopes":[]},"contributions":{},"includedScopes":[]},"contributions":{},"includedScopes":[{"containerScope":{"containerScope":{"containerScope":{"contributions":{},"includedScopes":[]},"contributions":{},"includedScopes":[]},"contributions":{},"includedScopes":[]},"contributions":{},"includedScopes":[]}]},"contributions":{},"includedScopes":[]},"contributions":{},"includedScopes":[]},"contributions":{},"includedScopes":[]},"sourceMap":{"end":{"column":41,"line":13,"offset":431},"start":{"column":5,"line":13,"offset":395}}}],"sourceMap":{"end":{"column":4,"line":14,"offset":435},"start":{"column":38,"line":12,"offset":389}}},"compiled":false,"id":"99db44ec-71fc-4159-9cf9-6371e003d334","isOverride":false,"metadata":[],"name":"estaEnfermoDe","parameters":[{"id":"b368af28-6088-4a12-a5d4-307581ef5985","isVarArg":false,"metadata":[],"name":"unaEnfermedad","scope":{"containerScope":{"containerScope":{"containerScope":{"containerScope":{"containerScope":{"contributions":{},"includedScopes":[]},"contributions":{},"includedScopes":[]},"contributions":{},"includedScopes":[]},"contributions":{},"includedScopes":[{"containerScope":{"containerScope":{"containerScope":{"contributions":{},"includedScopes":[]},"contributions":{},"includedScopes":[]},"contributions":{},"includedScopes":[]},"contributions":{},"includedScopes":[]}]},"contributions":{},"includedScopes":[]},"contributions":{},"includedScopes":[]},"sourceMap":{"end":{"column":37,"line":12,"offset":388},"start":{"column":24,"line":12,"offset":375}}}],"problems":[],"scope":{"containerScope":{"containerScope":{"containerScope":{"containerScope":{"contributions":{},"includedScopes":[]},"contributions":{},"includedScopes":[]},"contributions":{},"includedScopes":[]},"contributions":{},"includedScopes":[{"containerScope":{"containerScope":{"containerScope":{"contributions":{},"includedScopes":[]},"contributions":{},"includedScopes":[]},"contributions":{},"includedScopes":[]},"contributions":{},"includedScopes":[]}]},"contributions":{},"includedScopes":[]},"sourceMap":{"end":{"column":4,"line":14,"offset":435},"start":{"column":3,"line":12,"offset":354}}},{"body":{"id":"ab7f7102-6cbf-4b65-91b2-f430b939b5ea","metadata":[],"problems":[],"scope":{"containerScope":{"containerScope":{"containerScope":{"containerScope":{"containerScope":{"contributions":{},"includedScopes":[]},"contributions":{},"includedScopes":[]},"contributions":{},"includedScopes":[]},"contributions":{},"includedScopes":[{"containerScope":{"containerScope":{"containerScope":{"contributions":{},"includedScopes":[]},"contributions":{},"includedScopes":[]},"contributions":{},"includedScopes":[]},"contributions":{},"includedScopes":[]}]},"contributions":{},"includedScopes":[]},"contributions":{},"includedScopes":[]},"sentences":[{"id":"60cca77a-5234-4b3e-9b48-04a60a533f6c","metadata":[],"scope":{"containerScope":{"containerScope":{"containerScope":{"containerScope":{"containerScope":{"containerScope":{"contributions":{},"includedScopes":[]},"contributions":{},"includedScopes":[]},"contributions":{},"includedScopes":[]},"contributions":{},"includedScopes":[{"containerScope":{"containerScope":{"containerScope":{"contributions":{},"includedScopes":[]},"contributions":{},"includedScopes":[]},"contributions":{},"includedScopes":[]},"contributions":{},"includedScopes":[]}]},"contributions":{},"includedScopes":[]},"contributions":{},"includedScopes":[]},"contributions":{},"includedScopes":[]},"value":{"id":"cad3ff07-542a-433f-90cc-c552bf5a2922","metadata":[],"name":"temperatura","scope":{"containerScope":{"containerScope":{"containerScope":{"containerScope":{"containerScope":{"containerScope":{"containerScope":{"contributions":{},"includedScopes":[]},"contributions":{},"includedScopes":[]},"contributions":{},"includedScopes":[]},"contributions":{},"includedScopes":[{"containerScope":{"containerScope":{"containerScope":{"contributions":{},"includedScopes":[]},"contributions":{},"includedScopes":[]},"contributions":{},"includedScopes":[]},"contributions":{},"includedScopes":[]}]},"contributions":{},"includedScopes":[]},"contributions":{},"includedScopes":[]},"contributions":{},"includedScopes":[]},"contributions":{},"includedScopes":[]},"sourceMap":{"end":{"column":37,"line":15,"offset":472},"start":{"column":26,"line":15,"offset":461}}}}],"sourceMap":{"end":{"column":37,"line":15,"offset":472},"start":{"column":26,"line":15,"offset":461}}},"compiled":false,"id":"b17a9473-6aa3-4dc0-8136-e44162ee828a","isOverride":false,"metadata":[],"name":"temperatura","parameters":[],"problems":[],"scope":{"containerScope":{"containerScope":{"containerScope":{"containerScope":{"contributions":{},"includedScopes":[]},"contributions":{},"includedScopes":[]},"contributions":{},"includedScopes":[]},"contributions":{},"includedScopes":[{"containerScope":{"containerScope":{"containerScope":{"contributions":{},"includedScopes":[]},"contributions":{},"includedScopes":[]},"contributions":{},"includedScopes":[]},"contributions":{},"includedScopes":[]}]},"contributions":{},"includedScopes":[]},"sourceMap":{"end":{"column":37,"line":15,"offset":472},"start":{"column":3,"line":15,"offset":438}}},{"body":{"id":"1b58a3f2-5bd9-4699-9219-29c2ddb73560","metadata":[],"problems":[],"scope":{"containerScope":{"containerScope":{"containerScope":{"containerScope":{"containerScope":{"contributions":{},"includedScopes":[]},"contributions":{},"includedScopes":[]},"contributions":{},"includedScopes":[]},"contributions":{},"includedScopes":[{"containerScope":{"containerScope":{"containerScope":{"contributions":{},"includedScopes":[]},"contributions":{},"includedScopes":[]},"contributions":{},"includedScopes":[]},"contributions":{},"includedScopes":[]}]},"contributions":{},"includedScopes":[]},"contributions":{},"includedScopes":[]},"sentences":[],"sourceMap":{"end":{"column":4,"line":18,"offset":499},"start":{"column":21,"line":16,"offset":493}}},"compiled":false,"id":"1b2b3429-671b-4f4e-b684-64427b130300","isOverride":false,"metadata":[],"name":"viviUnDia","parameters":[],"problems":[],"scope":{"containerScope":{"containerScope":{"containerScope":{"containerScope":{"contributions":{},"includedScopes":[]},"contributions":{},"includedScopes":[]},"contributions":{},"includedScopes":[]},"contributions":{},"includedScopes":[{"containerScope":{"containerScope":{"containerScope":{"contributions":{},"includedScopes":[]},"contributions":{},"includedScopes":[]},"contributions":{},"includedScopes":[]},"contributions":{},"includedScopes":[]}]},"contributions":{},"includedScopes":[]},"sourceMap":{"end":{"column":4,"line":18,"offset":499},"start":{"column":3,"line":16,"offset":475}}}],"metadata":[],"name":"Persona","problems":[],"scope":{"containerScope":{"containerScope":{"containerScope":{"contributions":{},"includedScopes":[]},"contributions":{},"includedScopes":[]},"contributions":{},"includedScopes":[]},"contributions":{},"includedScopes":[{"containerScope":{"containerScope":{"containerScope":{"contributions":{},"includedScopes":[]},"contributions":{},"includedScopes":[]},"contributions":{},"includedScopes":[]},"contributions":{},"includedScopes":[]}]},"sourceMap":{"end":{"column":2,"line":19,"offset":501},"start":{"column":1,"line":2,"offset":1}},"supertypes":[]},{"id":"21901517-956c-4da6-897e-283d92941f0a","isConstant":true,"metadata":[],"name":"logan","scope":{"containerScope":{"containerScope":{"containerScope":{"contributions":{},"includedScopes":[]},"contributions":{},"includedScopes":[]},"contributions":{},"includedScopes":[]},"contributions":{},"includedScopes":[]},"sourceMap":{"end":{"column":2,"line":22,"offset":552},"start":{"column":1,"line":20,"offset":502}},"value":{"args":[{"id":"cce9b24f-c3a4-4586-81e0-cd3e5226cc59","metadata":[],"name":"temperatura","scope":{"containerScope":{"containerScope":{"containerScope":{"containerScope":{"containerScope":{"contributions":{},"includedScopes":[]},"contributions":{},"includedScopes":[]},"contributions":{},"includedScopes":[]},"contributions":{},"includedScopes":[]},"contributions":{},"includedScopes":[]},"contributions":{},"includedScopes":[]},"sourceMap":{"end":{"column":22,"line":21,"offset":550},"start":{"column":5,"line":21,"offset":533}},"value":{"id":"cdcd75d0-7189-484c-bf85-5daa37d66b6e","metadata":[],"scope":{"containerScope":{"containerScope":{"containerScope":{"containerScope":{"containerScope":{"containerScope":{"contributions":{},"includedScopes":[]},"contributions":{},"includedScopes":[]},"contributions":{},"includedScopes":[]},"contributions":{},"includedScopes":[]},"contributions":{},"includedScopes":[]},"contributions":{},"includedScopes":[]},"contributions":{},"includedScopes":[]},"sourceMap":{"end":{"column":22,"line":21,"offset":550},"start":{"column":20,"line":21,"offset":548}},"value":36}}],"id":"69cb0b90-7f3c-41ed-804a-8b840aea2653","instantiated":{"id":"acf4daf7-c838-408a-8ace-21756a1f2a9a","metadata":[],"name":"Persona","scope":{"containerScope":{"containerScope":{"containerScope":{"containerScope":{"containerScope":{"contributions":{},"includedScopes":[]},"contributions":{},"includedScopes":[]},"contributions":{},"includedScopes":[]},"contributions":{},"includedScopes":[]},"contributions":{},"includedScopes":[]},"contributions":{},"includedScopes":[]},"sourceMap":{"end":{"column":26,"line":20,"offset":527},"start":{"column":19,"line":20,"offset":520}}},"metadata":[],"scope":{"containerScope":{"containerScope":{"containerScope":{"containerScope":{"contributions":{},"includedScopes":[]},"contributions":{},"includedScopes":[]},"contributions":{},"includedScopes":[]},"contributions":{},"includedScopes":[]},"contributions":{},"includedScopes":[]},"sourceMap":{"end":{"column":2,"line":22,"offset":552},"start":{"column":15,"line":20,"offset":516}}}},{"id":"2a92d570-ed6b-449e-acb5-7698780098ed","isConstant":true,"metadata":[],"name":"frank","scope":{"containerScope":{"containerScope":{"containerScope":{"contributions":{},"includedScopes":[]},"contributions":{},"includedScopes":[]},"contributions":{},"includedScopes":[]},"contributions":{},"includedScopes":[]},"sourceMap":{"end":{"column":44,"line":23,"offset":596},"start":{"column":1,"line":23,"offset":553}},"value":{"args":[{"id":"fb368c3c-b3f7-4773-b488-2a1c387f055f","metadata":[],"name":"temperatura","scope":{"containerScope":{"containerScope":{"containerScope":{"containerScope":{"containerScope":{"contributions":{},"includedScopes":[]},"contributions":{},"includedScopes":[]},"contributions":{},"includedScopes":[]},"contributions":{},"includedScopes":[]},"contributions":{},"includedScopes":[]},"contributions":{},"includedScopes":[]},"sourceMap":{"end":{"column":43,"line":23,"offset":595},"start":{"column":27,"line":23,"offset":579}},"value":{"id":"4fa2b736-a53b-4809-9d80-20ca149aa3ce","metadata":[],"scope":{"containerScope":{"containerScope":{"containerScope":{"containerScope":{"containerScope":{"containerScope":{"contributions":{},"includedScopes":[]},"contributions":{},"includedScopes":[]},"contributions":{},"includedScopes":[]},"contributions":{},"includedScopes":[]},"contributions":{},"includedScopes":[]},"contributions":{},"includedScopes":[]},"contributions":{},"includedScopes":[]},"sourceMap":{"end":{"column":43,"line":23,"offset":595},"start":{"column":41,"line":23,"offset":593}},"value":10}}],"id":"b3ba9d67-7b65-4a4a-8e67-cfd6c22675b6","instantiated":{"id":"e0cc5ce0-e35c-4f80-8d89-1a1b700e4082","metadata":[],"name":"Persona","scope":{"containerScope":{"containerScope":{"containerScope":{"containerScope":{"containerScope":{"contributions":{},"includedScopes":[]},"contributions":{},"includedScopes":[]},"contributions":{},"includedScopes":[]},"contributions":{},"includedScopes":[]},"contributions":{},"includedScopes":[]},"contributions":{},"includedScopes":[]},"sourceMap":{"end":{"column":26,"line":23,"offset":578},"start":{"column":19,"line":23,"offset":571}}},"metadata":[],"scope":{"containerScope":{"containerScope":{"containerScope":{"containerScope":{"contributions":{},"includedScopes":[]},"contributions":{},"includedScopes":[]},"contributions":{},"includedScopes":[]},"contributions":{},"includedScopes":[]},"contributions":{},"includedScopes":[]},"sourceMap":{"end":{"column":44,"line":23,"offset":596},"start":{"column":15,"line":23,"offset":567}}}},{"id":"0c08dbb6-2a94-477a-884e-aca264e1a9cf","members":[{"id":"c027c7c1-8be9-4f0e-ace4-d735b8d82b3f","isConstant":false,"isProperty":false,"metadata":[],"name":"celulasAmenazadas","scope":{"containerScope":{"containerScope":{"containerScope":{"containerScope":{"contributions":{},"includedScopes":[]},"contributions":{},"includedScopes":[]},"contributions":{},"includedScopes":[]},"contributions":{},"includedScopes":[{"containerScope":{"containerScope":{"containerScope":{"contributions":{},"includedScopes":[]},"contributions":{},"includedScopes":[]},"contributions":{},"includedScopes":[]},"contributions":{},"includedScopes":[]}]},"contributions":{},"includedScopes":[]},"sourceMap":{"end":{"column":30,"line":26,"offset":656},"start":{"column":3,"line":26,"offset":629}},"value":{"id":"7878584f-8f27-4ed9-8731-1df6dce3fa87","metadata":[],"scope":{"containerScope":{"containerScope":{"containerScope":{"containerScope":{"containerScope":{"contributions":{},"includedScopes":[]},"contributions":{},"includedScopes":[]},"contributions":{},"includedScopes":[]},"contributions":{},"includedScopes":[{"containerScope":{"containerScope":{"containerScope":{"contributions":{},"includedScopes":[]},"contributions":{},"includedScopes":[]},"contributions":{},"includedScopes":[]},"contributions":{},"includedScopes":[]}]},"contributions":{},"includedScopes":[]},"contributions":{},"includedScopes":[]},"sourceMap":{"end":{"column":30,"line":26,"offset":656},"start":{"column":27,"line":26,"offset":653}},"value":500}},{"body":{"id":"9d8d8414-2a41-4c6d-a04d-84738e5cd458","metadata":[],"problems":[],"scope":{"containerScope":{"containerScope":{"containerScope":{"containerScope":{"containerScope":{"contributions":{},"includedScopes":[]},"contributions":{},"includedScopes":[]},"contributions":{},"includedScopes":[]},"contributions":{},"includedScopes":[{"containerScope":{"containerScope":{"containerScope":{"contributions":{},"includedScopes":[]},"contributions":{},"includedScopes":[]},"contributions":{},"includedScopes":[]},"contributions":{},"includedScopes":[]}]},"contributions":{},"includedScopes":[]},"contributions":{},"includedScopes":[]},"sentences":[{"id":"759c9dd5-6dfd-4bb5-a2fd-15e372e13c32","metadata":[],"scope":{"containerScope":{"containerScope":{"containerScope":{"containerScope":{"containerScope":{"containerScope":{"contributions":{},"includedScopes":[]},"contributions":{},"includedScopes":[]},"contributions":{},"includedScopes":[]},"contributions":{},"includedScopes":[{"containerScope":{"containerScope":{"containerScope":{"contributions":{},"includedScopes":[]},"contributions":{},"includedScopes":[]},"contributions":{},"includedScopes":[]},"contributions":{},"includedScopes":[]}]},"contributions":{},"includedScopes":[]},"contributions":{},"includedScopes":[]},"contributions":{},"includedScopes":[]},"value":{"id":"ed48be15-c0ec-4001-8bc6-1eb9c1cdab60","metadata":[],"scope":{"containerScope":{"containerScope":{"containerScope":{"containerScope":{"containerScope":{"containerScope":{"containerScope":{"contributions":{},"includedScopes":[]},"contributions":{},"includedScopes":[]},"contributions":{},"includedScopes":[]},"contributions":{},"includedScopes":[{"containerScope":{"containerScope":{"containerScope":{"contributions":{},"includedScopes":[]},"contributions":{},"includedScopes":[]},"contributions":{},"includedScopes":[]},"contributions":{},"includedScopes":[]}]},"contributions":{},"includedScopes":[]},"contributions":{},"includedScopes":[]},"contributions":{},"includedScopes":[]},"contributions":{},"includedScopes":[]},"sourceMap":{"end":{"column":35,"line":27,"offset":691},"start":{"column":31,"line":27,"offset":687}},"value":1000}}],"sourceMap":{"end":{"column":35,"line":27,"offset":691},"start":{"column":31,"line":27,"offset":687}}},"compiled":false,"id":"e1fb63b4-2f78-4a34-a3f2-d453824b5bd3","isOverride":false,"metadata":[],"name":"celulasAmenazadas","parameters":[],"problems":[],"scope":{"containerScope":{"containerScope":{"containerScope":{"containerScope":{"contributions":{},"includedScopes":[]},"contributions":{},"includedScopes":[]},"contributions":{},"includedScopes":[]},"contributions":{},"includedScopes":[{"containerScope":{"containerScope":{"containerScope":{"contributions":{},"includedScopes":[]},"contributions":{},"includedScopes":[]},"contributions":{},"includedScopes":[]},"contributions":{},"includedScopes":[]}]},"contributions":{},"includedScopes":[]},"sourceMap":{"end":{"column":35,"line":27,"offset":691},"start":{"column":3,"line":27,"offset":659}}},{"body":{"id":"acecb059-d2b4-48ff-9ec9-4f11cea382e1","metadata":[],"problems":[],"scope":{"containerScope":{"containerScope":{"containerScope":{"containerScope":{"containerScope":{"contributions":{},"includedScopes":[]},"contributions":{},"includedScopes":[]},"contributions":{},"includedScopes":[]},"contributions":{},"includedScopes":[{"containerScope":{"containerScope":{"containerScope":{"contributions":{},"includedScopes":[]},"contributions":{},"includedScopes":[]},"contributions":{},"includedScopes":[]},"contributions":{},"includedScopes":[]}]},"contributions":{},"includedScopes":[]},"contributions":{},"includedScopes":[]},"sentences":[{"id":"8ec3d27d-fc3f-4c4b-8822-9e7b36a5acde","metadata":[],"scope":{"containerScope":{"containerScope":{"containerScope":{"containerScope":{"containerScope":{"containerScope":{"contributions":{},"includedScopes":[]},"contributions":{},"includedScopes":[]},"contributions":{},"includedScopes":[]},"contributions":{},"includedScopes":[{"containerScope":{"containerScope":{"containerScope":{"contributions":{},"includedScopes":[]},"contributions":{},"includedScopes":[]},"contributions":{},"includedScopes":[]},"contributions":{},"includedScopes":[]}]},"contributions":{},"includedScopes":[]},"contributions":{},"includedScopes":[]},"contributions":{},"includedScopes":[]},"sourceMap":{"end":{"column":29,"line":29,"offset":744},"start":{"column":7,"line":29,"offset":722}},"value":{"args":[{"id":"ec459674-f74c-4a1f-9951-2d6b258fc066","metadata":[],"scope":{"containerScope":{"containerScope":{"containerScope":{"containerScope":{"containerScope":{"containerScope":{"containerScope":{"containerScope":{"contributions":{},"includedScopes":[]},"contributions":{},"includedScopes":[]},"contributions":{},"includedScopes":[]},"contributions":{},"includedScopes":[{"containerScope":{"containerScope":{"containerScope":{"contributions":{},"includedScopes":[]},"contributions":{},"includedScopes":[]},"contributions":{},"includedScopes":[]},"contributions":{},"includedScopes":[]}]},"contributions":{},"includedScopes":[]},"contributions":{},"includedScopes":[]},"contributions":{},"includedScopes":[]},"contributions":{},"includedScopes":[]},"contributions":{},"includedScopes":[]},"sourceMap":{"end":{"column":29,"line":29,"offset":744},"start":{"column":28,"line":29,"offset":743}},"value":2}],"id":"8927669d-8edd-48f2-824e-01cf2846eaef","message":"*","metadata":[],"receiver":{"id":"87a5e4f4-5334-4b8f-842e-3c8ee79f9a78","metadata":[],"name":"celulasAmenazadas","scope":{"containerScope":{"containerScope":{"containerScope":{"containerScope":{"containerScope":{"containerScope":{"containerScope":{"containerScope":{"contributions":{},"includedScopes":[]},"contributions":{},"includedScopes":[]},"contributions":{},"includedScopes":[]},"contributions":{},"includedScopes":[{"containerScope":{"containerScope":{"containerScope":{"contributions":{},"includedScopes":[]},"contributions":{},"includedScopes":[]},"contributions":{},"includedScopes":[]},"contributions":{},"includedScopes":[]}]},"contributions":{},"includedScopes":[]},"contributions":{},"includedScopes":[]},"contributions":{},"includedScopes":[]},"contributions":{},"includedScopes":[]},"contributions":{},"includedScopes":[]},"sourceMap":{"end":{"column":24,"line":29,"offset":739},"start":{"column":7,"line":29,"offset":722}}},"scope":{"containerScope":{"containerScope":{"containerScope":{"containerScope":{"containerScope":{"containerScope":{"containerScope":{"contributions":{},"includedScopes":[]},"contributions":{},"includedScopes":[]},"contributions":{},"includedScopes":[]},"contributions":{},"includedScopes":[{"containerScope":{"containerScope":{"containerScope":{"contributions":{},"includedScopes":[]},"contributions":{},"includedScopes":[]},"contributions":{},"includedScopes":[]},"contributions":{},"includedScopes":[]}]},"contributions":{},"includedScopes":[]},"contributions":{},"includedScopes":[]},"contributions":{},"includedScopes":[]},"contributions":{},"includedScopes":[]}},"variable":{"id":"8e45b492-d995-478f-86aa-d7c796c7991b","metadata":[],"name":"celulasAmenazadas","scope":{"containerScope":{"containerScope":{"containerScope":{"containerScope":{"containerScope":{"containerScope":{"containerScope":{"contributions":{},"includedScopes":[]},"contributions":{},"includedScopes":[]},"contributions":{},"includedScopes":[]},"contributions":{},"includedScopes":[{"containerScope":{"containerScope":{"containerScope":{"contributions":{},"includedScopes":[]},"contributions":{},"includedScopes":[]},"contributions":{},"includedScopes":[]},"contributions":{},"includedScopes":[]}]},"contributions":{},"includedScopes":[]},"contributions":{},"includedScopes":[]},"contributions":{},"includedScopes":[]},"contributions":{},"includedScopes":[]},"sourceMap":{"end":{"column":24,"line":29,"offset":739},"start":{"column":7,"line":29,"offset":722}}}}],"sourceMap":{"end":{"column":4,"line":30,"offset":748},"start":{"column":23,"line":28,"offset":714}}},"compiled":false,"id":"cc8ac027-c1fd-4ac0-a4ea-e0c36277ac47","isOverride":false,"metadata":[],"name":"reproducite","parameters":[],"problems":[],"scope":{"containerScope":{"containerScope":{"containerScope":{"containerScope":{"contributions":{},"includedScopes":[]},"contributions":{},"includedScopes":[]},"contributions":{},"includedScopes":[]},"contributions":{},"includedScopes":[{"containerScope":{"containerScope":{"containerScope":{"contributions":{},"includedScopes":[]},"contributions":{},"includedScopes":[]},"contributions":{},"includedScopes":[]},"contributions":{},"includedScopes":[]}]},"contributions":{},"includedScopes":[]},"sourceMap":{"end":{"column":4,"line":30,"offset":748},"start":{"column":3,"line":28,"offset":694}}}],"metadata":[],"name":"EnfermedadInfecciosa","problems":[],"scope":{"containerScope":{"containerScope":{"containerScope":{"contributions":{},"includedScopes":[]},"contributions":{},"includedScopes":[]},"contributions":{},"includedScopes":[]},"contributions":{},"includedScopes":[{"containerScope":{"containerScope":{"containerScope":{"contributions":{},"includedScopes":[]},"contributions":{},"includedScopes":[]},"contributions":{},"includedScopes":[]},"contributions":{},"includedScopes":[]}]},"sourceMap":{"end":{"column":2,"line":31,"offset":750},"start":{"column":1,"line":25,"offset":598}},"supertypes":[]},{"id":"a01024ff-9751-4766-94ef-749efe7a4adf","isConstant":true,"metadata":[],"name":"malaria500","scope":{"containerScope":{"containerScope":{"containerScope":{"contributions":{},"includedScopes":[]},"contributions":{},"includedScopes":[]},"contributions":{},"includedScopes":[]},"contributions":{},"includedScopes":[]},"sourceMap":{"end":{"column":23,"line":36,"offset":777},"start":{"column":1,"line":36,"offset":755}},"value":{"id":"b7135e38-5062-45c1-b707-6acf3fb546c1","metadata":[],"name":"new","scope":{"containerScope":{"containerScope":{"containerScope":{"containerScope":{"contributions":{},"includedScopes":[]},"contributions":{},"includedScopes":[]},"contributions":{},"includedScopes":[]},"contributions":{},"includedScopes":[]},"contributions":{},"includedScopes":[]},"sourceMap":{"end":{"column":23,"line":36,"offset":777},"start":{"column":20,"line":36,"offset":774}}}}],"metadata":[],"name":"example","problems":[{"code":"malformedEntity","sourceMap":{"end":{"column":0,"line":37,"offset":800},"start":{"column":24,"line":36,"offset":778}}}],"scope":{"containerScope":{"containerScope":{"contributions":{},"includedScopes":[]},"contributions":{},"includedScopes":[]},"contributions":{},"includedScopes":[]}},"stack":"Error: Failed to print, found malformed node\n    at /home/tiaguinni/.vscode/extensions/uqbar.wollok-lsp-ide-0.5.5/out/server/src/server.js:68:3585\n    at Ybn (/home/tiaguinni/.vscode/extensions/uqbar.wollok-lsp-ide-0.5.5/out/server/src/server.js:68:3396)\n    at /home/tiaguinni/.vscode/extensions/uqbar.wollok-lsp-ide-0.5.5/out/server/src/server.js:2430:847\n    at /home/tiaguinni/.vscode/extensions/uqbar.wollok-lsp-ide-0.5.5/out/server/src/server.js:2430:8440\n    at /home/tiaguinni/.vscode/extensions/uqbar.wollok-lsp-ide-0.5.5/out/server/src/server.js:37:74770\n    at Ke (/home/tiaguinni/.vscode/extensions/uqbar.wollok-lsp-ide-0.5.5/out/server/src/server.js:7:8527)\n    at It (/home/tiaguinni/.vscode/extensions/uqbar.wollok-lsp-ide-0.5.5/out/server/src/server.js:7:6189)\n    at et (/home/tiaguinni/.vscode/extensions/uqbar.wollok-lsp-ide-0.5.5/out/server/src/server.js:7:6378)\n    at Immediate._onImmediate (/home/tiaguinni/.vscode/extensions/uqbar.wollok-lsp-ide-0.5.5/out/server/src/server.js:7:6142)\n    at process.processImmediate (node:internal/timers:504:21)","timestamp":"2026-09-23T13:26:43.761Z"}
{"level":"info","message":"⌛ Validating EXAMEN-Wollok/example.wlk","timeElapsed":145,"timestamp":"2026-09-23T13:26:43.911Z"}
{"level":"info","message":"⌛ Validating EXAMEN-Wollok/example.wlk","timeElapsed":140,"timestamp":"2026-09-23T13:26:44.052Z"}
{"level":"info","message":"⌛ Validating EXAMEN-Wollok/example.wlk","timeElapsed":144,"timestamp":"2026-09-23T13:26:44.199Z"}
{"level":"error","message":"✘ Failed to get type description: Error: Failed to print, found malformed node Failed to print, found malformed node","node":{"fileName":"EXAMEN-Wollok/example.wlk","id":"fb510ece-5a63-42d0-8142-84313764021a","imports":[],"members":[{"id":"ec6684ec-4961-4afe-a717-7e485d285725","members":[{"id":"5b5e127d-2b82-4ed2-8b4e-a210156786b8","isConstant":false,"isProperty":false,"metadata":[],"name":"enfermedades","scope":{"containerScope":{"containerScope":{"containerScope":{"containerScope":{"contributions":{},"includedScopes":[]},"contributions":{},"includedScopes":[]},"contributions":{},"includedScopes":[]},"contributions":{},"includedScopes":[{"containerScope":{"containerScope":{"containerScope":{"contributions":{},"includedScopes":[]},"contributions":{},"includedScopes":[]},"contributions":{},"includedScopes":[]},"contributions":{},"includedScopes":[]}]},"contributions":{},"includedScopes":[]},"sourceMap":{"end":{"column":27,"line":3,"offset":42},"start":{"column":4,"line":3,"offset":19}},"value":{"id":"47aeb9a5-c4e8-41a6-acec-6cd717e4ad37","metadata":[],"scope":{"containerScope":{"containerScope":{"containerScope":{"containerScope":{"containerScope":{"contributions":{},"includedScopes":[]},"contributions":{},"includedScopes":[]},"contributions":{},"includedScopes":[]},"contributions":{},"includedScopes":[{"containerScope":{"containerScope":{"containerScope":{"contributions":{},"includedScopes":[]},"contributions":{},"includedScopes":[]},"contributions":{},"includedScopes":[]},"contributions":{},"includedScopes":[]}]},"contributions":{},"includedScopes":[]},"contributions":{},"includedScopes":[]},"sourceMap":{"end":{"column":27,"line":3,"offset":42},"start":{"column":24,"line":3,"offset":39}},"value":[{"id":"07bc9639-b940-4149-a2a7-0bf73c6a7ecf","metadata":[],"name":"wollok.lang.Set","scope":{"containerScope":{"containerScope":{"containerScope":{"containerScope":{"containerScope":{"containerScope":{"contributions":{},"includedScopes":[]},"contributions":{},"includedScopes":[]},"contributions":{},"includedScopes":[]},"contributions":{},"includedScopes":[{"containerScope":{"containerScope":{"containerScope":{"contributions":{},"includedScopes":[]},"contributions":{},"includedScopes":[]},"contributions":{},"includedScopes":[]},"contributions":{},"includedScopes":[]}]},"contributions":{},"includedScopes":[]},"contributions":{},"includedScopes":[]},"contributions":{},"includedScopes":[]}},[]]}},{"id":"693e9447-ee7d-475a-829f-5f3847ae0e76","isConstant":false,"isProperty":false,"metadata":[{"args":{"position":"end","text":"/*\n    HAY DOS TIPPOS DE LISTAS!! lista(COLLECION)puede haber elementos con Ordenrepetidos y colecciones no, ademas las colecciones no tienen orden\n    luego tenemos un SET: #{} no se puede repetir ni orden\n  */"},"name":"comment"}],"name":"temperatura","scope":{"containerScope":{"containerScope":{"containerScope":{"containerScope":{"contributions":{},"includedScopes":[]},"contributions":{},"includedScopes":[]},"contributions":{},"includedScopes":[]},"contributions":{},"includedScopes":[{"containerScope":{"containerScope":{"containerScope":{"contributions":{},"includedScopes":[]},"contributions":{},"includedScopes":[]},"contributions":{},"includedScopes":[]},"contributions":{},"includedScopes":[]}]},"contributions":{},"includedScopes":[]},"sourceMap":{"end":{"column":26,"line":4,"offset":68},"start":{"column":4,"line":4,"offset":46}},"value":{"id":"2bc35ec9-3ea7-42ad-aadf-7b0e6394034b","metadata":[],"scope":{"containerScope":{"containerScope":{"containerScope":{"containerScope":{"containerScope":{"contributions":{},"includedScopes":[]},"contributions":{},"includedScopes":[]},"contributions":{},"includedScopes":[]},"contributions":{},"includedScopes":[{"containerScope":{"containerScope":{"containerScope":{"contributions":{},"includedScopes":[]},"contributions":{},"includedScopes":[]},"contributions":{},"includedScopes":[]},"contributions":{},"includedScopes":[]}]},"contributions":{},"includedScopes":[]},"contributions":{},"includedScopes":[]},"sourceMap":{"end":{"column":26,"line":4,"offset":68},"start":{"column":22,"line":4,"offset":64}},"value":36.6}},{"body":{"id":"ac53dec2-d8b9-474e-ad84-d348326728fe","metadata":[],"problems":[],"scope":{"containerScope":{"containerScope":{"containerScope":{"containerScope":{"containerScope":{"contributions":{},"includedScopes":[]},"contributions":{},"includedScopes":[]},"contributions":{},"includedScopes":[]},"contributions":{},"includedScopes":[{"containerScope":{"containerScope":{"containerScope":{"contributions":{},"includedScopes":[]},"contributions":{},"includedScopes":[]},"contributions":{},"includedScopes":[]},"contributions":{},"includedScopes":[]}]},"contributions":{},"includedScopes":[]},"contributions":{},"includedScopes":[]},"sentences":[{"args":[{"id":"02822075-b85f-4113-9f76-a2a2a3fae73a","metadata":[],"name":"enfermedad","scope":{"containerScope":{"containerScope":{"containerScope":{"containerScope":{"containerScope":{"containerScope":{"containerScope":{"contributions":{},"includedScopes":[]},"contributions":{},"includedScopes":[]},"contributions":{},"includedScopes":[]},"contributions":{},"includedScopes":[{"containerScope":{"containerScope":{"containerScope":{"contributions":{},"includedScopes":[]},"contributions":{},"includedScopes":[]},"contributions":{},"includedScopes":[]},"contributions":{},"includedScopes":[]}]},"contributions":{},"includedScopes":[]},"contributions":{},"includedScopes":[]},"contributions":{},"includedScopes":[]},"contributions":{},"includedScopes":[]},"sourceMap":{"end":{"column":34,"line":10,"offset":346},"start":{"column":24,"line":10,"offset":336}}}],"id":"4ba09b72-2230-4c89-95ac-f7b2dd6a3ece","message":"add","metadata":[],"receiver":{"id":"2614108b-98f8-4721-ae38-6ea1e8bd0bad","metadata":[],"name":"enfermedades","scope":{"containerScope":{"containerScope":{"containerScope":{"containerScope":{"containerScope":{"containerScope":{"containerScope":{"contributions":{},"includedScopes":[]},"contributions":{},"includedScopes":[]},"contributions":{},"includedScopes":[]},"contributions":{},"includedScopes":[{"containerScope":{"containerScope":{"containerScope":{"contributions":{},"includedScopes":[]},"contributions":{},"includedScopes":[]},"contributions":{},"includedScopes":[]},"contributions":{},"includedScopes":[]}]},"contributions":{},"includedScopes":[]},"contributions":{},"includedScopes":[]},"contributions":{},"includedScopes":[]},"contributions":{},"includedScopes":[]},"sourceMap":{"end":{"column":19,"line":10,"offset":331},"start":{"column":7,"line":10,"offset":319}}},"scope":{"containerScope":{"containerScope":{"containerScope":{"containerScope":{"containerScope":{"containerScope":{"contributions":{},"includedScopes":[]},"contributions":{},"includedScopes":[]},"contributions":{},"includedScopes":[]},"contributions":{},"includedScopes":[{"containerScope":{"containerScope":{"containerScope":{"contributions":{},"includedScopes":[]},"contributions":{},"includedScopes":[]},"contributions":{},"includedScopes":[]},"contributions":{},"includedScopes":[]}]},"contributions":{},"includedScopes":[]},"contributions":{},"includedScopes":[]},"contributions":{},"includedScopes":[]},"sourceMap":{"end":{"column":35,"line":10,"offset":347},"start":{"column":7,"line":10,"offset":319}}}],"sourceMap":{"end":{"column":4,"line":11,"offset":351},"start":{"column":29,"line":9,"offset":311}}},"compiled":false,"id":"f767dc51-ccd8-4b47-a45b-eaf1a01fc5c3","isOverride":false,"metadata":[],"name":"contrae","parameters":[{"id":"bdfc012c-d1a8-47ec-8fe0-d01bf8de1121","isVarArg":false,"metadata":[],"name":"enfermedad","scope":{"containerScope":{"containerScope":{"containerScope":{"containerScope":{"containerScope":{"contributions":{},"includedScopes":[]},"contributions":{},"includedScopes":[]},"contributions":{},"includedScopes":[]},"contributions":{},"includedScopes":[{"containerScope":{"containerScope":{"containerScope":{"contributions":{},"includedScopes":[]},"contributions":{},"includedScopes":[]},"contributions":{},"includedScopes":[]},"contributions":{},"includedScopes":[]}]},"contributions":{},"includedScopes":[]},"contributions":{},"includedScopes":[]},"sourceMap":{"end":{"column":28,"line":9,"offset":310},"start":{"column":18,"line":9,"offset":300}}}],"problems":[],"scope":{"containerScope":{"containerScope":{"containerScope":{"containerScope":{"contributions":{},"includedScopes":[]},"contributions":{},"includedScopes":[]},"contributions":{},"includedScopes":[]},"contributions":{},"includedScopes":[{"containerScope":{"containerScope":{"containerScope":{"contributions":{},"includedScopes":[]},"contributions":{},"includedScopes":[]},"contributions":{},"includedScopes":[]},"contributions":{},"includedScopes":[]}]},"contributions":{},"includedScopes":[]},"sourceMap":{"end":{"column":4,"line":11,"offset":351},"start":{"column":3,"line":9,"offset":285}}},{"body":{"id":"9489546e-305e-4ead-9e6c-005f1d96294e","metadata":[],"problems":[],"scope":{"containerScope":{"containerScope":{"containerScope":{"containerScope":{"containerScope":{"contributions":{},"includedScopes":[]},"contributions":{},"includedScopes":[]},"contributions":{},"includedScopes":[]},"contributions":{},"includedScopes":[{"containerScope":{"containerScope":{"containerScope":{"contributions":{},"includedScopes":[]},"contributions":{},"includedScopes":[]},"contributions":{},"includedScopes":[]},"contributions":{},"includedScopes":[]}]},"contributions":{},"includedScopes":[]},"contributions":{},"includedScopes":[]},"sentences":[{"args":[{"id":"bab13bcc-7951-4056-8205-e895a58237fc","metadata":[],"name":"unaEnfermedad","scope":{"containerScope":{"containerScope":{"containerScope":{"containerScope":{"containerScope":{"containerScope":{"containerScope":{"contributions":{},"includedScopes":[]},"contributions":{},"includedScopes":[]},"contributions":{},"includedScopes":[]},"contributions":{},"includedScopes":[{"containerScope":{"containerScope":{"containerScope":{"contributions":{},"includedScopes":[]},"contributions":{},"includedScopes":[]},"contributions":{},"includedScopes":[]},"contributions":{},"includedScopes":[]}]},"contributions":{},"includedScopes":[]},"contributions":{},"includedScopes":[]},"contributions":{},"includedScopes":[]},"contributions":{},"includedScopes":[]},"sourceMap":{"end":{"column":40,"line":13,"offset":430},"start":{"column":27,"line":13,"offset":417}}}],"id":"f5237bc7-dff4-40b0-9a7c-11228f217759","message":"contains","metadata":[],"receiver":{"id":"c0e87684-f41c-48bc-b67d-bef9cdd67ca1","metadata":[],"name":"enfermedades","scope":{"containerScope":{"containerScope":{"containerScope":{"containerScope":{"containerScope":{"containerScope":{"containerScope":{"contributions":{},"includedScopes":[]},"contributions":{},"includedScopes":[]},"contributions":{},"includedScopes":[]},"contributions":{},"includedScopes":[{"containerScope":{"containerScope":{"containerScope":{"contributions":{},"includedScopes":[]},"contributions":{},"includedScopes":[]},"contributions":{},"includedScopes":[]},"contributions":{},"includedScopes":[]}]},"contributions":{},"includedScopes":[]},"contributions":{},"includedScopes":[]},"contributions":{},"includedScopes":[]},"contributions":{},"includedScopes":[]},"sourceMap":{"end":{"column":17,"line":13,"offset":407},"start":{"column":5,"line":13,"offset":395}}},"scope":{"containerScope":{"containerScope":{"containerScope":{"containerScope":{"containerScope":{"containerScope":{"contributions":{},"includedScopes":[]},"contributions":{},"includedScopes":[]},"contributions":{},"includedScopes":[]},"contributions":{},"includedScopes":[{"containerScope":{"containerScope":{"containerScope":{"contributions":{},"includedScopes":[]},"contributions":{},"includedScopes":[]},"contributions":{},"includedScopes":[]},"contributions":{},"includedScopes":[]}]},"contributions":{},"includedScopes":[]},"contributions":{},"includedScopes":[]},"contributions":{},"includedScopes":[]},"sourceMap":{"end":{"column":41,"line":13,"offset":431},"start":{"column":5,"line":13,"offset":395}}}],"sourceMap":{"end":{"column":4,"line":14,"offset":435},"start":{"column":38,"line":12,"offset":389}}},"compiled":false,"id":"99db44ec-71fc-4159-9cf9-6371e003d334","isOverride":false,"metadata":[],"name":"estaEnfermoDe","parameters":[{"id":"b368af28-6088-4a12-a5d4-307581ef5985","isVarArg":false,"metadata":[],"name":"unaEnfermedad","scope":{"containerScope":{"containerScope":{"containerScope":{"containerScope":{"containerScope":{"contributions":{},"includedScopes":[]},"contributions":{},"includedScopes":[]},"contributions":{},"includedScopes":[]},"contributions":{},"includedScopes":[{"containerScope":{"containerScope":{"containerScope":{"contributions":{},"includedScopes":[]},"contributions":{},"includedScopes":[]},"contributions":{},"includedScopes":[]},"contributions":{},"includedScopes":[]}]},"contributions":{},"includedScopes":[]},"contributions":{},"includedScopes":[]},"sourceMap":{"end":{"column":37,"line":12,"offset":388},"start":{"column":24,"line":12,"offset":375}}}],"problems":[],"scope":{"containerScope":{"containerScope":{"containerScope":{"containerScope":{"contributions":{},"includedScopes":[]},"contributions":{},"includedScopes":[]},"contributions":{},"includedScopes":[]},"contributions":{},"includedScopes":[{"containerScope":{"containerScope":{"containerScope":{"contributions":{},"includedScopes":[]},"contributions":{},"includedScopes":[]},"contributions":{},"includedScopes":[]},"contributions":{},"includedScopes":[]}]},"contributions":{},"includedScopes":[]},"sourceMap":{"end":{"column":4,"line":14,"offset":435},"start":{"column":3,"line":12,"offset":354}}},{"body":{"id":"ab7f7102-6cbf-4b65-91b2-f430b939b5ea","metadata":[],"problems":[],"scope":{"containerScope":{"containerScope":{"containerScope":{"containerScope":{"containerScope":{"contributions":{},"includedScopes":[]},"contributions":{},"includedScopes":[]},"contributions":{},"includedScopes":[]},"contributions":{},"includedScopes":[{"containerScope":{"containerScope":{"containerScope":{"contributions":{},"includedScopes":[]},"contributions":{},"includedScopes":[]},"contributions":{},"includedScopes":[]},"contributions":{},"includedScopes":[]}]},"contributions":{},"includedScopes":[]},"contributions":{},"includedScopes":[]},"sentences":[{"id":"60cca77a-5234-4b3e-9b48-04a60a533f6c","metadata":[],"scope":{"containerScope":{"containerScope":{"containerScope":{"containerScope":{"containerScope":{"containerScope":{"contributions":{},"includedScopes":[]},"contributions":{},"includedScopes":[]},"contributions":{},"includedScopes":[]},"contributions":{},"includedScopes":[{"containerScope":{"containerScope":{"containerScope":{"contributions":{},"includedScopes":[]},"contributions":{},"includedScopes":[]},"contributions":{},"includedScopes":[]},"contributions":{},"includedScopes":[]}]},"contributions":{},"includedScopes":[]},"contributions":{},"includedScopes":[]},"contributions":{},"includedScopes":[]},"value":{"id":"cad3ff07-542a-433f-90cc-c552bf5a2922","metadata":[],"name":"temperatura","scope":{"containerScope":{"containerScope":{"containerScope":{"containerScope":{"containerScope":{"containerScope":{"containerScope":{"contributions":{},"includedScopes":[]},"contributions":{},"includedScopes":[]},"contributions":{},"includedScopes":[]},"contributions":{},"includedScopes":[{"containerScope":{"containerScope":{"containerScope":{"contributions":{},"includedScopes":[]},"contributions":{},"includedScopes":[]},"contributions":{},"includedScopes":[]},"contributions":{},"includedScopes":[]}]},"contributions":{},"includedScopes":[]},"contributions":{},"includedScopes":[]},"contributions":{},"includedScopes":[]},"contributions":{},"includedScopes":[]},"sourceMap":{"end":{"column":37,"line":15,"offset":472},"start":{"column":26,"line":15,"offset":461}}}}],"sourceMap":{"end":{"column":37,"line":15,"offset":472},"start":{"column":26,"line":15,"offset":461}}},"compiled":false,"id":"b17a9473-6aa3-4dc0-8136-e44162ee828a","isOverride":false,"metadata":[],"name":"temperatura","parameters":[],"problems":[],"scope":{"containerScope":{"containerScope":{"containerScope":{"containerScope":{"contributions":{},"includedScopes":[]},"contributions":{},"includedScopes":[]},"contributions":{},"includedScopes":[]},"contributions":{},"includedScopes":[{"containerScope":{"containerScope":{"containerScope":{"contributions":{},"includedScopes":[]},"contributions":{},"includedScopes":[]},"contributions":{},"includedScopes":[]},"contributions":{},"includedScopes":[]}]},"contributions":{},"includedScopes":[]},"sourceMap":{"end":{"column":37,"line":15,"offset":472},"start":{"column":3,"line":15,"offset":438}}},{"body":{"id":"1b58a3f2-5bd9-4699-9219-29c2ddb73560","metadata":[],"problems":[],"scope":{"containerScope":{"containerScope":{"containerScope":{"containerScope":{"containerScope":{"contributions":{},"includedScopes":[]},"contributions":{},"includedScopes":[]},"contributions":{},"includedScopes":[]},"contributions":{},"includedScopes":[{"containerScope":{"containerScope":{"containerScope":{"contributions":{},"includedScopes":[]},"contributions":{},"includedScopes":[]},"contributions":{},"includedScopes":[]},"contributions":{},"includedScopes":[]}]},"contributions":{},"includedScopes":[]},"contributions":{},"includedScopes":[]},"sentences":[],"sourceMap":{"end":{"column":4,"line":18,"offset":499},"start":{"column":21,"line":16,"offset":493}}},"compiled":false,"id":"1b2b3429-671b-4f4e-b684-64427b130300","isOverride":false,"metadata":[],"name":"viviUnDia","parameters":[],"problems":[],"scope":{"containerScope":{"containerScope":{"containerScope":{"containerScope":{"contributions":{},"includedScopes":[]},"contributions":{},"includedScopes":[]},"contributions":{},"includedScopes":[]},"contributions":{},"includedScopes":[{"containerScope":{"containerScope":{"containerScope":{"contributions":{},"includedScopes":[]},"contributions":{},"includedScopes":[]},"contributions":{},"includedScopes":[]},"contributions":{},"includedScopes":[]}]},"contributions":{},"includedScopes":[]},"sourceMap":{"end":{"column":4,"line":18,"offset":499},"start":{"column":3,"line":16,"offset":475}}}],"metadata":[],"name":"Persona","problems":[],"scope":{"containerScope":{"containerScope":{"containerScope":{"contributions":{},"includedScopes":[]},"contributions":{},"includedScopes":[]},"contributions":{},"includedScopes":[]},"contributions":{},"includedScopes":[{"containerScope":{"containerScope":{"containerScope":{"contributions":{},"includedScopes":[]},"contributions":{},"includedScopes":[]},"contributions":{},"includedScopes":[]},"contributions":{},"includedScopes":[]}]},"sourceMap":{"end":{"column":2,"line":19,"offset":501},"start":{"column":1,"line":2,"offset":1}},"supertypes":[]},{"id":"21901517-956c-4da6-897e-283d92941f0a","isConstant":true,"metadata":[],"name":"logan","scope":{"containerScope":{"containerScope":{"containerScope":{"contributions":{},"includedScopes":[]},"contributions":{},"includedScopes":[]},"contributions":{},"includedScopes":[]},"contributions":{},"includedScopes":[]},"sourceMap":{"end":{"column":2,"line":22,"offset":552},"start":{"column":1,"line":20,"offset":502}},"value":{"args":[{"id":"cce9b24f-c3a4-4586-81e0-cd3e5226cc59","metadata":[],"name":"temperatura","scope":{"containerScope":{"containerScope":{"containerScope":{"containerScope":{"containerScope":{"contributions":{},"includedScopes":[]},"contributions":{},"includedScopes":[]},"contributions":{},"includedScopes":[]},"contributions":{},"includedScopes":[]},"contributions":{},"includedScopes":[]},"contributions":{},"includedScopes":[]},"sourceMap":{"end":{"column":22,"line":21,"offset":550},"start":{"column":5,"line":21,"offset":533}},"value":{"id":"cdcd75d0-7189-484c-bf85-5daa37d66b6e","metadata":[],"scope":{"containerScope":{"containerScope":{"containerScope":{"containerScope":{"containerScope":{"containerScope":{"contributions":{},"includedScopes":[]},"contributions":{},"includedScopes":[]},"contributions":{},"includedScopes":[]},"contributions":{},"includedScopes":[]},"contributions":{},"includedScopes":[]},"contributions":{},"includedScopes":[]},"contributions":{},"includedScopes":[]},"sourceMap":{"end":{"column":22,"line":21,"offset":550},"start":{"column":20,"line":21,"offset":548}},"value":36}}],"id":"69cb0b90-7f3c-41ed-804a-8b840aea2653","instantiated":{"id":"acf4daf7-c838-408a-8ace-21756a1f2a9a","metadata":[],"name":"Persona","scope":{"containerScope":{"containerScope":{"containerScope":{"containerScope":{"containerScope":{"contributions":{},"includedScopes":[]},"contributions":{},"includedScopes":[]},"contributions":{},"includedScopes":[]},"contributions":{},"includedScopes":[]},"contributions":{},"includedScopes":[]},"contributions":{},"includedScopes":[]},"sourceMap":{"end":{"column":26,"line":20,"offset":527},"start":{"column":19,"line":20,"offset":520}}},"metadata":[],"scope":{"containerScope":{"containerScope":{"containerScope":{"containerScope":{"contributions":{},"includedScopes":[]},"contributions":{},"includedScopes":[]},"contributions":{},"includedScopes":[]},"contributions":{},"includedScopes":[]},"contributions":{},"includedScopes":[]},"sourceMap":{"end":{"column":2,"line":22,"offset":552},"start":{"column":15,"line":20,"offset":516}}}},{"id":"2a92d570-ed6b-449e-acb5-7698780098ed","isConstant":true,"metadata":[],"name":"frank","scope":{"containerScope":{"containerScope":{"containerScope":{"contributions":{},"includedScopes":[]},"contributions":{},"includedScopes":[]},"contributions":{},"includedScopes":[]},"contributions":{},"includedScopes":[]},"sourceMap":{"end":{"column":44,"line":23,"offset":596},"start":{"column":1,"line":23,"offset":553}},"value":{"args":[{"id":"fb368c3c-b3f7-4773-b488-2a1c387f055f","metadata":[],"name":"temperatura","scope":{"containerScope":{"containerScope":{"containerScope":{"containerScope":{"containerScope":{"contributions":{},"includedScopes":[]},"contributions":{},"includedScopes":[]},"contributions":{},"includedScopes":[]},"contributions":{},"includedScopes":[]},"contributions":{},"includedScopes":[]},"contributions":{},"includedScopes":[]},"sourceMap":{"end":{"column":43,"line":23,"offset":595},"start":{"column":27,"line":23,"offset":579}},"value":{"id":"4fa2b736-a53b-4809-9d80-20ca149aa3ce","metadata":[],"scope":{"containerScope":{"containerScope":{"containerScope":{"containerScope":{"containerScope":{"containerScope":{"contributions":{},"includedScopes":[]},"contributions":{},"includedScopes":[]},"contributions":{},"includedScopes":[]},"contributions":{},"includedScopes":[]},"contributions":{},"includedScopes":[]},"contributions":{},"includedScopes":[]},"contributions":{},"includedScopes":[]},"sourceMap":{"end":{"column":43,"line":23,"offset":595},"start":{"column":41,"line":23,"offset":593}},"value":10}}],"id":"b3ba9d67-7b65-4a4a-8e67-cfd6c22675b6","instantiated":{"id":"e0cc5ce0-e35c-4f80-8d89-1a1b700e4082","metadata":[],"name":"Persona","scope":{"containerScope":{"containerScope":{"containerScope":{"containerScope":{"containerScope":{"contributions":{},"includedScopes":[]},"contributions":{},"includedScopes":[]},"contributions":{},"includedScopes":[]},"contributions":{},"includedScopes":[]},"contributions":{},"includedScopes":[]},"contributions":{},"includedScopes":[]},"sourceMap":{"end":{"column":26,"line":23,"offset":578},"start":{"column":19,"line":23,"offset":571}}},"metadata":[],"scope":{"containerScope":{"containerScope":{"containerScope":{"containerScope":{"contributions":{},"includedScopes":[]},"contributions":{},"includedScopes":[]},"contributions":{},"includedScopes":[]},"contributions":{},"includedScopes":[]},"contributions":{},"includedScopes":[]},"sourceMap":{"end":{"column":44,"line":23,"offset":596},"start":{"column":15,"line":23,"offset":567}}}},{"id":"0c08dbb6-2a94-477a-884e-aca264e1a9cf","members":[{"id":"c027c7c1-8be9-4f0e-ace4-d735b8d82b3f","isConstant":false,"isProperty":false,"metadata":[],"name":"celulasAmenazadas","scope":{"containerScope":{"containerScope":{"containerScope":{"containerScope":{"contributions":{},"includedScopes":[]},"contributions":{},"includedScopes":[]},"contributions":{},"includedScopes":[]},"contributions":{},"includedScopes":[{"containerScope":{"containerScope":{"containerScope":{"contributions":{},"includedScopes":[]},"contributions":{},"includedScopes":[]},"contributions":{},"includedScopes":[]},"contributions":{},"includedScopes":[]}]},"contributions":{},"includedScopes":[]},"sourceMap":{"end":{"column":30,"line":26,"offset":656},"start":{"column":3,"line":26,"offset":629}},"value":{"id":"7878584f-8f27-4ed9-8731-1df6dce3fa87","metadata":[],"scope":{"containerScope":{"containerScope":{"containerScope":{"containerScope":{"containerScope":{"contributions":{},"includedScopes":[]},"contributions":{},"includedScopes":[]},"contributions":{},"includedScopes":[]},"contributions":{},"includedScopes":[{"containerScope":{"containerScope":{"containerScope":{"contributions":{},"includedScopes":[]},"contributions":{},"includedScopes":[]},"contributions":{},"includedScopes":[]},"contributions":{},"includedScopes":[]}]},"contributions":{},"includedScopes":[]},"contributions":{},"includedScopes":[]},"sourceMap":{"end":{"column":30,"line":26,"offset":656},"start":{"column":27,"line":26,"offset":653}},"value":500}},{"body":{"id":"9d8d8414-2a41-4c6d-a04d-84738e5cd458","metadata":[],"problems":[],"scope":{"containerScope":{"containerScope":{"containerScope":{"containerScope":{"containerScope":{"contributions":{},"includedScopes":[]},"contributions":{},"includedScopes":[]},"contributions":{},"includedScopes":[]},"contributions":{},"includedScopes":[{"containerScope":{"containerScope":{"containerScope":{"contributions":{},"includedScopes":[]},"contributions":{},"includedScopes":[]},"contributions":{},"includedScopes":[]},"contributions":{},"includedScopes":[]}]},"contributions":{},"includedScopes":[]},"contributions":{},"includedScopes":[]},"sentences":[{"id":"759c9dd5-6dfd-4bb5-a2fd-15e372e13c32","metadata":[],"scope":{"containerScope":{"containerScope":{"containerScope":{"containerScope":{"containerScope":{"containerScope":{"contributions":{},"includedScopes":[]},"contributions":{},"includedScopes":[]},"contributions":{},"includedScopes":[]},"contributions":{},"includedScopes":[{"containerScope":{"containerScope":{"containerScope":{"contributions":{},"includedScopes":[]},"contributions":{},"includedScopes":[]},"contributions":{},"includedScopes":[]},"contributions":{},"includedScopes":[]}]},"contributions":{},"includedScopes":[]},"contributions":{},"includedScopes":[]},"contributions":{},"includedScopes":[]},"value":{"id":"ed48be15-c0ec-4001-8bc6-1eb9c1cdab60","metadata":[],"scope":{"containerScope":{"containerScope":{"containerScope":{"containerScope":{"containerScope":{"containerScope":{"containerScope":{"contributions":{},"includedScopes":[]},"contributions":{},"includedScopes":[]},"contributions":{},"includedScopes":[]},"contributions":{},"includedScopes":[{"containerScope":{"containerScope":{"containerScope":{"contributions":{},"includedScopes":[]},"contributions":{},"includedScopes":[]},"contributions":{},"includedScopes":[]},"contributions":{},"includedScopes":[]}]},"contributions":{},"includedScopes":[]},"contributions":{},"includedScopes":[]},"contributions":{},"includedScopes":[]},"contributions":{},"includedScopes":[]},"sourceMap":{"end":{"column":35,"line":27,"offset":691},"start":{"column":31,"line":27,"offset":687}},"value":1000}}],"sourceMap":{"end":{"column":35,"line":27,"offset":691},"start":{"column":31,"line":27,"offset":687}}},"compiled":false,"id":"e1fb63b4-2f78-4a34-a3f2-d453824b5bd3","isOverride":false,"metadata":[],"name":"celulasAmenazadas","parameters":[],"problems":[],"scope":{"containerScope":{"containerScope":{"containerScope":{"containerScope":{"contributions":{},"includedScopes":[]},"contributions":{},"includedScopes":[]},"contributions":{},"includedScopes":[]},"contributions":{},"includedScopes":[{"containerScope":{"containerScope":{"containerScope":{"contributions":{},"includedScopes":[]},"contributions":{},"includedScopes":[]},"contributions":{},"includedScopes":[]},"contributions":{},"includedScopes":[]}]},"contributions":{},"includedScopes":[]},"sourceMap":{"end":{"column":35,"line":27,"offset":691},"start":{"column":3,"line":27,"offset":659}}},{"body":{"id":"acecb059-d2b4-48ff-9ec9-4f11cea382e1","metadata":[],"problems":[],"scope":{"containerScope":{"containerScope":{"containerScope":{"containerScope":{"containerScope":{"contributions":{},"includedScopes":[]},"contributions":{},"includedScopes":[]},"contributions":{},"includedScopes":[]},"contributions":{},"includedScopes":[{"containerScope":{"containerScope":{"containerScope":{"contributions":{},"includedScopes":[]},"contributions":{},"includedScopes":[]},"contributions":{},"includedScopes":[]},"contributions":{},"includedScopes":[]}]},"contributions":{},"includedScopes":[]},"contributions":{},"includedScopes":[]},"sentences":[{"id":"8ec3d27d-fc3f-4c4b-8822-9e7b36a5acde","metadata":[],"scope":{"containerScope":{"containerScope":{"containerScope":{"containerScope":{"containerScope":{"containerScope":{"contributions":{},"includedScopes":[]},"contributions":{},"includedScopes":[]},"contributions":{},"includedScopes":[]},"contributions":{},"includedScopes":[{"containerScope":{"containerScope":{"containerScope":{"contributions":{},"includedScopes":[]},"contributions":{},"includedScopes":[]},"contributions":{},"includedScopes":[]},"contributions":{},"includedScopes":[]}]},"contributions":{},"includedScopes":[]},"contributions":{},"includedScopes":[]},"contributions":{},"includedScopes":[]},"sourceMap":{"end":{"column":29,"line":29,"offset":744},"start":{"column":7,"line":29,"offset":722}},"value":{"args":[{"id":"ec459674-f74c-4a1f-9951-2d6b258fc066","metadata":[],"scope":{"containerScope":{"containerScope":{"containerScope":{"containerScope":{"containerScope":{"containerScope":{"containerScope":{"containerScope":{"contributions":{},"includedScopes":[]},"contributions":{},"includedScopes":[]},"contributions":{},"includedScopes":[]},"contributions":{},"includedScopes":[{"containerScope":{"containerScope":{"containerScope":{"contributions":{},"includedScopes":[]},"contributions":{},"includedScopes":[]},"contributions":{},"includedScopes":[]},"contributions":{},"includedScopes":[]}]},"contributions":{},"includedScopes":[]},"contributions":{},"includedScopes":[]},"contributions":{},"includedScopes":[]},"contributions":{},"includedScopes":[]},"contributions":{},"includedScopes":[]},"sourceMap":{"end":{"column":29,"line":29,"offset":744},"start":{"column":28,"line":29,"offset":743}},"value":2}],"id":"8927669d-8edd-48f2-824e-01cf2846eaef","message":"*","metadata":[],"receiver":{"id":"87a5e4f4-5334-4b8f-842e-3c8ee79f9a78","metadata":[],"name":"celulasAmenazadas","scope":{"containerScope":{"containerScope":{"containerScope":{"containerScope":{"containerScope":{"containerScope":{"containerScope":{"containerScope":{"contributions":{},"includedScopes":[]},"contributions":{},"includedScopes":[]},"contributions":{},"includedScopes":[]},"contributions":{},"includedScopes":[{"containerScope":{"containerScope":{"containerScope":{"contributions":{},"includedScopes":[]},"contributions":{},"includedScopes":[]},"contributions":{},"includedScopes":[]},"contributions":{},"includedScopes":[]}]},"contributions":{},"includedScopes":[]},"contributions":{},"includedScopes":[]},"contributions":{},"includedScopes":[]},"contributions":{},"includedScopes":[]},"contributions":{},"includedScopes":[]},"sourceMap":{"end":{"column":24,"line":29,"offset":739},"start":{"column":7,"line":29,"offset":722}}},"scope":{"containerScope":{"containerScope":{"containerScope":{"containerScope":{"containerScope":{"containerScope":{"containerScope":{"contributions":{},"includedScopes":[]},"contributions":{},"includedScopes":[]},"contributions":{},"includedScopes":[]},"contributions":{},"includedScopes":[{"containerScope":{"containerScope":{"containerScope":{"contributions":{},"includedScopes":[]},"contributions":{},"includedScopes":[]},"contributions":{},"includedScopes":[]},"contributions":{},"includedScopes":[]}]},"contributions":{},"includedScopes":[]},"contributions":{},"includedScopes":[]},"contributions":{},"includedScopes":[]},"contributions":{},"includedScopes":[]}},"variable":{"id":"8e45b492-d995-478f-86aa-d7c796c7991b","metadata":[],"name":"celulasAmenazadas","scope":{"containerScope":{"containerScope":{"containerScope":{"containerScope":{"containerScope":{"containerScope":{"containerScope":{"contributions":{},"includedScopes":[]},"contributions":{},"includedScopes":[]},"contributions":{},"includedScopes":[]},"contributions":{},"includedScopes":[{"containerScope":{"containerScope":{"containerScope":{"contributions":{},"includedScopes":[]},"contributions":{},"includedScopes":[]},"contributions":{},"includedScopes":[]},"contributions":{},"includedScopes":[]}]},"contributions":{},"includedScopes":[]},"contributions":{},"includedScopes":[]},"contributions":{},"includedScopes":[]},"contributions":{},"includedScopes":[]},"sourceMap":{"end":{"column":24,"line":29,"offset":739},"start":{"column":7,"line":29,"offset":722}}}}],"sourceMap":{"end":{"column":4,"line":30,"offset":748},"start":{"column":23,"line":28,"offset":714}}},"compiled":false,"id":"cc8ac027-c1fd-4ac0-a4ea-e0c36277ac47","isOverride":false,"metadata":[],"name":"reproducite","parameters":[],"problems":[],"scope":{"containerScope":{"containerScope":{"containerScope":{"containerScope":{"contributions":{},"includedScopes":[]},"contributions":{},"includedScopes":[]},"contributions":{},"includedScopes":[]},"contributions":{},"includedScopes":[{"containerScope":{"containerScope":{"containerScope":{"contributions":{},"includedScopes":[]},"contributions":{},"includedScopes":[]},"contributions":{},"includedScopes":[]},"contributions":{},"includedScopes":[]}]},"contributions":{},"includedScopes":[]},"sourceMap":{"end":{"column":4,"line":30,"offset":748},"start":{"column":3,"line":28,"offset":694}}}],"metadata":[],"name":"EnfermedadInfecciosa","problems":[],"scope":{"containerScope":{"containerScope":{"containerScope":{"contributions":{},"includedScopes":[]},"contributions":{},"includedScopes":[]},"contributions":{},"includedScopes":[]},"contributions":{},"includedScopes":[{"containerScope":{"containerScope":{"containerScope":{"contributions":{},"includedScopes":[]},"contributions":{},"includedScopes":[]},"contributions":{},"includedScopes":[]},"contributions":{},"includedScopes":[]}]},"sourceMap":{"end":{"column":2,"line":31,"offset":750},"start":{"column":1,"line":25,"offset":598}},"supertypes":[]},{"id":"a01024ff-9751-4766-94ef-749efe7a4adf","isConstant":true,"metadata":[],"name":"malaria500","scope":{"containerScope":{"containerScope":{"containerScope":{"contributions":{},"includedScopes":[]},"contributions":{},"includedScopes":[]},"contributions":{},"includedScopes":[]},"contributions":{},"includedScopes":[]},"sourceMap":{"end":{"column":23,"line":36,"offset":777},"start":{"column":1,"line":36,"offset":755}},"value":{"id":"b7135e38-5062-45c1-b707-6acf3fb546c1","metadata":[],"name":"new","scope":{"containerScope":{"containerScope":{"containerScope":{"containerScope":{"contributions":{},"includedScopes":[]},"contributions":{},"includedScopes":[]},"contributions":{},"includedScopes":[]},"contributions":{},"includedScopes":[]},"contributions":{},"includedScopes":[]},"sourceMap":{"end":{"column":23,"line":36,"offset":777},"start":{"column":20,"line":36,"offset":774}}}}],"metadata":[],"name":"example","problems":[{"code":"malformedEntity","sourceMap":{"end":{"column":0,"line":37,"offset":800},"start":{"column":24,"line":36,"offset":778}}}],"scope":{"containerScope":{"containerScope":{"contributions":{},"includedScopes":[]},"contributions":{},"includedScopes":[]},"contributions":{},"includedScopes":[]}},"stack":"Error: Failed to print, found malformed node\n    at /home/tiaguinni/.vscode/extensions/uqbar.wollok-lsp-ide-0.5.5/out/server/src/server.js:68:3585\n    at Ybn (/home/tiaguinni/.vscode/extensions/uqbar.wollok-lsp-ide-0.5.5/out/server/src/server.js:68:3396)\n    at /home/tiaguinni/.vscode/extensions/uqbar.wollok-lsp-ide-0.5.5/out/server/src/server.js:2430:847\n    at /home/tiaguinni/.vscode/extensions/uqbar.wollok-lsp-ide-0.5.5/out/server/src/server.js:2430:8440\n    at /home/tiaguinni/.vscode/extensions/uqbar.wollok-lsp-ide-0.5.5/out/server/src/server.js:37:74770\n    at Ke (/home/tiaguinni/.vscode/extensions/uqbar.wollok-lsp-ide-0.5.5/out/server/src/server.js:7:8527)\n    at It (/home/tiaguinni/.vscode/extensions/uqbar.wollok-lsp-ide-0.5.5/out/server/src/server.js:7:6189)\n    at et (/home/tiaguinni/.vscode/extensions/uqbar.wollok-lsp-ide-0.5.5/out/server/src/server.js:7:6378)\n    at Immediate._onImmediate (/home/tiaguinni/.vscode/extensions/uqbar.wollok-lsp-ide-0.5.5/out/server/src/server.js:7:6142)\n    at process.processImmediate (node:internal/timers:504:21)","timestamp":"2026-09-23T13:26:48.408Z"}
{"level":"error","message":"✘ Failed to get type description: Error: Failed to print, found malformed node Failed to print, found malformed node","node":{"fileName":"EXAMEN-Wollok/example.wlk","id":"fb510ece-5a63-42d0-8142-84313764021a","imports":[],"members":[{"id":"ec6684ec-4961-4afe-a717-7e485d285725","members":[{"id":"5b5e127d-2b82-4ed2-8b4e-a210156786b8","isConstant":false,"isProperty":false,"metadata":[],"name":"enfermedades","scope":{"containerScope":{"containerScope":{"containerScope":{"containerScope":{"contributions":{},"includedScopes":[]},"contributions":{},"includedScopes":[]},"contributions":{},"includedScopes":[]},"contributions":{},"includedScopes":[{"containerScope":{"containerScope":{"containerScope":{"contributions":{},"includedScopes":[]},"contributions":{},"includedScopes":[]},"contributions":{},"includedScopes":[]},"contributions":{},"includedScopes":[]}]},"contributions":{},"includedScopes":[]},"sourceMap":{"end":{"column":27,"line":3,"offset":42},"start":{"column":4,"line":3,"offset":19}},"value":{"id":"47aeb9a5-c4e8-41a6-acec-6cd717e4ad37","metadata":[],"scope":{"containerScope":{"containerScope":{"containerScope":{"containerScope":{"containerScope":{"contributions":{},"includedScopes":[]},"contributions":{},"includedScopes":[]},"contributions":{},"includedScopes":[]},"contributions":{},"includedScopes":[{"containerScope":{"containerScope":{"containerScope":{"contributions":{},"includedScopes":[]},"contributions":{},"includedScopes":[]},"contributions":{},"includedScopes":[]},"contributions":{},"includedScopes":[]}]},"contributions":{},"includedScopes":[]},"contributions":{},"includedScopes":[]},"sourceMap":{"end":{"column":27,"line":3,"offset":42},"start":{"column":24,"line":3,"offset":39}},"value":[{"id":"07bc9639-b940-4149-a2a7-0bf73c6a7ecf","metadata":[],"name":"wollok.lang.Set","scope":{"containerScope":{"containerScope":{"containerScope":{"containerScope":{"containerScope":{"containerScope":{"contributions":{},"includedScopes":[]},"contributions":{},"includedScopes":[]},"contributions":{},"includedScopes":[]},"contributions":{},"includedScopes":[{"containerScope":{"containerScope":{"containerScope":{"contributions":{},"includedScopes":[]},"contributions":{},"includedScopes":[]},"contributions":{},"includedScopes":[]},"contributions":{},"includedScopes":[]}]},"contributions":{},"includedScopes":[]},"contributions":{},"includedScopes":[]},"contributions":{},"includedScopes":[]}},[]]}},{"id":"693e9447-ee7d-475a-829f-5f3847ae0e76","isConstant":false,"isProperty":false,"metadata":[{"args":{"position":"end","text":"/*\n    HAY DOS TIPPOS DE LISTAS!! lista(COLLECION)puede haber elementos con Ordenrepetidos y colecciones no, ademas las colecciones no tienen orden\n    luego tenemos un SET: #{} no se puede repetir ni orden\n  */"},"name":"comment"}],"name":"temperatura","scope":{"containerScope":{"containerScope":{"containerScope":{"containerScope":{"contributions":{},"includedScopes":[]},"contributions":{},"includedScopes":[]},"contributions":{},"includedScopes":[]},"contributions":{},"includedScopes":[{"containerScope":{"containerScope":{"containerScope":{"contributions":{},"includedScopes":[]},"contributions":{},"includedScopes":[]},"contributions":{},"includedScopes":[]},"contributions":{},"includedScopes":[]}]},"contributions":{},"includedScopes":[]},"sourceMap":{"end":{"column":26,"line":4,"offset":68},"start":{"column":4,"line":4,"offset":46}},"value":{"id":"2bc35ec9-3ea7-42ad-aadf-7b0e6394034b","metadata":[],"scope":{"containerScope":{"containerScope":{"containerScope":{"containerScope":{"containerScope":{"contributions":{},"includedScopes":[]},"contributions":{},"includedScopes":[]},"contributions":{},"includedScopes":[]},"contributions":{},"includedScopes":[{"containerScope":{"containerScope":{"containerScope":{"contributions":{},"includedScopes":[]},"contributions":{},"includedScopes":[]},"contributions":{},"includedScopes":[]},"contributions":{},"includedScopes":[]}]},"contributions":{},"includedScopes":[]},"contributions":{},"includedScopes":[]},"sourceMap":{"end":{"column":26,"line":4,"offset":68},"start":{"column":22,"line":4,"offset":64}},"value":36.6}},{"body":{"id":"ac53dec2-d8b9-474e-ad84-d348326728fe","metadata":[],"problems":[],"scope":{"containerScope":{"containerScope":{"containerScope":{"containerScope":{"containerScope":{"contributions":{},"includedScopes":[]},"contributions":{},"includedScopes":[]},"contributions":{},"includedScopes":[]},"contributions":{},"includedScopes":[{"containerScope":{"containerScope":{"containerScope":{"contributions":{},"includedScopes":[]},"contributions":{},"includedScopes":[]},"contributions":{},"includedScopes":[]},"contributions":{},"includedScopes":[]}]},"contributions":{},"includedScopes":[]},"contributions":{},"includedScopes":[]},"sentences":[{"args":[{"id":"02822075-b85f-4113-9f76-a2a2a3fae73a","metadata":[],"name":"enfermedad","scope":{"containerScope":{"containerScope":{"containerScope":{"containerScope":{"containerScope":{"containerScope":{"containerScope":{"contributions":{},"includedScopes":[]},"contributions":{},"includedScopes":[]},"contributions":{},"includedScopes":[]},"contributions":{},"includedScopes":[{"containerScope":{"containerScope":{"containerScope":{"contributions":{},"includedScopes":[]},"contributions":{},"includedScopes":[]},"contributions":{},"includedScopes":[]},"contributions":{},"includedScopes":[]}]},"contributions":{},"includedScopes":[]},"contributions":{},"includedScopes":[]},"contributions":{},"includedScopes":[]},"contributions":{},"includedScopes":[]},"sourceMap":{"end":{"column":34,"line":10,"offset":346},"start":{"column":24,"line":10,"offset":336}}}],"id":"4ba09b72-2230-4c89-95ac-f7b2dd6a3ece","message":"add","metadata":[],"receiver":{"id":"2614108b-98f8-4721-ae38-6ea1e8bd0bad","metadata":[],"name":"enfermedades","scope":{"containerScope":{"containerScope":{"containerScope":{"containerScope":{"containerScope":{"containerScope":{"containerScope":{"contributions":{},"includedScopes":[]},"contributions":{},"includedScopes":[]},"contributions":{},"includedScopes":[]},"contributions":{},"includedScopes":[{"containerScope":{"containerScope":{"containerScope":{"contributions":{},"includedScopes":[]},"contributions":{},"includedScopes":[]},"contributions":{},"includedScopes":[]},"contributions":{},"includedScopes":[]}]},"contributions":{},"includedScopes":[]},"contributions":{},"includedScopes":[]},"contributions":{},"includedScopes":[]},"contributions":{},"includedScopes":[]},"sourceMap":{"end":{"column":19,"line":10,"offset":331},"start":{"column":7,"line":10,"offset":319}}},"scope":{"containerScope":{"containerScope":{"containerScope":{"containerScope":{"containerScope":{"containerScope":{"contributions":{},"includedScopes":[]},"contributions":{},"includedScopes":[]},"contributions":{},"includedScopes":[]},"contributions":{},"includedScopes":[{"containerScope":{"containerScope":{"containerScope":{"contributions":{},"includedScopes":[]},"contributions":{},"includedScopes":[]},"contributions":{},"includedScopes":[]},"contributions":{},"includedScopes":[]}]},"contributions":{},"includedScopes":[]},"contributions":{},"includedScopes":[]},"contributions":{},"includedScopes":[]},"sourceMap":{"end":{"column":35,"line":10,"offset":347},"start":{"column":7,"line":10,"offset":319}}}],"sourceMap":{"end":{"column":4,"line":11,"offset":351},"start":{"column":29,"line":9,"offset":311}}},"compiled":false,"id":"f767dc51-ccd8-4b47-a45b-eaf1a01fc5c3","isOverride":false,"metadata":[],"name":"contrae","parameters":[{"id":"bdfc012c-d1a8-47ec-8fe0-d01bf8de1121","isVarArg":false,"metadata":[],"name":"enfermedad","scope":{"containerScope":{"containerScope":{"containerScope":{"containerScope":{"containerScope":{"contributions":{},"includedScopes":[]},"contributions":{},"includedScopes":[]},"contributions":{},"includedScopes":[]},"contributions":{},"includedScopes":[{"containerScope":{"containerScope":{"containerScope":{"contributions":{},"includedScopes":[]},"contributions":{},"includedScopes":[]},"contributions":{},"includedScopes":[]},"contributions":{},"includedScopes":[]}]},"contributions":{},"includedScopes":[]},"contributions":{},"includedScopes":[]},"sourceMap":{"end":{"column":28,"line":9,"offset":310},"start":{"column":18,"line":9,"offset":300}}}],"problems":[],"scope":{"containerScope":{"containerScope":{"containerScope":{"containerScope":{"contributions":{},"includedScopes":[]},"contributions":{},"includedScopes":[]},"contributions":{},"includedScopes":[]},"contributions":{},"includedScopes":[{"containerScope":{"containerScope":{"containerScope":{"contributions":{},"includedScopes":[]},"contributions":{},"includedScopes":[]},"contributions":{},"includedScopes":[]},"contributions":{},"includedScopes":[]}]},"contributions":{},"includedScopes":[]},"sourceMap":{"end":{"column":4,"line":11,"offset":351},"start":{"column":3,"line":9,"offset":285}}},{"body":{"id":"9489546e-305e-4ead-9e6c-005f1d96294e","metadata":[],"problems":[],"scope":{"containerScope":{"containerScope":{"containerScope":{"containerScope":{"containerScope":{"contributions":{},"includedScopes":[]},"contributions":{},"includedScopes":[]},"contributions":{},"includedScopes":[]},"contributions":{},"includedScopes":[{"containerScope":{"containerScope":{"containerScope":{"contributions":{},"includedScopes":[]},"contributions":{},"includedScopes":[]},"contributions":{},"includedScopes":[]},"contributions":{},"includedScopes":[]}]},"contributions":{},"includedScopes":[]},"contributions":{},"includedScopes":[]},"sentences":[{"args":[{"id":"bab13bcc-7951-4056-8205-e895a58237fc","metadata":[],"name":"unaEnfermedad","scope":{"containerScope":{"containerScope":{"containerScope":{"containerScope":{"containerScope":{"containerScope":{"containerScope":{"contributions":{},"includedScopes":[]},"contributions":{},"includedScopes":[]},"contributions":{},"includedScopes":[]},"contributions":{},"includedScopes":[{"containerScope":{"containerScope":{"containerScope":{"contributions":{},"includedScopes":[]},"contributions":{},"includedScopes":[]},"contributions":{},"includedScopes":[]},"contributions":{},"includedScopes":[]}]},"contributions":{},"includedScopes":[]},"contributions":{},"includedScopes":[]},"contributions":{},"includedScopes":[]},"contributions":{},"includedScopes":[]},"sourceMap":{"end":{"column":40,"line":13,"offset":430},"start":{"column":27,"line":13,"offset":417}}}],"id":"f5237bc7-dff4-40b0-9a7c-11228f217759","message":"contains","metadata":[],"receiver":{"id":"c0e87684-f41c-48bc-b67d-bef9cdd67ca1","metadata":[],"name":"enfermedades","scope":{"containerScope":{"containerScope":{"containerScope":{"containerScope":{"containerScope":{"containerScope":{"containerScope":{"contributions":{},"includedScopes":[]},"contributions":{},"includedScopes":[]},"contributions":{},"includedScopes":[]},"contributions":{},"includedScopes":[{"containerScope":{"containerScope":{"containerScope":{"contributions":{},"includedScopes":[]},"contributions":{},"includedScopes":[]},"contributions":{},"includedScopes":[]},"contributions":{},"includedScopes":[]}]},"contributions":{},"includedScopes":[]},"contributions":{},"includedScopes":[]},"contributions":{},"includedScopes":[]},"contributions":{},"includedScopes":[]},"sourceMap":{"end":{"column":17,"line":13,"offset":407},"start":{"column":5,"line":13,"offset":395}}},"scope":{"containerScope":{"containerScope":{"containerScope":{"containerScope":{"containerScope":{"containerScope":{"contributions":{},"includedScopes":[]},"contributions":{},"includedScopes":[]},"contributions":{},"includedScopes":[]},"contributions":{},"includedScopes":[{"containerScope":{"containerScope":{"containerScope":{"contributions":{},"includedScopes":[]},"contributions":{},"includedScopes":[]},"contributions":{},"includedScopes":[]},"contributions":{},"includedScopes":[]}]},"contributions":{},"includedScopes":[]},"contributions":{},"includedScopes":[]},"contributions":{},"includedScopes":[]},"sourceMap":{"end":{"column":41,"line":13,"offset":431},"start":{"column":5,"line":13,"offset":395}}}],"sourceMap":{"end":{"column":4,"line":14,"offset":435},"start":{"column":38,"line":12,"offset":389}}},"compiled":false,"id":"99db44ec-71fc-4159-9cf9-6371e003d334","isOverride":false,"metadata":[],"name":"estaEnfermoDe","parameters":[{"id":"b368af28-6088-4a12-a5d4-307581ef5985","isVarArg":false,"metadata":[],"name":"unaEnfermedad","scope":{"containerScope":{"containerScope":{"containerScope":{"containerScope":{"containerScope":{"contributions":{},"includedScopes":[]},"contributions":{},"includedScopes":[]},"contributions":{},"includedScopes":[]},"contributions":{},"includedScopes":[{"containerScope":{"containerScope":{"containerScope":{"contributions":{},"includedScopes":[]},"contributions":{},"includedScopes":[]},"contributions":{},"includedScopes":[]},"contributions":{},"includedScopes":[]}]},"contributions":{},"includedScopes":[]},"contributions":{},"includedScopes":[]},"sourceMap":{"end":{"column":37,"line":12,"offset":388},"start":{"column":24,"line":12,"offset":375}}}],"problems":[],"scope":{"containerScope":{"containerScope":{"containerScope":{"containerScope":{"contributions":{},"includedScopes":[]},"contributions":{},"includedScopes":[]},"contributions":{},"includedScopes":[]},"contributions":{},"includedScopes":[{"containerScope":{"containerScope":{"containerScope":{"contributions":{},"includedScopes":[]},"contributions":{},"includedScopes":[]},"contributions":{},"includedScopes":[]},"contributions":{},"includedScopes":[]}]},"contributions":{},"includedScopes":[]},"sourceMap":{"end":{"column":4,"line":14,"offset":435},"start":{"column":3,"line":12,"offset":354}}},{"body":{"id":"ab7f7102-6cbf-4b65-91b2-f430b939b5ea","metadata":[],"problems":[],"scope":{"containerScope":{"containerScope":{"containerScope":{"containerScope":{"containerScope":{"contributions":{},"includedScopes":[]},"contributions":{},"includedScopes":[]},"contributions":{},"includedScopes":[]},"contributions":{},"includedScopes":[{"containerScope":{"containerScope":{"containerScope":{"contributions":{},"includedScopes":[]},"contributions":{},"includedScopes":[]},"contributions":{},"includedScopes":[]},"contributions":{},"includedScopes":[]}]},"contributions":{},"includedScopes":[]},"contributions":{},"includedScopes":[]},"sentences":[{"id":"60cca77a-5234-4b3e-9b48-04a60a533f6c","metadata":[],"scope":{"containerScope":{"containerScope":{"containerScope":{"containerScope":{"containerScope":{"containerScope":{"contributions":{},"includedScopes":[]},"contributions":{},"includedScopes":[]},"contributions":{},"includedScopes":[]},"contributions":{},"includedScopes":[{"containerScope":{"containerScope":{"containerScope":{"contributions":{},"includedScopes":[]},"contributions":{},"includedScopes":[]},"contributions":{},"includedScopes":[]},"contributions":{},"includedScopes":[]}]},"contributions":{},"includedScopes":[]},"contributions":{},"includedScopes":[]},"contributions":{},"includedScopes":[]},"value":{"id":"cad3ff07-542a-433f-90cc-c552bf5a2922","metadata":[],"name":"temperatura","scope":{"containerScope":{"containerScope":{"containerScope":{"containerScope":{"containerScope":{"containerScope":{"containerScope":{"contributions":{},"includedScopes":[]},"contributions":{},"includedScopes":[]},"contributions":{},"includedScopes":[]},"contributions":{},"includedScopes":[{"containerScope":{"containerScope":{"containerScope":{"contributions":{},"includedScopes":[]},"contributions":{},"includedScopes":[]},"contributions":{},"includedScopes":[]},"contributions":{},"includedScopes":[]}]},"contributions":{},"includedScopes":[]},"contributions":{},"includedScopes":[]},"contributions":{},"includedScopes":[]},"contributions":{},"includedScopes":[]},"sourceMap":{"end":{"column":37,"line":15,"offset":472},"start":{"column":26,"line":15,"offset":461}}}}],"sourceMap":{"end":{"column":37,"line":15,"offset":472},"start":{"column":26,"line":15,"offset":461}}},"compiled":false,"id":"b17a9473-6aa3-4dc0-8136-e44162ee828a","isOverride":false,"metadata":[],"name":"temperatura","parameters":[],"problems":[],"scope":{"containerScope":{"containerScope":{"containerScope":{"containerScope":{"contributions":{},"includedScopes":[]},"contributions":{},"includedScopes":[]},"contributions":{},"includedScopes":[]},"contributions":{},"includedScopes":[{"containerScope":{"containerScope":{"containerScope":{"contributions":{},"includedScopes":[]},"contributions":{},"includedScopes":[]},"contributions":{},"includedScopes":[]},"contributions":{},"includedScopes":[]}]},"contributions":{},"includedScopes":[]},"sourceMap":{"end":{"column":37,"line":15,"offset":472},"start":{"column":3,"line":15,"offset":438}}},{"body":{"id":"1b58a3f2-5bd9-4699-9219-29c2ddb73560","metadata":[],"problems":[],"scope":{"containerScope":{"containerScope":{"containerScope":{"containerScope":{"containerScope":{"contributions":{},"includedScopes":[]},"contributions":{},"includedScopes":[]},"contributions":{},"includedScopes":[]},"contributions":{},"includedScopes":[{"containerScope":{"containerScope":{"containerScope":{"contributions":{},"includedScopes":[]},"contributions":{},"includedScopes":[]},"contributions":{},"includedScopes":[]},"contributions":{},"includedScopes":[]}]},"contributions":{},"includedScopes":[]},"contributions":{},"includedScopes":[]},"sentences":[],"sourceMap":{"end":{"column":4,"line":18,"offset":499},"start":{"column":21,"line":16,"offset":493}}},"compiled":false,"id":"1b2b3429-671b-4f4e-b684-64427b130300","isOverride":false,"metadata":[],"name":"viviUnDia","parameters":[],"problems":[],"scope":{"containerScope":{"containerScope":{"containerScope":{"containerScope":{"contributions":{},"includedScopes":[]},"contributions":{},"includedScopes":[]},"contributions":{},"includedScopes":[]},"contributions":{},"includedScopes":[{"containerScope":{"containerScope":{"containerScope":{"contributions":{},"includedScopes":[]},"contributions":{},"includedScopes":[]},"contributions":{},"includedScopes":[]},"contributions":{},"includedScopes":[]}]},"contributions":{},"includedScopes":[]},"sourceMap":{"end":{"column":4,"line":18,"offset":499},"start":{"column":3,"line":16,"offset":475}}}],"metadata":[],"name":"Persona","problems":[],"scope":{"containerScope":{"containerScope":{"containerScope":{"contributions":{},"includedScopes":[]},"contributions":{},"includedScopes":[]},"contributions":{},"includedScopes":[]},"contributions":{},"includedScopes":[{"containerScope":{"containerScope":{"containerScope":{"contributions":{},"includedScopes":[]},"contributions":{},"includedScopes":[]},"contributions":{},"includedScopes":[]},"contributions":{},"includedScopes":[]}]},"sourceMap":{"end":{"column":2,"line":19,"offset":501},"start":{"column":1,"line":2,"offset":1}},"supertypes":[]},{"id":"21901517-956c-4da6-897e-283d92941f0a","isConstant":true,"metadata":[],"name":"logan","scope":{"containerScope":{"containerScope":{"containerScope":{"contributions":{},"includedScopes":[]},"contributions":{},"includedScopes":[]},"contributions":{},"includedScopes":[]},"contributions":{},"includedScopes":[]},"sourceMap":{"end":{"column":2,"line":22,"offset":552},"start":{"column":1,"line":20,"offset":502}},"value":{"args":[{"id":"cce9b24f-c3a4-4586-81e0-cd3e5226cc59","metadata":[],"name":"temperatura","scope":{"containerScope":{"containerScope":{"containerScope":{"containerScope":{"containerScope":{"contributions":{},"includedScopes":[]},"contributions":{},"includedScopes":[]},"contributions":{},"includedScopes":[]},"contributions":{},"includedScopes":[]},"contributions":{},"includedScopes":[]},"contributions":{},"includedScopes":[]},"sourceMap":{"end":{"column":22,"line":21,"offset":550},"start":{"column":5,"line":21,"offset":533}},"value":{"id":"cdcd75d0-7189-484c-bf85-5daa37d66b6e","metadata":[],"scope":{"containerScope":{"containerScope":{"containerScope":{"containerScope":{"containerScope":{"containerScope":{"contributions":{},"includedScopes":[]},"contributions":{},"includedScopes":[]},"contributions":{},"includedScopes":[]},"contributions":{},"includedScopes":[]},"contributions":{},"includedScopes":[]},"contributions":{},"includedScopes":[]},"contributions":{},"includedScopes":[]},"sourceMap":{"end":{"column":22,"line":21,"offset":550},"start":{"column":20,"line":21,"offset":548}},"value":36}}],"id":"69cb0b90-7f3c-41ed-804a-8b840aea2653","instantiated":{"id":"acf4daf7-c838-408a-8ace-21756a1f2a9a","metadata":[],"name":"Persona","scope":{"containerScope":{"containerScope":{"containerScope":{"containerScope":{"containerScope":{"contributions":{},"includedScopes":[]},"contributions":{},"includedScopes":[]},"contributions":{},"includedScopes":[]},"contributions":{},"includedScopes":[]},"contributions":{},"includedScopes":[]},"contributions":{},"includedScopes":[]},"sourceMap":{"end":{"column":26,"line":20,"offset":527},"start":{"column":19,"line":20,"offset":520}}},"metadata":[],"scope":{"containerScope":{"containerScope":{"containerScope":{"containerScope":{"contributions":{},"includedScopes":[]},"contributions":{},"includedScopes":[]},"contributions":{},"includedScopes":[]},"contributions":{},"includedScopes":[]},"contributions":{},"includedScopes":[]},"sourceMap":{"end":{"column":2,"line":22,"offset":552},"start":{"column":15,"line":20,"offset":516}}}},{"id":"2a92d570-ed6b-449e-acb5-7698780098ed","isConstant":true,"metadata":[],"name":"frank","scope":{"containerScope":{"containerScope":{"containerScope":{"contributions":{},"includedScopes":[]},"contributions":{},"includedScopes":[]},"contributions":{},"includedScopes":[]},"contributions":{},"includedScopes":[]},"sourceMap":{"end":{"column":44,"line":23,"offset":596},"start":{"column":1,"line":23,"offset":553}},"value":{"args":[{"id":"fb368c3c-b3f7-4773-b488-2a1c387f055f","metadata":[],"name":"temperatura","scope":{"containerScope":{"containerScope":{"containerScope":{"containerScope":{"containerScope":{"contributions":{},"includedScopes":[]},"contributions":{},"includedScopes":[]},"contributions":{},"includedScopes":[]},"contributions":{},"includedScopes":[]},"contributions":{},"includedScopes":[]},"contributions":{},"includedScopes":[]},"sourceMap":{"end":{"column":43,"line":23,"offset":595},"start":{"column":27,"line":23,"offset":579}},"value":{"id":"4fa2b736-a53b-4809-9d80-20ca149aa3ce","metadata":[],"scope":{"containerScope":{"containerScope":{"containerScope":{"containerScope":{"containerScope":{"containerScope":{"contributions":{},"includedScopes":[]},"contributions":{},"includedScopes":[]},"contributions":{},"includedScopes":[]},"contributions":{},"includedScopes":[]},"contributions":{},"includedScopes":[]},"contributions":{},"includedScopes":[]},"contributions":{},"includedScopes":[]},"sourceMap":{"end":{"column":43,"line":23,"offset":595},"start":{"column":41,"line":23,"offset":593}},"value":10}}],"id":"b3ba9d67-7b65-4a4a-8e67-cfd6c22675b6","instantiated":{"id":"e0cc5ce0-e35c-4f80-8d89-1a1b700e4082","metadata":[],"name":"Persona","scope":{"containerScope":{"containerScope":{"containerScope":{"containerScope":{"containerScope":{"contributions":{},"includedScopes":[]},"contributions":{},"includedScopes":[]},"contributions":{},"includedScopes":[]},"contributions":{},"includedScopes":[]},"contributions":{},"includedScopes":[]},"contributions":{},"includedScopes":[]},"sourceMap":{"end":{"column":26,"line":23,"offset":578},"start":{"column":19,"line":23,"offset":571}}},"metadata":[],"scope":{"containerScope":{"containerScope":{"containerScope":{"containerScope":{"contributions":{},"includedScopes":[]},"contributions":{},"includedScopes":[]},"contributions":{},"includedScopes":[]},"contributions":{},"includedScopes":[]},"contributions":{},"includedScopes":[]},"sourceMap":{"end":{"column":44,"line":23,"offset":596},"start":{"column":15,"line":23,"offset":567}}}},{"id":"0c08dbb6-2a94-477a-884e-aca264e1a9cf","members":[{"id":"c027c7c1-8be9-4f0e-ace4-d735b8d82b3f","isConstant":false,"isProperty":false,"metadata":[],"name":"celulasAmenazadas","scope":{"containerScope":{"containerScope":{"containerScope":{"containerScope":{"contributions":{},"includedScopes":[]},"contributions":{},"includedScopes":[]},"contributions":{},"includedScopes":[]},"contributions":{},"includedScopes":[{"containerScope":{"containerScope":{"containerScope":{"contributions":{},"includedScopes":[]},"contributions":{},"includedScopes":[]},"contributions":{},"includedScopes":[]},"contributions":{},"includedScopes":[]}]},"contributions":{},"includedScopes":[]},"sourceMap":{"end":{"column":30,"line":26,"offset":656},"start":{"column":3,"line":26,"offset":629}},"value":{"id":"7878584f-8f27-4ed9-8731-1df6dce3fa87","metadata":[],"scope":{"containerScope":{"containerScope":{"containerScope":{"containerScope":{"containerScope":{"contributions":{},"includedScopes":[]},"contributions":{},"includedScopes":[]},"contributions":{},"includedScopes":[]},"contributions":{},"includedScopes":[{"containerScope":{"containerScope":{"containerScope":{"contributions":{},"includedScopes":[]},"contributions":{},"includedScopes":[]},"contributions":{},"includedScopes":[]},"contributions":{},"includedScopes":[]}]},"contributions":{},"includedScopes":[]},"contributions":{},"includedScopes":[]},"sourceMap":{"end":{"column":30,"line":26,"offset":656},"start":{"column":27,"line":26,"offset":653}},"value":500}},{"body":{"id":"9d8d8414-2a41-4c6d-a04d-84738e5cd458","metadata":[],"problems":[],"scope":{"containerScope":{"containerScope":{"containerScope":{"containerScope":{"containerScope":{"contributions":{},"includedScopes":[]},"contributions":{},"includedScopes":[]},"contributions":{},"includedScopes":[]},"contributions":{},"includedScopes":[{"containerScope":{"containerScope":{"containerScope":{"contributions":{},"includedScopes":[]},"contributions":{},"includedScopes":[]},"contributions":{},"includedScopes":[]},"contributions":{},"includedScopes":[]}]},"contributions":{},"includedScopes":[]},"contributions":{},"includedScopes":[]},"sentences":[{"id":"759c9dd5-6dfd-4bb5-a2fd-15e372e13c32","metadata":[],"scope":{"containerScope":{"containerScope":{"containerScope":{"containerScope":{"containerScope":{"containerScope":{"contributions":{},"includedScopes":[]},"contributions":{},"includedScopes":[]},"contributions":{},"includedScopes":[]},"contributions":{},"includedScopes":[{"containerScope":{"containerScope":{"containerScope":{"contributions":{},"includedScopes":[]},"contributions":{},"includedScopes":[]},"contributions":{},"includedScopes":[]},"contributions":{},"includedScopes":[]}]},"contributions":{},"includedScopes":[]},"contributions":{},"includedScopes":[]},"contributions":{},"includedScopes":[]},"value":{"id":"ed48be15-c0ec-4001-8bc6-1eb9c1cdab60","metadata":[],"scope":{"containerScope":{"containerScope":{"containerScope":{"containerScope":{"containerScope":{"containerScope":{"containerScope":{"contributions":{},"includedScopes":[]},"contributions":{},"includedScopes":[]},"contributions":{},"includedScopes":[]},"contributions":{},"includedScopes":[{"containerScope":{"containerScope":{"containerScope":{"contributions":{},"includedScopes":[]},"contributions":{},"includedScopes":[]},"contributions":{},"includedScopes":[]},"contributions":{},"includedScopes":[]}]},"contributions":{},"includedScopes":[]},"contributions":{},"includedScopes":[]},"contributions":{},"includedScopes":[]},"contributions":{},"includedScopes":[]},"sourceMap":{"end":{"column":35,"line":27,"offset":691},"start":{"column":31,"line":27,"offset":687}},"value":1000}}],"sourceMap":{"end":{"column":35,"line":27,"offset":691},"start":{"column":31,"line":27,"offset":687}}},"compiled":false,"id":"e1fb63b4-2f78-4a34-a3f2-d453824b5bd3","isOverride":false,"metadata":[],"name":"celulasAmenazadas","parameters":[],"problems":[],"scope":{"containerScope":{"containerScope":{"containerScope":{"containerScope":{"contributions":{},"includedScopes":[]},"contributions":{},"includedScopes":[]},"contributions":{},"includedScopes":[]},"contributions":{},"includedScopes":[{"containerScope":{"containerScope":{"containerScope":{"contributions":{},"includedScopes":[]},"contributions":{},"includedScopes":[]},"contributions":{},"includedScopes":[]},"contributions":{},"includedScopes":[]}]},"contributions":{},"includedScopes":[]},"sourceMap":{"end":{"column":35,"line":27,"offset":691},"start":{"column":3,"line":27,"offset":659}}},{"body":{"id":"acecb059-d2b4-48ff-9ec9-4f11cea382e1","metadata":[],"problems":[],"scope":{"containerScope":{"containerScope":{"containerScope":{"containerScope":{"containerScope":{"contributions":{},"includedScopes":[]},"contributions":{},"includedScopes":[]},"contributions":{},"includedScopes":[]},"contributions":{},"includedScopes":[{"containerScope":{"containerScope":{"containerScope":{"contributions":{},"includedScopes":[]},"contributions":{},"includedScopes":[]},"contributions":{},"includedScopes":[]},"contributions":{},"includedScopes":[]}]},"contributions":{},"includedScopes":[]},"contributions":{},"includedScopes":[]},"sentences":[{"id":"8ec3d27d-fc3f-4c4b-8822-9e7b36a5acde","metadata":[],"scope":{"containerScope":{"containerScope":{"containerScope":{"containerScope":{"containerScope":{"containerScope":{"contributions":{},"includedScopes":[]},"contributions":{},"includedScopes":[]},"contributions":{},"includedScopes":[]},"contributions":{},"includedScopes":[{"containerScope":{"containerScope":{"containerScope":{"contributions":{},"includedScopes":[]},"contributions":{},"includedScopes":[]},"contributions":{},"includedScopes":[]},"contributions":{},"includedScopes":[]}]},"contributions":{},"includedScopes":[]},"contributions":{},"includedScopes":[]},"contributions":{},"includedScopes":[]},"sourceMap":{"end":{"column":29,"line":29,"offset":744},"start":{"column":7,"line":29,"offset":722}},"value":{"args":[{"id":"ec459674-f74c-4a1f-9951-2d6b258fc066","metadata":[],"scope":{"containerScope":{"containerScope":{"containerScope":{"containerScope":{"containerScope":{"containerScope":{"containerScope":{"containerScope":{"contributions":{},"includedScopes":[]},"contributions":{},"includedScopes":[]},"contributions":{},"includedScopes":[]},"contributions":{},"includedScopes":[{"containerScope":{"containerScope":{"containerScope":{"contributions":{},"includedScopes":[]},"contributions":{},"includedScopes":[]},"contributions":{},"includedScopes":[]},"contributions":{},"includedScopes":[]}]},"contributions":{},"includedScopes":[]},"contributions":{},"includedScopes":[]},"contributions":{},"includedScopes":[]},"contributions":{},"includedScopes":[]},"contributions":{},"includedScopes":[]},"sourceMap":{"end":{"column":29,"line":29,"offset":744},"start":{"column":28,"line":29,"offset":743}},"value":2}],"id":"8927669d-8edd-48f2-824e-01cf2846eaef","message":"*","metadata":[],"receiver":{"id":"87a5e4f4-5334-4b8f-842e-3c8ee79f9a78","metadata":[],"name":"celulasAmenazadas","scope":{"containerScope":{"containerScope":{"containerScope":{"containerScope":{"containerScope":{"containerScope":{"containerScope":{"containerScope":{"contributions":{},"includedScopes":[]},"contributions":{},"includedScopes":[]},"contributions":{},"includedScopes":[]},"contributions":{},"includedScopes":[{"containerScope":{"containerScope":{"containerScope":{"contributions":{},"includedScopes":[]},"contributions":{},"includedScopes":[]},"contributions":{},"includedScopes":[]},"contributions":{},"includedScopes":[]}]},"contributions":{},"includedScopes":[]},"contributions":{},"includedScopes":[]},"contributions":{},"includedScopes":[]},"contributions":{},"includedScopes":[]},"contributions":{},"includedScopes":[]},"sourceMap":{"end":{"column":24,"line":29,"offset":739},"start":{"column":7,"line":29,"offset":722}}},"scope":{"containerScope":{"containerScope":{"containerScope":{"containerScope":{"containerScope":{"containerScope":{"containerScope":{"contributions":{},"includedScopes":[]},"contributions":{},"includedScopes":[]},"contributions":{},"includedScopes":[]},"contributions":{},"includedScopes":[{"containerScope":{"containerScope":{"containerScope":{"contributions":{},"includedScopes":[]},"contributions":{},"includedScopes":[]},"contributions":{},"includedScopes":[]},"contributions":{},"includedScopes":[]}]},"contributions":{},"includedScopes":[]},"contributions":{},"includedScopes":[]},"contributions":{},"includedScopes":[]},"contributions":{},"includedScopes":[]}},"variable":{"id":"8e45b492-d995-478f-86aa-d7c796c7991b","metadata":[],"name":"celulasAmenazadas","scope":{"containerScope":{"containerScope":{"containerScope":{"containerScope":{"containerScope":{"containerScope":{"containerScope":{"contributions":{},"includedScopes":[]},"contributions":{},"includedScopes":[]},"contributions":{},"includedScopes":[]},"contributions":{},"includedScopes":[{"containerScope":{"containerScope":{"containerScope":{"contributions":{},"includedScopes":[]},"contributions":{},"includedScopes":[]},"contributions":{},"includedScopes":[]},"contributions":{},"includedScopes":[]}]},"contributions":{},"includedScopes":[]},"contributions":{},"includedScopes":[]},"contributions":{},"includedScopes":[]},"contributions":{},"includedScopes":[]},"sourceMap":{"end":{"column":24,"line":29,"offset":739},"start":{"column":7,"line":29,"offset":722}}}}],"sourceMap":{"end":{"column":4,"line":30,"offset":748},"start":{"column":23,"line":28,"offset":714}}},"compiled":false,"id":"cc8ac027-c1fd-4ac0-a4ea-e0c36277ac47","isOverride":false,"metadata":[],"name":"reproducite","parameters":[],"problems":[],"scope":{"containerScope":{"containerScope":{"containerScope":{"containerScope":{"contributions":{},"includedScopes":[]},"contributions":{},"includedScopes":[]},"contributions":{},"includedScopes":[]},"contributions":{},"includedScopes":[{"containerScope":{"containerScope":{"containerScope":{"contributions":{},"includedScopes":[]},"contributions":{},"includedScopes":[]},"contributions":{},"includedScopes":[]},"contributions":{},"includedScopes":[]}]},"contributions":{},"includedScopes":[]},"sourceMap":{"end":{"column":4,"line":30,"offset":748},"start":{"column":3,"line":28,"offset":694}}}],"metadata":[],"name":"EnfermedadInfecciosa","problems":[],"scope":{"containerScope":{"containerScope":{"containerScope":{"contributions":{},"includedScopes":[]},"contributions":{},"includedScopes":[]},"contributions":{},"includedScopes":[]},"contributions":{},"includedScopes":[{"containerScope":{"containerScope":{"containerScope":{"contributions":{},"includedScopes":[]},"contributions":{},"includedScopes":[]},"contributions":{},"includedScopes":[]},"contributions":{},"includedScopes":[]}]},"sourceMap":{"end":{"column":2,"line":31,"offset":750},"start":{"column":1,"line":25,"offset":598}},"supertypes":[]},{"id":"a01024ff-9751-4766-94ef-749efe7a4adf","isConstant":true,"metadata":[],"name":"malaria500","scope":{"containerScope":{"containerScope":{"containerScope":{"contributions":{},"includedScopes":[]},"contributions":{},"includedScopes":[]},"contributions":{},"includedScopes":[]},"contributions":{},"includedScopes":[]},"sourceMap":{"end":{"column":23,"line":36,"offset":777},"start":{"column":1,"line":36,"offset":755}},"value":{"id":"b7135e38-5062-45c1-b707-6acf3fb546c1","metadata":[],"name":"new","scope":{"containerScope":{"containerScope":{"containerScope":{"containerScope":{"contributions":{},"includedScopes":[]},"contributions":{},"includedScopes":[]},"contributions":{},"includedScopes":[]},"contributions":{},"includedScopes":[]},"contributions":{},"includedScopes":[]},"sourceMap":{"end":{"column":23,"line":36,"offset":777},"start":{"column":20,"line":36,"offset":774}}}}],"metadata":[],"name":"example","problems":[{"code":"malformedEntity","sourceMap":{"end":{"column":0,"line":37,"offset":800},"start":{"column":24,"line":36,"offset":778}}}],"scope":{"containerScope":{"containerScope":{"contributions":{},"includedScopes":[]},"contributions":{},"includedScopes":[]},"contributions":{},"includedScopes":[]}},"stack":"Error: Failed to print, found malformed node\n    at /home/tiaguinni/.vscode/extensions/uqbar.wollok-lsp-ide-0.5.5/out/server/src/server.js:68:3585\n    at Ybn (/home/tiaguinni/.vscode/extensions/uqbar.wollok-lsp-ide-0.5.5/out/server/src/server.js:68:3396)\n    at /home/tiaguinni/.vscode/extensions/uqbar.wollok-lsp-ide-0.5.5/out/server/src/server.js:2430:847\n    at /home/tiaguinni/.vscode/extensions/uqbar.wollok-lsp-ide-0.5.5/out/server/src/server.js:2430:8440\n    at /home/tiaguinni/.vscode/extensions/uqbar.wollok-lsp-ide-0.5.5/out/server/src/server.js:37:74770\n    at Ke (/home/tiaguinni/.vscode/extensions/uqbar.wollok-lsp-ide-0.5.5/out/server/src/server.js:7:8527)\n    at It (/home/tiaguinni/.vscode/extensions/uqbar.wollok-lsp-ide-0.5.5/out/server/src/server.js:7:6189)\n    at et (/home/tiaguinni/.vscode/extensions/uqbar.wollok-lsp-ide-0.5.5/out/server/src/server.js:7:6378)\n    at Immediate._onImmediate (/home/tiaguinni/.vscode/extensions/uqbar.wollok-lsp-ide-0.5.5/out/server/src/server.js:7:6142)\n    at process.processImmediate (node:internal/timers:504:21)","timestamp":"2026-09-23T13:26:49.325Z"}
{"level":"error","message":"✘ Failed to get type description: Error: Failed to print, found malformed node Failed to print, found malformed node","node":{"fileName":"EXAMEN-Wollok/example.wlk","id":"fb510ece-5a63-42d0-8142-84313764021a","imports":[],"members":[{"id":"ec6684ec-4961-4afe-a717-7e485d285725","members":[{"id":"5b5e127d-2b82-4ed2-8b4e-a210156786b8","isConstant":false,"isProperty":false,"metadata":[],"name":"enfermedades","scope":{"containerScope":{"containerScope":{"containerScope":{"containerScope":{"contributions":{},"includedScopes":[]},"contributions":{},"includedScopes":[]},"contributions":{},"includedScopes":[]},"contributions":{},"includedScopes":[{"containerScope":{"containerScope":{"containerScope":{"contributions":{},"includedScopes":[]},"contributions":{},"includedScopes":[]},"contributions":{},"includedScopes":[]},"contributions":{},"includedScopes":[]}]},"contributions":{},"includedScopes":[]},"sourceMap":{"end":{"column":27,"line":3,"offset":42},"start":{"column":4,"line":3,"offset":19}},"value":{"id":"47aeb9a5-c4e8-41a6-acec-6cd717e4ad37","metadata":[],"scope":{"containerScope":{"containerScope":{"containerScope":{"containerScope":{"containerScope":{"contributions":{},"includedScopes":[]},"contributions":{},"includedScopes":[]},"contributions":{},"includedScopes":[]},"contributions":{},"includedScopes":[{"containerScope":{"containerScope":{"containerScope":{"contributions":{},"includedScopes":[]},"contributions":{},"includedScopes":[]},"contributions":{},"includedScopes":[]},"contributions":{},"includedScopes":[]}]},"contributions":{},"includedScopes":[]},"contributions":{},"includedScopes":[]},"sourceMap":{"end":{"column":27,"line":3,"offset":42},"start":{"column":24,"line":3,"offset":39}},"value":[{"id":"07bc9639-b940-4149-a2a7-0bf73c6a7ecf","metadata":[],"name":"wollok.lang.Set","scope":{"containerScope":{"containerScope":{"containerScope":{"containerScope":{"containerScope":{"containerScope":{"contributions":{},"includedScopes":[]},"contributions":{},"includedScopes":[]},"contributions":{},"includedScopes":[]},"contributions":{},"includedScopes":[{"containerScope":{"containerScope":{"containerScope":{"contributions":{},"includedScopes":[]},"contributions":{},"includedScopes":[]},"contributions":{},"includedScopes":[]},"contributions":{},"includedScopes":[]}]},"contributions":{},"includedScopes":[]},"contributions":{},"includedScopes":[]},"contributions":{},"includedScopes":[]}},[]]}},{"id":"693e9447-ee7d-475a-829f-5f3847ae0e76","isConstant":false,"isProperty":false,"metadata":[{"args":{"position":"end","text":"/*\n    HAY DOS TIPPOS DE LISTAS!! lista(COLLECION)puede haber elementos con Ordenrepetidos y colecciones no, ademas las colecciones no tienen orden\n    luego tenemos un SET: #{} no se puede repetir ni orden\n  */"},"name":"comment"}],"name":"temperatura","scope":{"containerScope":{"containerScope":{"containerScope":{"containerScope":{"contributions":{},"includedScopes":[]},"contributions":{},"includedScopes":[]},"contributions":{},"includedScopes":[]},"contributions":{},"includedScopes":[{"containerScope":{"containerScope":{"containerScope":{"contributions":{},"includedScopes":[]},"contributions":{},"includedScopes":[]},"contributions":{},"includedScopes":[]},"contributions":{},"includedScopes":[]}]},"contributions":{},"includedScopes":[]},"sourceMap":{"end":{"column":26,"line":4,"offset":68},"start":{"column":4,"line":4,"offset":46}},"value":{"id":"2bc35ec9-3ea7-42ad-aadf-7b0e6394034b","metadata":[],"scope":{"containerScope":{"containerScope":{"containerScope":{"containerScope":{"containerScope":{"contributions":{},"includedScopes":[]},"contributions":{},"includedScopes":[]},"contributions":{},"includedScopes":[]},"contributions":{},"includedScopes":[{"containerScope":{"containerScope":{"containerScope":{"contributions":{},"includedScopes":[]},"contributions":{},"includedScopes":[]},"contributions":{},"includedScopes":[]},"contributions":{},"includedScopes":[]}]},"contributions":{},"includedScopes":[]},"contributions":{},"includedScopes":[]},"sourceMap":{"end":{"column":26,"line":4,"offset":68},"start":{"column":22,"line":4,"offset":64}},"value":36.6}},{"body":{"id":"ac53dec2-d8b9-474e-ad84-d348326728fe","metadata":[],"problems":[],"scope":{"containerScope":{"containerScope":{"containerScope":{"containerScope":{"containerScope":{"contributions":{},"includedScopes":[]},"contributions":{},"includedScopes":[]},"contributions":{},"includedScopes":[]},"contributions":{},"includedScopes":[{"containerScope":{"containerScope":{"containerScope":{"contributions":{},"includedScopes":[]},"contributions":{},"includedScopes":[]},"contributions":{},"includedScopes":[]},"contributions":{},"includedScopes":[]}]},"contributions":{},"includedScopes":[]},"contributions":{},"includedScopes":[]},"sentences":[{"args":[{"id":"02822075-b85f-4113-9f76-a2a2a3fae73a","metadata":[],"name":"enfermedad","scope":{"containerScope":{"containerScope":{"containerScope":{"containerScope":{"containerScope":{"containerScope":{"containerScope":{"contributions":{},"includedScopes":[]},"contributions":{},"includedScopes":[]},"contributions":{},"includedScopes":[]},"contributions":{},"includedScopes":[{"containerScope":{"containerScope":{"containerScope":{"contributions":{},"includedScopes":[]},"contributions":{},"includedScopes":[]},"contributions":{},"includedScopes":[]},"contributions":{},"includedScopes":[]}]},"contributions":{},"includedScopes":[]},"contributions":{},"includedScopes":[]},"contributions":{},"includedScopes":[]},"contributions":{},"includedScopes":[]},"sourceMap":{"end":{"column":34,"line":10,"offset":346},"start":{"column":24,"line":10,"offset":336}}}],"id":"4ba09b72-2230-4c89-95ac-f7b2dd6a3ece","message":"add","metadata":[],"receiver":{"id":"2614108b-98f8-4721-ae38-6ea1e8bd0bad","metadata":[],"name":"enfermedades","scope":{"containerScope":{"containerScope":{"containerScope":{"containerScope":{"containerScope":{"containerScope":{"containerScope":{"contributions":{},"includedScopes":[]},"contributions":{},"includedScopes":[]},"contributions":{},"includedScopes":[]},"contributions":{},"includedScopes":[{"containerScope":{"containerScope":{"containerScope":{"contributions":{},"includedScopes":[]},"contributions":{},"includedScopes":[]},"contributions":{},"includedScopes":[]},"contributions":{},"includedScopes":[]}]},"contributions":{},"includedScopes":[]},"contributions":{},"includedScopes":[]},"contributions":{},"includedScopes":[]},"contributions":{},"includedScopes":[]},"sourceMap":{"end":{"column":19,"line":10,"offset":331},"start":{"column":7,"line":10,"offset":319}}},"scope":{"containerScope":{"containerScope":{"containerScope":{"containerScope":{"containerScope":{"containerScope":{"contributions":{},"includedScopes":[]},"contributions":{},"includedScopes":[]},"contributions":{},"includedScopes":[]},"contributions":{},"includedScopes":[{"containerScope":{"containerScope":{"containerScope":{"contributions":{},"includedScopes":[]},"contributions":{},"includedScopes":[]},"contributions":{},"includedScopes":[]},"contributions":{},"includedScopes":[]}]},"contributions":{},"includedScopes":[]},"contributions":{},"includedScopes":[]},"contributions":{},"includedScopes":[]},"sourceMap":{"end":{"column":35,"line":10,"offset":347},"start":{"column":7,"line":10,"offset":319}}}],"sourceMap":{"end":{"column":4,"line":11,"offset":351},"start":{"column":29,"line":9,"offset":311}}},"compiled":false,"id":"f767dc51-ccd8-4b47-a45b-eaf1a01fc5c3","isOverride":false,"metadata":[],"name":"contrae","parameters":[{"id":"bdfc012c-d1a8-47ec-8fe0-d01bf8de1121","isVarArg":false,"metadata":[],"name":"enfermedad","scope":{"containerScope":{"containerScope":{"containerScope":{"containerScope":{"containerScope":{"contributions":{},"includedScopes":[]},"contributions":{},"includedScopes":[]},"contributions":{},"includedScopes":[]},"contributions":{},"includedScopes":[{"containerScope":{"containerScope":{"containerScope":{"contributions":{},"includedScopes":[]},"contributions":{},"includedScopes":[]},"contributions":{},"includedScopes":[]},"contributions":{},"includedScopes":[]}]},"contributions":{},"includedScopes":[]},"contributions":{},"includedScopes":[]},"sourceMap":{"end":{"column":28,"line":9,"offset":310},"start":{"column":18,"line":9,"offset":300}}}],"problems":[],"scope":{"containerScope":{"containerScope":{"containerScope":{"containerScope":{"contributions":{},"includedScopes":[]},"contributions":{},"includedScopes":[]},"contributions":{},"includedScopes":[]},"contributions":{},"includedScopes":[{"containerScope":{"containerScope":{"containerScope":{"contributions":{},"includedScopes":[]},"contributions":{},"includedScopes":[]},"contributions":{},"includedScopes":[]},"contributions":{},"includedScopes":[]}]},"contributions":{},"includedScopes":[]},"sourceMap":{"end":{"column":4,"line":11,"offset":351},"start":{"column":3,"line":9,"offset":285}}},{"body":{"id":"9489546e-305e-4ead-9e6c-005f1d96294e","metadata":[],"problems":[],"scope":{"containerScope":{"containerScope":{"containerScope":{"containerScope":{"containerScope":{"contributions":{},"includedScopes":[]},"contributions":{},"includedScopes":[]},"contributions":{},"includedScopes":[]},"contributions":{},"includedScopes":[{"containerScope":{"containerScope":{"containerScope":{"contributions":{},"includedScopes":[]},"contributions":{},"includedScopes":[]},"contributions":{},"includedScopes":[]},"contributions":{},"includedScopes":[]}]},"contributions":{},"includedScopes":[]},"contributions":{},"includedScopes":[]},"sentences":[{"args":[{"id":"bab13bcc-7951-4056-8205-e895a58237fc","metadata":[],"name":"unaEnfermedad","scope":{"containerScope":{"containerScope":{"containerScope":{"containerScope":{"containerScope":{"containerScope":{"containerScope":{"contributions":{},"includedScopes":[]},"contributions":{},"includedScopes":[]},"contributions":{},"includedScopes":[]},"contributions":{},"includedScopes":[{"containerScope":{"containerScope":{"containerScope":{"contributions":{},"includedScopes":[]},"contributions":{},"includedScopes":[]},"contributions":{},"includedScopes":[]},"contributions":{},"includedScopes":[]}]},"contributions":{},"includedScopes":[]},"contributions":{},"includedScopes":[]},"contributions":{},"includedScopes":[]},"contributions":{},"includedScopes":[]},"sourceMap":{"end":{"column":40,"line":13,"offset":430},"start":{"column":27,"line":13,"offset":417}}}],"id":"f5237bc7-dff4-40b0-9a7c-11228f217759","message":"contains","metadata":[],"receiver":{"id":"c0e87684-f41c-48bc-b67d-bef9cdd67ca1","metadata":[],"name":"enfermedades","scope":{"containerScope":{"containerScope":{"containerScope":{"containerScope":{"containerScope":{"containerScope":{"containerScope":{"contributions":{},"includedScopes":[]},"contributions":{},"includedScopes":[]},"contributions":{},"includedScopes":[]},"contributions":{},"includedScopes":[{"containerScope":{"containerScope":{"containerScope":{"contributions":{},"includedScopes":[]},"contributions":{},"includedScopes":[]},"contributions":{},"includedScopes":[]},"contributions":{},"includedScopes":[]}]},"contributions":{},"includedScopes":[]},"contributions":{},"includedScopes":[]},"contributions":{},"includedScopes":[]},"contributions":{},"includedScopes":[]},"sourceMap":{"end":{"column":17,"line":13,"offset":407},"start":{"column":5,"line":13,"offset":395}}},"scope":{"containerScope":{"containerScope":{"containerScope":{"containerScope":{"containerScope":{"containerScope":{"contributions":{},"includedScopes":[]},"contributions":{},"includedScopes":[]},"contributions":{},"includedScopes":[]},"contributions":{},"includedScopes":[{"containerScope":{"containerScope":{"containerScope":{"contributions":{},"includedScopes":[]},"contributions":{},"includedScopes":[]},"contributions":{},"includedScopes":[]},"contributions":{},"includedScopes":[]}]},"contributions":{},"includedScopes":[]},"contributions":{},"includedScopes":[]},"contributions":{},"includedScopes":[]},"sourceMap":{"end":{"column":41,"line":13,"offset":431},"start":{"column":5,"line":13,"offset":395}}}],"sourceMap":{"end":{"column":4,"line":14,"offset":435},"start":{"column":38,"line":12,"offset":389}}},"compiled":false,"id":"99db44ec-71fc-4159-9cf9-6371e003d334","isOverride":false,"metadata":[],"name":"estaEnfermoDe","parameters":[{"id":"b368af28-6088-4a12-a5d4-307581ef5985","isVarArg":false,"metadata":[],"name":"unaEnfermedad","scope":{"containerScope":{"containerScope":{"containerScope":{"containerScope":{"containerScope":{"contributions":{},"includedScopes":[]},"contributions":{},"includedScopes":[]},"contributions":{},"includedScopes":[]},"contributions":{},"includedScopes":[{"containerScope":{"containerScope":{"containerScope":{"contributions":{},"includedScopes":[]},"contributions":{},"includedScopes":[]},"contributions":{},"includedScopes":[]},"contributions":{},"includedScopes":[]}]},"contributions":{},"includedScopes":[]},"contributions":{},"includedScopes":[]},"sourceMap":{"end":{"column":37,"line":12,"offset":388},"start":{"column":24,"line":12,"offset":375}}}],"problems":[],"scope":{"containerScope":{"containerScope":{"containerScope":{"containerScope":{"contributions":{},"includedScopes":[]},"contributions":{},"includedScopes":[]},"contributions":{},"includedScopes":[]},"contributions":{},"includedScopes":[{"containerScope":{"containerScope":{"containerScope":{"contributions":{},"includedScopes":[]},"contributions":{},"includedScopes":[]},"contributions":{},"includedScopes":[]},"contributions":{},"includedScopes":[]}]},"contributions":{},"includedScopes":[]},"sourceMap":{"end":{"column":4,"line":14,"offset":435},"start":{"column":3,"line":12,"offset":354}}},{"body":{"id":"ab7f7102-6cbf-4b65-91b2-f430b939b5ea","metadata":[],"problems":[],"scope":{"containerScope":{"containerScope":{"containerScope":{"containerScope":{"containerScope":{"contributions":{},"includedScopes":[]},"contributions":{},"includedScopes":[]},"contributions":{},"includedScopes":[]},"contributions":{},"includedScopes":[{"containerScope":{"containerScope":{"containerScope":{"contributions":{},"includedScopes":[]},"contributions":{},"includedScopes":[]},"contributions":{},"includedScopes":[]},"contributions":{},"includedScopes":[]}]},"contributions":{},"includedScopes":[]},"contributions":{},"includedScopes":[]},"sentences":[{"id":"60cca77a-5234-4b3e-9b48-04a60a533f6c","metadata":[],"scope":{"containerScope":{"containerScope":{"containerScope":{"containerScope":{"containerScope":{"containerScope":{"contributions":{},"includedScopes":[]},"contributions":{},"includedScopes":[]},"contributions":{},"includedScopes":[]},"contributions":{},"includedScopes":[{"containerScope":{"containerScope":{"containerScope":{"contributions":{},"includedScopes":[]},"contributions":{},"includedScopes":[]},"contributions":{},"includedScopes":[]},"contributions":{},"includedScopes":[]}]},"contributions":{},"includedScopes":[]},"contributions":{},"includedScopes":[]},"contributions":{},"includedScopes":[]},"value":{"id":"cad3ff07-542a-433f-90cc-c552bf5a2922","metadata":[],"name":"temperatura","scope":{"containerScope":{"containerScope":{"containerScope":{"containerScope":{"containerScope":{"containerScope":{"containerScope":{"contributions":{},"includedScopes":[]},"contributions":{},"includedScopes":[]},"contributions":{},"includedScopes":[]},"contributions":{},"includedScopes":[{"containerScope":{"containerScope":{"containerScope":{"contributions":{},"includedScopes":[]},"contributions":{},"includedScopes":[]},"contributions":{},"includedScopes":[]},"contributions":{},"includedScopes":[]}]},"contributions":{},"includedScopes":[]},"contributions":{},"includedScopes":[]},"contributions":{},"includedScopes":[]},"contributions":{},"includedScopes":[]},"sourceMap":{"end":{"column":37,"line":15,"offset":472},"start":{"column":26,"line":15,"offset":461}}}}],"sourceMap":{"end":{"column":37,"line":15,"offset":472},"start":{"column":26,"line":15,"offset":461}}},"compiled":false,"id":"b17a9473-6aa3-4dc0-8136-e44162ee828a","isOverride":false,"metadata":[],"name":"temperatura","parameters":[],"problems":[],"scope":{"containerScope":{"containerScope":{"containerScope":{"containerScope":{"contributions":{},"includedScopes":[]},"contributions":{},"includedScopes":[]},"contributions":{},"includedScopes":[]},"contributions":{},"includedScopes":[{"containerScope":{"containerScope":{"containerScope":{"contributions":{},"includedScopes":[]},"contributions":{},"includedScopes":[]},"contributions":{},"includedScopes":[]},"contributions":{},"includedScopes":[]}]},"contributions":{},"includedScopes":[]},"sourceMap":{"end":{"column":37,"line":15,"offset":472},"start":{"column":3,"line":15,"offset":438}}},{"body":{"id":"1b58a3f2-5bd9-4699-9219-29c2ddb73560","metadata":[],"problems":[],"scope":{"containerScope":{"containerScope":{"containerScope":{"containerScope":{"containerScope":{"contributions":{},"includedScopes":[]},"contributions":{},"includedScopes":[]},"contributions":{},"includedScopes":[]},"contributions":{},"includedScopes":[{"containerScope":{"containerScope":{"containerScope":{"contributions":{},"includedScopes":[]},"contributions":{},"includedScopes":[]},"contributions":{},"includedScopes":[]},"contributions":{},"includedScopes":[]}]},"contributions":{},"includedScopes":[]},"contributions":{},"includedScopes":[]},"sentences":[],"sourceMap":{"end":{"column":4,"line":18,"offset":499},"start":{"column":21,"line":16,"offset":493}}},"compiled":false,"id":"1b2b3429-671b-4f4e-b684-64427b130300","isOverride":false,"metadata":[],"name":"viviUnDia","parameters":[],"problems":[],"scope":{"containerScope":{"containerScope":{"containerScope":{"containerScope":{"contributions":{},"includedScopes":[]},"contributions":{},"includedScopes":[]},"contributions":{},"includedScopes":[]},"contributions":{},"includedScopes":[{"containerScope":{"containerScope":{"containerScope":{"contributions":{},"includedScopes":[]},"contributions":{},"includedScopes":[]},"contributions":{},"includedScopes":[]},"contributions":{},"includedScopes":[]}]},"contributions":{},"includedScopes":[]},"sourceMap":{"end":{"column":4,"line":18,"offset":499},"start":{"column":3,"line":16,"offset":475}}}],"metadata":[],"name":"Persona","problems":[],"scope":{"containerScope":{"containerScope":{"containerScope":{"contributions":{},"includedScopes":[]},"contributions":{},"includedScopes":[]},"contributions":{},"includedScopes":[]},"contributions":{},"includedScopes":[{"containerScope":{"containerScope":{"containerScope":{"contributions":{},"includedScopes":[]},"contributions":{},"includedScopes":[]},"contributions":{},"includedScopes":[]},"contributions":{},"includedScopes":[]}]},"sourceMap":{"end":{"column":2,"line":19,"offset":501},"start":{"column":1,"line":2,"offset":1}},"supertypes":[]},{"id":"21901517-956c-4da6-897e-283d92941f0a","isConstant":true,"metadata":[],"name":"logan","scope":{"containerScope":{"containerScope":{"containerScope":{"contributions":{},"includedScopes":[]},"contributions":{},"includedScopes":[]},"contributions":{},"includedScopes":[]},"contributions":{},"includedScopes":[]},"sourceMap":{"end":{"column":2,"line":22,"offset":552},"start":{"column":1,"line":20,"offset":502}},"value":{"args":[{"id":"cce9b24f-c3a4-4586-81e0-cd3e5226cc59","metadata":[],"name":"temperatura","scope":{"containerScope":{"containerScope":{"containerScope":{"containerScope":{"containerScope":{"contributions":{},"includedScopes":[]},"contributions":{},"includedScopes":[]},"contributions":{},"includedScopes":[]},"contributions":{},"includedScopes":[]},"contributions":{},"includedScopes":[]},"contributions":{},"includedScopes":[]},"sourceMap":{"end":{"column":22,"line":21,"offset":550},"start":{"column":5,"line":21,"offset":533}},"value":{"id":"cdcd75d0-7189-484c-bf85-5daa37d66b6e","metadata":[],"scope":{"containerScope":{"containerScope":{"containerScope":{"containerScope":{"containerScope":{"containerScope":{"contributions":{},"includedScopes":[]},"contributions":{},"includedScopes":[]},"contributions":{},"includedScopes":[]},"contributions":{},"includedScopes":[]},"contributions":{},"includedScopes":[]},"contributions":{},"includedScopes":[]},"contributions":{},"includedScopes":[]},"sourceMap":{"end":{"column":22,"line":21,"offset":550},"start":{"column":20,"line":21,"offset":548}},"value":36}}],"id":"69cb0b90-7f3c-41ed-804a-8b840aea2653","instantiated":{"id":"acf4daf7-c838-408a-8ace-21756a1f2a9a","metadata":[],"name":"Persona","scope":{"containerScope":{"containerScope":{"containerScope":{"containerScope":{"containerScope":{"contributions":{},"includedScopes":[]},"contributions":{},"includedScopes":[]},"contributions":{},"includedScopes":[]},"contributions":{},"includedScopes":[]},"contributions":{},"includedScopes":[]},"contributions":{},"includedScopes":[]},"sourceMap":{"end":{"column":26,"line":20,"offset":527},"start":{"column":19,"line":20,"offset":520}}},"metadata":[],"scope":{"containerScope":{"containerScope":{"containerScope":{"containerScope":{"contributions":{},"includedScopes":[]},"contributions":{},"includedScopes":[]},"contributions":{},"includedScopes":[]},"contributions":{},"includedScopes":[]},"contributions":{},"includedScopes":[]},"sourceMap":{"end":{"column":2,"line":22,"offset":552},"start":{"column":15,"line":20,"offset":516}}}},{"id":"2a92d570-ed6b-449e-acb5-7698780098ed","isConstant":true,"metadata":[],"name":"frank","scope":{"containerScope":{"containerScope":{"containerScope":{"contributions":{},"includedScopes":[]},"contributions":{},"includedScopes":[]},"contributions":{},"includedScopes":[]},"contributions":{},"includedScopes":[]},"sourceMap":{"end":{"column":44,"line":23,"offset":596},"start":{"column":1,"line":23,"offset":553}},"value":{"args":[{"id":"fb368c3c-b3f7-4773-b488-2a1c387f055f","metadata":[],"name":"temperatura","scope":{"containerScope":{"containerScope":{"containerScope":{"containerScope":{"containerScope":{"contributions":{},"includedScopes":[]},"contributions":{},"includedScopes":[]},"contributions":{},"includedScopes":[]},"contributions":{},"includedScopes":[]},"contributions":{},"includedScopes":[]},"contributions":{},"includedScopes":[]},"sourceMap":{"end":{"column":43,"line":23,"offset":595},"start":{"column":27,"line":23,"offset":579}},"value":{"id":"4fa2b736-a53b-4809-9d80-20ca149aa3ce","metadata":[],"scope":{"containerScope":{"containerScope":{"containerScope":{"containerScope":{"containerScope":{"containerScope":{"contributions":{},"includedScopes":[]},"contributions":{},"includedScopes":[]},"contributions":{},"includedScopes":[]},"contributions":{},"includedScopes":[]},"contributions":{},"includedScopes":[]},"contributions":{},"includedScopes":[]},"contributions":{},"includedScopes":[]},"sourceMap":{"end":{"column":43,"line":23,"offset":595},"start":{"column":41,"line":23,"offset":593}},"value":10}}],"id":"b3ba9d67-7b65-4a4a-8e67-cfd6c22675b6","instantiated":{"id":"e0cc5ce0-e35c-4f80-8d89-1a1b700e4082","metadata":[],"name":"Persona","scope":{"containerScope":{"containerScope":{"containerScope":{"containerScope":{"containerScope":{"contributions":{},"includedScopes":[]},"contributions":{},"includedScopes":[]},"contributions":{},"includedScopes":[]},"contributions":{},"includedScopes":[]},"contributions":{},"includedScopes":[]},"contributions":{},"includedScopes":[]},"sourceMap":{"end":{"column":26,"line":23,"offset":578},"start":{"column":19,"line":23,"offset":571}}},"metadata":[],"scope":{"containerScope":{"containerScope":{"containerScope":{"containerScope":{"contributions":{},"includedScopes":[]},"contributions":{},"includedScopes":[]},"contributions":{},"includedScopes":[]},"contributions":{},"includedScopes":[]},"contributions":{},"includedScopes":[]},"sourceMap":{"end":{"column":44,"line":23,"offset":596},"start":{"column":15,"line":23,"offset":567}}}},{"id":"0c08dbb6-2a94-477a-884e-aca264e1a9cf","members":[{"id":"c027c7c1-8be9-4f0e-ace4-d735b8d82b3f","isConstant":false,"isProperty":false,"metadata":[],"name":"celulasAmenazadas","scope":{"containerScope":{"containerScope":{"containerScope":{"containerScope":{"contributions":{},"includedScopes":[]},"contributions":{},"includedScopes":[]},"contributions":{},"includedScopes":[]},"contributions":{},"includedScopes":[{"containerScope":{"containerScope":{"containerScope":{"contributions":{},"includedScopes":[]},"contributions":{},"includedScopes":[]},"contributions":{},"includedScopes":[]},"contributions":{},"includedScopes":[]}]},"contributions":{},"includedScopes":[]},"sourceMap":{"end":{"column":30,"line":26,"offset":656},"start":{"column":3,"line":26,"offset":629}},"value":{"id":"7878584f-8f27-4ed9-8731-1df6dce3fa87","metadata":[],"scope":{"containerScope":{"containerScope":{"containerScope":{"containerScope":{"containerScope":{"contributions":{},"includedScopes":[]},"contributions":{},"includedScopes":[]},"contributions":{},"includedScopes":[]},"contributions":{},"includedScopes":[{"containerScope":{"containerScope":{"containerScope":{"contributions":{},"includedScopes":[]},"contributions":{},"includedScopes":[]},"contributions":{},"includedScopes":[]},"contributions":{},"includedScopes":[]}]},"contributions":{},"includedScopes":[]},"contributions":{},"includedScopes":[]},"sourceMap":{"end":{"column":30,"line":26,"offset":656},"start":{"column":27,"line":26,"offset":653}},"value":500}},{"body":{"id":"9d8d8414-2a41-4c6d-a04d-84738e5cd458","metadata":[],"problems":[],"scope":{"containerScope":{"containerScope":{"containerScope":{"containerScope":{"containerScope":{"contributions":{},"includedScopes":[]},"contributions":{},"includedScopes":[]},"contributions":{},"includedScopes":[]},"contributions":{},"includedScopes":[{"containerScope":{"containerScope":{"containerScope":{"contributions":{},"includedScopes":[]},"contributions":{},"includedScopes":[]},"contributions":{},"includedScopes":[]},"contributions":{},"includedScopes":[]}]},"contributions":{},"includedScopes":[]},"contributions":{},"includedScopes":[]},"sentences":[{"id":"759c9dd5-6dfd-4bb5-a2fd-15e372e13c32","metadata":[],"scope":{"containerScope":{"containerScope":{"containerScope":{"containerScope":{"containerScope":{"containerScope":{"contributions":{},"includedScopes":[]},"contributions":{},"includedScopes":[]},"contributions":{},"includedScopes":[]},"contributions":{},"includedScopes":[{"containerScope":{"containerScope":{"containerScope":{"contributions":{},"includedScopes":[]},"contributions":{},"includedScopes":[]},"contributions":{},"includedScopes":[]},"contributions":{},"includedScopes":[]}]},"contributions":{},"includedScopes":[]},"contributions":{},"includedScopes":[]},"contributions":{},"includedScopes":[]},"value":{"id":"ed48be15-c0ec-4001-8bc6-1eb9c1cdab60","metadata":[],"scope":{"containerScope":{"containerScope":{"containerScope":{"containerScope":{"containerScope":{"containerScope":{"containerScope":{"contributions":{},"includedScopes":[]},"contributions":{},"includedScopes":[]},"contributions":{},"includedScopes":[]},"contributions":{},"includedScopes":[{"containerScope":{"containerScope":{"containerScope":{"contributions":{},"includedScopes":[]},"contributions":{},"includedScopes":[]},"contributions":{},"includedScopes":[]},"contributions":{},"includedScopes":[]}]},"contributions":{},"includedScopes":[]},"contributions":{},"includedScopes":[]},"contributions":{},"includedScopes":[]},"contributions":{},"includedScopes":[]},"sourceMap":{"end":{"column":35,"line":27,"offset":691},"start":{"column":31,"line":27,"offset":687}},"value":1000}}],"sourceMap":{"end":{"column":35,"line":27,"offset":691},"start":{"column":31,"line":27,"offset":687}}},"compiled":false,"id":"e1fb63b4-2f78-4a34-a3f2-d453824b5bd3","isOverride":false,"metadata":[],"name":"celulasAmenazadas","parameters":[],"problems":[],"scope":{"containerScope":{"containerScope":{"containerScope":{"containerScope":{"contributions":{},"includedScopes":[]},"contributions":{},"includedScopes":[]},"contributions":{},"includedScopes":[]},"contributions":{},"includedScopes":[{"containerScope":{"containerScope":{"containerScope":{"contributions":{},"includedScopes":[]},"contributions":{},"includedScopes":[]},"contributions":{},"includedScopes":[]},"contributions":{},"includedScopes":[]}]},"contributions":{},"includedScopes":[]},"sourceMap":{"end":{"column":35,"line":27,"offset":691},"start":{"column":3,"line":27,"offset":659}}},{"body":{"id":"acecb059-d2b4-48ff-9ec9-4f11cea382e1","metadata":[],"problems":[],"scope":{"containerScope":{"containerScope":{"containerScope":{"containerScope":{"containerScope":{"contributions":{},"includedScopes":[]},"contributions":{},"includedScopes":[]},"contributions":{},"includedScopes":[]},"contributions":{},"includedScopes":[{"containerScope":{"containerScope":{"containerScope":{"contributions":{},"includedScopes":[]},"contributions":{},"includedScopes":[]},"contributions":{},"includedScopes":[]},"contributions":{},"includedScopes":[]}]},"contributions":{},"includedScopes":[]},"contributions":{},"includedScopes":[]},"sentences":[{"id":"8ec3d27d-fc3f-4c4b-8822-9e7b36a5acde","metadata":[],"scope":{"containerScope":{"containerScope":{"containerScope":{"containerScope":{"containerScope":{"containerScope":{"contributions":{},"includedScopes":[]},"contributions":{},"includedScopes":[]},"contributions":{},"includedScopes":[]},"contributions":{},"includedScopes":[{"containerScope":{"containerScope":{"containerScope":{"contributions":{},"includedScopes":[]},"contributions":{},"includedScopes":[]},"contributions":{},"includedScopes":[]},"contributions":{},"includedScopes":[]}]},"contributions":{},"includedScopes":[]},"contributions":{},"includedScopes":[]},"contributions":{},"includedScopes":[]},"sourceMap":{"end":{"column":29,"line":29,"offset":744},"start":{"column":7,"line":29,"offset":722}},"value":{"args":[{"id":"ec459674-f74c-4a1f-9951-2d6b258fc066","metadata":[],"scope":{"containerScope":{"containerScope":{"containerScope":{"containerScope":{"containerScope":{"containerScope":{"containerScope":{"containerScope":{"contributions":{},"includedScopes":[]},"contributions":{},"includedScopes":[]},"contributions":{},"includedScopes":[]},"contributions":{},"includedScopes":[{"containerScope":{"containerScope":{"containerScope":{"contributions":{},"includedScopes":[]},"contributions":{},"includedScopes":[]},"contributions":{},"includedScopes":[]},"contributions":{},"includedScopes":[]}]},"contributions":{},"includedScopes":[]},"contributions":{},"includedScopes":[]},"contributions":{},"includedScopes":[]},"contributions":{},"includedScopes":[]},"contributions":{},"includedScopes":[]},"sourceMap":{"end":{"column":29,"line":29,"offset":744},"start":{"column":28,"line":29,"offset":743}},"value":2}],"id":"8927669d-8edd-48f2-824e-01cf2846eaef","message":"*","metadata":[],"receiver":{"id":"87a5e4f4-5334-4b8f-842e-3c8ee79f9a78","metadata":[],"name":"celulasAmenazadas","scope":{"containerScope":{"containerScope":{"containerScope":{"containerScope":{"containerScope":{"containerScope":{"containerScope":{"containerScope":{"contributions":{},"includedScopes":[]},"contributions":{},"includedScopes":[]},"contributions":{},"includedScopes":[]},"contributions":{},"includedScopes":[{"containerScope":{"containerScope":{"containerScope":{"contributions":{},"includedScopes":[]},"contributions":{},"includedScopes":[]},"contributions":{},"includedScopes":[]},"contributions":{},"includedScopes":[]}]},"contributions":{},"includedScopes":[]},"contributions":{},"includedScopes":[]},"contributions":{},"includedScopes":[]},"contributions":{},"includedScopes":[]},"contributions":{},"includedScopes":[]},"sourceMap":{"end":{"column":24,"line":29,"offset":739},"start":{"column":7,"line":29,"offset":722}}},"scope":{"containerScope":{"containerScope":{"containerScope":{"containerScope":{"containerScope":{"containerScope":{"containerScope":{"contributions":{},"includedScopes":[]},"contributions":{},"includedScopes":[]},"contributions":{},"includedScopes":[]},"contributions":{},"includedScopes":[{"containerScope":{"containerScope":{"containerScope":{"contributions":{},"includedScopes":[]},"contributions":{},"includedScopes":[]},"contributions":{},"includedScopes":[]},"contributions":{},"includedScopes":[]}]},"contributions":{},"includedScopes":[]},"contributions":{},"includedScopes":[]},"contributions":{},"includedScopes":[]},"contributions":{},"includedScopes":[]}},"variable":{"id":"8e45b492-d995-478f-86aa-d7c796c7991b","metadata":[],"name":"celulasAmenazadas","scope":{"containerScope":{"containerScope":{"containerScope":{"containerScope":{"containerScope":{"containerScope":{"containerScope":{"contributions":{},"includedScopes":[]},"contributions":{},"includedScopes":[]},"contributions":{},"includedScopes":[]},"contributions":{},"includedScopes":[{"containerScope":{"containerScope":{"containerScope":{"contributions":{},"includedScopes":[]},"contributions":{},"includedScopes":[]},"contributions":{},"includedScopes":[]},"contributions":{},"includedScopes":[]}]},"contributions":{},"includedScopes":[]},"contributions":{},"includedScopes":[]},"contributions":{},"includedScopes":[]},"contributions":{},"includedScopes":[]},"sourceMap":{"end":{"column":24,"line":29,"offset":739},"start":{"column":7,"line":29,"offset":722}}}}],"sourceMap":{"end":{"column":4,"line":30,"offset":748},"start":{"column":23,"line":28,"offset":714}}},"compiled":false,"id":"cc8ac027-c1fd-4ac0-a4ea-e0c36277ac47","isOverride":false,"metadata":[],"name":"reproducite","parameters":[],"problems":[],"scope":{"containerScope":{"containerScope":{"containerScope":{"containerScope":{"contributions":{},"includedScopes":[]},"contributions":{},"includedScopes":[]},"contributions":{},"includedScopes":[]},"contributions":{},"includedScopes":[{"containerScope":{"containerScope":{"containerScope":{"contributions":{},"includedScopes":[]},"contributions":{},"includedScopes":[]},"contributions":{},"includedScopes":[]},"contributions":{},"includedScopes":[]}]},"contributions":{},"includedScopes":[]},"sourceMap":{"end":{"column":4,"line":30,"offset":748},"start":{"column":3,"line":28,"offset":694}}}],"metadata":[],"name":"EnfermedadInfecciosa","problems":[],"scope":{"containerScope":{"containerScope":{"containerScope":{"contributions":{},"includedScopes":[]},"contributions":{},"includedScopes":[]},"contributions":{},"includedScopes":[]},"contributions":{},"includedScopes":[{"containerScope":{"containerScope":{"containerScope":{"contributions":{},"includedScopes":[]},"contributions":{},"includedScopes":[]},"contributions":{},"includedScopes":[]},"contributions":{},"includedScopes":[]}]},"sourceMap":{"end":{"column":2,"line":31,"offset":750},"start":{"column":1,"line":25,"offset":598}},"supertypes":[]},{"id":"a01024ff-9751-4766-94ef-749efe7a4adf","isConstant":true,"metadata":[],"name":"malaria500","scope":{"containerScope":{"containerScope":{"containerScope":{"contributions":{},"includedScopes":[]},"contributions":{},"includedScopes":[]},"contributions":{},"includedScopes":[]},"contributions":{},"includedScopes":[]},"sourceMap":{"end":{"column":23,"line":36,"offset":777},"start":{"column":1,"line":36,"offset":755}},"value":{"id":"b7135e38-5062-45c1-b707-6acf3fb546c1","metadata":[],"name":"new","scope":{"containerScope":{"containerScope":{"containerScope":{"containerScope":{"contributions":{},"includedScopes":[]},"contributions":{},"includedScopes":[]},"contributions":{},"includedScopes":[]},"contributions":{},"includedScopes":[]},"contributions":{},"includedScopes":[]},"sourceMap":{"end":{"column":23,"line":36,"offset":777},"start":{"column":20,"line":36,"offset":774}}}}],"metadata":[],"name":"example","problems":[{"code":"malformedEntity","sourceMap":{"end":{"column":0,"line":37,"offset":800},"start":{"column":24,"line":36,"offset":778}}}],"scope":{"containerScope":{"containerScope":{"contributions":{},"includedScopes":[]},"contributions":{},"includedScopes":[]},"contributions":{},"includedScopes":[]}},"stack":"Error: Failed to print, found malformed node\n    at /home/tiaguinni/.vscode/extensions/uqbar.wollok-lsp-ide-0.5.5/out/server/src/server.js:68:3585\n    at Ybn (/home/tiaguinni/.vscode/extensions/uqbar.wollok-lsp-ide-0.5.5/out/server/src/server.js:68:3396)\n    at /home/tiaguinni/.vscode/extensions/uqbar.wollok-lsp-ide-0.5.5/out/server/src/server.js:2430:847\n    at /home/tiaguinni/.vscode/extensions/uqbar.wollok-lsp-ide-0.5.5/out/server/src/server.js:2430:8440\n    at /home/tiaguinni/.vscode/extensions/uqbar.wollok-lsp-ide-0.5.5/out/server/src/server.js:37:74770\n    at Ke (/home/tiaguinni/.vscode/extensions/uqbar.wollok-lsp-ide-0.5.5/out/server/src/server.js:7:8527)\n    at It (/home/tiaguinni/.vscode/extensions/uqbar.wollok-lsp-ide-0.5.5/out/server/src/server.js:7:6189)\n    at et (/home/tiaguinni/.vscode/extensions/uqbar.wollok-lsp-ide-0.5.5/out/server/src/server.js:7:6378)\n    at Immediate._onImmediate (/home/tiaguinni/.vscode/extensions/uqbar.wollok-lsp-ide-0.5.5/out/server/src/server.js:7:6142)\n    at process.processImmediate (node:internal/timers:504:21)","timestamp":"2026-09-23T13:26:49.811Z"}
{"level":"error","message":"✘ Failed to get type description: Error: Failed to print, found malformed node Failed to print, found malformed node","node":{"fileName":"EXAMEN-Wollok/example.wlk","id":"fb510ece-5a63-42d0-8142-84313764021a","imports":[],"members":[{"id":"ec6684ec-4961-4afe-a717-7e485d285725","members":[{"id":"5b5e127d-2b82-4ed2-8b4e-a210156786b8","isConstant":false,"isProperty":false,"metadata":[],"name":"enfermedades","scope":{"containerScope":{"containerScope":{"containerScope":{"containerScope":{"contributions":{},"includedScopes":[]},"contributions":{},"includedScopes":[]},"contributions":{},"includedScopes":[]},"contributions":{},"includedScopes":[{"containerScope":{"containerScope":{"containerScope":{"contributions":{},"includedScopes":[]},"contributions":{},"includedScopes":[]},"contributions":{},"includedScopes":[]},"contributions":{},"includedScopes":[]}]},"contributions":{},"includedScopes":[]},"sourceMap":{"end":{"column":27,"line":3,"offset":42},"start":{"column":4,"line":3,"offset":19}},"value":{"id":"47aeb9a5-c4e8-41a6-acec-6cd717e4ad37","metadata":[],"scope":{"containerScope":{"containerScope":{"containerScope":{"containerScope":{"containerScope":{"contributions":{},"includedScopes":[]},"contributions":{},"includedScopes":[]},"contributions":{},"includedScopes":[]},"contributions":{},"includedScopes":[{"containerScope":{"containerScope":{"containerScope":{"contributions":{},"includedScopes":[]},"contributions":{},"includedScopes":[]},"contributions":{},"includedScopes":[]},"contributions":{},"includedScopes":[]}]},"contributions":{},"includedScopes":[]},"contributions":{},"includedScopes":[]},"sourceMap":{"end":{"column":27,"line":3,"offset":42},"start":{"column":24,"line":3,"offset":39}},"value":[{"id":"07bc9639-b940-4149-a2a7-0bf73c6a7ecf","metadata":[],"name":"wollok.lang.Set","scope":{"containerScope":{"containerScope":{"containerScope":{"containerScope":{"containerScope":{"containerScope":{"contributions":{},"includedScopes":[]},"contributions":{},"includedScopes":[]},"contributions":{},"includedScopes":[]},"contributions":{},"includedScopes":[{"containerScope":{"containerScope":{"containerScope":{"contributions":{},"includedScopes":[]},"contributions":{},"includedScopes":[]},"contributions":{},"includedScopes":[]},"contributions":{},"includedScopes":[]}]},"contributions":{},"includedScopes":[]},"contributions":{},"includedScopes":[]},"contributions":{},"includedScopes":[]}},[]]}},{"id":"693e9447-ee7d-475a-829f-5f3847ae0e76","isConstant":false,"isProperty":false,"metadata":[{"args":{"position":"end","text":"/*\n    HAY DOS TIPPOS DE LISTAS!! lista(COLLECION)puede haber elementos con Ordenrepetidos y colecciones no, ademas las colecciones no tienen orden\n    luego tenemos un SET: #{} no se puede repetir ni orden\n  */"},"name":"comment"}],"name":"temperatura","scope":{"containerScope":{"containerScope":{"containerScope":{"containerScope":{"contributions":{},"includedScopes":[]},"contributions":{},"includedScopes":[]},"contributions":{},"includedScopes":[]},"contributions":{},"includedScopes":[{"containerScope":{"containerScope":{"containerScope":{"contributions":{},"includedScopes":[]},"contributions":{},"includedScopes":[]},"contributions":{},"includedScopes":[]},"contributions":{},"includedScopes":[]}]},"contributions":{},"includedScopes":[]},"sourceMap":{"end":{"column":26,"line":4,"offset":68},"start":{"column":4,"line":4,"offset":46}},"value":{"id":"2bc35ec9-3ea7-42ad-aadf-7b0e6394034b","metadata":[],"scope":{"containerScope":{"containerScope":{"containerScope":{"containerScope":{"containerScope":{"contributions":{},"includedScopes":[]},"contributions":{},"includedScopes":[]},"contributions":{},"includedScopes":[]},"contributions":{},"includedScopes":[{"containerScope":{"containerScope":{"containerScope":{"contributions":{},"includedScopes":[]},"contributions":{},"includedScopes":[]},"contributions":{},"includedScopes":[]},"contributions":{},"includedScopes":[]}]},"contributions":{},"includedScopes":[]},"contributions":{},"includedScopes":[]},"sourceMap":{"end":{"column":26,"line":4,"offset":68},"start":{"column":22,"line":4,"offset":64}},"value":36.6}},{"body":{"id":"ac53dec2-d8b9-474e-ad84-d348326728fe","metadata":[],"problems":[],"scope":{"containerScope":{"containerScope":{"containerScope":{"containerScope":{"containerScope":{"contributions":{},"includedScopes":[]},"contributions":{},"includedScopes":[]},"contributions":{},"includedScopes":[]},"contributions":{},"includedScopes":[{"containerScope":{"containerScope":{"containerScope":{"contributions":{},"includedScopes":[]},"contributions":{},"includedScopes":[]},"contributions":{},"includedScopes":[]},"contributions":{},"includedScopes":[]}]},"contributions":{},"includedScopes":[]},"contributions":{},"includedScopes":[]},"sentences":[{"args":[{"id":"02822075-b85f-4113-9f76-a2a2a3fae73a","metadata":[],"name":"enfermedad","scope":{"containerScope":{"containerScope":{"containerScope":{"containerScope":{"containerScope":{"containerScope":{"containerScope":{"contributions":{},"includedScopes":[]},"contributions":{},"includedScopes":[]},"contributions":{},"includedScopes":[]},"contributions":{},"includedScopes":[{"containerScope":{"containerScope":{"containerScope":{"contributions":{},"includedScopes":[]},"contributions":{},"includedScopes":[]},"contributions":{},"includedScopes":[]},"contributions":{},"includedScopes":[]}]},"contributions":{},"includedScopes":[]},"contributions":{},"includedScopes":[]},"contributions":{},"includedScopes":[]},"contributions":{},"includedScopes":[]},"sourceMap":{"end":{"column":34,"line":10,"offset":346},"start":{"column":24,"line":10,"offset":336}}}],"id":"4ba09b72-2230-4c89-95ac-f7b2dd6a3ece","message":"add","metadata":[],"receiver":{"id":"2614108b-98f8-4721-ae38-6ea1e8bd0bad","metadata":[],"name":"enfermedades","scope":{"containerScope":{"containerScope":{"containerScope":{"containerScope":{"containerScope":{"containerScope":{"containerScope":{"contributions":{},"includedScopes":[]},"contributions":{},"includedScopes":[]},"contributions":{},"includedScopes":[]},"contributions":{},"includedScopes":[{"containerScope":{"containerScope":{"containerScope":{"contributions":{},"includedScopes":[]},"contributions":{},"includedScopes":[]},"contributions":{},"includedScopes":[]},"contributions":{},"includedScopes":[]}]},"contributions":{},"includedScopes":[]},"contributions":{},"includedScopes":[]},"contributions":{},"includedScopes":[]},"contributions":{},"includedScopes":[]},"sourceMap":{"end":{"column":19,"line":10,"offset":331},"start":{"column":7,"line":10,"offset":319}}},"scope":{"containerScope":{"containerScope":{"containerScope":{"containerScope":{"containerScope":{"containerScope":{"contributions":{},"includedScopes":[]},"contributions":{},"includedScopes":[]},"contributions":{},"includedScopes":[]},"contributions":{},"includedScopes":[{"containerScope":{"containerScope":{"containerScope":{"contributions":{},"includedScopes":[]},"contributions":{},"includedScopes":[]},"contributions":{},"includedScopes":[]},"contributions":{},"includedScopes":[]}]},"contributions":{},"includedScopes":[]},"contributions":{},"includedScopes":[]},"contributions":{},"includedScopes":[]},"sourceMap":{"end":{"column":35,"line":10,"offset":347},"start":{"column":7,"line":10,"offset":319}}}],"sourceMap":{"end":{"column":4,"line":11,"offset":351},"start":{"column":29,"line":9,"offset":311}}},"compiled":false,"id":"f767dc51-ccd8-4b47-a45b-eaf1a01fc5c3","isOverride":false,"metadata":[],"name":"contrae","parameters":[{"id":"bdfc012c-d1a8-47ec-8fe0-d01bf8de1121","isVarArg":false,"metadata":[],"name":"enfermedad","scope":{"containerScope":{"containerScope":{"containerScope":{"containerScope":{"containerScope":{"contributions":{},"includedScopes":[]},"contributions":{},"includedScopes":[]},"contributions":{},"includedScopes":[]},"contributions":{},"includedScopes":[{"containerScope":{"containerScope":{"containerScope":{"contributions":{},"includedScopes":[]},"contributions":{},"includedScopes":[]},"contributions":{},"includedScopes":[]},"contributions":{},"includedScopes":[]}]},"contributions":{},"includedScopes":[]},"contributions":{},"includedScopes":[]},"sourceMap":{"end":{"column":28,"line":9,"offset":310},"start":{"column":18,"line":9,"offset":300}}}],"problems":[],"scope":{"containerScope":{"containerScope":{"containerScope":{"containerScope":{"contributions":{},"includedScopes":[]},"contributions":{},"includedScopes":[]},"contributions":{},"includedScopes":[]},"contributions":{},"includedScopes":[{"containerScope":{"containerScope":{"containerScope":{"contributions":{},"includedScopes":[]},"contributions":{},"includedScopes":[]},"contributions":{},"includedScopes":[]},"contributions":{},"includedScopes":[]}]},"contributions":{},"includedScopes":[]},"sourceMap":{"end":{"column":4,"line":11,"offset":351},"start":{"column":3,"line":9,"offset":285}}},{"body":{"id":"9489546e-305e-4ead-9e6c-005f1d96294e","metadata":[],"problems":[],"scope":{"containerScope":{"containerScope":{"containerScope":{"containerScope":{"containerScope":{"contributions":{},"includedScopes":[]},"contributions":{},"includedScopes":[]},"contributions":{},"includedScopes":[]},"contributions":{},"includedScopes":[{"containerScope":{"containerScope":{"containerScope":{"contributions":{},"includedScopes":[]},"contributions":{},"includedScopes":[]},"contributions":{},"includedScopes":[]},"contributions":{},"includedScopes":[]}]},"contributions":{},"includedScopes":[]},"contributions":{},"includedScopes":[]},"sentences":[{"args":[{"id":"bab13bcc-7951-4056-8205-e895a58237fc","metadata":[],"name":"unaEnfermedad","scope":{"containerScope":{"containerScope":{"containerScope":{"containerScope":{"containerScope":{"containerScope":{"containerScope":{"contributions":{},"includedScopes":[]},"contributions":{},"includedScopes":[]},"contributions":{},"includedScopes":[]},"contributions":{},"includedScopes":[{"containerScope":{"containerScope":{"containerScope":{"contributions":{},"includedScopes":[]},"contributions":{},"includedScopes":[]},"contributions":{},"includedScopes":[]},"contributions":{},"includedScopes":[]}]},"contributions":{},"includedScopes":[]},"contributions":{},"includedScopes":[]},"contributions":{},"includedScopes":[]},"contributions":{},"includedScopes":[]},"sourceMap":{"end":{"column":40,"line":13,"offset":430},"start":{"column":27,"line":13,"offset":417}}}],"id":"f5237bc7-dff4-40b0-9a7c-11228f217759","message":"contains","metadata":[],"receiver":{"id":"c0e87684-f41c-48bc-b67d-bef9cdd67ca1","metadata":[],"name":"enfermedades","scope":{"containerScope":{"containerScope":{"containerScope":{"containerScope":{"containerScope":{"containerScope":{"containerScope":{"contributions":{},"includedScopes":[]},"contributions":{},"includedScopes":[]},"contributions":{},"includedScopes":[]},"contributions":{},"includedScopes":[{"containerScope":{"containerScope":{"containerScope":{"contributions":{},"includedScopes":[]},"contributions":{},"includedScopes":[]},"contributions":{},"includedScopes":[]},"contributions":{},"includedScopes":[]}]},"contributions":{},"includedScopes":[]},"contributions":{},"includedScopes":[]},"contributions":{},"includedScopes":[]},"contributions":{},"includedScopes":[]},"sourceMap":{"end":{"column":17,"line":13,"offset":407},"start":{"column":5,"line":13,"offset":395}}},"scope":{"containerScope":{"containerScope":{"containerScope":{"containerScope":{"containerScope":{"containerScope":{"contributions":{},"includedScopes":[]},"contributions":{},"includedScopes":[]},"contributions":{},"includedScopes":[]},"contributions":{},"includedScopes":[{"containerScope":{"containerScope":{"containerScope":{"contributions":{},"includedScopes":[]},"contributions":{},"includedScopes":[]},"contributions":{},"includedScopes":[]},"contributions":{},"includedScopes":[]}]},"contributions":{},"includedScopes":[]},"contributions":{},"includedScopes":[]},"contributions":{},"includedScopes":[]},"sourceMap":{"end":{"column":41,"line":13,"offset":431},"start":{"column":5,"line":13,"offset":395}}}],"sourceMap":{"end":{"column":4,"line":14,"offset":435},"start":{"column":38,"line":12,"offset":389}}},"compiled":false,"id":"99db44ec-71fc-4159-9cf9-6371e003d334","isOverride":false,"metadata":[],"name":"estaEnfermoDe","parameters":[{"id":"b368af28-6088-4a12-a5d4-307581ef5985","isVarArg":false,"metadata":[],"name":"unaEnfermedad","scope":{"containerScope":{"containerScope":{"containerScope":{"containerScope":{"containerScope":{"contributions":{},"includedScopes":[]},"contributions":{},"includedScopes":[]},"contributions":{},"includedScopes":[]},"contributions":{},"includedScopes":[{"containerScope":{"containerScope":{"containerScope":{"contributions":{},"includedScopes":[]},"contributions":{},"includedScopes":[]},"contributions":{},"includedScopes":[]},"contributions":{},"includedScopes":[]}]},"contributions":{},"includedScopes":[]},"contributions":{},"includedScopes":[]},"sourceMap":{"end":{"column":37,"line":12,"offset":388},"start":{"column":24,"line":12,"offset":375}}}],"problems":[],"scope":{"containerScope":{"containerScope":{"containerScope":{"containerScope":{"contributions":{},"includedScopes":[]},"contributions":{},"includedScopes":[]},"contributions":{},"includedScopes":[]},"contributions":{},"includedScopes":[{"containerScope":{"containerScope":{"containerScope":{"contributions":{},"includedScopes":[]},"contributions":{},"includedScopes":[]},"contributions":{},"includedScopes":[]},"contributions":{},"includedScopes":[]}]},"contributions":{},"includedScopes":[]},"sourceMap":{"end":{"column":4,"line":14,"offset":435},"start":{"column":3,"line":12,"offset":354}}},{"body":{"id":"ab7f7102-6cbf-4b65-91b2-f430b939b5ea","metadata":[],"problems":[],"scope":{"containerScope":{"containerScope":{"containerScope":{"containerScope":{"containerScope":{"contributions":{},"includedScopes":[]},"contributions":{},"includedScopes":[]},"contributions":{},"includedScopes":[]},"contributions":{},"includedScopes":[{"containerScope":{"containerScope":{"containerScope":{"contributions":{},"includedScopes":[]},"contributions":{},"includedScopes":[]},"contributions":{},"includedScopes":[]},"contributions":{},"includedScopes":[]}]},"contributions":{},"includedScopes":[]},"contributions":{},"includedScopes":[]},"sentences":[{"id":"60cca77a-5234-4b3e-9b48-04a60a533f6c","metadata":[],"scope":{"containerScope":{"containerScope":{"containerScope":{"containerScope":{"containerScope":{"containerScope":{"contributions":{},"includedScopes":[]},"contributions":{},"includedScopes":[]},"contributions":{},"includedScopes":[]},"contributions":{},"includedScopes":[{"containerScope":{"containerScope":{"containerScope":{"contributions":{},"includedScopes":[]},"contributions":{},"includedScopes":[]},"contributions":{},"includedScopes":[]},"contributions":{},"includedScopes":[]}]},"contributions":{},"includedScopes":[]},"contributions":{},"includedScopes":[]},"contributions":{},"includedScopes":[]},"value":{"id":"cad3ff07-542a-433f-90cc-c552bf5a2922","metadata":[],"name":"temperatura","scope":{"containerScope":{"containerScope":{"containerScope":{"containerScope":{"containerScope":{"containerScope":{"containerScope":{"contributions":{},"includedScopes":[]},"contributions":{},"includedScopes":[]},"contributions":{},"includedScopes":[]},"contributions":{},"includedScopes":[{"containerScope":{"containerScope":{"containerScope":{"contributions":{},"includedScopes":[]},"contributions":{},"includedScopes":[]},"contributions":{},"includedScopes":[]},"contributions":{},"includedScopes":[]}]},"contributions":{},"includedScopes":[]},"contributions":{},"includedScopes":[]},"contributions":{},"includedScopes":[]},"contributions":{},"includedScopes":[]},"sourceMap":{"end":{"column":37,"line":15,"offset":472},"start":{"column":26,"line":15,"offset":461}}}}],"sourceMap":{"end":{"column":37,"line":15,"offset":472},"start":{"column":26,"line":15,"offset":461}}},"compiled":false,"id":"b17a9473-6aa3-4dc0-8136-e44162ee828a","isOverride":false,"metadata":[],"name":"temperatura","parameters":[],"problems":[],"scope":{"containerScope":{"containerScope":{"containerScope":{"containerScope":{"contributions":{},"includedScopes":[]},"contributions":{},"includedScopes":[]},"contributions":{},"includedScopes":[]},"contributions":{},"includedScopes":[{"containerScope":{"containerScope":{"containerScope":{"contributions":{},"includedScopes":[]},"contributions":{},"includedScopes":[]},"contributions":{},"includedScopes":[]},"contributions":{},"includedScopes":[]}]},"contributions":{},"includedScopes":[]},"sourceMap":{"end":{"column":37,"line":15,"offset":472},"start":{"column":3,"line":15,"offset":438}}},{"body":{"id":"1b58a3f2-5bd9-4699-9219-29c2ddb73560","metadata":[],"problems":[],"scope":{"containerScope":{"containerScope":{"containerScope":{"containerScope":{"containerScope":{"contributions":{},"includedScopes":[]},"contributions":{},"includedScopes":[]},"contributions":{},"includedScopes":[]},"contributions":{},"includedScopes":[{"containerScope":{"containerScope":{"containerScope":{"contributions":{},"includedScopes":[]},"contributions":{},"includedScopes":[]},"contributions":{},"includedScopes":[]},"contributions":{},"includedScopes":[]}]},"contributions":{},"includedScopes":[]},"contributions":{},"includedScopes":[]},"sentences":[],"sourceMap":{"end":{"column":4,"line":18,"offset":499},"start":{"column":21,"line":16,"offset":493}}},"compiled":false,"id":"1b2b3429-671b-4f4e-b684-64427b130300","isOverride":false,"metadata":[],"name":"viviUnDia","parameters":[],"problems":[],"scope":{"containerScope":{"containerScope":{"containerScope":{"containerScope":{"contributions":{},"includedScopes":[]},"contributions":{},"includedScopes":[]},"contributions":{},"includedScopes":[]},"contributions":{},"includedScopes":[{"containerScope":{"containerScope":{"containerScope":{"contributions":{},"includedScopes":[]},"contributions":{},"includedScopes":[]},"contributions":{},"includedScopes":[]},"contributions":{},"includedScopes":[]}]},"contributions":{},"includedScopes":[]},"sourceMap":{"end":{"column":4,"line":18,"offset":499},"start":{"column":3,"line":16,"offset":475}}}],"metadata":[],"name":"Persona","problems":[],"scope":{"containerScope":{"containerScope":{"containerScope":{"contributions":{},"includedScopes":[]},"contributions":{},"includedScopes":[]},"contributions":{},"includedScopes":[]},"contributions":{},"includedScopes":[{"containerScope":{"containerScope":{"containerScope":{"contributions":{},"includedScopes":[]},"contributions":{},"includedScopes":[]},"contributions":{},"includedScopes":[]},"contributions":{},"includedScopes":[]}]},"sourceMap":{"end":{"column":2,"line":19,"offset":501},"start":{"column":1,"line":2,"offset":1}},"supertypes":[]},{"id":"21901517-956c-4da6-897e-283d92941f0a","isConstant":true,"metadata":[],"name":"logan","scope":{"containerScope":{"containerScope":{"containerScope":{"contributions":{},"includedScopes":[]},"contributions":{},"includedScopes":[]},"contributions":{},"includedScopes":[]},"contributions":{},"includedScopes":[]},"sourceMap":{"end":{"column":2,"line":22,"offset":552},"start":{"column":1,"line":20,"offset":502}},"value":{"args":[{"id":"cce9b24f-c3a4-4586-81e0-cd3e5226cc59","metadata":[],"name":"temperatura","scope":{"containerScope":{"containerScope":{"containerScope":{"containerScope":{"containerScope":{"contributions":{},"includedScopes":[]},"contributions":{},"includedScopes":[]},"contributions":{},"includedScopes":[]},"contributions":{},"includedScopes":[]},"contributions":{},"includedScopes":[]},"contributions":{},"includedScopes":[]},"sourceMap":{"end":{"column":22,"line":21,"offset":550},"start":{"column":5,"line":21,"offset":533}},"value":{"id":"cdcd75d0-7189-484c-bf85-5daa37d66b6e","metadata":[],"scope":{"containerScope":{"containerScope":{"containerScope":{"containerScope":{"containerScope":{"containerScope":{"contributions":{},"includedScopes":[]},"contributions":{},"includedScopes":[]},"contributions":{},"includedScopes":[]},"contributions":{},"includedScopes":[]},"contributions":{},"includedScopes":[]},"contributions":{},"includedScopes":[]},"contributions":{},"includedScopes":[]},"sourceMap":{"end":{"column":22,"line":21,"offset":550},"start":{"column":20,"line":21,"offset":548}},"value":36}}],"id":"69cb0b90-7f3c-41ed-804a-8b840aea2653","instantiated":{"id":"acf4daf7-c838-408a-8ace-21756a1f2a9a","metadata":[],"name":"Persona","scope":{"containerScope":{"containerScope":{"containerScope":{"containerScope":{"containerScope":{"contributions":{},"includedScopes":[]},"contributions":{},"includedScopes":[]},"contributions":{},"includedScopes":[]},"contributions":{},"includedScopes":[]},"contributions":{},"includedScopes":[]},"contributions":{},"includedScopes":[]},"sourceMap":{"end":{"column":26,"line":20,"offset":527},"start":{"column":19,"line":20,"offset":520}}},"metadata":[],"scope":{"containerScope":{"containerScope":{"containerScope":{"containerScope":{"contributions":{},"includedScopes":[]},"contributions":{},"includedScopes":[]},"contributions":{},"includedScopes":[]},"contributions":{},"includedScopes":[]},"contributions":{},"includedScopes":[]},"sourceMap":{"end":{"column":2,"line":22,"offset":552},"start":{"column":15,"line":20,"offset":516}}}},{"id":"2a92d570-ed6b-449e-acb5-7698780098ed","isConstant":true,"metadata":[],"name":"frank","scope":{"containerScope":{"containerScope":{"containerScope":{"contributions":{},"includedScopes":[]},"contributions":{},"includedScopes":[]},"contributions":{},"includedScopes":[]},"contributions":{},"includedScopes":[]},"sourceMap":{"end":{"column":44,"line":23,"offset":596},"start":{"column":1,"line":23,"offset":553}},"value":{"args":[{"id":"fb368c3c-b3f7-4773-b488-2a1c387f055f","metadata":[],"name":"temperatura","scope":{"containerScope":{"containerScope":{"containerScope":{"containerScope":{"containerScope":{"contributions":{},"includedScopes":[]},"contributions":{},"includedScopes":[]},"contributions":{},"includedScopes":[]},"contributions":{},"includedScopes":[]},"contributions":{},"includedScopes":[]},"contributions":{},"includedScopes":[]},"sourceMap":{"end":{"column":43,"line":23,"offset":595},"start":{"column":27,"line":23,"offset":579}},"value":{"id":"4fa2b736-a53b-4809-9d80-20ca149aa3ce","metadata":[],"scope":{"containerScope":{"containerScope":{"containerScope":{"containerScope":{"containerScope":{"containerScope":{"contributions":{},"includedScopes":[]},"contributions":{},"includedScopes":[]},"contributions":{},"includedScopes":[]},"contributions":{},"includedScopes":[]},"contributions":{},"includedScopes":[]},"contributions":{},"includedScopes":[]},"contributions":{},"includedScopes":[]},"sourceMap":{"end":{"column":43,"line":23,"offset":595},"start":{"column":41,"line":23,"offset":593}},"value":10}}],"id":"b3ba9d67-7b65-4a4a-8e67-cfd6c22675b6","instantiated":{"id":"e0cc5ce0-e35c-4f80-8d89-1a1b700e4082","metadata":[],"name":"Persona","scope":{"containerScope":{"containerScope":{"containerScope":{"containerScope":{"containerScope":{"contributions":{},"includedScopes":[]},"contributions":{},"includedScopes":[]},"contributions":{},"includedScopes":[]},"contributions":{},"includedScopes":[]},"contributions":{},"includedScopes":[]},"contributions":{},"includedScopes":[]},"sourceMap":{"end":{"column":26,"line":23,"offset":578},"start":{"column":19,"line":23,"offset":571}}},"metadata":[],"scope":{"containerScope":{"containerScope":{"containerScope":{"containerScope":{"contributions":{},"includedScopes":[]},"contributions":{},"includedScopes":[]},"contributions":{},"includedScopes":[]},"contributions":{},"includedScopes":[]},"contributions":{},"includedScopes":[]},"sourceMap":{"end":{"column":44,"line":23,"offset":596},"start":{"column":15,"line":23,"offset":567}}}},{"id":"0c08dbb6-2a94-477a-884e-aca264e1a9cf","members":[{"id":"c027c7c1-8be9-4f0e-ace4-d735b8d82b3f","isConstant":false,"isProperty":false,"metadata":[],"name":"celulasAmenazadas","scope":{"containerScope":{"containerScope":{"containerScope":{"containerScope":{"contributions":{},"includedScopes":[]},"contributions":{},"includedScopes":[]},"contributions":{},"includedScopes":[]},"contributions":{},"includedScopes":[{"containerScope":{"containerScope":{"containerScope":{"contributions":{},"includedScopes":[]},"contributions":{},"includedScopes":[]},"contributions":{},"includedScopes":[]},"contributions":{},"includedScopes":[]}]},"contributions":{},"includedScopes":[]},"sourceMap":{"end":{"column":30,"line":26,"offset":656},"start":{"column":3,"line":26,"offset":629}},"value":{"id":"7878584f-8f27-4ed9-8731-1df6dce3fa87","metadata":[],"scope":{"containerScope":{"containerScope":{"containerScope":{"containerScope":{"containerScope":{"contributions":{},"includedScopes":[]},"contributions":{},"includedScopes":[]},"contributions":{},"includedScopes":[]},"contributions":{},"includedScopes":[{"containerScope":{"containerScope":{"containerScope":{"contributions":{},"includedScopes":[]},"contributions":{},"includedScopes":[]},"contributions":{},"includedScopes":[]},"contributions":{},"includedScopes":[]}]},"contributions":{},"includedScopes":[]},"contributions":{},"includedScopes":[]},"sourceMap":{"end":{"column":30,"line":26,"offset":656},"start":{"column":27,"line":26,"offset":653}},"value":500}},{"body":{"id":"9d8d8414-2a41-4c6d-a04d-84738e5cd458","metadata":[],"problems":[],"scope":{"containerScope":{"containerScope":{"containerScope":{"containerScope":{"containerScope":{"contributions":{},"includedScopes":[]},"contributions":{},"includedScopes":[]},"contributions":{},"includedScopes":[]},"contributions":{},"includedScopes":[{"containerScope":{"containerScope":{"containerScope":{"contributions":{},"includedScopes":[]},"contributions":{},"includedScopes":[]},"contributions":{},"includedScopes":[]},"contributions":{},"includedScopes":[]}]},"contributions":{},"includedScopes":[]},"contributions":{},"includedScopes":[]},"sentences":[{"id":"759c9dd5-6dfd-4bb5-a2fd-15e372e13c32","metadata":[],"scope":{"containerScope":{"containerScope":{"containerScope":{"containerScope":{"containerScope":{"containerScope":{"contributions":{},"includedScopes":[]},"contributions":{},"includedScopes":[]},"contributions":{},"includedScopes":[]},"contributions":{},"includedScopes":[{"containerScope":{"containerScope":{"containerScope":{"contributions":{},"includedScopes":[]},"contributions":{},"includedScopes":[]},"contributions":{},"includedScopes":[]},"contributions":{},"includedScopes":[]}]},"contributions":{},"includedScopes":[]},"contributions":{},"includedScopes":[]},"contributions":{},"includedScopes":[]},"value":{"id":"ed48be15-c0ec-4001-8bc6-1eb9c1cdab60","metadata":[],"scope":{"containerScope":{"containerScope":{"containerScope":{"containerScope":{"containerScope":{"containerScope":{"containerScope":{"contributions":{},"includedScopes":[]},"contributions":{},"includedScopes":[]},"contributions":{},"includedScopes":[]},"contributions":{},"includedScopes":[{"containerScope":{"containerScope":{"containerScope":{"contributions":{},"includedScopes":[]},"contributions":{},"includedScopes":[]},"contributions":{},"includedScopes":[]},"contributions":{},"includedScopes":[]}]},"contributions":{},"includedScopes":[]},"contributions":{},"includedScopes":[]},"contributions":{},"includedScopes":[]},"contributions":{},"includedScopes":[]},"sourceMap":{"end":{"column":35,"line":27,"offset":691},"start":{"column":31,"line":27,"offset":687}},"value":1000}}],"sourceMap":{"end":{"column":35,"line":27,"offset":691},"start":{"column":31,"line":27,"offset":687}}},"compiled":false,"id":"e1fb63b4-2f78-4a34-a3f2-d453824b5bd3","isOverride":false,"metadata":[],"name":"celulasAmenazadas","parameters":[],"problems":[],"scope":{"containerScope":{"containerScope":{"containerScope":{"containerScope":{"contributions":{},"includedScopes":[]},"contributions":{},"includedScopes":[]},"contributions":{},"includedScopes":[]},"contributions":{},"includedScopes":[{"containerScope":{"containerScope":{"containerScope":{"contributions":{},"includedScopes":[]},"contributions":{},"includedScopes":[]},"contributions":{},"includedScopes":[]},"contributions":{},"includedScopes":[]}]},"contributions":{},"includedScopes":[]},"sourceMap":{"end":{"column":35,"line":27,"offset":691},"start":{"column":3,"line":27,"offset":659}}},{"body":{"id":"acecb059-d2b4-48ff-9ec9-4f11cea382e1","metadata":[],"problems":[],"scope":{"containerScope":{"containerScope":{"containerScope":{"containerScope":{"containerScope":{"contributions":{},"includedScopes":[]},"contributions":{},"includedScopes":[]},"contributions":{},"includedScopes":[]},"contributions":{},"includedScopes":[{"containerScope":{"containerScope":{"containerScope":{"contributions":{},"includedScopes":[]},"contributions":{},"includedScopes":[]},"contributions":{},"includedScopes":[]},"contributions":{},"includedScopes":[]}]},"contributions":{},"includedScopes":[]},"contributions":{},"includedScopes":[]},"sentences":[{"id":"8ec3d27d-fc3f-4c4b-8822-9e7b36a5acde","metadata":[],"scope":{"containerScope":{"containerScope":{"containerScope":{"containerScope":{"containerScope":{"containerScope":{"contributions":{},"includedScopes":[]},"contributions":{},"includedScopes":[]},"contributions":{},"includedScopes":[]},"contributions":{},"includedScopes":[{"containerScope":{"containerScope":{"containerScope":{"contributions":{},"includedScopes":[]},"contributions":{},"includedScopes":[]},"contributions":{},"includedScopes":[]},"contributions":{},"includedScopes":[]}]},"contributions":{},"includedScopes":[]},"contributions":{},"includedScopes":[]},"contributions":{},"includedScopes":[]},"sourceMap":{"end":{"column":29,"line":29,"offset":744},"start":{"column":7,"line":29,"offset":722}},"value":{"args":[{"id":"ec459674-f74c-4a1f-9951-2d6b258fc066","metadata":[],"scope":{"containerScope":{"containerScope":{"containerScope":{"containerScope":{"containerScope":{"containerScope":{"containerScope":{"containerScope":{"contributions":{},"includedScopes":[]},"contributions":{},"includedScopes":[]},"contributions":{},"includedScopes":[]},"contributions":{},"includedScopes":[{"containerScope":{"containerScope":{"containerScope":{"contributions":{},"includedScopes":[]},"contributions":{},"includedScopes":[]},"contributions":{},"includedScopes":[]},"contributions":{},"includedScopes":[]}]},"contributions":{},"includedScopes":[]},"contributions":{},"includedScopes":[]},"contributions":{},"includedScopes":[]},"contributions":{},"includedScopes":[]},"contributions":{},"includedScopes":[]},"sourceMap":{"end":{"column":29,"line":29,"offset":744},"start":{"column":28,"line":29,"offset":743}},"value":2}],"id":"8927669d-8edd-48f2-824e-01cf2846eaef","message":"*","metadata":[],"receiver":{"id":"87a5e4f4-5334-4b8f-842e-3c8ee79f9a78","metadata":[],"name":"celulasAmenazadas","scope":{"containerScope":{"containerScope":{"containerScope":{"containerScope":{"containerScope":{"containerScope":{"containerScope":{"containerScope":{"contributions":{},"includedScopes":[]},"contributions":{},"includedScopes":[]},"contributions":{},"includedScopes":[]},"contributions":{},"includedScopes":[{"containerScope":{"containerScope":{"containerScope":{"contributions":{},"includedScopes":[]},"contributions":{},"includedScopes":[]},"contributions":{},"includedScopes":[]},"contributions":{},"includedScopes":[]}]},"contributions":{},"includedScopes":[]},"contributions":{},"includedScopes":[]},"contributions":{},"includedScopes":[]},"contributions":{},"includedScopes":[]},"contributions":{},"includedScopes":[]},"sourceMap":{"end":{"column":24,"line":29,"offset":739},"start":{"column":7,"line":29,"offset":722}}},"scope":{"containerScope":{"containerScope":{"containerScope":{"containerScope":{"containerScope":{"containerScope":{"containerScope":{"contributions":{},"includedScopes":[]},"contributions":{},"includedScopes":[]},"contributions":{},"includedScopes":[]},"contributions":{},"includedScopes":[{"containerScope":{"containerScope":{"containerScope":{"contributions":{},"includedScopes":[]},"contributions":{},"includedScopes":[]},"contributions":{},"includedScopes":[]},"contributions":{},"includedScopes":[]}]},"contributions":{},"includedScopes":[]},"contributions":{},"includedScopes":[]},"contributions":{},"includedScopes":[]},"contributions":{},"includedScopes":[]}},"variable":{"id":"8e45b492-d995-478f-86aa-d7c796c7991b","metadata":[],"name":"celulasAmenazadas","scope":{"containerScope":{"containerScope":{"containerScope":{"containerScope":{"containerScope":{"containerScope":{"containerScope":{"contributions":{},"includedScopes":[]},"contributions":{},"includedScopes":[]},"contributions":{},"includedScopes":[]},"contributions":{},"includedScopes":[{"containerScope":{"containerScope":{"containerScope":{"contributions":{},"includedScopes":[]},"contributions":{},"includedScopes":[]},"contributions":{},"includedScopes":[]},"contributions":{},"includedScopes":[]}]},"contributions":{},"includedScopes":[]},"contributions":{},"includedScopes":[]},"contributions":{},"includedScopes":[]},"contributions":{},"includedScopes":[]},"sourceMap":{"end":{"column":24,"line":29,"offset":739},"start":{"column":7,"line":29,"offset":722}}}}],"sourceMap":{"end":{"column":4,"line":30,"offset":748},"start":{"column":23,"line":28,"offset":714}}},"compiled":false,"id":"cc8ac027-c1fd-4ac0-a4ea-e0c36277ac47","isOverride":false,"metadata":[],"name":"reproducite","parameters":[],"problems":[],"scope":{"containerScope":{"containerScope":{"containerScope":{"containerScope":{"contributions":{},"includedScopes":[]},"contributions":{},"includedScopes":[]},"contributions":{},"includedScopes":[]},"contributions":{},"includedScopes":[{"containerScope":{"containerScope":{"containerScope":{"contributions":{},"includedScopes":[]},"contributions":{},"includedScopes":[]},"contributions":{},"includedScopes":[]},"contributions":{},"includedScopes":[]}]},"contributions":{},"includedScopes":[]},"sourceMap":{"end":{"column":4,"line":30,"offset":748},"start":{"column":3,"line":28,"offset":694}}}],"metadata":[],"name":"EnfermedadInfecciosa","problems":[],"scope":{"containerScope":{"containerScope":{"containerScope":{"contributions":{},"includedScopes":[]},"contributions":{},"includedScopes":[]},"contributions":{},"includedScopes":[]},"contributions":{},"includedScopes":[{"containerScope":{"containerScope":{"containerScope":{"contributions":{},"includedScopes":[]},"contributions":{},"includedScopes":[]},"contributions":{},"includedScopes":[]},"contributions":{},"includedScopes":[]}]},"sourceMap":{"end":{"column":2,"line":31,"offset":750},"start":{"column":1,"line":25,"offset":598}},"supertypes":[]},{"id":"a01024ff-9751-4766-94ef-749efe7a4adf","isConstant":true,"metadata":[],"name":"malaria500","scope":{"containerScope":{"containerScope":{"containerScope":{"contributions":{},"includedScopes":[]},"contributions":{},"includedScopes":[]},"contributions":{},"includedScopes":[]},"contributions":{},"includedScopes":[]},"sourceMap":{"end":{"column":23,"line":36,"offset":777},"start":{"column":1,"line":36,"offset":755}},"value":{"id":"b7135e38-5062-45c1-b707-6acf3fb546c1","metadata":[],"name":"new","scope":{"containerScope":{"containerScope":{"containerScope":{"containerScope":{"contributions":{},"includedScopes":[]},"contributions":{},"includedScopes":[]},"contributions":{},"includedScopes":[]},"contributions":{},"includedScopes":[]},"contributions":{},"includedScopes":[]},"sourceMap":{"end":{"column":23,"line":36,"offset":777},"start":{"column":20,"line":36,"offset":774}}}}],"metadata":[],"name":"example","problems":[{"code":"malformedEntity","sourceMap":{"end":{"column":0,"line":37,"offset":800},"start":{"column":24,"line":36,"offset":778}}}],"scope":{"containerScope":{"containerScope":{"contributions":{},"includedScopes":[]},"contributions":{},"includedScopes":[]},"contributions":{},"includedScopes":[]}},"stack":"Error: Failed to print, found malformed node\n    at /home/tiaguinni/.vscode/extensions/uqbar.wollok-lsp-ide-0.5.5/out/server/src/server.js:68:3585\n    at Ybn (/home/tiaguinni/.vscode/extensions/uqbar.wollok-lsp-ide-0.5.5/out/server/src/server.js:68:3396)\n    at /home/tiaguinni/.vscode/extensions/uqbar.wollok-lsp-ide-0.5.5/out/server/src/server.js:2430:847\n    at /home/tiaguinni/.vscode/extensions/uqbar.wollok-lsp-ide-0.5.5/out/server/src/server.js:2430:8440\n    at /home/tiaguinni/.vscode/extensions/uqbar.wollok-lsp-ide-0.5.5/out/server/src/server.js:37:74770\n    at Ke (/home/tiaguinni/.vscode/extensions/uqbar.wollok-lsp-ide-0.5.5/out/server/src/server.js:7:8527)\n    at It (/home/tiaguinni/.vscode/extensions/uqbar.wollok-lsp-ide-0.5.5/out/server/src/server.js:7:6189)\n    at et (/home/tiaguinni/.vscode/extensions/uqbar.wollok-lsp-ide-0.5.5/out/server/src/server.js:7:6378)\n    at Immediate._onImmediate (/home/tiaguinni/.vscode/extensions/uqbar.wollok-lsp-ide-0.5.5/out/server/src/server.js:7:6142)\n    at process.processImmediate (node:internal/timers:504:21)","timestamp":"2026-09-23T13:26:50.441Z"}
{"level":"info","message":"⌛ Building environment","timeElapsed":136,"timestamp":"2026-09-23T13:26:51.601Z"}
{"level":"info","message":"⌛ Validating EXAMEN-Wollok/example.wlk","timeElapsed":134,"timestamp":"2026-09-23T13:26:51.738Z"}
{"level":"info","message":"⌛ Building environment","timeElapsed":111,"timestamp":"2026-09-23T13:26:52.111Z"}
{"level":"info","message":"⌛ Validating EXAMEN-Wollok/example.wlk","timeElapsed":138,"timestamp":"2026-09-23T13:26:52.256Z"}
{"level":"error","message":"✘ Failed to get type description: Error: Failed to print, found malformed node Failed to print, found malformed node","node":{"fileName":"EXAMEN-Wollok/example.wlk","id":"4c34623d-a480-40b1-b8c3-e14e94ada3bc","imports":[],"members":[{"id":"b0375a41-4c54-47ec-a48e-3b44cf86d774","members":[{"id":"bec7b47e-7f65-4922-9b4c-1d8b1dfbaf07","isConstant":false,"isProperty":false,"metadata":[],"name":"enfermedades","scope":{"containerScope":{"containerScope":{"containerScope":{"containerScope":{"contributions":{},"includedScopes":[]},"contributions":{},"includedScopes":[]},"contributions":{},"includedScopes":[]},"contributions":{},"includedScopes":[{"containerScope":{"containerScope":{"containerScope":{"contributions":{},"includedScopes":[]},"contributions":{},"includedScopes":[]},"contributions":{},"includedScopes":[]},"contributions":{},"includedScopes":[]}]},"contributions":{},"includedScopes":[]},"sourceMap":{"end":{"column":27,"line":3,"offset":42},"start":{"column":4,"line":3,"offset":19}},"value":{"id":"6ed79414-7f69-4021-9ba7-16b3d9b4bfe0","metadata":[],"scope":{"containerScope":{"containerScope":{"containerScope":{"containerScope":{"containerScope":{"contributions":{},"includedScopes":[]},"contributions":{},"includedScopes":[]},"contributions":{},"includedScopes":[]},"contributions":{},"includedScopes":[{"containerScope":{"containerScope":{"containerScope":{"contributions":{},"includedScopes":[]},"contributions":{},"includedScopes":[]},"contributions":{},"includedScopes":[]},"contributions":{},"includedScopes":[]}]},"contributions":{},"includedScopes":[]},"contributions":{},"includedScopes":[]},"sourceMap":{"end":{"column":27,"line":3,"offset":42},"start":{"column":24,"line":3,"offset":39}},"value":[{"id":"4fde2f75-18aa-4785-a910-bafce880b00c","metadata":[],"name":"wollok.lang.Set","scope":{"containerScope":{"containerScope":{"containerScope":{"containerScope":{"containerScope":{"containerScope":{"contributions":{},"includedScopes":[]},"contributions":{},"includedScopes":[]},"contributions":{},"includedScopes":[]},"contributions":{},"includedScopes":[{"containerScope":{"containerScope":{"containerScope":{"contributions":{},"includedScopes":[]},"contributions":{},"includedScopes":[]},"contributions":{},"includedScopes":[]},"contributions":{},"includedScopes":[]}]},"contributions":{},"includedScopes":[]},"contributions":{},"includedScopes":[]},"contributions":{},"includedScopes":[]}},[]]}},{"id":"9a07a131-f1e0-4bde-a4f5-e4ad2a49d160","isConstant":false,"isProperty":false,"metadata":[{"args":{"position":"end","text":"/*\n    HAY DOS TIPPOS DE LISTAS!! lista(COLLECION)puede haber elementos con Ordenrepetidos y colecciones no, ademas las colecciones no tienen orden\n    luego tenemos un SET: #{} no se puede repetir ni orden\n  */"},"name":"comment"}],"name":"temperatura","scope":{"containerScope":{"containerScope":{"containerScope":{"containerScope":{"contributions":{},"includedScopes":[]},"contributions":{},"includedScopes":[]},"contributions":{},"includedScopes":[]},"contributions":{},"includedScopes":[{"containerScope":{"containerScope":{"containerScope":{"contributions":{},"includedScopes":[]},"contributions":{},"includedScopes":[]},"contributions":{},"includedScopes":[]},"contributions":{},"includedScopes":[]}]},"contributions":{},"includedScopes":[]},"sourceMap":{"end":{"column":26,"line":4,"offset":68},"start":{"column":4,"line":4,"offset":46}},"value":{"id":"e00913d2-2e49-47fb-a406-8080863ca57d","metadata":[],"scope":{"containerScope":{"containerScope":{"containerScope":{"containerScope":{"containerScope":{"contributions":{},"includedScopes":[]},"contributions":{},"includedScopes":[]},"contributions":{},"includedScopes":[]},"contributions":{},"includedScopes":[{"containerScope":{"containerScope":{"containerScope":{"contributions":{},"includedScopes":[]},"contributions":{},"includedScopes":[]},"contributions":{},"includedScopes":[]},"contributions":{},"includedScopes":[]}]},"contributions":{},"includedScopes":[]},"contributions":{},"includedScopes":[]},"sourceMap":{"end":{"column":26,"line":4,"offset":68},"start":{"column":22,"line":4,"offset":64}},"value":36.6}},{"body":{"id":"e8dece52-bb14-43a8-b5bd-da7fec9d387b","metadata":[],"problems":[],"scope":{"containerScope":{"containerScope":{"containerScope":{"containerScope":{"containerScope":{"contributions":{},"includedScopes":[]},"contributions":{},"includedScopes":[]},"contributions":{},"includedScopes":[]},"contributions":{},"includedScopes":[{"containerScope":{"containerScope":{"containerScope":{"contributions":{},"includedScopes":[]},"contributions":{},"includedScopes":[]},"contributions":{},"includedScopes":[]},"contributions":{},"includedScopes":[]}]},"contributions":{},"includedScopes":[]},"contributions":{},"includedScopes":[]},"sentences":[{"args":[{"id":"3d3c3292-d38d-4c0d-9858-8d6cff5ab2f0","metadata":[],"name":"enfermedad","scope":{"containerScope":{"containerScope":{"containerScope":{"containerScope":{"containerScope":{"containerScope":{"containerScope":{"contributions":{},"includedScopes":[]},"contributions":{},"includedScopes":[]},"contributions":{},"includedScopes":[]},"contributions":{},"includedScopes":[{"containerScope":{"containerScope":{"containerScope":{"contributions":{},"includedScopes":[]},"contributions":{},"includedScopes":[]},"contributions":{},"includedScopes":[]},"contributions":{},"includedScopes":[]}]},"contributions":{},"includedScopes":[]},"contributions":{},"includedScopes":[]},"contributions":{},"includedScopes":[]},"contributions":{},"includedScopes":[]},"sourceMap":{"end":{"column":34,"line":10,"offset":346},"start":{"column":24,"line":10,"offset":336}}}],"id":"3564a537-1461-46c3-984d-c15e61a6462d","message":"add","metadata":[],"receiver":{"id":"852b4e4b-6195-49db-b08e-5546662f6d20","metadata":[],"name":"enfermedades","scope":{"containerScope":{"containerScope":{"containerScope":{"containerScope":{"containerScope":{"containerScope":{"containerScope":{"contributions":{},"includedScopes":[]},"contributions":{},"includedScopes":[]},"contributions":{},"includedScopes":[]},"contributions":{},"includedScopes":[{"containerScope":{"containerScope":{"containerScope":{"contributions":{},"includedScopes":[]},"contributions":{},"includedScopes":[]},"contributions":{},"includedScopes":[]},"contributions":{},"includedScopes":[]}]},"contributions":{},"includedScopes":[]},"contributions":{},"includedScopes":[]},"contributions":{},"includedScopes":[]},"contributions":{},"includedScopes":[]},"sourceMap":{"end":{"column":19,"line":10,"offset":331},"start":{"column":7,"line":10,"offset":319}}},"scope":{"containerScope":{"containerScope":{"containerScope":{"containerScope":{"containerScope":{"containerScope":{"contributions":{},"includedScopes":[]},"contributions":{},"includedScopes":[]},"contributions":{},"includedScopes":[]},"contributions":{},"includedScopes":[{"containerScope":{"containerScope":{"containerScope":{"contributions":{},"includedScopes":[]},"contributions":{},"includedScopes":[]},"contributions":{},"includedScopes":[]},"contributions":{},"includedScopes":[]}]},"contributions":{},"includedScopes":[]},"contributions":{},"includedScopes":[]},"contributions":{},"includedScopes":[]},"sourceMap":{"end":{"column":35,"line":10,"offset":347},"start":{"column":7,"line":10,"offset":319}}}],"sourceMap":{"end":{"column":4,"line":11,"offset":351},"start":{"column":29,"line":9,"offset":311}}},"compiled":false,"id":"9fbfca3a-91bb-42f2-bed5-03936a044ed1","isOverride":false,"metadata":[],"name":"contrae","parameters":[{"id":"5236348a-84af-4319-b8e6-4081c83a88c2","isVarArg":false,"metadata":[],"name":"enfermedad","scope":{"containerScope":{"containerScope":{"containerScope":{"containerScope":{"containerScope":{"contributions":{},"includedScopes":[]},"contributions":{},"includedScopes":[]},"contributions":{},"includedScopes":[]},"contributions":{},"includedScopes":[{"containerScope":{"containerScope":{"containerScope":{"contributions":{},"includedScopes":[]},"contributions":{},"includedScopes":[]},"contributions":{},"includedScopes":[]},"contributions":{},"includedScopes":[]}]},"contributions":{},"includedScopes":[]},"contributions":{},"includedScopes":[]},"sourceMap":{"end":{"column":28,"line":9,"offset":310},"start":{"column":18,"line":9,"offset":300}}}],"problems":[],"scope":{"containerScope":{"containerScope":{"containerScope":{"containerScope":{"contributions":{},"includedScopes":[]},"contributions":{},"includedScopes":[]},"contributions":{},"includedScopes":[]},"contributions":{},"includedScopes":[{"containerScope":{"containerScope":{"containerScope":{"contributions":{},"includedScopes":[]},"contributions":{},"includedScopes":[]},"contributions":{},"includedScopes":[]},"contributions":{},"includedScopes":[]}]},"contributions":{},"includedScopes":[]},"sourceMap":{"end":{"column":4,"line":11,"offset":351},"start":{"column":3,"line":9,"offset":285}}},{"body":{"id":"c4ab00b0-8d91-46a7-af28-1392899d5def","metadata":[],"problems":[],"scope":{"containerScope":{"containerScope":{"containerScope":{"containerScope":{"containerScope":{"contributions":{},"includedScopes":[]},"contributions":{},"includedScopes":[]},"contributions":{},"includedScopes":[]},"contributions":{},"includedScopes":[{"containerScope":{"containerScope":{"containerScope":{"contributions":{},"includedScopes":[]},"contributions":{},"includedScopes":[]},"contributions":{},"includedScopes":[]},"contributions":{},"includedScopes":[]}]},"contributions":{},"includedScopes":[]},"contributions":{},"includedScopes":[]},"sentences":[{"args":[{"id":"c8344620-ffb5-4730-8042-9c9a09dcf59a","metadata":[],"name":"unaEnfermedad","scope":{"containerScope":{"containerScope":{"containerScope":{"containerScope":{"containerScope":{"containerScope":{"containerScope":{"contributions":{},"includedScopes":[]},"contributions":{},"includedScopes":[]},"contributions":{},"includedScopes":[]},"contributions":{},"includedScopes":[{"containerScope":{"containerScope":{"containerScope":{"contributions":{},"includedScopes":[]},"contributions":{},"includedScopes":[]},"contributions":{},"includedScopes":[]},"contributions":{},"includedScopes":[]}]},"contributions":{},"includedScopes":[]},"contributions":{},"includedScopes":[]},"contributions":{},"includedScopes":[]},"contributions":{},"includedScopes":[]},"sourceMap":{"end":{"column":40,"line":13,"offset":430},"start":{"column":27,"line":13,"offset":417}}}],"id":"27a69c9e-ad17-4205-b739-d775eda6f2a5","message":"contains","metadata":[],"receiver":{"id":"e79e8e4f-e634-4d9c-ab0c-d0b0275d4d9d","metadata":[],"name":"enfermedades","scope":{"containerScope":{"containerScope":{"containerScope":{"containerScope":{"containerScope":{"containerScope":{"containerScope":{"contributions":{},"includedScopes":[]},"contributions":{},"includedScopes":[]},"contributions":{},"includedScopes":[]},"contributions":{},"includedScopes":[{"containerScope":{"containerScope":{"containerScope":{"contributions":{},"includedScopes":[]},"contributions":{},"includedScopes":[]},"contributions":{},"includedScopes":[]},"contributions":{},"includedScopes":[]}]},"contributions":{},"includedScopes":[]},"contributions":{},"includedScopes":[]},"contributions":{},"includedScopes":[]},"contributions":{},"includedScopes":[]},"sourceMap":{"end":{"column":17,"line":13,"offset":407},"start":{"column":5,"line":13,"offset":395}}},"scope":{"containerScope":{"containerScope":{"containerScope":{"containerScope":{"containerScope":{"containerScope":{"contributions":{},"includedScopes":[]},"contributions":{},"includedScopes":[]},"contributions":{},"includedScopes":[]},"contributions":{},"includedScopes":[{"containerScope":{"containerScope":{"containerScope":{"contributions":{},"includedScopes":[]},"contributions":{},"includedScopes":[]},"contributions":{},"includedScopes":[]},"contributions":{},"includedScopes":[]}]},"contributions":{},"includedScopes":[]},"contributions":{},"includedScopes":[]},"contributions":{},"includedScopes":[]},"sourceMap":{"end":{"column":41,"line":13,"offset":431},"start":{"column":5,"line":13,"offset":395}}}],"sourceMap":{"end":{"column":4,"line":14,"offset":435},"start":{"column":38,"line":12,"offset":389}}},"compiled":false,"id":"bea50c0b-20d8-4eb7-9648-1d1f163df21d","isOverride":false,"metadata":[],"name":"estaEnfermoDe","parameters":[{"id":"188bfb38-1b7b-46d3-91f2-ae653e925d6c","isVarArg":false,"metadata":[],"name":"unaEnfermedad","scope":{"containerScope":{"containerScope":{"containerScope":{"containerScope":{"containerScope":{"contributions":{},"includedScopes":[]},"contributions":{},"includedScopes":[]},"contributions":{},"includedScopes":[]},"contributions":{},"includedScopes":[{"containerScope":{"containerScope":{"containerScope":{"contributions":{},"includedScopes":[]},"contributions":{},"includedScopes":[]},"contributions":{},"includedScopes":[]},"contributions":{},"includedScopes":[]}]},"contributions":{},"includedScopes":[]},"contributions":{},"includedScopes":[]},"sourceMap":{"end":{"column":37,"line":12,"offset":388},"start":{"column":24,"line":12,"offset":375}}}],"problems":[],"scope":{"containerScope":{"containerScope":{"containerScope":{"containerScope":{"contributions":{},"includedScopes":[]},"contributions":{},"includedScopes":[]},"contributions":{},"includedScopes":[]},"contributions":{},"includedScopes":[{"containerScope":{"containerScope":{"containerScope":{"contributions":{},"includedScopes":[]},"contributions":{},"includedScopes":[]},"contributions":{},"includedScopes":[]},"contributions":{},"includedScopes":[]}]},"contributions":{},"includedScopes":[]},"sourceMap":{"end":{"column":4,"line":14,"offset":435},"start":{"column":3,"line":12,"offset":354}}},{"body":{"id":"f13da1a1-4d8d-4664-aac0-ff1149a9e073","metadata":[],"problems":[],"scope":{"containerScope":{"containerScope":{"containerScope":{"containerScope":{"containerScope":{"contributions":{},"includedScopes":[]},"contributions":{},"includedScopes":[]},"contributions":{},"includedScopes":[]},"contributions":{},"includedScopes":[{"containerScope":{"containerScope":{"containerScope":{"contributions":{},"includedScopes":[]},"contributions":{},"includedScopes":[]},"contributions":{},"includedScopes":[]},"contributions":{},"includedScopes":[]}]},"contributions":{},"includedScopes":[]},"contributions":{},"includedScopes":[]},"sentences":[{"id":"1134a79a-1865-4484-b737-b48cbd3a7cf2","metadata":[],"scope":{"containerScope":{"containerScope":{"containerScope":{"containerScope":{"containerScope":{"containerScope":{"contributions":{},"includedScopes":[]},"contributions":{},"includedScopes":[]},"contributions":{},"includedScopes":[]},"contributions":{},"includedScopes":[{"containerScope":{"containerScope":{"containerScope":{"contributions":{},"includedScopes":[]},"contributions":{},"includedScopes":[]},"contributions":{},"includedScopes":[]},"contributions":{},"includedScopes":[]}]},"contributions":{},"includedScopes":[]},"contributions":{},"includedScopes":[]},"contributions":{},"includedScopes":[]},"value":{"id":"80e611f0-796c-41f3-9c90-0b8a9b489a47","metadata":[],"name":"temperatura","scope":{"containerScope":{"containerScope":{"containerScope":{"containerScope":{"containerScope":{"containerScope":{"containerScope":{"contributions":{},"includedScopes":[]},"contributions":{},"includedScopes":[]},"contributions":{},"includedScopes":[]},"contributions":{},"includedScopes":[{"containerScope":{"containerScope":{"containerScope":{"contributions":{},"includedScopes":[]},"contributions":{},"includedScopes":[]},"contributions":{},"includedScopes":[]},"contributions":{},"includedScopes":[]}]},"contributions":{},"includedScopes":[]},"contributions":{},"includedScopes":[]},"contributions":{},"includedScopes":[]},"contributions":{},"includedScopes":[]},"sourceMap":{"end":{"column":37,"line":15,"offset":472},"start":{"column":26,"line":15,"offset":461}}}}],"sourceMap":{"end":{"column":37,"line":15,"offset":472},"start":{"column":26,"line":15,"offset":461}}},"compiled":false,"id":"90fd194a-2cdc-4fd5-bca0-005da9c7f5f6","isOverride":false,"metadata":[],"name":"temperatura","parameters":[],"problems":[],"scope":{"containerScope":{"containerScope":{"containerScope":{"containerScope":{"contributions":{},"includedScopes":[]},"contributions":{},"includedScopes":[]},"contributions":{},"includedScopes":[]},"contributions":{},"includedScopes":[{"containerScope":{"containerScope":{"containerScope":{"contributions":{},"includedScopes":[]},"contributions":{},"includedScopes":[]},"contributions":{},"includedScopes":[]},"contributions":{},"includedScopes":[]}]},"contributions":{},"includedScopes":[]},"sourceMap":{"end":{"column":37,"line":15,"offset":472},"start":{"column":3,"line":15,"offset":438}}},{"body":{"id":"977ad7ae-8a6a-4f52-b492-783b46395a14","metadata":[],"problems":[],"scope":{"containerScope":{"containerScope":{"containerScope":{"containerScope":{"containerScope":{"contributions":{},"includedScopes":[]},"contributions":{},"includedScopes":[]},"contributions":{},"includedScopes":[]},"contributions":{},"includedScopes":[{"containerScope":{"containerScope":{"containerScope":{"contributions":{},"includedScopes":[]},"contributions":{},"includedScopes":[]},"contributions":{},"includedScopes":[]},"contributions":{},"includedScopes":[]}]},"contributions":{},"includedScopes":[]},"contributions":{},"includedScopes":[]},"sentences":[],"sourceMap":{"end":{"column":4,"line":18,"offset":499},"start":{"column":21,"line":16,"offset":493}}},"compiled":false,"id":"eedc9593-513d-4dea-990c-ea2623c96da2","isOverride":false,"metadata":[],"name":"viviUnDia","parameters":[],"problems":[],"scope":{"containerScope":{"containerScope":{"containerScope":{"containerScope":{"contributions":{},"includedScopes":[]},"contributions":{},"includedScopes":[]},"contributions":{},"includedScopes":[]},"contributions":{},"includedScopes":[{"containerScope":{"containerScope":{"containerScope":{"contributions":{},"includedScopes":[]},"contributions":{},"includedScopes":[]},"contributions":{},"includedScopes":[]},"contributions":{},"includedScopes":[]}]},"contributions":{},"includedScopes":[]},"sourceMap":{"end":{"column":4,"line":18,"offset":499},"start":{"column":3,"line":16,"offset":475}}}],"metadata":[],"name":"Persona","problems":[],"scope":{"containerScope":{"containerScope":{"containerScope":{"contributions":{},"includedScopes":[]},"contributions":{},"includedScopes":[]},"contributions":{},"includedScopes":[]},"contributions":{},"includedScopes":[{"containerScope":{"containerScope":{"containerScope":{"contributions":{},"includedScopes":[]},"contributions":{},"includedScopes":[]},"contributions":{},"includedScopes":[]},"contributions":{},"includedScopes":[]}]},"sourceMap":{"end":{"column":2,"line":19,"offset":501},"start":{"column":1,"line":2,"offset":1}},"supertypes":[]},{"id":"a98ac565-029c-405a-991f-c4b5870364e6","isConstant":true,"metadata":[],"name":"logan","scope":{"containerScope":{"containerScope":{"containerScope":{"contributions":{},"includedScopes":[]},"contributions":{},"includedScopes":[]},"contributions":{},"includedScopes":[]},"contributions":{},"includedScopes":[]},"sourceMap":{"end":{"column":2,"line":22,"offset":552},"start":{"column":1,"line":20,"offset":502}},"value":{"args":[{"id":"250343fc-84c5-4a07-a52f-782e6b85a82f","metadata":[],"name":"temperatura","scope":{"containerScope":{"containerScope":{"containerScope":{"containerScope":{"containerScope":{"contributions":{},"includedScopes":[]},"contributions":{},"includedScopes":[]},"contributions":{},"includedScopes":[]},"contributions":{},"includedScopes":[]},"contributions":{},"includedScopes":[]},"contributions":{},"includedScopes":[]},"sourceMap":{"end":{"column":22,"line":21,"offset":550},"start":{"column":5,"line":21,"offset":533}},"value":{"id":"fb01946d-f285-4795-8fb3-4de472d26820","metadata":[],"scope":{"containerScope":{"containerScope":{"containerScope":{"containerScope":{"containerScope":{"containerScope":{"contributions":{},"includedScopes":[]},"contributions":{},"includedScopes":[]},"contributions":{},"includedScopes":[]},"contributions":{},"includedScopes":[]},"contributions":{},"includedScopes":[]},"contributions":{},"includedScopes":[]},"contributions":{},"includedScopes":[]},"sourceMap":{"end":{"column":22,"line":21,"offset":550},"start":{"column":20,"line":21,"offset":548}},"value":36}}],"id":"50cc586b-7290-4b1e-a201-0e484296304b","instantiated":{"id":"2d038a7a-7fd5-4854-a009-3eebae46c77e","metadata":[],"name":"Persona","scope":{"containerScope":{"containerScope":{"containerScope":{"containerScope":{"containerScope":{"contributions":{},"includedScopes":[]},"contributions":{},"includedScopes":[]},"contributions":{},"includedScopes":[]},"contributions":{},"includedScopes":[]},"contributions":{},"includedScopes":[]},"contributions":{},"includedScopes":[]},"sourceMap":{"end":{"column":26,"line":20,"offset":527},"start":{"column":19,"line":20,"offset":520}}},"metadata":[],"scope":{"containerScope":{"containerScope":{"containerScope":{"containerScope":{"contributions":{},"includedScopes":[]},"contributions":{},"includedScopes":[]},"contributions":{},"includedScopes":[]},"contributions":{},"includedScopes":[]},"contributions":{},"includedScopes":[]},"sourceMap":{"end":{"column":2,"line":22,"offset":552},"start":{"column":15,"line":20,"offset":516}}}},{"id":"58b5b995-87d9-4db0-abec-c7060acab619","isConstant":true,"metadata":[],"name":"frank","scope":{"containerScope":{"containerScope":{"containerScope":{"contributions":{},"includedScopes":[]},"contributions":{},"includedScopes":[]},"contributions":{},"includedScopes":[]},"contributions":{},"includedScopes":[]},"sourceMap":{"end":{"column":44,"line":23,"offset":596},"start":{"column":1,"line":23,"offset":553}},"value":{"args":[{"id":"fe94366a-0fc1-4e0d-b9ba-e3e595414cf1","metadata":[],"name":"temperatura","scope":{"containerScope":{"containerScope":{"containerScope":{"containerScope":{"containerScope":{"contributions":{},"includedScopes":[]},"contributions":{},"includedScopes":[]},"contributions":{},"includedScopes":[]},"contributions":{},"includedScopes":[]},"contributions":{},"includedScopes":[]},"contributions":{},"includedScopes":[]},"sourceMap":{"end":{"column":43,"line":23,"offset":595},"start":{"column":27,"line":23,"offset":579}},"value":{"id":"2f279af8-0b82-4426-8883-0a7a54e19563","metadata":[],"scope":{"containerScope":{"containerScope":{"containerScope":{"containerScope":{"containerScope":{"containerScope":{"contributions":{},"includedScopes":[]},"contributions":{},"includedScopes":[]},"contributions":{},"includedScopes":[]},"contributions":{},"includedScopes":[]},"contributions":{},"includedScopes":[]},"contributions":{},"includedScopes":[]},"contributions":{},"includedScopes":[]},"sourceMap":{"end":{"column":43,"line":23,"offset":595},"start":{"column":41,"line":23,"offset":593}},"value":10}}],"id":"b5487d38-f1ca-442d-a025-6a304987c980","instantiated":{"id":"350d43d1-b18e-465f-95ef-198ef9e5d9f8","metadata":[],"name":"Persona","scope":{"containerScope":{"containerScope":{"containerScope":{"containerScope":{"containerScope":{"contributions":{},"includedScopes":[]},"contributions":{},"includedScopes":[]},"contributions":{},"includedScopes":[]},"contributions":{},"includedScopes":[]},"contributions":{},"includedScopes":[]},"contributions":{},"includedScopes":[]},"sourceMap":{"end":{"column":26,"line":23,"offset":578},"start":{"column":19,"line":23,"offset":571}}},"metadata":[],"scope":{"containerScope":{"containerScope":{"containerScope":{"containerScope":{"contributions":{},"includedScopes":[]},"contributions":{},"includedScopes":[]},"contributions":{},"includedScopes":[]},"contributions":{},"includedScopes":[]},"contributions":{},"includedScopes":[]},"sourceMap":{"end":{"column":44,"line":23,"offset":596},"start":{"column":15,"line":23,"offset":567}}}},{"id":"c01171c2-8eff-4f06-98e1-135359517543","members":[{"id":"caa893f4-3cb5-49ec-bccd-4860d5d3b181","isConstant":false,"isProperty":false,"metadata":[],"name":"celulasAmenazadas","scope":{"containerScope":{"containerScope":{"containerScope":{"containerScope":{"contributions":{},"includedScopes":[]},"contributions":{},"includedScopes":[]},"contributions":{},"includedScopes":[]},"contributions":{},"includedScopes":[{"containerScope":{"containerScope":{"containerScope":{"contributions":{},"includedScopes":[]},"contributions":{},"includedScopes":[]},"contributions":{},"includedScopes":[]},"contributions":{},"includedScopes":[]}]},"contributions":{},"includedScopes":[]},"sourceMap":{"end":{"column":30,"line":26,"offset":656},"start":{"column":3,"line":26,"offset":629}},"value":{"id":"f4b90fa0-f5be-403b-934c-4da766e6ecf6","metadata":[],"scope":{"containerScope":{"containerScope":{"containerScope":{"containerScope":{"containerScope":{"contributions":{},"includedScopes":[]},"contributions":{},"includedScopes":[]},"contributions":{},"includedScopes":[]},"contributions":{},"includedScopes":[{"containerScope":{"containerScope":{"containerScope":{"contributions":{},"includedScopes":[]},"contributions":{},"includedScopes":[]},"contributions":{},"includedScopes":[]},"contributions":{},"includedScopes":[]}]},"contributions":{},"includedScopes":[]},"contributions":{},"includedScopes":[]},"sourceMap":{"end":{"column":30,"line":26,"offset":656},"start":{"column":27,"line":26,"offset":653}},"value":500}},{"body":{"id":"527add47-f3d0-4399-89a7-1f814752b5ed","metadata":[],"problems":[],"scope":{"containerScope":{"containerScope":{"containerScope":{"containerScope":{"containerScope":{"contributions":{},"includedScopes":[]},"contributions":{},"includedScopes":[]},"contributions":{},"includedScopes":[]},"contributions":{},"includedScopes":[{"containerScope":{"containerScope":{"containerScope":{"contributions":{},"includedScopes":[]},"contributions":{},"includedScopes":[]},"contributions":{},"includedScopes":[]},"contributions":{},"includedScopes":[]}]},"contributions":{},"includedScopes":[]},"contributions":{},"includedScopes":[]},"sentences":[{"id":"98a70264-d960-4065-ac41-10b9ffb6d1e1","metadata":[],"scope":{"containerScope":{"containerScope":{"containerScope":{"containerScope":{"containerScope":{"containerScope":{"contributions":{},"includedScopes":[]},"contributions":{},"includedScopes":[]},"contributions":{},"includedScopes":[]},"contributions":{},"includedScopes":[{"containerScope":{"containerScope":{"containerScope":{"contributions":{},"includedScopes":[]},"contributions":{},"includedScopes":[]},"contributions":{},"includedScopes":[]},"contributions":{},"includedScopes":[]}]},"contributions":{},"includedScopes":[]},"contributions":{},"includedScopes":[]},"contributions":{},"includedScopes":[]},"value":{"id":"3dbe3786-dbd2-4189-9442-2bdcdefba68e","metadata":[],"scope":{"containerScope":{"containerScope":{"containerScope":{"containerScope":{"containerScope":{"containerScope":{"containerScope":{"contributions":{},"includedScopes":[]},"contributions":{},"includedScopes":[]},"contributions":{},"includedScopes":[]},"contributions":{},"includedScopes":[{"containerScope":{"containerScope":{"containerScope":{"contributions":{},"includedScopes":[]},"contributions":{},"includedScopes":[]},"contributions":{},"includedScopes":[]},"contributions":{},"includedScopes":[]}]},"contributions":{},"includedScopes":[]},"contributions":{},"includedScopes":[]},"contributions":{},"includedScopes":[]},"contributions":{},"includedScopes":[]},"sourceMap":{"end":{"column":35,"line":27,"offset":691},"start":{"column":31,"line":27,"offset":687}},"value":1000}}],"sourceMap":{"end":{"column":35,"line":27,"offset":691},"start":{"column":31,"line":27,"offset":687}}},"compiled":false,"id":"f1fe60dc-56ab-4fe2-9cb0-2b020d03653d","isOverride":false,"metadata":[],"name":"celulasAmenazadas","parameters":[],"problems":[],"scope":{"containerScope":{"containerScope":{"containerScope":{"containerScope":{"contributions":{},"includedScopes":[]},"contributions":{},"includedScopes":[]},"contributions":{},"includedScopes":[]},"contributions":{},"includedScopes":[{"containerScope":{"containerScope":{"containerScope":{"contributions":{},"includedScopes":[]},"contributions":{},"includedScopes":[]},"contributions":{},"includedScopes":[]},"contributions":{},"includedScopes":[]}]},"contributions":{},"includedScopes":[]},"sourceMap":{"end":{"column":35,"line":27,"offset":691},"start":{"column":3,"line":27,"offset":659}}},{"body":{"id":"dc336b8b-2fa1-4eb7-a34d-4aab300abda5","metadata":[],"problems":[],"scope":{"containerScope":{"containerScope":{"containerScope":{"containerScope":{"containerScope":{"contributions":{},"includedScopes":[]},"contributions":{},"includedScopes":[]},"contributions":{},"includedScopes":[]},"contributions":{},"includedScopes":[{"containerScope":{"containerScope":{"containerScope":{"contributions":{},"includedScopes":[]},"contributions":{},"includedScopes":[]},"contributions":{},"includedScopes":[]},"contributions":{},"includedScopes":[]}]},"contributions":{},"includedScopes":[]},"contributions":{},"includedScopes":[]},"sentences":[{"id":"7290deb6-d942-4ed0-a030-990a49842553","metadata":[],"scope":{"containerScope":{"containerScope":{"containerScope":{"containerScope":{"containerScope":{"containerScope":{"contributions":{},"includedScopes":[]},"contributions":{},"includedScopes":[]},"contributions":{},"includedScopes":[]},"contributions":{},"includedScopes":[{"containerScope":{"containerScope":{"containerScope":{"contributions":{},"includedScopes":[]},"contributions":{},"includedScopes":[]},"contributions":{},"includedScopes":[]},"contributions":{},"includedScopes":[]}]},"contributions":{},"includedScopes":[]},"contributions":{},"includedScopes":[]},"contributions":{},"includedScopes":[]},"sourceMap":{"end":{"column":29,"line":29,"offset":744},"start":{"column":7,"line":29,"offset":722}},"value":{"args":[{"id":"7a131af9-683a-4429-b8a3-8fa2b4356425","metadata":[],"scope":{"containerScope":{"containerScope":{"containerScope":{"containerScope":{"containerScope":{"containerScope":{"containerScope":{"containerScope":{"contributions":{},"includedScopes":[]},"contributions":{},"includedScopes":[]},"contributions":{},"includedScopes":[]},"contributions":{},"includedScopes":[{"containerScope":{"containerScope":{"containerScope":{"contributions":{},"includedScopes":[]},"contributions":{},"includedScopes":[]},"contributions":{},"includedScopes":[]},"contributions":{},"includedScopes":[]}]},"contributions":{},"includedScopes":[]},"contributions":{},"includedScopes":[]},"contributions":{},"includedScopes":[]},"contributions":{},"includedScopes":[]},"contributions":{},"includedScopes":[]},"sourceMap":{"end":{"column":29,"line":29,"offset":744},"start":{"column":28,"line":29,"offset":743}},"value":2}],"id":"5a821665-7e68-480f-8abf-331406fc8cfa","message":"*","metadata":[],"receiver":{"id":"b0e448b6-9b29-4caa-9667-3a405e614d5c","metadata":[],"name":"celulasAmenazadas","scope":{"containerScope":{"containerScope":{"containerScope":{"containerScope":{"containerScope":{"containerScope":{"containerScope":{"containerScope":{"contributions":{},"includedScopes":[]},"contributions":{},"includedScopes":[]},"contributions":{},"includedScopes":[]},"contributions":{},"includedScopes":[{"containerScope":{"containerScope":{"containerScope":{"contributions":{},"includedScopes":[]},"contributions":{},"includedScopes":[]},"contributions":{},"includedScopes":[]},"contributions":{},"includedScopes":[]}]},"contributions":{},"includedScopes":[]},"contributions":{},"includedScopes":[]},"contributions":{},"includedScopes":[]},"contributions":{},"includedScopes":[]},"contributions":{},"includedScopes":[]},"sourceMap":{"end":{"column":24,"line":29,"offset":739},"start":{"column":7,"line":29,"offset":722}}},"scope":{"containerScope":{"containerScope":{"containerScope":{"containerScope":{"containerScope":{"containerScope":{"containerScope":{"contributions":{},"includedScopes":[]},"contributions":{},"includedScopes":[]},"contributions":{},"includedScopes":[]},"contributions":{},"includedScopes":[{"containerScope":{"containerScope":{"containerScope":{"contributions":{},"includedScopes":[]},"contributions":{},"includedScopes":[]},"contributions":{},"includedScopes":[]},"contributions":{},"includedScopes":[]}]},"contributions":{},"includedScopes":[]},"contributions":{},"includedScopes":[]},"contributions":{},"includedScopes":[]},"contributions":{},"includedScopes":[]}},"variable":{"id":"cf7eb323-7d37-4560-90de-cb2cc678dab5","metadata":[],"name":"celulasAmenazadas","scope":{"containerScope":{"containerScope":{"containerScope":{"containerScope":{"containerScope":{"containerScope":{"containerScope":{"contributions":{},"includedScopes":[]},"contributions":{},"includedScopes":[]},"contributions":{},"includedScopes":[]},"contributions":{},"includedScopes":[{"containerScope":{"containerScope":{"containerScope":{"contributions":{},"includedScopes":[]},"contributions":{},"includedScopes":[]},"contributions":{},"includedScopes":[]},"contributions":{},"includedScopes":[]}]},"contributions":{},"includedScopes":[]},"contributions":{},"includedScopes":[]},"contributions":{},"includedScopes":[]},"contributions":{},"includedScopes":[]},"sourceMap":{"end":{"column":24,"line":29,"offset":739},"start":{"column":7,"line":29,"offset":722}}}}],"sourceMap":{"end":{"column":4,"line":30,"offset":748},"start":{"column":23,"line":28,"offset":714}}},"compiled":false,"id":"ca777f57-4e61-4fad-ade4-fde3be4b561e","isOverride":false,"metadata":[],"name":"reproducite","parameters":[],"problems":[],"scope":{"containerScope":{"containerScope":{"containerScope":{"containerScope":{"contributions":{},"includedScopes":[]},"contributions":{},"includedScopes":[]},"contributions":{},"includedScopes":[]},"contributions":{},"includedScopes":[{"containerScope":{"containerScope":{"containerScope":{"contributions":{},"includedScopes":[]},"contributions":{},"includedScopes":[]},"contributions":{},"includedScopes":[]},"contributions":{},"includedScopes":[]}]},"contributions":{},"includedScopes":[]},"sourceMap":{"end":{"column":4,"line":30,"offset":748},"start":{"column":3,"line":28,"offset":694}}}],"metadata":[],"name":"EnfermedadInfecciosa","problems":[],"scope":{"containerScope":{"containerScope":{"containerScope":{"contributions":{},"includedScopes":[]},"contributions":{},"includedScopes":[]},"contributions":{},"includedScopes":[]},"contributions":{},"includedScopes":[{"containerScope":{"containerScope":{"containerScope":{"contributions":{},"includedScopes":[]},"contributions":{},"includedScopes":[]},"contributions":{},"includedScopes":[]},"contributions":{},"includedScopes":[]}]},"sourceMap":{"end":{"column":2,"line":31,"offset":750},"start":{"column":1,"line":25,"offset":598}},"supertypes":[]},{"id":"4c6f1fcf-9bdc-4f84-b26a-826575792a06","isConstant":true,"metadata":[],"name":"malaria500","scope":{"containerScope":{"containerScope":{"containerScope":{"contributions":{},"includedScopes":[]},"contributions":{},"includedScopes":[]},"contributions":{},"includedScopes":[]},"contributions":{},"includedScopes":[]},"sourceMap":{"end":{"column":23,"line":36,"offset":777},"start":{"column":1,"line":36,"offset":755}},"value":{"id":"d0d04ee0-f49e-48c3-b9da-2e2002ca3a25","metadata":[],"name":"new","scope":{"containerScope":{"containerScope":{"containerScope":{"containerScope":{"contributions":{},"includedScopes":[]},"contributions":{},"includedScopes":[]},"contributions":{},"includedScopes":[]},"contributions":{},"includedScopes":[]},"contributions":{},"includedScopes":[]},"sourceMap":{"end":{"column":23,"line":36,"offset":777},"start":{"column":20,"line":36,"offset":774}}}}],"metadata":[],"name":"example","problems":[{"code":"malformedEntity","sourceMap":{"end":{"column":0,"line":37,"offset":798},"start":{"column":24,"line":36,"offset":778}}}],"scope":{"containerScope":{"containerScope":{"contributions":{},"includedScopes":[]},"contributions":{},"includedScopes":[]},"contributions":{},"includedScopes":[]}},"stack":"Error: Failed to print, found malformed node\n    at /home/tiaguinni/.vscode/extensions/uqbar.wollok-lsp-ide-0.5.5/out/server/src/server.js:68:3585\n    at Ybn (/home/tiaguinni/.vscode/extensions/uqbar.wollok-lsp-ide-0.5.5/out/server/src/server.js:68:3396)\n    at /home/tiaguinni/.vscode/extensions/uqbar.wollok-lsp-ide-0.5.5/out/server/src/server.js:2430:847\n    at /home/tiaguinni/.vscode/extensions/uqbar.wollok-lsp-ide-0.5.5/out/server/src/server.js:2430:8440\n    at /home/tiaguinni/.vscode/extensions/uqbar.wollok-lsp-ide-0.5.5/out/server/src/server.js:37:74770\n    at Ke (/home/tiaguinni/.vscode/extensions/uqbar.wollok-lsp-ide-0.5.5/out/server/src/server.js:7:8527)\n    at It (/home/tiaguinni/.vscode/extensions/uqbar.wollok-lsp-ide-0.5.5/out/server/src/server.js:7:6189)\n    at et (/home/tiaguinni/.vscode/extensions/uqbar.wollok-lsp-ide-0.5.5/out/server/src/server.js:7:6378)\n    at Immediate._onImmediate (/home/tiaguinni/.vscode/extensions/uqbar.wollok-lsp-ide-0.5.5/out/server/src/server.js:7:6142)\n    at process.processImmediate (node:internal/timers:504:21)","timestamp":"2026-09-23T13:26:55.305Z"}
{"level":"info","message":"⌛ Building environment","timeElapsed":140,"timestamp":"2026-09-23T13:26:57.657Z"}
{"level":"info","message":"⌛ Validating EXAMEN-Wollok/example.wlk","timeElapsed":143,"timestamp":"2026-09-23T13:26:57.805Z"}
{"level":"info","message":"⌛ Building environment","timeElapsed":131,"timestamp":"2026-09-23T13:26:58.263Z"}
{"level":"info","message":"⌛ Validating EXAMEN-Wollok/example.wlk","timeElapsed":155,"timestamp":"2026-09-23T13:26:58.423Z"}
{"level":"info","message":"⌛ Building environment","timeElapsed":134,"timestamp":"2026-09-23T13:27:00.020Z"}
{"level":"info","message":"⌛ Validating EXAMEN-Wollok/example.wlk","timeElapsed":166,"timestamp":"2026-09-23T13:27:00.191Z"}
{"level":"info","message":"⌛ Building environment","timeElapsed":129,"timestamp":"2026-09-23T13:27:00.322Z"}
{"level":"info","message":"⌛ Validating EXAMEN-Wollok/example.wlk","timeElapsed":164,"timestamp":"2026-09-23T13:27:00.490Z"}
{"level":"info","message":"⌛ Building environment","timeElapsed":120,"timestamp":"2026-09-23T13:27:00.610Z"}
{"level":"info","message":"⌛ Validating EXAMEN-Wollok/example.wlk","timeElapsed":162,"timestamp":"2026-09-23T13:27:00.876Z"}
{"level":"info","message":"⌛ Validating EXAMEN-Wollok/example.wlk","timeElapsed":142,"timestamp":"2026-09-23T13:27:01.019Z"}
{"level":"info","message":"⌛ Building environment","timeElapsed":108,"timestamp":"2026-09-23T13:27:01.135Z"}
{"level":"info","message":"⌛ Validating EXAMEN-Wollok/example.wlk","timeElapsed":163,"timestamp":"2026-09-23T13:27:01.402Z"}
{"level":"info","message":"⌛ Validating EXAMEN-Wollok/example.wlk","timeElapsed":145,"timestamp":"2026-09-23T13:27:01.548Z"}
{"level":"info","message":"⌛ Building environment","timeElapsed":118,"timestamp":"2026-09-23T13:27:01.666Z"}
{"level":"info","message":"⌛ Validating EXAMEN-Wollok/example.wlk","timeElapsed":143,"timestamp":"2026-09-23T13:27:01.906Z"}
{"level":"info","message":"⌛ Validating EXAMEN-Wollok/example.wlk","timeElapsed":191,"timestamp":"2026-09-23T13:27:02.101Z"}
{"level":"info","message":"⌛ Building environment","timeElapsed":144,"timestamp":"2026-09-23T13:27:03.303Z"}
{"level":"info","message":"⌛ Validating EXAMEN-Wollok/example.wlk","timeElapsed":183,"timestamp":"2026-09-23T13:27:03.495Z"}
{"level":"info","message":"⌛ Building environment","timeElapsed":114,"timestamp":"2026-09-23T13:27:03.611Z"}
{"level":"info","message":"⌛ Building environment","timeElapsed":104,"timestamp":"2026-09-23T13:27:03.715Z"}
{"level":"info","message":"⌛ Validating EXAMEN-Wollok/example.wlk","timeElapsed":279,"timestamp":"2026-09-23T13:27:03.994Z"}
{"level":"info","message":"⌛ Building environment","timeElapsed":111,"timestamp":"2026-09-23T13:27:04.106Z"}
{"level":"info","message":"⌛ Validating EXAMEN-Wollok/example.wlk","timeElapsed":155,"timestamp":"2026-09-23T13:27:04.261Z"}
{"level":"info","message":"⌛ Validating EXAMEN-Wollok/example.wlk","timeElapsed":136,"timestamp":"2026-09-23T13:27:04.408Z"}
{"level":"info","message":"⌛ Validating EXAMEN-Wollok/example.wlk","timeElapsed":145,"timestamp":"2026-09-23T13:27:04.659Z"}
{"level":"info","message":"⌛ Building environment","timeElapsed":102,"timestamp":"2026-09-23T13:27:04.761Z"}
{"level":"info","message":"⌛ Validating EXAMEN-Wollok/example.wlk","timeElapsed":144,"timestamp":"2026-09-23T13:27:05.012Z"}
{"level":"info","message":"⌛ Validating EXAMEN-Wollok/example.wlk","timeElapsed":162,"timestamp":"2026-09-23T13:27:05.177Z"}
{"level":"info","message":"⌛ Building environment","timeElapsed":112,"timestamp":"2026-09-23T13:27:05.299Z"}
{"level":"info","message":"⌛ Building environment","timeElapsed":132,"timestamp":"2026-09-23T13:27:05.431Z"}
{"level":"info","message":"⌛ Validating EXAMEN-Wollok/example.wlk","timeElapsed":145,"timestamp":"2026-09-23T13:27:05.577Z"}
{"level":"info","message":"⌛ Building environment","timeElapsed":159,"timestamp":"2026-09-23T13:27:05.738Z"}
{"level":"info","message":"⌛ Validating EXAMEN-Wollok/example.wlk","timeElapsed":178,"timestamp":"2026-09-23T13:27:05.916Z"}
{"level":"info","message":"⌛ Validating EXAMEN-Wollok/example.wlk","timeElapsed":157,"timestamp":"2026-09-23T13:27:06.082Z"}
{"level":"info","message":"⌛ Validating EXAMEN-Wollok/example.wlk","timeElapsed":169,"timestamp":"2026-09-23T13:27:06.354Z"}
{"level":"info","message":"⌛ Validating EXAMEN-Wollok/example.wlk","timeElapsed":167,"timestamp":"2026-09-23T13:27:06.623Z"}
{"level":"info","message":"⌛ Validating EXAMEN-Wollok/example.wlk","timeElapsed":150,"timestamp":"2026-09-23T13:27:06.882Z"}
{"level":"info","message":"⌛ Building environment","timeElapsed":116,"timestamp":"2026-09-23T13:27:07.397Z"}
{"level":"info","message":"⌛ Validating EXAMEN-Wollok/example.wlk","timeElapsed":141,"timestamp":"2026-09-23T13:27:07.544Z"}
{"level":"info","message":"⌛ Building environment","timeElapsed":101,"timestamp":"2026-09-23T13:27:07.668Z"}
{"level":"info","message":"⌛ Validating EXAMEN-Wollok/example.wlk","timeElapsed":151,"timestamp":"2026-09-23T13:27:07.839Z"}
{"level":"info","message":"⌛ Validating EXAMEN-Wollok/example.wlk","timeElapsed":147,"timestamp":"2026-09-23T13:27:08.075Z"}
{"level":"info","message":"⌛ Building environment","timeElapsed":120,"timestamp":"2026-09-23T13:27:13.734Z"}
{"level":"info","message":"⌛ Validating EXAMEN-Wollok/example.wlk","timeElapsed":146,"timestamp":"2026-09-23T13:27:13.886Z"}
{"level":"info","message":"⌛ Building environment","timeElapsed":138,"timestamp":"2026-09-23T13:27:14.024Z"}
{"level":"info","message":"⌛ Building environment","timeElapsed":151,"timestamp":"2026-09-23T13:27:14.176Z"}
{"level":"info","message":"⌛ Validating EXAMEN-Wollok/example.wlk","timeElapsed":197,"timestamp":"2026-09-23T13:27:14.375Z"}
{"level":"info","message":"⌛ Building environment","timeElapsed":118,"timestamp":"2026-09-23T13:27:14.494Z"}
{"level":"info","message":"⌛ Validating EXAMEN-Wollok/example.wlk","timeElapsed":147,"timestamp":"2026-09-23T13:27:14.648Z"}
{"level":"error","message":"✘ Failed to rebuild document Failed to parse EXAMEN-Wollok/example.wlk: \n-- PARSING FAILED --------------------------------------------------\n\n  37 | const\n  38 | \n> 39 | /*\n     | ^\n  40 |   CLASES!! nos simplifica para no repetir logica!\n  41 |     class Nombre{}\n\nExpected one of the following: \n\nidentifier, whitespace\n","stack":"Error: Failed to parse EXAMEN-Wollok/example.wlk: \n-- PARSING FAILED --------------------------------------------------\n\n  37 | const\n  38 | \n> 39 | /*\n     | ^\n  40 |   CLASES!! nos simplifica para no repetir logica!\n  41 |     class Nombre{}\n\nExpected one of the following: \n\nidentifier, whitespace\n\n    at /home/tiaguinni/.vscode/extensions/uqbar.wollok-lsp-ide-0.5.5/out/server/src/server.js:2385:13026\n    at Array.map (<anonymous>)\n    at z1n (/home/tiaguinni/.vscode/extensions/uqbar.wollok-lsp-ide-0.5.5/out/server/src/server.js:2385:12950)\n    at H2.buildEnvironmentFrom (/home/tiaguinni/.vscode/extensions/uqbar.wollok-lsp-ide-0.5.5/out/server/src/server.js:2430:5254)\n    at H2.updateEnvironmentWith (/home/tiaguinni/.vscode/extensions/uqbar.wollok-lsp-ide-0.5.5/out/server/src/server.js:2430:4989)\n    at QF (/home/tiaguinni/.vscode/extensions/uqbar.wollok-lsp-ide-0.5.5/out/server/src/server.js:2430:7383)\n    at V3.invoke (/home/tiaguinni/.vscode/extensions/uqbar.wollok-lsp-ide-0.5.5/out/server/src/server.js:3:157330)\n    at o.fire (/home/tiaguinni/.vscode/extensions/uqbar.wollok-lsp-ide-0.5.5/out/server/src/server.js:3:158100)\n    at /home/tiaguinni/.vscode/extensions/uqbar.wollok-lsp-ide-0.5.5/out/server/src/server.js:37:57871\n    at nd (/home/tiaguinni/.vscode/extensions/uqbar.wollok-lsp-ide-0.5.5/out/server/src/server.js:8:1561)","timestamp":"2026-09-23T13:27:14.660Z"}
{"level":"info","message":"⌛ Validating EXAMEN-Wollok/example.wlk","timeElapsed":168,"timestamp":"2026-09-23T13:27:14.828Z"}
{"level":"error","message":"✘ Failed to rebuild document Failed to parse EXAMEN-Wollok/example.wlk: \n-- PARSING FAILED --------------------------------------------------\n\n  37 | const \n  38 | \n> 39 | /*\n     | ^\n  40 |   CLASES!! nos simplifica para no repetir logica!\n  41 |     class Nombre{}\n\nExpected one of the following: \n\nidentifier, whitespace\n","stack":"Error: Failed to parse EXAMEN-Wollok/example.wlk: \n-- PARSING FAILED --------------------------------------------------\n\n  37 | const \n  38 | \n> 39 | /*\n     | ^\n  40 |   CLASES!! nos simplifica para no repetir logica!\n  41 |     class Nombre{}\n\nExpected one of the following: \n\nidentifier, whitespace\n\n    at /home/tiaguinni/.vscode/extensions/uqbar.wollok-lsp-ide-0.5.5/out/server/src/server.js:2385:13026\n    at Array.map (<anonymous>)\n    at z1n (/home/tiaguinni/.vscode/extensions/uqbar.wollok-lsp-ide-0.5.5/out/server/src/server.js:2385:12950)\n    at H2.buildEnvironmentFrom (/home/tiaguinni/.vscode/extensions/uqbar.wollok-lsp-ide-0.5.5/out/server/src/server.js:2430:5254)\n    at H2.updateEnvironmentWith (/home/tiaguinni/.vscode/extensions/uqbar.wollok-lsp-ide-0.5.5/out/server/src/server.js:2430:4989)\n    at QF (/home/tiaguinni/.vscode/extensions/uqbar.wollok-lsp-ide-0.5.5/out/server/src/server.js:2430:7383)\n    at V3.invoke (/home/tiaguinni/.vscode/extensions/uqbar.wollok-lsp-ide-0.5.5/out/server/src/server.js:3:157330)\n    at o.fire (/home/tiaguinni/.vscode/extensions/uqbar.wollok-lsp-ide-0.5.5/out/server/src/server.js:3:158100)\n    at /home/tiaguinni/.vscode/extensions/uqbar.wollok-lsp-ide-0.5.5/out/server/src/server.js:37:57871\n    at nd (/home/tiaguinni/.vscode/extensions/uqbar.wollok-lsp-ide-0.5.5/out/server/src/server.js:8:1561)","timestamp":"2026-09-23T13:27:15.654Z"}
{"level":"info","message":"⌛ Building environment","timeElapsed":166,"timestamp":"2026-09-23T13:27:16.433Z"}
{"level":"info","message":"⌛ Building environment","timeElapsed":179,"timestamp":"2026-09-23T13:27:16.628Z"}
{"level":"info","message":"⌛ Validating EXAMEN-Wollok/example.wlk","timeElapsed":215,"timestamp":"2026-09-23T13:27:16.844Z"}
{"level":"info","message":"⌛ Building environment","timeElapsed":119,"timestamp":"2026-09-23T13:27:16.964Z"}
{"level":"info","message":"⌛ Validating EXAMEN-Wollok/example.wlk","timeElapsed":152,"timestamp":"2026-09-23T13:27:17.117Z"}
{"level":"info","message":"⌛ Building environment","timeElapsed":116,"timestamp":"2026-09-23T13:27:17.234Z"}
{"level":"info","message":"⌛ Building environment","timeElapsed":117,"timestamp":"2026-09-23T13:27:17.355Z"}
{"level":"info","message":"⌛ Validating EXAMEN-Wollok/example.wlk","timeElapsed":149,"timestamp":"2026-09-23T13:27:17.516Z"}
{"level":"info","message":"⌛ Building environment","timeElapsed":107,"timestamp":"2026-09-23T13:27:17.626Z"}
{"level":"info","message":"⌛ Validating EXAMEN-Wollok/example.wlk","timeElapsed":146,"timestamp":"2026-09-23T13:27:17.779Z"}
{"level":"info","message":"⌛ Validating EXAMEN-Wollok/example.wlk","timeElapsed":140,"timestamp":"2026-09-23T13:27:18.003Z"}
{"level":"info","message":"⌛ Validating EXAMEN-Wollok/example.wlk","timeElapsed":135,"timestamp":"2026-09-23T13:27:18.146Z"}
{"level":"info","message":"⌛ Validating EXAMEN-Wollok/example.wlk","timeElapsed":193,"timestamp":"2026-09-23T13:27:18.351Z"}
{"level":"error","message":"✘ Completions for node Variable ([37:1, 37:14] - EXAMEN-Wollok/example.wlk) failed: Error: EXAMEN-Wollok.example.malaria [Variable]{5cee5b} at EXAMEN-Wollok/example.wlk:37 exhausted all cases without a match EXAMEN-Wollok.example.malaria [Variable]{5cee5b} at EXAMEN-Wollok/example.wlk:37 exhausted all cases without a match","stack":"Error: EXAMEN-Wollok.example.malaria [Variable]{5cee5b} at EXAMEN-Wollok/example.wlk:37 exhausted all cases without a match\n    at /home/tiaguinni/.vscode/extensions/uqbar.wollok-lsp-ide-0.5.5/out/server/src/server.js:38:6142\n    at L2 (/home/tiaguinni/.vscode/extensions/uqbar.wollok-lsp-ide-0.5.5/out/server/src/server.js:2421:42)\n    at /home/tiaguinni/.vscode/extensions/uqbar.wollok-lsp-ide-0.5.5/out/server/src/server.js:2421:2988\n    at /home/tiaguinni/.vscode/extensions/uqbar.wollok-lsp-ide-0.5.5/out/server/src/server.js:2430:8440\n    at /home/tiaguinni/.vscode/extensions/uqbar.wollok-lsp-ide-0.5.5/out/server/src/server.js:37:74872\n    at Ke (/home/tiaguinni/.vscode/extensions/uqbar.wollok-lsp-ide-0.5.5/out/server/src/server.js:7:8527)\n    at It (/home/tiaguinni/.vscode/extensions/uqbar.wollok-lsp-ide-0.5.5/out/server/src/server.js:7:6189)\n    at et (/home/tiaguinni/.vscode/extensions/uqbar.wollok-lsp-ide-0.5.5/out/server/src/server.js:7:6378)\n    at Immediate._onImmediate (/home/tiaguinni/.vscode/extensions/uqbar.wollok-lsp-ide-0.5.5/out/server/src/server.js:7:6142)\n    at process.processImmediate (node:internal/timers:504:21)","timestamp":"2026-09-23T13:27:18.388Z"}
{"level":"info","message":"⌛ Building environment","timeElapsed":153,"timestamp":"2026-09-23T13:27:20.353Z"}
{"level":"info","message":"⌛ Validating EXAMEN-Wollok/example.wlk","timeElapsed":150,"timestamp":"2026-09-23T13:27:20.507Z"}
{"level":"info","message":"⌛ Building environment","timeElapsed":123,"timestamp":"2026-09-23T13:27:21.107Z"}
{"level":"info","message":"⌛ Validating EXAMEN-Wollok/example.wlk","timeElapsed":157,"timestamp":"2026-09-23T13:27:21.269Z"}
{"level":"info","message":"⌛ Validating EXAMEN-Wollok/example.wlk","timeElapsed":137,"timestamp":"2026-09-23T13:27:21.509Z"}
{"level":"error","message":"✘ Completions for node Variable ([37:1, 37:17] - EXAMEN-Wollok/example.wlk) failed: Error: EXAMEN-Wollok.example.malaria800 [Variable]{b33739} at EXAMEN-Wollok/example.wlk:37 exhausted all cases without a match EXAMEN-Wollok.example.malaria800 [Variable]{b33739} at EXAMEN-Wollok/example.wlk:37 exhausted all cases without a match","stack":"Error: EXAMEN-Wollok.example.malaria800 [Variable]{b33739} at EXAMEN-Wollok/example.wlk:37 exhausted all cases without a match\n    at /home/tiaguinni/.vscode/extensions/uqbar.wollok-lsp-ide-0.5.5/out/server/src/server.js:38:6142\n    at L2 (/home/tiaguinni/.vscode/extensions/uqbar.wollok-lsp-ide-0.5.5/out/server/src/server.js:2421:42)\n    at /home/tiaguinni/.vscode/extensions/uqbar.wollok-lsp-ide-0.5.5/out/server/src/server.js:2421:2988\n    at /home/tiaguinni/.vscode/extensions/uqbar.wollok-lsp-ide-0.5.5/out/server/src/server.js:2430:8440\n    at /home/tiaguinni/.vscode/extensions/uqbar.wollok-lsp-ide-0.5.5/out/server/src/server.js:37:74872\n    at Ke (/home/tiaguinni/.vscode/extensions/uqbar.wollok-lsp-ide-0.5.5/out/server/src/server.js:7:8527)\n    at It (/home/tiaguinni/.vscode/extensions/uqbar.wollok-lsp-ide-0.5.5/out/server/src/server.js:7:6189)\n    at et (/home/tiaguinni/.vscode/extensions/uqbar.wollok-lsp-ide-0.5.5/out/server/src/server.js:7:6378)\n    at Immediate._onImmediate (/home/tiaguinni/.vscode/extensions/uqbar.wollok-lsp-ide-0.5.5/out/server/src/server.js:7:6142)\n    at process.processImmediate (node:internal/timers:504:21)","timestamp":"2026-09-23T13:27:21.940Z"}
{"level":"info","message":"⌛ Building environment","timeElapsed":133,"timestamp":"2026-09-23T13:27:24.668Z"}
{"level":"info","message":"⌛ Validating EXAMEN-Wollok/example.wlk","timeElapsed":144,"timestamp":"2026-09-23T13:27:24.820Z"}
{"level":"info","message":"⌛ Validating EXAMEN-Wollok/example.wlk","timeElapsed":134,"timestamp":"2026-09-23T13:27:25.193Z"}
{"level":"info","message":"⌛ Building environment","timeElapsed":115,"timestamp":"2026-09-23T13:27:27.595Z"}
{"level":"info","message":"⌛ Validating EXAMEN-Wollok/example.wlk","timeElapsed":137,"timestamp":"2026-09-23T13:27:27.740Z"}
{"level":"info","message":"⌛ Validating EXAMEN-Wollok/example.wlk","timeElapsed":145,"timestamp":"2026-09-23T13:27:28.081Z"}
{"level":"info","message":"⌛ Building environment","timeElapsed":112,"timestamp":"2026-09-23T13:27:28.194Z"}
{"level":"info","message":"⌛ Validating EXAMEN-Wollok/example.wlk","timeElapsed":146,"timestamp":"2026-09-23T13:27:28.445Z"}
{"level":"info","message":"⌛ Validating EXAMEN-Wollok/example.wlk","timeElapsed":179,"timestamp":"2026-09-23T13:27:28.626Z"}
{"level":"info","message":"⌛ Building environment","timeElapsed":109,"timestamp":"2026-09-23T13:27:28.914Z"}
{"level":"info","message":"⌛ Validating EXAMEN-Wollok/example.wlk","timeElapsed":146,"timestamp":"2026-09-23T13:27:29.067Z"}
{"level":"info","message":"⌛ Building environment","timeElapsed":110,"timestamp":"2026-09-23T13:27:29.493Z"}
{"level":"info","message":"⌛ Validating EXAMEN-Wollok/example.wlk","timeElapsed":141,"timestamp":"2026-09-23T13:27:29.638Z"}
{"level":"info","message":"⌛ Building environment","timeElapsed":122,"timestamp":"2026-09-23T13:27:31.509Z"}
{"level":"info","message":"⌛ Validating EXAMEN-Wollok/example.wlk","timeElapsed":145,"timestamp":"2026-09-23T13:27:31.657Z"}
{"level":"info","message":"⌛ Building environment","timeElapsed":116,"timestamp":"2026-09-23T13:27:32.166Z"}
{"level":"info","message":"⌛ Validating EXAMEN-Wollok/example.wlk","timeElapsed":150,"timestamp":"2026-09-23T13:27:32.319Z"}
{"level":"info","message":"⌛ Building environment","timeElapsed":110,"timestamp":"2026-09-23T13:27:33.019Z"}
{"level":"info","message":"⌛ Validating EXAMEN-Wollok/example.wlk","timeElapsed":148,"timestamp":"2026-09-23T13:27:33.171Z"}
{"level":"info","message":"⌛ Building environment","timeElapsed":122,"timestamp":"2026-09-23T13:27:33.442Z"}
{"level":"info","message":"⌛ Validating EXAMEN-Wollok/example.wlk","timeElapsed":142,"timestamp":"2026-09-23T13:27:33.592Z"}
{"level":"info","message":"⌛ Building environment","timeElapsed":143,"timestamp":"2026-09-23T13:27:34.112Z"}
{"level":"info","message":"⌛ Validating EXAMEN-Wollok/example.wlk","timeElapsed":168,"timestamp":"2026-09-23T13:27:34.283Z"}
{"level":"info","message":"⌛ Building environment","timeElapsed":139,"timestamp":"2026-09-23T13:27:34.425Z"}
{"level":"info","message":"⌛ Building environment","timeElapsed":107,"timestamp":"2026-09-23T13:27:34.532Z"}
{"level":"info","message":"⌛ Validating EXAMEN-Wollok/example.wlk","timeElapsed":142,"timestamp":"2026-09-23T13:27:34.674Z"}
{"level":"info","message":"⌛ Validating EXAMEN-Wollok/example.wlk","timeElapsed":202,"timestamp":"2026-09-23T13:27:34.879Z"}
{"level":"info","message":"⌛ Building environment","timeElapsed":121,"timestamp":"2026-09-23T13:27:35.009Z"}
{"level":"info","message":"⌛ Validating EXAMEN-Wollok/example.wlk","timeElapsed":160,"timestamp":"2026-09-23T13:27:35.172Z"}
{"level":"info","message":"⌛ Building environment","timeElapsed":111,"timestamp":"2026-09-23T13:27:35.428Z"}
{"level":"info","message":"⌛ Validating EXAMEN-Wollok/example.wlk","timeElapsed":137,"timestamp":"2026-09-23T13:27:35.571Z"}
{"level":"info","message":"⌛ Building environment","timeElapsed":116,"timestamp":"2026-09-23T13:27:35.801Z"}
{"level":"info","message":"⌛ Validating EXAMEN-Wollok/example.wlk","timeElapsed":163,"timestamp":"2026-09-23T13:27:35.971Z"}
{"level":"info","message":"⌛ Building environment","timeElapsed":114,"timestamp":"2026-09-23T13:27:36.086Z"}
{"level":"info","message":"⌛ Validating EXAMEN-Wollok/example.wlk","timeElapsed":139,"timestamp":"2026-09-23T13:27:36.233Z"}
{"level":"info","message":"⌛ Validating EXAMEN-Wollok/example.wlk","timeElapsed":139,"timestamp":"2026-09-23T13:27:36.497Z"}
{"level":"info","message":"⌛ Building environment","timeElapsed":103,"timestamp":"2026-09-23T13:27:36.609Z"}
{"level":"info","message":"⌛ Validating EXAMEN-Wollok/example.wlk","timeElapsed":145,"timestamp":"2026-09-23T13:27:36.762Z"}
{"level":"info","message":"⌛ Building environment","timeElapsed":103,"timestamp":"2026-09-23T13:27:36.865Z"}
{"level":"info","message":"⌛ Building environment","timeElapsed":120,"timestamp":"2026-09-23T13:27:36.985Z"}
{"level":"info","message":"⌛ Validating EXAMEN-Wollok/example.wlk","timeElapsed":236,"timestamp":"2026-09-23T13:27:37.221Z"}
{"level":"info","message":"⌛ Building environment","timeElapsed":112,"timestamp":"2026-09-23T13:27:37.334Z"}
{"level":"info","message":"⌛ Validating EXAMEN-Wollok/example.wlk","timeElapsed":205,"timestamp":"2026-09-23T13:27:37.540Z"}
{"level":"info","message":"⌛ Validating EXAMEN-Wollok/example.wlk","timeElapsed":153,"timestamp":"2026-09-23T13:27:37.702Z"}
{"level":"info","message":"⌛ Building environment","timeElapsed":115,"timestamp":"2026-09-23T13:27:37.816Z"}
{"level":"info","message":"⌛ Validating EXAMEN-Wollok/example.wlk","timeElapsed":139,"timestamp":"2026-09-23T13:27:38.057Z"}
{"level":"info","message":"⌛ Validating EXAMEN-Wollok/example.wlk","timeElapsed":147,"timestamp":"2026-09-23T13:27:38.211Z"}
{"level":"info","message":"⌛ Building environment","timeElapsed":109,"timestamp":"2026-09-23T13:27:38.324Z"}
{"level":"info","message":"⌛ Validating EXAMEN-Wollok/example.wlk","timeElapsed":138,"timestamp":"2026-09-23T13:27:38.569Z"}
{"level":"info","message":"⌛ Validating EXAMEN-Wollok/example.wlk","timeElapsed":163,"timestamp":"2026-09-23T13:27:38.822Z"}
{"level":"info","message":"⌛ Validating EXAMEN-Wollok/example.wlk","timeElapsed":152,"timestamp":"2026-09-23T13:27:38.985Z"}
{"level":"info","message":"⌛ Building environment","timeElapsed":117,"timestamp":"2026-09-23T13:27:39.103Z"}
{"level":"info","message":"⌛ Building environment","timeElapsed":139,"timestamp":"2026-09-23T13:27:39.250Z"}
{"level":"info","message":"⌛ Validating EXAMEN-Wollok/example.wlk","timeElapsed":153,"timestamp":"2026-09-23T13:27:39.404Z"}
{"level":"info","message":"⌛ Validating EXAMEN-Wollok/example.wlk","timeElapsed":143,"timestamp":"2026-09-23T13:27:39.647Z"}
{"level":"info","message":"⌛ Validating EXAMEN-Wollok/example.wlk","timeElapsed":175,"timestamp":"2026-09-23T13:27:39.824Z"}
{"level":"info","message":"⌛ Building environment","timeElapsed":158,"timestamp":"2026-09-23T13:27:42.787Z"}
{"level":"info","message":"⌛ Validating EXAMEN-Wollok/example.wlk","timeElapsed":142,"timestamp":"2026-09-23T13:27:42.935Z"}
{"level":"info","message":"⌛ Building environment","timeElapsed":134,"timestamp":"2026-09-23T13:27:43.421Z"}
{"level":"info","message":"⌛ Validating EXAMEN-Wollok/example.wlk","timeElapsed":147,"timestamp":"2026-09-23T13:27:43.574Z"}
{"level":"info","message":"⌛ Validating EXAMEN-Wollok/example.wlk","timeElapsed":132,"timestamp":"2026-09-23T13:27:43.804Z"}
{"level":"info","message":"⌛ Building environment","timeElapsed":138,"timestamp":"2026-09-23T13:27:45.829Z"}
{"level":"info","message":"⌛ Validating EXAMEN-Wollok/example.wlk","timeElapsed":139,"timestamp":"2026-09-23T13:27:45.976Z"}
{"level":"info","message":"⌛ Building environment","timeElapsed":109,"timestamp":"2026-09-23T13:27:46.446Z"}
{"level":"info","message":"⌛ Validating EXAMEN-Wollok/example.wlk","timeElapsed":155,"timestamp":"2026-09-23T13:27:46.617Z"}
{"level":"info","message":"⌛ Building environment","timeElapsed":104,"timestamp":"2026-09-23T13:27:46.722Z"}
{"level":"info","message":"⌛ Validating EXAMEN-Wollok/example.wlk","timeElapsed":179,"timestamp":"2026-09-23T13:27:46.905Z"}
{"level":"info","message":"⌛ Building environment","timeElapsed":112,"timestamp":"2026-09-23T13:27:47.019Z"}
{"level":"info","message":"⌛ Building environment","timeElapsed":108,"timestamp":"2026-09-23T13:27:47.127Z"}
{"level":"error","message":"✘ Failed to rebuild document Failed to parse EXAMEN-Wollok/example.wlk: \n-- PARSING FAILED --------------------------------------------------\n\n  38 | const\n  39 | \n> 40 | /*\n     | ^\n  41 |   CLASES!! nos simplifica para no repetir logica!\n  42 |     class Nombre{}\n\nExpected one of the following: \n\nidentifier, whitespace\n","stack":"Error: Failed to parse EXAMEN-Wollok/example.wlk: \n-- PARSING FAILED --------------------------------------------------\n\n  38 | const\n  39 | \n> 40 | /*\n     | ^\n  41 |   CLASES!! nos simplifica para no repetir logica!\n  42 |     class Nombre{}\n\nExpected one of the following: \n\nidentifier, whitespace\n\n    at /home/tiaguinni/.vscode/extensions/uqbar.wollok-lsp-ide-0.5.5/out/server/src/server.js:2385:13026\n    at Array.map (<anonymous>)\n    at z1n (/home/tiaguinni/.vscode/extensions/uqbar.wollok-lsp-ide-0.5.5/out/server/src/server.js:2385:12950)\n    at H2.buildEnvironmentFrom (/home/tiaguinni/.vscode/extensions/uqbar.wollok-lsp-ide-0.5.5/out/server/src/server.js:2430:5254)\n    at H2.updateEnvironmentWith (/home/tiaguinni/.vscode/extensions/uqbar.wollok-lsp-ide-0.5.5/out/server/src/server.js:2430:4989)\n    at QF (/home/tiaguinni/.vscode/extensions/uqbar.wollok-lsp-ide-0.5.5/out/server/src/server.js:2430:7383)\n    at V3.invoke (/home/tiaguinni/.vscode/extensions/uqbar.wollok-lsp-ide-0.5.5/out/server/src/server.js:3:157330)\n    at o.fire (/home/tiaguinni/.vscode/extensions/uqbar.wollok-lsp-ide-0.5.5/out/server/src/server.js:3:158100)\n    at /home/tiaguinni/.vscode/extensions/uqbar.wollok-lsp-ide-0.5.5/out/server/src/server.js:37:57871\n    at nd (/home/tiaguinni/.vscode/extensions/uqbar.wollok-lsp-ide-0.5.5/out/server/src/server.js:8:1561)","timestamp":"2026-09-23T13:27:47.162Z"}
{"level":"info","message":"⌛ Validating EXAMEN-Wollok/example.wlk","timeElapsed":153,"timestamp":"2026-09-23T13:27:47.316Z"}
{"level":"info","message":"⌛ Validating EXAMEN-Wollok/example.wlk","timeElapsed":153,"timestamp":"2026-09-23T13:27:47.470Z"}
{"level":"error","message":"✘ Failed to rebuild document Failed to parse EXAMEN-Wollok/example.wlk: \n-- PARSING FAILED --------------------------------------------------\n\n  38 | const \n  39 | \n> 40 | /*\n     | ^\n  41 |   CLASES!! nos simplifica para no repetir logica!\n  42 |     class Nombre{}\n\nExpected one of the following: \n\nidentifier, whitespace\n","stack":"Error: Failed to parse EXAMEN-Wollok/example.wlk: \n-- PARSING FAILED --------------------------------------------------\n\n  38 | const \n  39 | \n> 40 | /*\n     | ^\n  41 |   CLASES!! nos simplifica para no repetir logica!\n  42 |     class Nombre{}\n\nExpected one of the following: \n\nidentifier, whitespace\n\n    at /home/tiaguinni/.vscode/extensions/uqbar.wollok-lsp-ide-0.5.5/out/server/src/server.js:2385:13026\n    at Array.map (<anonymous>)\n    at z1n (/home/tiaguinni/.vscode/extensions/uqbar.wollok-lsp-ide-0.5.5/out/server/src/server.js:2385:12950)\n    at H2.buildEnvironmentFrom (/home/tiaguinni/.vscode/extensions/uqbar.wollok-lsp-ide-0.5.5/out/server/src/server.js:2430:5254)\n    at H2.updateEnvironmentWith (/home/tiaguinni/.vscode/extensions/uqbar.wollok-lsp-ide-0.5.5/out/server/src/server.js:2430:4989)\n    at QF (/home/tiaguinni/.vscode/extensions/uqbar.wollok-lsp-ide-0.5.5/out/server/src/server.js:2430:7383)\n    at V3.invoke (/home/tiaguinni/.vscode/extensions/uqbar.wollok-lsp-ide-0.5.5/out/server/src/server.js:3:157330)\n    at o.fire (/home/tiaguinni/.vscode/extensions/uqbar.wollok-lsp-ide-0.5.5/out/server/src/server.js:3:158100)\n    at /home/tiaguinni/.vscode/extensions/uqbar.wollok-lsp-ide-0.5.5/out/server/src/server.js:37:57871\n    at nd (/home/tiaguinni/.vscode/extensions/uqbar.wollok-lsp-ide-0.5.5/out/server/src/server.js:8:1561)","timestamp":"2026-09-23T13:27:49.674Z"}
{"level":"info","message":"⌛ Building environment","timeElapsed":144,"timestamp":"2026-09-23T13:27:49.969Z"}
{"level":"info","message":"⌛ Validating EXAMEN-Wollok/example.wlk","timeElapsed":162,"timestamp":"2026-09-23T13:27:50.140Z"}
{"level":"info","message":"⌛ Building environment","timeElapsed":115,"timestamp":"2026-09-23T13:27:50.359Z"}
{"level":"info","message":"⌛ Validating EXAMEN-Wollok/example.wlk","timeElapsed":145,"timestamp":"2026-09-23T13:27:50.520Z"}
{"level":"error","message":"✘ Completions for node Variable ([38:1, 38:9] - EXAMEN-Wollok/example.wlk) failed: Error: EXAMEN-Wollok.example.ot [Variable]{ffcc71} at EXAMEN-Wollok/example.wlk:38 exhausted all cases without a match EXAMEN-Wollok.example.ot [Variable]{ffcc71} at EXAMEN-Wollok/example.wlk:38 exhausted all cases without a match","stack":"Error: EXAMEN-Wollok.example.ot [Variable]{ffcc71} at EXAMEN-Wollok/example.wlk:38 exhausted all cases without a match\n    at /home/tiaguinni/.vscode/extensions/uqbar.wollok-lsp-ide-0.5.5/out/server/src/server.js:38:6142\n    at L2 (/home/tiaguinni/.vscode/extensions/uqbar.wollok-lsp-ide-0.5.5/out/server/src/server.js:2421:42)\n    at /home/tiaguinni/.vscode/extensions/uqbar.wollok-lsp-ide-0.5.5/out/server/src/server.js:2421:2988\n    at /home/tiaguinni/.vscode/extensions/uqbar.wollok-lsp-ide-0.5.5/out/server/src/server.js:2430:8440\n    at /home/tiaguinni/.vscode/extensions/uqbar.wollok-lsp-ide-0.5.5/out/server/src/server.js:37:74872\n    at Ke (/home/tiaguinni/.vscode/extensions/uqbar.wollok-lsp-ide-0.5.5/out/server/src/server.js:7:8527)\n    at It (/home/tiaguinni/.vscode/extensions/uqbar.wollok-lsp-ide-0.5.5/out/server/src/server.js:7:6189)\n    at et (/home/tiaguinni/.vscode/extensions/uqbar.wollok-lsp-ide-0.5.5/out/server/src/server.js:7:6378)\n    at Immediate._onImmediate (/home/tiaguinni/.vscode/extensions/uqbar.wollok-lsp-ide-0.5.5/out/server/src/server.js:7:6142)\n    at process.processImmediate (node:internal/timers:504:21)","timestamp":"2026-09-23T13:27:51.037Z"}
{"level":"info","message":"⌛ Building environment","timeElapsed":131,"timestamp":"2026-09-23T13:27:53.283Z"}
{"level":"info","message":"⌛ Validating EXAMEN-Wollok/example.wlk","timeElapsed":154,"timestamp":"2026-09-23T13:27:53.446Z"}
{"level":"info","message":"⌛ Building environment","timeElapsed":122,"timestamp":"2026-09-23T13:27:53.568Z"}
{"level":"info","message":"⌛ Validating EXAMEN-Wollok/example.wlk","timeElapsed":155,"timestamp":"2026-09-23T13:27:53.817Z"}
{"level":"info","message":"⌛ Validating EXAMEN-Wollok/example.wlk","timeElapsed":136,"timestamp":"2026-09-23T13:27:53.953Z"}
{"level":"info","message":"⌛ Building environment","timeElapsed":134,"timestamp":"2026-09-23T13:27:54.143Z"}
{"level":"info","message":"⌛ Validating EXAMEN-Wollok/example.wlk","timeElapsed":170,"timestamp":"2026-09-23T13:27:54.321Z"}
{"level":"info","message":"⌛ Building environment","timeElapsed":105,"timestamp":"2026-09-23T13:27:54.426Z"}
{"level":"info","message":"⌛ Building environment","timeElapsed":103,"timestamp":"2026-09-23T13:27:54.535Z"}
{"level":"info","message":"⌛ Validating EXAMEN-Wollok/example.wlk","timeElapsed":154,"timestamp":"2026-09-23T13:27:54.700Z"}
{"level":"info","message":"⌛ Validating EXAMEN-Wollok/example.wlk","timeElapsed":146,"timestamp":"2026-09-23T13:27:54.847Z"}
{"level":"info","message":"⌛ Building environment","timeElapsed":102,"timestamp":"2026-09-23T13:27:54.960Z"}
{"level":"info","message":"⌛ Building environment","timeElapsed":131,"timestamp":"2026-09-23T13:27:55.169Z"}
{"level":"info","message":"⌛ Validating EXAMEN-Wollok/example.wlk","timeElapsed":175,"timestamp":"2026-09-23T13:27:55.345Z"}
{"level":"info","message":"⌛ Building environment","timeElapsed":129,"timestamp":"2026-09-23T13:27:55.476Z"}
{"level":"info","message":"⌛ Validating EXAMEN-Wollok/example.wlk","timeElapsed":150,"timestamp":"2026-09-23T13:27:55.631Z"}
{"level":"info","message":"⌛ Validating EXAMEN-Wollok/example.wlk","timeElapsed":145,"timestamp":"2026-09-23T13:27:55.869Z"}
{"level":"info","message":"⌛ Validating EXAMEN-Wollok/example.wlk","timeElapsed":164,"timestamp":"2026-09-23T13:27:56.040Z"}
{"level":"error","message":"✘ Completions for node Variable ([38:1, 38:13] - EXAMEN-Wollok/example.wlk) failed: Error: EXAMEN-Wollok.example.otitis [Variable]{c24331} at EXAMEN-Wollok/example.wlk:38 exhausted all cases without a match EXAMEN-Wollok.example.otitis [Variable]{c24331} at EXAMEN-Wollok/example.wlk:38 exhausted all cases without a match","stack":"Error: EXAMEN-Wollok.example.otitis [Variable]{c24331} at EXAMEN-Wollok/example.wlk:38 exhausted all cases without a match\n    at /home/tiaguinni/.vscode/extensions/uqbar.wollok-lsp-ide-0.5.5/out/server/src/server.js:38:6142\n    at L2 (/home/tiaguinni/.vscode/extensions/uqbar.wollok-lsp-ide-0.5.5/out/server/src/server.js:2421:42)\n    at /home/tiaguinni/.vscode/extensions/uqbar.wollok-lsp-ide-0.5.5/out/server/src/server.js:2421:2988\n    at /home/tiaguinni/.vscode/extensions/uqbar.wollok-lsp-ide-0.5.5/out/server/src/server.js:2430:8440\n    at /home/tiaguinni/.vscode/extensions/uqbar.wollok-lsp-ide-0.5.5/out/server/src/server.js:37:74872\n    at Ke (/home/tiaguinni/.vscode/extensions/uqbar.wollok-lsp-ide-0.5.5/out/server/src/server.js:7:8527)\n    at It (/home/tiaguinni/.vscode/extensions/uqbar.wollok-lsp-ide-0.5.5/out/server/src/server.js:7:6189)\n    at et (/home/tiaguinni/.vscode/extensions/uqbar.wollok-lsp-ide-0.5.5/out/server/src/server.js:7:6378)\n    at Immediate._onImmediate (/home/tiaguinni/.vscode/extensions/uqbar.wollok-lsp-ide-0.5.5/out/server/src/server.js:7:6142)\n    at process.processImmediate (node:internal/timers:504:21)","timestamp":"2026-09-23T13:27:56.064Z"}
{"level":"info","message":"⌛ Building environment","timeElapsed":108,"timestamp":"2026-09-23T13:27:56.812Z"}
{"level":"info","message":"⌛ Validating EXAMEN-Wollok/example.wlk","timeElapsed":149,"timestamp":"2026-09-23T13:27:56.968Z"}
{"level":"error","message":"✘ Completions for node Variable ([38:1, 38:14] - EXAMEN-Wollok/example.wlk) failed: Error: EXAMEN-Wollok.example.otitis8 [Variable]{b3b8c8} at EXAMEN-Wollok/example.wlk:38 exhausted all cases without a match EXAMEN-Wollok.example.otitis8 [Variable]{b3b8c8} at EXAMEN-Wollok/example.wlk:38 exhausted all cases without a match","stack":"Error: EXAMEN-Wollok.example.otitis8 [Variable]{b3b8c8} at EXAMEN-Wollok/example.wlk:38 exhausted all cases without a match\n    at /home/tiaguinni/.vscode/extensions/uqbar.wollok-lsp-ide-0.5.5/out/server/src/server.js:38:6142\n    at L2 (/home/tiaguinni/.vscode/extensions/uqbar.wollok-lsp-ide-0.5.5/out/server/src/server.js:2421:42)\n    at /home/tiaguinni/.vscode/extensions/uqbar.wollok-lsp-ide-0.5.5/out/server/src/server.js:2421:2988\n    at /home/tiaguinni/.vscode/extensions/uqbar.wollok-lsp-ide-0.5.5/out/server/src/server.js:2430:8440\n    at /home/tiaguinni/.vscode/extensions/uqbar.wollok-lsp-ide-0.5.5/out/server/src/server.js:37:74872\n    at Ke (/home/tiaguinni/.vscode/extensions/uqbar.wollok-lsp-ide-0.5.5/out/server/src/server.js:7:8527)\n    at It (/home/tiaguinni/.vscode/extensions/uqbar.wollok-lsp-ide-0.5.5/out/server/src/server.js:7:6189)\n    at et (/home/tiaguinni/.vscode/extensions/uqbar.wollok-lsp-ide-0.5.5/out/server/src/server.js:7:6378)\n    at Immediate._onImmediate (/home/tiaguinni/.vscode/extensions/uqbar.wollok-lsp-ide-0.5.5/out/server/src/server.js:7:6142)\n    at process.processImmediate (node:internal/timers:504:21)","timestamp":"2026-09-23T13:27:57.499Z"}
{"level":"info","message":"⌛ Validating EXAMEN-Wollok/example.wlk","timeElapsed":162,"timestamp":"2026-09-23T13:27:58.044Z"}
{"level":"info","message":"⌛ Building environment","timeElapsed":102,"timestamp":"2026-09-23T13:27:58.145Z"}
{"level":"info","message":"⌛ Validating EXAMEN-Wollok/example.wlk","timeElapsed":143,"timestamp":"2026-09-23T13:27:58.293Z"}
{"level":"error","message":"✘ Completions for node Variable ([38:1, 38:16] - EXAMEN-Wollok/example.wlk) failed: Error: EXAMEN-Wollok.example.otitis800 [Variable]{00698e} at EXAMEN-Wollok/example.wlk:38 exhausted all cases without a match EXAMEN-Wollok.example.otitis800 [Variable]{00698e} at EXAMEN-Wollok/example.wlk:38 exhausted all cases without a match","stack":"Error: EXAMEN-Wollok.example.otitis800 [Variable]{00698e} at EXAMEN-Wollok/example.wlk:38 exhausted all cases without a match\n    at /home/tiaguinni/.vscode/extensions/uqbar.wollok-lsp-ide-0.5.5/out/server/src/server.js:38:6142\n    at L2 (/home/tiaguinni/.vscode/extensions/uqbar.wollok-lsp-ide-0.5.5/out/server/src/server.js:2421:42)\n    at /home/tiaguinni/.vscode/extensions/uqbar.wollok-lsp-ide-0.5.5/out/server/src/server.js:2421:2988\n    at /home/tiaguinni/.vscode/extensions/uqbar.wollok-lsp-ide-0.5.5/out/server/src/server.js:2430:8440\n    at /home/tiaguinni/.vscode/extensions/uqbar.wollok-lsp-ide-0.5.5/out/server/src/server.js:37:74872\n    at Ke (/home/tiaguinni/.vscode/extensions/uqbar.wollok-lsp-ide-0.5.5/out/server/src/server.js:7:8527)\n    at It (/home/tiaguinni/.vscode/extensions/uqbar.wollok-lsp-ide-0.5.5/out/server/src/server.js:7:6189)\n    at et (/home/tiaguinni/.vscode/extensions/uqbar.wollok-lsp-ide-0.5.5/out/server/src/server.js:7:6378)\n    at Immediate._onImmediate (/home/tiaguinni/.vscode/extensions/uqbar.wollok-lsp-ide-0.5.5/out/server/src/server.js:7:6142)\n    at process.processImmediate (node:internal/timers:504:21)","timestamp":"2026-09-23T13:27:58.742Z"}
{"level":"info","message":"⌛ Building environment","timeElapsed":123,"timestamp":"2026-09-23T13:28:00.154Z"}
{"level":"info","message":"⌛ Validating EXAMEN-Wollok/example.wlk","timeElapsed":142,"timestamp":"2026-09-23T13:28:00.299Z"}
{"level":"info","message":"⌛ Building environment","timeElapsed":129,"timestamp":"2026-09-23T13:28:00.958Z"}
{"level":"info","message":"⌛ Validating EXAMEN-Wollok/example.wlk","timeElapsed":163,"timestamp":"2026-09-23T13:28:01.124Z"}
{"level":"info","message":"⌛ Building environment","timeElapsed":112,"timestamp":"2026-09-23T13:28:01.286Z"}
{"level":"info","message":"⌛ Validating EXAMEN-Wollok/example.wlk","timeElapsed":177,"timestamp":"2026-09-23T13:28:01.470Z"}
{"level":"info","message":"⌛ Building environment","timeElapsed":128,"timestamp":"2026-09-23T13:28:01.601Z"}
{"level":"info","message":"⌛ Building environment","timeElapsed":102,"timestamp":"2026-09-23T13:28:01.710Z"}
{"level":"info","message":"⌛ Validating EXAMEN-Wollok/example.wlk","timeElapsed":180,"timestamp":"2026-09-23T13:28:01.891Z"}
{"level":"info","message":"⌛ Validating EXAMEN-Wollok/example.wlk","timeElapsed":141,"timestamp":"2026-09-23T13:28:02.033Z"}
{"level":"info","message":"⌛ Building environment","timeElapsed":142,"timestamp":"2026-09-23T13:28:02.184Z"}
{"level":"info","message":"⌛ Validating EXAMEN-Wollok/example.wlk","timeElapsed":175,"timestamp":"2026-09-23T13:28:02.448Z"}
{"level":"info","message":"⌛ Validating EXAMEN-Wollok/example.wlk","timeElapsed":138,"timestamp":"2026-09-23T13:28:02.586Z"}
{"level":"info","message":"⌛ Building environment","timeElapsed":109,"timestamp":"2026-09-23T13:28:02.705Z"}
{"level":"info","message":"⌛ Validating EXAMEN-Wollok/example.wlk","timeElapsed":139,"timestamp":"2026-09-23T13:28:02.850Z"}
{"level":"error","message":"✘ Completions for node Variable ([38:1, 38:22] - EXAMEN-Wollok/example.wlk) failed: Error: EXAMEN-Wollok.example.otitis800 [Variable]{545a2f} at EXAMEN-Wollok/example.wlk:38 exhausted all cases without a match EXAMEN-Wollok.example.otitis800 [Variable]{545a2f} at EXAMEN-Wollok/example.wlk:38 exhausted all cases without a match","stack":"Error: EXAMEN-Wollok.example.otitis800 [Variable]{545a2f} at EXAMEN-Wollok/example.wlk:38 exhausted all cases without a match\n    at /home/tiaguinni/.vscode/extensions/uqbar.wollok-lsp-ide-0.5.5/out/server/src/server.js:38:6142\n    at L2 (/home/tiaguinni/.vscode/extensions/uqbar.wollok-lsp-ide-0.5.5/out/server/src/server.js:2421:42)\n    at Jh (/home/tiaguinni/.vscode/extensions/uqbar.wollok-lsp-ide-0.5.5/out/server/src/server.js:2421:1092)\n    at w5n (/home/tiaguinni/.vscode/extensions/uqbar.wollok-lsp-ide-0.5.5/out/server/src/server.js:2421:1248)\n    at /home/tiaguinni/.vscode/extensions/uqbar.wollok-lsp-ide-0.5.5/out/server/src/server.js:38:6131\n    at L2 (/home/tiaguinni/.vscode/extensions/uqbar.wollok-lsp-ide-0.5.5/out/server/src/server.js:2421:42)\n    at /home/tiaguinni/.vscode/extensions/uqbar.wollok-lsp-ide-0.5.5/out/server/src/server.js:2421:2988\n    at /home/tiaguinni/.vscode/extensions/uqbar.wollok-lsp-ide-0.5.5/out/server/src/server.js:2430:8440\n    at /home/tiaguinni/.vscode/extensions/uqbar.wollok-lsp-ide-0.5.5/out/server/src/server.js:37:74872\n    at Ke (/home/tiaguinni/.vscode/extensions/uqbar.wollok-lsp-ide-0.5.5/out/server/src/server.js:7:8527)","timestamp":"2026-09-23T13:28:03.167Z"}
{"level":"info","message":"⌛ Validating EXAMEN-Wollok/example.wlk","timeElapsed":131,"timestamp":"2026-09-23T13:28:03.455Z"}
{"level":"info","message":"⌛ Building environment","timeElapsed":117,"timestamp":"2026-09-23T13:28:03.667Z"}
{"level":"info","message":"⌛ Validating EXAMEN-Wollok/example.wlk","timeElapsed":149,"timestamp":"2026-09-23T13:28:03.830Z"}
{"level":"info","message":"⌛ Building environment","timeElapsed":119,"timestamp":"2026-09-23T13:28:03.950Z"}
{"level":"info","message":"⌛ Building environment","timeElapsed":153,"timestamp":"2026-09-23T13:28:04.168Z"}
{"level":"info","message":"⌛ Validating EXAMEN-Wollok/example.wlk","timeElapsed":190,"timestamp":"2026-09-23T13:28:04.359Z"}
{"level":"info","message":"⌛ Validating EXAMEN-Wollok/example.wlk","timeElapsed":157,"timestamp":"2026-09-23T13:28:04.531Z"}
{"level":"info","message":"⌛ Validating EXAMEN-Wollok/example.wlk","timeElapsed":159,"timestamp":"2026-09-23T13:28:04.907Z"}
{"level":"info","message":"⌛ Validating EXAMEN-Wollok/example.wlk","timeElapsed":146,"timestamp":"2026-09-23T13:28:05.059Z"}
{"level":"info","message":"⌛ Building environment","timeElapsed":120,"timestamp":"2026-09-23T13:28:05.360Z"}
{"level":"info","message":"⌛ Validating EXAMEN-Wollok/example.wlk","timeElapsed":193,"timestamp":"2026-09-23T13:28:05.647Z"}
{"level":"info","message":"⌛ Validating EXAMEN-Wollok/example.wlk","timeElapsed":165,"timestamp":"2026-09-23T13:28:05.813Z"}
{"level":"info","message":"⌛ Building environment","timeElapsed":210,"timestamp":"2026-09-23T13:28:06.024Z"}
{"level":"info","message":"⌛ Building environment","timeElapsed":119,"timestamp":"2026-09-23T13:28:06.144Z"}
{"level":"info","message":"⌛ Building environment","timeElapsed":104,"timestamp":"2026-09-23T13:28:06.249Z"}
{"level":"info","message":"⌛ Validating EXAMEN-Wollok/example.wlk","timeElapsed":139,"timestamp":"2026-09-23T13:28:06.402Z"}
{"level":"info","message":"⌛ Validating EXAMEN-Wollok/example.wlk","timeElapsed":157,"timestamp":"2026-09-23T13:28:06.630Z"}
{"level":"info","message":"⌛ Validating EXAMEN-Wollok/example.wlk","timeElapsed":180,"timestamp":"2026-09-23T13:28:06.811Z"}
{"level":"info","message":"⌛ Building environment","timeElapsed":111,"timestamp":"2026-09-23T13:28:06.946Z"}
{"level":"info","message":"⌛ Validating EXAMEN-Wollok/example.wlk","timeElapsed":176,"timestamp":"2026-09-23T13:28:07.127Z"}
{"level":"info","message":"⌛ Building environment","timeElapsed":105,"timestamp":"2026-09-23T13:28:07.233Z"}
{"level":"info","message":"⌛ Validating EXAMEN-Wollok/example.wlk","timeElapsed":171,"timestamp":"2026-09-23T13:28:07.509Z"}
{"level":"info","message":"⌛ Validating EXAMEN-Wollok/example.wlk","timeElapsed":153,"timestamp":"2026-09-23T13:28:07.663Z"}
{"level":"info","message":"⌛ Building environment","timeElapsed":101,"timestamp":"2026-09-23T13:28:07.765Z"}
{"level":"info","message":"⌛ Building environment","timeElapsed":121,"timestamp":"2026-09-23T13:28:07.893Z"}
{"level":"info","message":"⌛ Validating EXAMEN-Wollok/example.wlk","timeElapsed":178,"timestamp":"2026-09-23T13:28:08.072Z"}
{"level":"info","message":"⌛ Building environment","timeElapsed":151,"timestamp":"2026-09-23T13:28:08.224Z"}
{"level":"info","message":"⌛ Building environment","timeElapsed":216,"timestamp":"2026-09-23T13:28:08.443Z"}
{"level":"info","message":"⌛ Validating EXAMEN-Wollok/example.wlk","timeElapsed":139,"timestamp":"2026-09-23T13:28:08.583Z"}
{"level":"info","message":"⌛ Validating EXAMEN-Wollok/example.wlk","timeElapsed":155,"timestamp":"2026-09-23T13:28:08.925Z"}
{"level":"info","message":"⌛ Building environment","timeElapsed":186,"timestamp":"2026-09-23T13:28:09.114Z"}
{"level":"info","message":"⌛ Validating EXAMEN-Wollok/example.wlk","timeElapsed":180,"timestamp":"2026-09-23T13:28:09.302Z"}
{"level":"info","message":"⌛ Validating EXAMEN-Wollok/example.wlk","timeElapsed":177,"timestamp":"2026-09-23T13:28:09.483Z"}
{"level":"info","message":"⌛ Validating EXAMEN-Wollok/example.wlk","timeElapsed":162,"timestamp":"2026-09-23T13:28:09.646Z"}
{"level":"info","message":"⌛ Validating EXAMEN-Wollok/example.wlk","timeElapsed":145,"timestamp":"2026-09-23T13:28:09.821Z"}
{"level":"error","message":"✘ Failed to get type description: Error: Failed to print, found malformed node Failed to print, found malformed node","node":{"fileName":"EXAMEN-Wollok/example.wlk","id":"464717c9-3235-44a0-a76f-62f75bccd230","imports":[],"members":[{"id":"014ebc32-c094-478d-ad0b-fe76335c59f3","members":[{"id":"153265ac-baf3-47a3-9a19-5dc8b6d7236f","isConstant":false,"isProperty":false,"metadata":[],"name":"enfermedades","scope":{"containerScope":{"containerScope":{"containerScope":{"containerScope":{"contributions":{},"includedScopes":[]},"contributions":{},"includedScopes":[]},"contributions":{},"includedScopes":[]},"contributions":{},"includedScopes":[{"containerScope":{"containerScope":{"containerScope":{"contributions":{},"includedScopes":[]},"contributions":{},"includedScopes":[]},"contributions":{},"includedScopes":[]},"contributions":{},"includedScopes":[]}]},"contributions":{},"includedScopes":[]},"sourceMap":{"end":{"column":27,"line":3,"offset":42},"start":{"column":4,"line":3,"offset":19}},"value":{"id":"bb747e69-2141-4937-b76f-ed48f424c373","metadata":[],"scope":{"containerScope":{"containerScope":{"containerScope":{"containerScope":{"containerScope":{"contributions":{},"includedScopes":[]},"contributions":{},"includedScopes":[]},"contributions":{},"includedScopes":[]},"contributions":{},"includedScopes":[{"containerScope":{"containerScope":{"containerScope":{"contributions":{},"includedScopes":[]},"contributions":{},"includedScopes":[]},"contributions":{},"includedScopes":[]},"contributions":{},"includedScopes":[]}]},"contributions":{},"includedScopes":[]},"contributions":{},"includedScopes":[]},"sourceMap":{"end":{"column":27,"line":3,"offset":42},"start":{"column":24,"line":3,"offset":39}},"value":[{"id":"953dbdc0-baae-478b-a502-a61148dcba2a","metadata":[],"name":"wollok.lang.Set","scope":{"containerScope":{"containerScope":{"containerScope":{"containerScope":{"containerScope":{"containerScope":{"contributions":{},"includedScopes":[]},"contributions":{},"includedScopes":[]},"contributions":{},"includedScopes":[]},"contributions":{},"includedScopes":[{"containerScope":{"containerScope":{"containerScope":{"contributions":{},"includedScopes":[]},"contributions":{},"includedScopes":[]},"contributions":{},"includedScopes":[]},"contributions":{},"includedScopes":[]}]},"contributions":{},"includedScopes":[]},"contributions":{},"includedScopes":[]},"contributions":{},"includedScopes":[]}},[]]}},{"id":"2f586996-7613-4c34-b9d4-8efc71431b95","isConstant":false,"isProperty":false,"metadata":[{"args":{"position":"end","text":"/*\n    HAY DOS TIPPOS DE LISTAS!! lista(COLLECION)puede haber elementos con Ordenrepetidos y colecciones no, ademas las colecciones no tienen orden\n    luego tenemos un SET: #{} no se puede repetir ni orden\n  */"},"name":"comment"}],"name":"temperatura","scope":{"containerScope":{"containerScope":{"containerScope":{"containerScope":{"contributions":{},"includedScopes":[]},"contributions":{},"includedScopes":[]},"contributions":{},"includedScopes":[]},"contributions":{},"includedScopes":[{"containerScope":{"containerScope":{"containerScope":{"contributions":{},"includedScopes":[]},"contributions":{},"includedScopes":[]},"contributions":{},"includedScopes":[]},"contributions":{},"includedScopes":[]}]},"contributions":{},"includedScopes":[]},"sourceMap":{"end":{"column":26,"line":4,"offset":68},"start":{"column":4,"line":4,"offset":46}},"value":{"id":"dd778077-700a-4f41-a58f-a3d8355ebcb0","metadata":[],"scope":{"containerScope":{"containerScope":{"containerScope":{"containerScope":{"containerScope":{"contributions":{},"includedScopes":[]},"contributions":{},"includedScopes":[]},"contributions":{},"includedScopes":[]},"contributions":{},"includedScopes":[{"containerScope":{"containerScope":{"containerScope":{"contributions":{},"includedScopes":[]},"contributions":{},"includedScopes":[]},"contributions":{},"includedScopes":[]},"contributions":{},"includedScopes":[]}]},"contributions":{},"includedScopes":[]},"contributions":{},"includedScopes":[]},"sourceMap":{"end":{"column":26,"line":4,"offset":68},"start":{"column":22,"line":4,"offset":64}},"value":36.6}},{"body":{"id":"6afa0701-a3b6-4620-8d46-0082f4e90029","metadata":[],"problems":[],"scope":{"containerScope":{"containerScope":{"containerScope":{"containerScope":{"containerScope":{"contributions":{},"includedScopes":[]},"contributions":{},"includedScopes":[]},"contributions":{},"includedScopes":[]},"contributions":{},"includedScopes":[{"containerScope":{"containerScope":{"containerScope":{"contributions":{},"includedScopes":[]},"contributions":{},"includedScopes":[]},"contributions":{},"includedScopes":[]},"contributions":{},"includedScopes":[]}]},"contributions":{},"includedScopes":[]},"contributions":{},"includedScopes":[]},"sentences":[{"args":[{"id":"f229fccb-907f-4a45-b05b-420658263327","metadata":[],"name":"enfermedad","scope":{"containerScope":{"containerScope":{"containerScope":{"containerScope":{"containerScope":{"containerScope":{"containerScope":{"contributions":{},"includedScopes":[]},"contributions":{},"includedScopes":[]},"contributions":{},"includedScopes":[]},"contributions":{},"includedScopes":[{"containerScope":{"containerScope":{"containerScope":{"contributions":{},"includedScopes":[]},"contributions":{},"includedScopes":[]},"contributions":{},"includedScopes":[]},"contributions":{},"includedScopes":[]}]},"contributions":{},"includedScopes":[]},"contributions":{},"includedScopes":[]},"contributions":{},"includedScopes":[]},"contributions":{},"includedScopes":[]},"sourceMap":{"end":{"column":34,"line":10,"offset":346},"start":{"column":24,"line":10,"offset":336}}}],"id":"f9e51854-5a65-4308-a613-784b94993231","message":"add","metadata":[],"receiver":{"id":"fbfba40e-96cd-4a83-8cd2-7805990e7dde","metadata":[],"name":"enfermedades","scope":{"containerScope":{"containerScope":{"containerScope":{"containerScope":{"containerScope":{"containerScope":{"containerScope":{"contributions":{},"includedScopes":[]},"contributions":{},"includedScopes":[]},"contributions":{},"includedScopes":[]},"contributions":{},"includedScopes":[{"containerScope":{"containerScope":{"containerScope":{"contributions":{},"includedScopes":[]},"contributions":{},"includedScopes":[]},"contributions":{},"includedScopes":[]},"contributions":{},"includedScopes":[]}]},"contributions":{},"includedScopes":[]},"contributions":{},"includedScopes":[]},"contributions":{},"includedScopes":[]},"contributions":{},"includedScopes":[]},"sourceMap":{"end":{"column":19,"line":10,"offset":331},"start":{"column":7,"line":10,"offset":319}}},"scope":{"containerScope":{"containerScope":{"containerScope":{"containerScope":{"containerScope":{"containerScope":{"contributions":{},"includedScopes":[]},"contributions":{},"includedScopes":[]},"contributions":{},"includedScopes":[]},"contributions":{},"includedScopes":[{"containerScope":{"containerScope":{"containerScope":{"contributions":{},"includedScopes":[]},"contributions":{},"includedScopes":[]},"contributions":{},"includedScopes":[]},"contributions":{},"includedScopes":[]}]},"contributions":{},"includedScopes":[]},"contributions":{},"includedScopes":[]},"contributions":{},"includedScopes":[]},"sourceMap":{"end":{"column":35,"line":10,"offset":347},"start":{"column":7,"line":10,"offset":319}}}],"sourceMap":{"end":{"column":4,"line":11,"offset":351},"start":{"column":29,"line":9,"offset":311}}},"compiled":false,"id":"c1054435-df5e-4fbc-9e57-058112082065","isOverride":false,"metadata":[],"name":"contrae","parameters":[{"id":"6ee31faf-b15a-42b6-b5fa-b70297635574","isVarArg":false,"metadata":[],"name":"enfermedad","scope":{"containerScope":{"containerScope":{"containerScope":{"containerScope":{"containerScope":{"contributions":{},"includedScopes":[]},"contributions":{},"includedScopes":[]},"contributions":{},"includedScopes":[]},"contributions":{},"includedScopes":[{"containerScope":{"containerScope":{"containerScope":{"contributions":{},"includedScopes":[]},"contributions":{},"includedScopes":[]},"contributions":{},"includedScopes":[]},"contributions":{},"includedScopes":[]}]},"contributions":{},"includedScopes":[]},"contributions":{},"includedScopes":[]},"sourceMap":{"end":{"column":28,"line":9,"offset":310},"start":{"column":18,"line":9,"offset":300}}}],"problems":[],"scope":{"containerScope":{"containerScope":{"containerScope":{"containerScope":{"contributions":{},"includedScopes":[]},"contributions":{},"includedScopes":[]},"contributions":{},"includedScopes":[]},"contributions":{},"includedScopes":[{"containerScope":{"containerScope":{"containerScope":{"contributions":{},"includedScopes":[]},"contributions":{},"includedScopes":[]},"contributions":{},"includedScopes":[]},"contributions":{},"includedScopes":[]}]},"contributions":{},"includedScopes":[]},"sourceMap":{"end":{"column":4,"line":11,"offset":351},"start":{"column":3,"line":9,"offset":285}}},{"body":{"id":"f35e78d9-6087-4699-b19a-ebed9c8668f0","metadata":[],"problems":[],"scope":{"containerScope":{"containerScope":{"containerScope":{"containerScope":{"containerScope":{"contributions":{},"includedScopes":[]},"contributions":{},"includedScopes":[]},"contributions":{},"includedScopes":[]},"contributions":{},"includedScopes":[{"containerScope":{"containerScope":{"containerScope":{"contributions":{},"includedScopes":[]},"contributions":{},"includedScopes":[]},"contributions":{},"includedScopes":[]},"contributions":{},"includedScopes":[]}]},"contributions":{},"includedScopes":[]},"contributions":{},"includedScopes":[]},"sentences":[{"args":[{"id":"2df9a178-a822-42e5-b19c-3c2dc2b86860","metadata":[],"name":"unaEnfermedad","scope":{"containerScope":{"containerScope":{"containerScope":{"containerScope":{"containerScope":{"containerScope":{"containerScope":{"contributions":{},"includedScopes":[]},"contributions":{},"includedScopes":[]},"contributions":{},"includedScopes":[]},"contributions":{},"includedScopes":[{"containerScope":{"containerScope":{"containerScope":{"contributions":{},"includedScopes":[]},"contributions":{},"includedScopes":[]},"contributions":{},"includedScopes":[]},"contributions":{},"includedScopes":[]}]},"contributions":{},"includedScopes":[]},"contributions":{},"includedScopes":[]},"contributions":{},"includedScopes":[]},"contributions":{},"includedScopes":[]},"sourceMap":{"end":{"column":40,"line":13,"offset":430},"start":{"column":27,"line":13,"offset":417}}}],"id":"b4047732-c9e4-4435-ab73-b8d5a4e77d27","message":"contains","metadata":[],"receiver":{"id":"8d1ce555-ed56-48c8-9716-e7ce52c6d020","metadata":[],"name":"enfermedades","scope":{"containerScope":{"containerScope":{"containerScope":{"containerScope":{"containerScope":{"containerScope":{"containerScope":{"contributions":{},"includedScopes":[]},"contributions":{},"includedScopes":[]},"contributions":{},"includedScopes":[]},"contributions":{},"includedScopes":[{"containerScope":{"containerScope":{"containerScope":{"contributions":{},"includedScopes":[]},"contributions":{},"includedScopes":[]},"contributions":{},"includedScopes":[]},"contributions":{},"includedScopes":[]}]},"contributions":{},"includedScopes":[]},"contributions":{},"includedScopes":[]},"contributions":{},"includedScopes":[]},"contributions":{},"includedScopes":[]},"sourceMap":{"end":{"column":17,"line":13,"offset":407},"start":{"column":5,"line":13,"offset":395}}},"scope":{"containerScope":{"containerScope":{"containerScope":{"containerScope":{"containerScope":{"containerScope":{"contributions":{},"includedScopes":[]},"contributions":{},"includedScopes":[]},"contributions":{},"includedScopes":[]},"contributions":{},"includedScopes":[{"containerScope":{"containerScope":{"containerScope":{"contributions":{},"includedScopes":[]},"contributions":{},"includedScopes":[]},"contributions":{},"includedScopes":[]},"contributions":{},"includedScopes":[]}]},"contributions":{},"includedScopes":[]},"contributions":{},"includedScopes":[]},"contributions":{},"includedScopes":[]},"sourceMap":{"end":{"column":41,"line":13,"offset":431},"start":{"column":5,"line":13,"offset":395}}}],"sourceMap":{"end":{"column":4,"line":14,"offset":435},"start":{"column":38,"line":12,"offset":389}}},"compiled":false,"id":"2401b58b-24b6-4643-975e-c19e996d31ee","isOverride":false,"metadata":[],"name":"estaEnfermoDe","parameters":[{"id":"862325b5-37d9-4c65-bc21-9bb8fcecc6ae","isVarArg":false,"metadata":[],"name":"unaEnfermedad","scope":{"containerScope":{"containerScope":{"containerScope":{"containerScope":{"containerScope":{"contributions":{},"includedScopes":[]},"contributions":{},"includedScopes":[]},"contributions":{},"includedScopes":[]},"contributions":{},"includedScopes":[{"containerScope":{"containerScope":{"containerScope":{"contributions":{},"includedScopes":[]},"contributions":{},"includedScopes":[]},"contributions":{},"includedScopes":[]},"contributions":{},"includedScopes":[]}]},"contributions":{},"includedScopes":[]},"contributions":{},"includedScopes":[]},"sourceMap":{"end":{"column":37,"line":12,"offset":388},"start":{"column":24,"line":12,"offset":375}}}],"problems":[],"scope":{"containerScope":{"containerScope":{"containerScope":{"containerScope":{"contributions":{},"includedScopes":[]},"contributions":{},"includedScopes":[]},"contributions":{},"includedScopes":[]},"contributions":{},"includedScopes":[{"containerScope":{"containerScope":{"containerScope":{"contributions":{},"includedScopes":[]},"contributions":{},"includedScopes":[]},"contributions":{},"includedScopes":[]},"contributions":{},"includedScopes":[]}]},"contributions":{},"includedScopes":[]},"sourceMap":{"end":{"column":4,"line":14,"offset":435},"start":{"column":3,"line":12,"offset":354}}},{"body":{"id":"fbd668d6-62fd-4995-9e82-77f9cdb7a005","metadata":[],"problems":[],"scope":{"containerScope":{"containerScope":{"containerScope":{"containerScope":{"containerScope":{"contributions":{},"includedScopes":[]},"contributions":{},"includedScopes":[]},"contributions":{},"includedScopes":[]},"contributions":{},"includedScopes":[{"containerScope":{"containerScope":{"containerScope":{"contributions":{},"includedScopes":[]},"contributions":{},"includedScopes":[]},"contributions":{},"includedScopes":[]},"contributions":{},"includedScopes":[]}]},"contributions":{},"includedScopes":[]},"contributions":{},"includedScopes":[]},"sentences":[{"id":"d6941af0-09c0-45aa-99e4-253c88b5e5fe","metadata":[],"scope":{"containerScope":{"containerScope":{"containerScope":{"containerScope":{"containerScope":{"containerScope":{"contributions":{},"includedScopes":[]},"contributions":{},"includedScopes":[]},"contributions":{},"includedScopes":[]},"contributions":{},"includedScopes":[{"containerScope":{"containerScope":{"containerScope":{"contributions":{},"includedScopes":[]},"contributions":{},"includedScopes":[]},"contributions":{},"includedScopes":[]},"contributions":{},"includedScopes":[]}]},"contributions":{},"includedScopes":[]},"contributions":{},"includedScopes":[]},"contributions":{},"includedScopes":[]},"value":{"id":"56335846-1f91-428a-a120-f408de100daa","metadata":[],"name":"temperatura","scope":{"containerScope":{"containerScope":{"containerScope":{"containerScope":{"containerScope":{"containerScope":{"containerScope":{"contributions":{},"includedScopes":[]},"contributions":{},"includedScopes":[]},"contributions":{},"includedScopes":[]},"contributions":{},"includedScopes":[{"containerScope":{"containerScope":{"containerScope":{"contributions":{},"includedScopes":[]},"contributions":{},"includedScopes":[]},"contributions":{},"includedScopes":[]},"contributions":{},"includedScopes":[]}]},"contributions":{},"includedScopes":[]},"contributions":{},"includedScopes":[]},"contributions":{},"includedScopes":[]},"contributions":{},"includedScopes":[]},"sourceMap":{"end":{"column":37,"line":15,"offset":472},"start":{"column":26,"line":15,"offset":461}}}}],"sourceMap":{"end":{"column":37,"line":15,"offset":472},"start":{"column":26,"line":15,"offset":461}}},"compiled":false,"id":"17a85723-05fa-4cf8-881f-dcf04fe0fcca","isOverride":false,"metadata":[],"name":"temperatura","parameters":[],"problems":[],"scope":{"containerScope":{"containerScope":{"containerScope":{"containerScope":{"contributions":{},"includedScopes":[]},"contributions":{},"includedScopes":[]},"contributions":{},"includedScopes":[]},"contributions":{},"includedScopes":[{"containerScope":{"containerScope":{"containerScope":{"contributions":{},"includedScopes":[]},"contributions":{},"includedScopes":[]},"contributions":{},"includedScopes":[]},"contributions":{},"includedScopes":[]}]},"contributions":{},"includedScopes":[]},"sourceMap":{"end":{"column":37,"line":15,"offset":472},"start":{"column":3,"line":15,"offset":438}}},{"body":{"id":"d993240b-350f-4c23-a6ef-9250a3a7dc66","metadata":[],"problems":[],"scope":{"containerScope":{"containerScope":{"containerScope":{"containerScope":{"containerScope":{"contributions":{},"includedScopes":[]},"contributions":{},"includedScopes":[]},"contributions":{},"includedScopes":[]},"contributions":{},"includedScopes":[{"containerScope":{"containerScope":{"containerScope":{"contributions":{},"includedScopes":[]},"contributions":{},"includedScopes":[]},"contributions":{},"includedScopes":[]},"contributions":{},"includedScopes":[]}]},"contributions":{},"includedScopes":[]},"contributions":{},"includedScopes":[]},"sentences":[],"sourceMap":{"end":{"column":4,"line":18,"offset":499},"start":{"column":21,"line":16,"offset":493}}},"compiled":false,"id":"c5256110-41b8-44b6-b73a-e6a4fe01dde5","isOverride":false,"metadata":[],"name":"viviUnDia","parameters":[],"problems":[],"scope":{"containerScope":{"containerScope":{"containerScope":{"containerScope":{"contributions":{},"includedScopes":[]},"contributions":{},"includedScopes":[]},"contributions":{},"includedScopes":[]},"contributions":{},"includedScopes":[{"containerScope":{"containerScope":{"containerScope":{"contributions":{},"includedScopes":[]},"contributions":{},"includedScopes":[]},"contributions":{},"includedScopes":[]},"contributions":{},"includedScopes":[]}]},"contributions":{},"includedScopes":[]},"sourceMap":{"end":{"column":4,"line":18,"offset":499},"start":{"column":3,"line":16,"offset":475}}}],"metadata":[],"name":"Persona","problems":[],"scope":{"containerScope":{"containerScope":{"containerScope":{"contributions":{},"includedScopes":[]},"contributions":{},"includedScopes":[]},"contributions":{},"includedScopes":[]},"contributions":{},"includedScopes":[{"containerScope":{"containerScope":{"containerScope":{"contributions":{},"includedScopes":[]},"contributions":{},"includedScopes":[]},"contributions":{},"includedScopes":[]},"contributions":{},"includedScopes":[]}]},"sourceMap":{"end":{"column":2,"line":19,"offset":501},"start":{"column":1,"line":2,"offset":1}},"supertypes":[]},{"id":"de673962-a4f2-4e86-9f56-be4c70832853","isConstant":true,"metadata":[],"name":"logan","scope":{"containerScope":{"containerScope":{"containerScope":{"contributions":{},"includedScopes":[]},"contributions":{},"includedScopes":[]},"contributions":{},"includedScopes":[]},"contributions":{},"includedScopes":[]},"sourceMap":{"end":{"column":2,"line":22,"offset":552},"start":{"column":1,"line":20,"offset":502}},"value":{"args":[{"id":"c8378691-b79a-44ed-83a6-82c939278652","metadata":[],"name":"temperatura","scope":{"containerScope":{"containerScope":{"containerScope":{"containerScope":{"containerScope":{"contributions":{},"includedScopes":[]},"contributions":{},"includedScopes":[]},"contributions":{},"includedScopes":[]},"contributions":{},"includedScopes":[]},"contributions":{},"includedScopes":[]},"contributions":{},"includedScopes":[]},"sourceMap":{"end":{"column":22,"line":21,"offset":550},"start":{"column":5,"line":21,"offset":533}},"value":{"id":"54df81af-519f-471f-9ab1-6d59c4a9aa90","metadata":[],"scope":{"containerScope":{"containerScope":{"containerScope":{"containerScope":{"containerScope":{"containerScope":{"contributions":{},"includedScopes":[]},"contributions":{},"includedScopes":[]},"contributions":{},"includedScopes":[]},"contributions":{},"includedScopes":[]},"contributions":{},"includedScopes":[]},"contributions":{},"includedScopes":[]},"contributions":{},"includedScopes":[]},"sourceMap":{"end":{"column":22,"line":21,"offset":550},"start":{"column":20,"line":21,"offset":548}},"value":36}}],"id":"a31cad40-ea4b-4322-8578-7fd96db230a9","instantiated":{"id":"6b426e9a-c3d1-4ebf-bf92-f5d5d7b31d9a","metadata":[],"name":"Persona","scope":{"containerScope":{"containerScope":{"containerScope":{"containerScope":{"containerScope":{"contributions":{},"includedScopes":[]},"contributions":{},"includedScopes":[]},"contributions":{},"includedScopes":[]},"contributions":{},"includedScopes":[]},"contributions":{},"includedScopes":[]},"contributions":{},"includedScopes":[]},"sourceMap":{"end":{"column":26,"line":20,"offset":527},"start":{"column":19,"line":20,"offset":520}}},"metadata":[],"scope":{"containerScope":{"containerScope":{"containerScope":{"containerScope":{"contributions":{},"includedScopes":[]},"contributions":{},"includedScopes":[]},"contributions":{},"includedScopes":[]},"contributions":{},"includedScopes":[]},"contributions":{},"includedScopes":[]},"sourceMap":{"end":{"column":2,"line":22,"offset":552},"start":{"column":15,"line":20,"offset":516}}}},{"id":"de56e970-4cb9-4bdb-8067-cabc8274f8a2","isConstant":true,"metadata":[],"name":"frank","scope":{"containerScope":{"containerScope":{"containerScope":{"contributions":{},"includedScopes":[]},"contributions":{},"includedScopes":[]},"contributions":{},"includedScopes":[]},"contributions":{},"includedScopes":[]},"sourceMap":{"end":{"column":44,"line":23,"offset":596},"start":{"column":1,"line":23,"offset":553}},"value":{"args":[{"id":"8d55d5c1-5018-4229-9500-0df4020a56bb","metadata":[],"name":"temperatura","scope":{"containerScope":{"containerScope":{"containerScope":{"containerScope":{"containerScope":{"contributions":{},"includedScopes":[]},"contributions":{},"includedScopes":[]},"contributions":{},"includedScopes":[]},"contributions":{},"includedScopes":[]},"contributions":{},"includedScopes":[]},"contributions":{},"includedScopes":[]},"sourceMap":{"end":{"column":43,"line":23,"offset":595},"start":{"column":27,"line":23,"offset":579}},"value":{"id":"4f9fd03c-3968-4052-a7f5-59a3a02948ab","metadata":[],"scope":{"containerScope":{"containerScope":{"containerScope":{"containerScope":{"containerScope":{"containerScope":{"contributions":{},"includedScopes":[]},"contributions":{},"includedScopes":[]},"contributions":{},"includedScopes":[]},"contributions":{},"includedScopes":[]},"contributions":{},"includedScopes":[]},"contributions":{},"includedScopes":[]},"contributions":{},"includedScopes":[]},"sourceMap":{"end":{"column":43,"line":23,"offset":595},"start":{"column":41,"line":23,"offset":593}},"value":10}}],"id":"1acc7e32-2633-4d4c-9952-9c32bef1b94d","instantiated":{"id":"ae0cdf7c-a8c6-4450-b46f-566dbd3d1433","metadata":[],"name":"Persona","scope":{"containerScope":{"containerScope":{"containerScope":{"containerScope":{"containerScope":{"contributions":{},"includedScopes":[]},"contributions":{},"includedScopes":[]},"contributions":{},"includedScopes":[]},"contributions":{},"includedScopes":[]},"contributions":{},"includedScopes":[]},"contributions":{},"includedScopes":[]},"sourceMap":{"end":{"column":26,"line":23,"offset":578},"start":{"column":19,"line":23,"offset":571}}},"metadata":[],"scope":{"containerScope":{"containerScope":{"containerScope":{"containerScope":{"contributions":{},"includedScopes":[]},"contributions":{},"includedScopes":[]},"contributions":{},"includedScopes":[]},"contributions":{},"includedScopes":[]},"contributions":{},"includedScopes":[]},"sourceMap":{"end":{"column":44,"line":23,"offset":596},"start":{"column":15,"line":23,"offset":567}}}},{"id":"1647a71e-449b-4243-9140-91cd220f5f99","members":[{"id":"42171bb5-e6e6-4098-83e9-55376f0e3bb1","isConstant":false,"isProperty":false,"metadata":[],"name":"celulasAmenazadas","scope":{"containerScope":{"containerScope":{"containerScope":{"containerScope":{"contributions":{},"includedScopes":[]},"contributions":{},"includedScopes":[]},"contributions":{},"includedScopes":[]},"contributions":{},"includedScopes":[{"containerScope":{"containerScope":{"containerScope":{"contributions":{},"includedScopes":[]},"contributions":{},"includedScopes":[]},"contributions":{},"includedScopes":[]},"contributions":{},"includedScopes":[]}]},"contributions":{},"includedScopes":[]},"sourceMap":{"end":{"column":30,"line":26,"offset":656},"start":{"column":3,"line":26,"offset":629}},"value":{"id":"efd02569-760f-4297-8c66-1ec4e20f0c5e","metadata":[],"scope":{"containerScope":{"containerScope":{"containerScope":{"containerScope":{"containerScope":{"contributions":{},"includedScopes":[]},"contributions":{},"includedScopes":[]},"contributions":{},"includedScopes":[]},"contributions":{},"includedScopes":[{"containerScope":{"containerScope":{"containerScope":{"contributions":{},"includedScopes":[]},"contributions":{},"includedScopes":[]},"contributions":{},"includedScopes":[]},"contributions":{},"includedScopes":[]}]},"contributions":{},"includedScopes":[]},"contributions":{},"includedScopes":[]},"sourceMap":{"end":{"column":30,"line":26,"offset":656},"start":{"column":27,"line":26,"offset":653}},"value":500}},{"body":{"id":"4a94f12d-920d-466e-b4c3-3bfab3cd15fb","metadata":[],"problems":[],"scope":{"containerScope":{"containerScope":{"containerScope":{"containerScope":{"containerScope":{"contributions":{},"includedScopes":[]},"contributions":{},"includedScopes":[]},"contributions":{},"includedScopes":[]},"contributions":{},"includedScopes":[{"containerScope":{"containerScope":{"containerScope":{"contributions":{},"includedScopes":[]},"contributions":{},"includedScopes":[]},"contributions":{},"includedScopes":[]},"contributions":{},"includedScopes":[]}]},"contributions":{},"includedScopes":[]},"contributions":{},"includedScopes":[]},"sentences":[{"id":"b19281a4-912e-4c73-8822-5b2f6f66235e","metadata":[],"scope":{"containerScope":{"containerScope":{"containerScope":{"containerScope":{"containerScope":{"containerScope":{"contributions":{},"includedScopes":[]},"contributions":{},"includedScopes":[]},"contributions":{},"includedScopes":[]},"contributions":{},"includedScopes":[{"containerScope":{"containerScope":{"containerScope":{"contributions":{},"includedScopes":[]},"contributions":{},"includedScopes":[]},"contributions":{},"includedScopes":[]},"contributions":{},"includedScopes":[]}]},"contributions":{},"includedScopes":[]},"contributions":{},"includedScopes":[]},"contributions":{},"includedScopes":[]},"value":{"id":"5296b0ce-d069-469d-b132-d92e8a93ea8c","metadata":[],"scope":{"containerScope":{"containerScope":{"containerScope":{"containerScope":{"containerScope":{"containerScope":{"containerScope":{"contributions":{},"includedScopes":[]},"contributions":{},"includedScopes":[]},"contributions":{},"includedScopes":[]},"contributions":{},"includedScopes":[{"containerScope":{"containerScope":{"containerScope":{"contributions":{},"includedScopes":[]},"contributions":{},"includedScopes":[]},"contributions":{},"includedScopes":[]},"contributions":{},"includedScopes":[]}]},"contributions":{},"includedScopes":[]},"contributions":{},"includedScopes":[]},"contributions":{},"includedScopes":[]},"contributions":{},"includedScopes":[]},"sourceMap":{"end":{"column":35,"line":27,"offset":691},"start":{"column":31,"line":27,"offset":687}},"value":1000}}],"sourceMap":{"end":{"column":35,"line":27,"offset":691},"start":{"column":31,"line":27,"offset":687}}},"compiled":false,"id":"ea3fd11d-b4a2-470b-a32a-40804eaae20d","isOverride":false,"metadata":[],"name":"celulasAmenazadas","parameters":[],"problems":[],"scope":{"containerScope":{"containerScope":{"containerScope":{"containerScope":{"contributions":{},"includedScopes":[]},"contributions":{},"includedScopes":[]},"contributions":{},"includedScopes":[]},"contributions":{},"includedScopes":[{"containerScope":{"containerScope":{"containerScope":{"contributions":{},"includedScopes":[]},"contributions":{},"includedScopes":[]},"contributions":{},"includedScopes":[]},"contributions":{},"includedScopes":[]}]},"contributions":{},"includedScopes":[]},"sourceMap":{"end":{"column":35,"line":27,"offset":691},"start":{"column":3,"line":27,"offset":659}}},{"body":{"id":"78b51ac0-7352-4e9d-879c-64e00d4b1ea7","metadata":[],"problems":[],"scope":{"containerScope":{"containerScope":{"containerScope":{"containerScope":{"containerScope":{"contributions":{},"includedScopes":[]},"contributions":{},"includedScopes":[]},"contributions":{},"includedScopes":[]},"contributions":{},"includedScopes":[{"containerScope":{"containerScope":{"containerScope":{"contributions":{},"includedScopes":[]},"contributions":{},"includedScopes":[]},"contributions":{},"includedScopes":[]},"contributions":{},"includedScopes":[]}]},"contributions":{},"includedScopes":[]},"contributions":{},"includedScopes":[]},"sentences":[{"id":"f1b00fd6-3fd7-4cd1-9ffa-d580746d2746","metadata":[],"scope":{"containerScope":{"containerScope":{"containerScope":{"containerScope":{"containerScope":{"containerScope":{"contributions":{},"includedScopes":[]},"contributions":{},"includedScopes":[]},"contributions":{},"includedScopes":[]},"contributions":{},"includedScopes":[{"containerScope":{"containerScope":{"containerScope":{"contributions":{},"includedScopes":[]},"contributions":{},"includedScopes":[]},"contributions":{},"includedScopes":[]},"contributions":{},"includedScopes":[]}]},"contributions":{},"includedScopes":[]},"contributions":{},"includedScopes":[]},"contributions":{},"includedScopes":[]},"sourceMap":{"end":{"column":29,"line":29,"offset":744},"start":{"column":7,"line":29,"offset":722}},"value":{"args":[{"id":"9f88b344-69ba-4bd1-b96a-d39b9354ccdd","metadata":[],"scope":{"containerScope":{"containerScope":{"containerScope":{"containerScope":{"containerScope":{"containerScope":{"containerScope":{"containerScope":{"contributions":{},"includedScopes":[]},"contributions":{},"includedScopes":[]},"contributions":{},"includedScopes":[]},"contributions":{},"includedScopes":[{"containerScope":{"containerScope":{"containerScope":{"contributions":{},"includedScopes":[]},"contributions":{},"includedScopes":[]},"contributions":{},"includedScopes":[]},"contributions":{},"includedScopes":[]}]},"contributions":{},"includedScopes":[]},"contributions":{},"includedScopes":[]},"contributions":{},"includedScopes":[]},"contributions":{},"includedScopes":[]},"contributions":{},"includedScopes":[]},"sourceMap":{"end":{"column":29,"line":29,"offset":744},"start":{"column":28,"line":29,"offset":743}},"value":2}],"id":"8466d4ad-87ff-4d93-a215-a5a71b6c6525","message":"*","metadata":[],"receiver":{"id":"9dfff76d-5d57-467c-8e4b-37bbe3e4fbdb","metadata":[],"name":"celulasAmenazadas","scope":{"containerScope":{"containerScope":{"containerScope":{"containerScope":{"containerScope":{"containerScope":{"containerScope":{"containerScope":{"contributions":{},"includedScopes":[]},"contributions":{},"includedScopes":[]},"contributions":{},"includedScopes":[]},"contributions":{},"includedScopes":[{"containerScope":{"containerScope":{"containerScope":{"contributions":{},"includedScopes":[]},"contributions":{},"includedScopes":[]},"contributions":{},"includedScopes":[]},"contributions":{},"includedScopes":[]}]},"contributions":{},"includedScopes":[]},"contributions":{},"includedScopes":[]},"contributions":{},"includedScopes":[]},"contributions":{},"includedScopes":[]},"contributions":{},"includedScopes":[]},"sourceMap":{"end":{"column":24,"line":29,"offset":739},"start":{"column":7,"line":29,"offset":722}}},"scope":{"containerScope":{"containerScope":{"containerScope":{"containerScope":{"containerScope":{"containerScope":{"containerScope":{"contributions":{},"includedScopes":[]},"contributions":{},"includedScopes":[]},"contributions":{},"includedScopes":[]},"contributions":{},"includedScopes":[{"containerScope":{"containerScope":{"containerScope":{"contributions":{},"includedScopes":[]},"contributions":{},"includedScopes":[]},"contributions":{},"includedScopes":[]},"contributions":{},"includedScopes":[]}]},"contributions":{},"includedScopes":[]},"contributions":{},"includedScopes":[]},"contributions":{},"includedScopes":[]},"contributions":{},"includedScopes":[]}},"variable":{"id":"7dbcf601-59ab-4a00-85ec-7be2798d0294","metadata":[],"name":"celulasAmenazadas","scope":{"containerScope":{"containerScope":{"containerScope":{"containerScope":{"containerScope":{"containerScope":{"containerScope":{"contributions":{},"includedScopes":[]},"contributions":{},"includedScopes":[]},"contributions":{},"includedScopes":[]},"contributions":{},"includedScopes":[{"containerScope":{"containerScope":{"containerScope":{"contributions":{},"includedScopes":[]},"contributions":{},"includedScopes":[]},"contributions":{},"includedScopes":[]},"contributions":{},"includedScopes":[]}]},"contributions":{},"includedScopes":[]},"contributions":{},"includedScopes":[]},"contributions":{},"includedScopes":[]},"contributions":{},"includedScopes":[]},"sourceMap":{"end":{"column":24,"line":29,"offset":739},"start":{"column":7,"line":29,"offset":722}}}}],"sourceMap":{"end":{"column":4,"line":30,"offset":748},"start":{"column":23,"line":28,"offset":714}}},"compiled":false,"id":"d5919724-b459-4aa8-8bfa-083c806fb50f","isOverride":false,"metadata":[],"name":"reproducite","parameters":[],"problems":[],"scope":{"containerScope":{"containerScope":{"containerScope":{"containerScope":{"contributions":{},"includedScopes":[]},"contributions":{},"includedScopes":[]},"contributions":{},"includedScopes":[]},"contributions":{},"includedScopes":[{"containerScope":{"containerScope":{"containerScope":{"contributions":{},"includedScopes":[]},"contributions":{},"includedScopes":[]},"contributions":{},"includedScopes":[]},"contributions":{},"includedScopes":[]}]},"contributions":{},"includedScopes":[]},"sourceMap":{"end":{"column":4,"line":30,"offset":748},"start":{"column":3,"line":28,"offset":694}}}],"metadata":[],"name":"EnfermedadInfecciosa","problems":[],"scope":{"containerScope":{"containerScope":{"containerScope":{"contributions":{},"includedScopes":[]},"contributions":{},"includedScopes":[]},"contributions":{},"includedScopes":[]},"contributions":{},"includedScopes":[{"containerScope":{"containerScope":{"containerScope":{"contributions":{},"includedScopes":[]},"contributions":{},"includedScopes":[]},"contributions":{},"includedScopes":[]},"contributions":{},"includedScopes":[]}]},"sourceMap":{"end":{"column":2,"line":31,"offset":750},"start":{"column":1,"line":25,"offset":598}},"supertypes":[]},{"id":"f076560a-e86c-4be2-bbb7-94156a6c4f0c","isConstant":true,"metadata":[],"name":"malaria500","scope":{"containerScope":{"containerScope":{"containerScope":{"contributions":{},"includedScopes":[]},"contributions":{},"includedScopes":[]},"contributions":{},"includedScopes":[]},"contributions":{},"includedScopes":[]},"sourceMap":{"end":{"column":71,"line":36,"offset":825},"start":{"column":1,"line":36,"offset":755}},"value":{"args":[{"id":"c4c0ef4d-d6ff-41c4-bfcc-05003cfa987d","metadata":[],"name":"celulasAmenazadas","scope":{"containerScope":{"containerScope":{"containerScope":{"containerScope":{"containerScope":{"contributions":{},"includedScopes":[]},"contributions":{},"includedScopes":[]},"contributions":{},"includedScopes":[]},"contributions":{},"includedScopes":[]},"contributions":{},"includedScopes":[]},"contributions":{},"includedScopes":[]},"sourceMap":{"end":{"column":70,"line":36,"offset":824},"start":{"column":47,"line":36,"offset":801}},"value":{"id":"bb6709df-d70c-4483-b751-423b329c2ab2","metadata":[],"scope":{"containerScope":{"containerScope":{"containerScope":{"containerScope":{"containerScope":{"containerScope":{"contributions":{},"includedScopes":[]},"contributions":{},"includedScopes":[]},"contributions":{},"includedScopes":[]},"contributions":{},"includedScopes":[]},"contributions":{},"includedScopes":[]},"contributions":{},"includedScopes":[]},"contributions":{},"includedScopes":[]},"sourceMap":{"end":{"column":70,"line":36,"offset":824},"start":{"column":67,"line":36,"offset":821}},"value":500}}],"id":"e010f4ce-5744-4e1e-9e9c-0ac44071c4d9","instantiated":{"id":"27353625-d981-4543-bee1-4782b217acc1","metadata":[],"name":"EnfermedadInfecciosa","scope":{"containerScope":{"containerScope":{"containerScope":{"containerScope":{"containerScope":{"contributions":{},"includedScopes":[]},"contributions":{},"includedScopes":[]},"contributions":{},"includedScopes":[]},"contributions":{},"includedScopes":[]},"contributions":{},"includedScopes":[]},"contributions":{},"includedScopes":[]},"sourceMap":{"end":{"column":44,"line":36,"offset":798},"start":{"column":24,"line":36,"offset":778}}},"metadata":[],"scope":{"containerScope":{"containerScope":{"containerScope":{"containerScope":{"contributions":{},"includedScopes":[]},"contributions":{},"includedScopes":[]},"contributions":{},"includedScopes":[]},"contributions":{},"includedScopes":[]},"contributions":{},"includedScopes":[]},"sourceMap":{"end":{"column":71,"line":36,"offset":825},"start":{"column":20,"line":36,"offset":774}}}},{"id":"6e95046c-5ae2-4822-a870-bf48eae1eecd","isConstant":true,"metadata":[],"name":"malaria800","scope":{"containerScope":{"containerScope":{"containerScope":{"contributions":{},"includedScopes":[]},"contributions":{},"includedScopes":[]},"contributions":{},"includedScopes":[]},"contributions":{},"includedScopes":[]},"sourceMap":{"end":{"column":70,"line":37,"offset":895},"start":{"column":1,"line":37,"offset":826}},"value":{"args":[{"id":"e3f187b4-6fcb-463b-809e-e7a840730f9c","metadata":[],"name":"celulasAmenazadas","scope":{"containerScope":{"containerScope":{"containerScope":{"containerScope":{"containerScope":{"contributions":{},"includedScopes":[]},"contributions":{},"includedScopes":[]},"contributions":{},"includedScopes":[]},"contributions":{},"includedScopes":[]},"contributions":{},"includedScopes":[]},"contributions":{},"includedScopes":[]},"sourceMap":{"end":{"column":69,"line":37,"offset":894},"start":{"column":46,"line":37,"offset":871}},"value":{"id":"4d74b3de-0728-49c7-af3a-7f887fcf0c96","metadata":[],"scope":{"containerScope":{"containerScope":{"containerScope":{"containerScope":{"containerScope":{"containerScope":{"contributions":{},"includedScopes":[]},"contributions":{},"includedScopes":[]},"contributions":{},"includedScopes":[]},"contributions":{},"includedScopes":[]},"contributions":{},"includedScopes":[]},"contributions":{},"includedScopes":[]},"contributions":{},"includedScopes":[]},"sourceMap":{"end":{"column":69,"line":37,"offset":894},"start":{"column":66,"line":37,"offset":891}},"value":800}}],"id":"fcc0096a-df91-4fd7-afde-d1b416c07213","instantiated":{"id":"17fd976b-bc6c-4d5c-b3de-bda327d8e266","metadata":[],"name":"EnfermedadInfecciosa","scope":{"containerScope":{"containerScope":{"containerScope":{"containerScope":{"containerScope":{"contributions":{},"includedScopes":[]},"contributions":{},"includedScopes":[]},"contributions":{},"includedScopes":[]},"contributions":{},"includedScopes":[]},"contributions":{},"includedScopes":[]},"contributions":{},"includedScopes":[]},"sourceMap":{"end":{"column":44,"line":37,"offset":869},"start":{"column":24,"line":37,"offset":849}}},"metadata":[],"scope":{"containerScope":{"containerScope":{"containerScope":{"containerScope":{"contributions":{},"includedScopes":[]},"contributions":{},"includedScopes":[]},"contributions":{},"includedScopes":[]},"contributions":{},"includedScopes":[]},"contributions":{},"includedScopes":[]},"sourceMap":{"end":{"column":70,"line":37,"offset":895},"start":{"column":20,"line":37,"offset":845}}}},{"id":"609a024c-127e-495d-bce9-67a6836d1df8","isConstant":true,"metadata":[],"name":"otitis800","scope":{"containerScope":{"containerScope":{"containerScope":{"contributions":{},"includedScopes":[]},"contributions":{},"includedScopes":[]},"contributions":{},"includedScopes":[]},"contributions":{},"includedScopes":[]},"sourceMap":{"end":{"column":22,"line":38,"offset":917},"start":{"column":1,"line":38,"offset":896}},"value":{"id":"2003e437-8295-4e91-91ea-6927a3cae09a","metadata":[],"name":"new","scope":{"containerScope":{"containerScope":{"containerScope":{"containerScope":{"contributions":{},"includedScopes":[]},"contributions":{},"includedScopes":[]},"contributions":{},"includedScopes":[]},"contributions":{},"includedScopes":[]},"contributions":{},"includedScopes":[]},"sourceMap":{"end":{"column":22,"line":38,"offset":917},"start":{"column":19,"line":38,"offset":914}}}}],"metadata":[],"name":"example","problems":[{"code":"malformedEntity","sourceMap":{"end":{"column":0,"line":39,"offset":938},"start":{"column":23,"line":38,"offset":918}}}],"scope":{"containerScope":{"containerScope":{"contributions":{},"includedScopes":[]},"contributions":{},"includedScopes":[]},"contributions":{},"includedScopes":[]}},"stack":"Error: Failed to print, found malformed node\n    at /home/tiaguinni/.vscode/extensions/uqbar.wollok-lsp-ide-0.5.5/out/server/src/server.js:68:3585\n    at Ybn (/home/tiaguinni/.vscode/extensions/uqbar.wollok-lsp-ide-0.5.5/out/server/src/server.js:68:3396)\n    at /home/tiaguinni/.vscode/extensions/uqbar.wollok-lsp-ide-0.5.5/out/server/src/server.js:2430:847\n    at /home/tiaguinni/.vscode/extensions/uqbar.wollok-lsp-ide-0.5.5/out/server/src/server.js:2430:8440\n    at /home/tiaguinni/.vscode/extensions/uqbar.wollok-lsp-ide-0.5.5/out/server/src/server.js:37:74770\n    at Ke (/home/tiaguinni/.vscode/extensions/uqbar.wollok-lsp-ide-0.5.5/out/server/src/server.js:7:8527)\n    at It (/home/tiaguinni/.vscode/extensions/uqbar.wollok-lsp-ide-0.5.5/out/server/src/server.js:7:6189)\n    at et (/home/tiaguinni/.vscode/extensions/uqbar.wollok-lsp-ide-0.5.5/out/server/src/server.js:7:6378)\n    at Immediate._onImmediate (/home/tiaguinni/.vscode/extensions/uqbar.wollok-lsp-ide-0.5.5/out/server/src/server.js:7:6142)\n    at process.processImmediate (node:internal/timers:504:21)","timestamp":"2026-09-23T13:28:10.105Z"}
{"level":"info","message":"⌛ Building environment","timeElapsed":134,"timestamp":"2026-09-23T13:28:12.841Z"}
{"level":"info","message":"⌛ Validating EXAMEN-Wollok/example.wlk","timeElapsed":160,"timestamp":"2026-09-23T13:28:13.010Z"}
{"level":"info","message":"⌛ Building environment","timeElapsed":142,"timestamp":"2026-09-23T13:28:13.294Z"}
{"level":"info","message":"⌛ Validating EXAMEN-Wollok/example.wlk","timeElapsed":152,"timestamp":"2026-09-23T13:28:13.460Z"}
{"level":"info","message":"⌛ Building environment","timeElapsed":127,"timestamp":"2026-09-23T13:28:14.724Z"}
{"level":"info","message":"⌛ Validating EXAMEN-Wollok/example.wlk","timeElapsed":160,"timestamp":"2026-09-23T13:28:14.892Z"}
{"level":"info","message":"⌛ Validating EXAMEN-Wollok/example.wlk","timeElapsed":162,"timestamp":"2026-09-23T13:28:15.149Z"}
{"level":"info","message":"⌛ Validating EXAMEN-Wollok/example.wlk","timeElapsed":153,"timestamp":"2026-09-23T13:28:15.516Z"}
{"level":"info","message":"⌛ Validating EXAMEN-Wollok/example.wlk","timeElapsed":178,"timestamp":"2026-09-23T13:28:15.696Z"}
{"level":"info","message":"⌛ Validating EXAMEN-Wollok/example.wlk","timeElapsed":166,"timestamp":"2026-09-23T13:28:15.971Z"}
{"level":"info","message":"⌛ Building environment","timeElapsed":106,"timestamp":"2026-09-23T13:28:16.117Z"}
{"level":"info","message":"⌛ Validating EXAMEN-Wollok/example.wlk","timeElapsed":151,"timestamp":"2026-09-23T13:28:16.274Z"}
{"level":"info","message":"⌛ Building environment","timeElapsed":118,"timestamp":"2026-09-23T13:28:16.396Z"}
{"level":"info","message":"⌛ Validating EXAMEN-Wollok/example.wlk","timeElapsed":146,"timestamp":"2026-09-23T13:28:16.546Z"}
{"level":"info","message":"⌛ Building environment","timeElapsed":122,"timestamp":"2026-09-23T13:28:17.591Z"}
{"level":"info","message":"⌛ Validating EXAMEN-Wollok/example.wlk","timeElapsed":153,"timestamp":"2026-09-23T13:28:17.756Z"}
{"level":"info","message":"⌛ Building environment","timeElapsed":112,"timestamp":"2026-09-23T13:28:17.868Z"}
{"level":"info","message":"⌛ Building environment","timeElapsed":102,"timestamp":"2026-09-23T13:28:17.980Z"}
{"level":"info","message":"⌛ Validating EXAMEN-Wollok/example.wlk","timeElapsed":150,"timestamp":"2026-09-23T13:28:18.131Z"}
{"level":"info","message":"⌛ Validating EXAMEN-Wollok/example.wlk","timeElapsed":146,"timestamp":"2026-09-23T13:28:18.366Z"}
{"level":"info","message":"⌛ Validating EXAMEN-Wollok/example.wlk","timeElapsed":134,"timestamp":"2026-09-23T13:28:18.511Z"}
{"level":"info","message":"⌛ Building environment","timeElapsed":194,"timestamp":"2026-09-23T13:28:18.850Z"}
{"level":"info","message":"⌛ Validating EXAMEN-Wollok/example.wlk","timeElapsed":146,"timestamp":"2026-09-23T13:28:19.006Z"}
{"level":"info","message":"⌛ Building environment","timeElapsed":119,"timestamp":"2026-09-23T13:28:19.387Z"}
{"level":"info","message":"⌛ Validating EXAMEN-Wollok/example.wlk","timeElapsed":151,"timestamp":"2026-09-23T13:28:19.547Z"}
{"level":"info","message":"⌛ Building environment","timeElapsed":154,"timestamp":"2026-09-23T13:28:21.029Z"}
{"level":"info","message":"⌛ Validating EXAMEN-Wollok/example.wlk","timeElapsed":175,"timestamp":"2026-09-23T13:28:21.208Z"}
{"level":"info","message":"⌛ Building environment","timeElapsed":109,"timestamp":"2026-09-23T13:28:21.320Z"}
{"level":"info","message":"⌛ Validating EXAMEN-Wollok/example.wlk","timeElapsed":140,"timestamp":"2026-09-23T13:28:21.466Z"}
{"level":"info","message":"⌛ Building environment","timeElapsed":160,"timestamp":"2026-09-23T13:28:24.900Z"}
{"level":"info","message":"⌛ Validating EXAMEN-Wollok/example.wlk","timeElapsed":159,"timestamp":"2026-09-23T13:28:25.152Z"}
{"level":"info","message":"⌛ Validating EXAMEN-Wollok/example.wlk","timeElapsed":139,"timestamp":"2026-09-23T13:28:25.293Z"}
{"level":"info","message":"⌛ Building environment","timeElapsed":102,"timestamp":"2026-09-23T13:28:25.395Z"}
{"level":"info","message":"⌛ Validating EXAMEN-Wollok/example.wlk","timeElapsed":157,"timestamp":"2026-09-23T13:28:25.559Z"}
{"level":"info","message":"⌛ Validating EXAMEN-Wollok/example.wlk","timeElapsed":168,"timestamp":"2026-09-23T13:28:25.828Z"}
{"level":"info","message":"⌛ Building environment","timeElapsed":123,"timestamp":"2026-09-23T13:28:25.963Z"}
{"level":"info","message":"⌛ Validating EXAMEN-Wollok/example.wlk","timeElapsed":294,"timestamp":"2026-09-23T13:28:26.300Z"}
{"level":"info","message":"⌛ Building environment","timeElapsed":109,"timestamp":"2026-09-23T13:28:50.899Z"}
{"level":"info","message":"⌛ Validating EXAMEN-Wollok/example.wlk","timeElapsed":139,"timestamp":"2026-09-23T13:28:51.042Z"}
{"level":"info","message":"⌛ Building environment","timeElapsed":128,"timestamp":"2026-09-23T13:28:52.327Z"}
{"level":"info","message":"⌛ Validating EXAMEN-Wollok/example.wlk","timeElapsed":176,"timestamp":"2026-09-23T13:28:52.506Z"}
{"level":"info","message":"⌛ Validating EXAMEN-Wollok/example.wlk","timeElapsed":142,"timestamp":"2026-09-23T13:28:52.749Z"}
{"level":"info","message":"⌛ Building environment","timeElapsed":112,"timestamp":"2026-09-23T13:28:53.602Z"}
{"level":"info","message":"⌛ Validating EXAMEN-Wollok/example.wlk","timeElapsed":144,"timestamp":"2026-09-23T13:28:53.750Z"}
{"level":"info","message":"⌛ Building environment","timeElapsed":116,"timestamp":"2026-09-23T13:28:54.680Z"}
{"level":"info","message":"⌛ Validating EXAMEN-Wollok/example.wlk","timeElapsed":146,"timestamp":"2026-09-23T13:28:54.829Z"}
{"level":"info","message":"⌛ Building environment","timeElapsed":134,"timestamp":"2026-09-23T13:29:32.791Z"}
{"level":"info","message":"⌛ Building environment","timeElapsed":104,"timestamp":"2026-09-23T13:29:32.894Z"}
{"level":"info","message":"⌛ Validating EXAMEN-Wollok/example.wlk","timeElapsed":164,"timestamp":"2026-09-23T13:29:33.058Z"}
{"level":"info","message":"⌛ Validating EXAMEN-Wollok/example.wlk","timeElapsed":177,"timestamp":"2026-09-23T13:29:33.236Z"}
{"level":"info","message":"⌛ Building environment","timeElapsed":103,"timestamp":"2026-09-23T13:29:33.434Z"}
{"level":"error","message":"✘ Failed to rebuild document Failed to parse EXAMEN-Wollok/example.wlk: \n-- PARSING FAILED --------------------------------------------------\n\n  39 | const\n  40 | \n> 41 | /*\n     | ^\n  42 |   CLASES!! nos simplifica para no repetir logica!\n  43 |     class Nombre{}\n\nExpected one of the following: \n\nidentifier, whitespace\n","stack":"Error: Failed to parse EXAMEN-Wollok/example.wlk: \n-- PARSING FAILED --------------------------------------------------\n\n  39 | const\n  40 | \n> 41 | /*\n     | ^\n  42 |   CLASES!! nos simplifica para no repetir logica!\n  43 |     class Nombre{}\n\nExpected one of the following: \n\nidentifier, whitespace\n\n    at /home/tiaguinni/.vscode/extensions/uqbar.wollok-lsp-ide-0.5.5/out/server/src/server.js:2385:13026\n    at Array.map (<anonymous>)\n    at z1n (/home/tiaguinni/.vscode/extensions/uqbar.wollok-lsp-ide-0.5.5/out/server/src/server.js:2385:12950)\n    at H2.buildEnvironmentFrom (/home/tiaguinni/.vscode/extensions/uqbar.wollok-lsp-ide-0.5.5/out/server/src/server.js:2430:5254)\n    at H2.updateEnvironmentWith (/home/tiaguinni/.vscode/extensions/uqbar.wollok-lsp-ide-0.5.5/out/server/src/server.js:2430:4989)\n    at QF (/home/tiaguinni/.vscode/extensions/uqbar.wollok-lsp-ide-0.5.5/out/server/src/server.js:2430:7383)\n    at V3.invoke (/home/tiaguinni/.vscode/extensions/uqbar.wollok-lsp-ide-0.5.5/out/server/src/server.js:3:157330)\n    at o.fire (/home/tiaguinni/.vscode/extensions/uqbar.wollok-lsp-ide-0.5.5/out/server/src/server.js:3:158100)\n    at /home/tiaguinni/.vscode/extensions/uqbar.wollok-lsp-ide-0.5.5/out/server/src/server.js:37:57871\n    at nd (/home/tiaguinni/.vscode/extensions/uqbar.wollok-lsp-ide-0.5.5/out/server/src/server.js:8:1561)","timestamp":"2026-09-23T13:29:33.457Z"}
{"level":"info","message":"⌛ Validating EXAMEN-Wollok/example.wlk","timeElapsed":167,"timestamp":"2026-09-23T13:29:33.624Z"}
{"level":"info","message":"⌛ Validating EXAMEN-Wollok/example.wlk","timeElapsed":148,"timestamp":"2026-09-23T13:29:33.772Z"}
{"level":"error","message":"✘ Failed to rebuild document Failed to parse EXAMEN-Wollok/example.wlk: \n-- PARSING FAILED --------------------------------------------------\n\n  39 | const \n  40 | \n> 41 | /*\n     | ^\n  42 |   CLASES!! nos simplifica para no repetir logica!\n  43 |     class Nombre{}\n\nExpected one of the following: \n\nidentifier, whitespace\n","stack":"Error: Failed to parse EXAMEN-Wollok/example.wlk: \n-- PARSING FAILED --------------------------------------------------\n\n  39 | const \n  40 | \n> 41 | /*\n     | ^\n  42 |   CLASES!! nos simplifica para no repetir logica!\n  43 |     class Nombre{}\n\nExpected one of the following: \n\nidentifier, whitespace\n\n    at /home/tiaguinni/.vscode/extensions/uqbar.wollok-lsp-ide-0.5.5/out/server/src/server.js:2385:13026\n    at Array.map (<anonymous>)\n    at z1n (/home/tiaguinni/.vscode/extensions/uqbar.wollok-lsp-ide-0.5.5/out/server/src/server.js:2385:12950)\n    at H2.buildEnvironmentFrom (/home/tiaguinni/.vscode/extensions/uqbar.wollok-lsp-ide-0.5.5/out/server/src/server.js:2430:5254)\n    at H2.updateEnvironmentWith (/home/tiaguinni/.vscode/extensions/uqbar.wollok-lsp-ide-0.5.5/out/server/src/server.js:2430:4989)\n    at QF (/home/tiaguinni/.vscode/extensions/uqbar.wollok-lsp-ide-0.5.5/out/server/src/server.js:2430:7383)\n    at V3.invoke (/home/tiaguinni/.vscode/extensions/uqbar.wollok-lsp-ide-0.5.5/out/server/src/server.js:3:157330)\n    at o.fire (/home/tiaguinni/.vscode/extensions/uqbar.wollok-lsp-ide-0.5.5/out/server/src/server.js:3:158100)\n    at /home/tiaguinni/.vscode/extensions/uqbar.wollok-lsp-ide-0.5.5/out/server/src/server.js:37:57871\n    at nd (/home/tiaguinni/.vscode/extensions/uqbar.wollok-lsp-ide-0.5.5/out/server/src/server.js:8:1561)","timestamp":"2026-09-23T13:29:34.149Z"}
{"level":"error","message":"✘ Failed to rebuild document Failed to parse EXAMEN-Wollok/example.wlk: \n-- PARSING FAILED --------------------------------------------------\n\n  39 | const  \n  40 | \n> 41 | /*\n     | ^\n  42 |   CLASES!! nos simplifica para no repetir logica!\n  43 |     class Nombre{}\n\nExpected one of the following: \n\nidentifier, whitespace\n","stack":"Error: Failed to parse EXAMEN-Wollok/example.wlk: \n-- PARSING FAILED --------------------------------------------------\n\n  39 | const  \n  40 | \n> 41 | /*\n     | ^\n  42 |   CLASES!! nos simplifica para no repetir logica!\n  43 |     class Nombre{}\n\nExpected one of the following: \n\nidentifier, whitespace\n\n    at /home/tiaguinni/.vscode/extensions/uqbar.wollok-lsp-ide-0.5.5/out/server/src/server.js:2385:13026\n    at Array.map (<anonymous>)\n    at z1n (/home/tiaguinni/.vscode/extensions/uqbar.wollok-lsp-ide-0.5.5/out/server/src/server.js:2385:12950)\n    at H2.buildEnvironmentFrom (/home/tiaguinni/.vscode/extensions/uqbar.wollok-lsp-ide-0.5.5/out/server/src/server.js:2430:5254)\n    at H2.updateEnvironmentWith (/home/tiaguinni/.vscode/extensions/uqbar.wollok-lsp-ide-0.5.5/out/server/src/server.js:2430:4989)\n    at QF (/home/tiaguinni/.vscode/extensions/uqbar.wollok-lsp-ide-0.5.5/out/server/src/server.js:2430:7383)\n    at V3.invoke (/home/tiaguinni/.vscode/extensions/uqbar.wollok-lsp-ide-0.5.5/out/server/src/server.js:3:157330)\n    at o.fire (/home/tiaguinni/.vscode/extensions/uqbar.wollok-lsp-ide-0.5.5/out/server/src/server.js:3:158100)\n    at /home/tiaguinni/.vscode/extensions/uqbar.wollok-lsp-ide-0.5.5/out/server/src/server.js:37:57871\n    at nd (/home/tiaguinni/.vscode/extensions/uqbar.wollok-lsp-ide-0.5.5/out/server/src/server.js:8:1561)","timestamp":"2026-09-23T13:29:56.448Z"}
{"level":"error","message":"✘ Failed to rebuild document Failed to parse EXAMEN-Wollok/example.wlk: \n-- PARSING FAILED --------------------------------------------------\n\n  39 | const \n  40 | \n> 41 | /*\n     | ^\n  42 |   CLASES!! nos simplifica para no repetir logica!\n  43 |     class Nombre{}\n\nExpected one of the following: \n\nidentifier, whitespace\n","stack":"Error: Failed to parse EXAMEN-Wollok/example.wlk: \n-- PARSING FAILED --------------------------------------------------\n\n  39 | const \n  40 | \n> 41 | /*\n     | ^\n  42 |   CLASES!! nos simplifica para no repetir logica!\n  43 |     class Nombre{}\n\nExpected one of the following: \n\nidentifier, whitespace\n\n    at /home/tiaguinni/.vscode/extensions/uqbar.wollok-lsp-ide-0.5.5/out/server/src/server.js:2385:13026\n    at Array.map (<anonymous>)\n    at z1n (/home/tiaguinni/.vscode/extensions/uqbar.wollok-lsp-ide-0.5.5/out/server/src/server.js:2385:12950)\n    at H2.buildEnvironmentFrom (/home/tiaguinni/.vscode/extensions/uqbar.wollok-lsp-ide-0.5.5/out/server/src/server.js:2430:5254)\n    at H2.updateEnvironmentWith (/home/tiaguinni/.vscode/extensions/uqbar.wollok-lsp-ide-0.5.5/out/server/src/server.js:2430:4989)\n    at QF (/home/tiaguinni/.vscode/extensions/uqbar.wollok-lsp-ide-0.5.5/out/server/src/server.js:2430:7383)\n    at V3.invoke (/home/tiaguinni/.vscode/extensions/uqbar.wollok-lsp-ide-0.5.5/out/server/src/server.js:3:157330)\n    at o.fire (/home/tiaguinni/.vscode/extensions/uqbar.wollok-lsp-ide-0.5.5/out/server/src/server.js:3:158100)\n    at /home/tiaguinni/.vscode/extensions/uqbar.wollok-lsp-ide-0.5.5/out/server/src/server.js:37:57871\n    at nd (/home/tiaguinni/.vscode/extensions/uqbar.wollok-lsp-ide-0.5.5/out/server/src/server.js:8:1561)","timestamp":"2026-09-23T13:29:57.585Z"}
{"level":"info","message":"⌛ Building environment","timeElapsed":149,"timestamp":"2026-09-23T13:29:58.012Z"}
{"level":"info","message":"⌛ Validating EXAMEN-Wollok/example.wlk","timeElapsed":174,"timestamp":"2026-09-23T13:29:58.189Z"}
{"level":"info","message":"⌛ Building environment","timeElapsed":144,"timestamp":"2026-09-23T13:29:58.335Z"}
{"level":"info","message":"⌛ Building environment","timeElapsed":112,"timestamp":"2026-09-23T13:29:58.448Z"}
{"level":"info","message":"⌛ Validating EXAMEN-Wollok/example.wlk","timeElapsed":212,"timestamp":"2026-09-23T13:29:58.668Z"}
{"level":"info","message":"⌛ Validating EXAMEN-Wollok/example.wlk","timeElapsed":227,"timestamp":"2026-09-23T13:29:58.903Z"}
{"level":"info","message":"⌛ Building environment","timeElapsed":113,"timestamp":"2026-09-23T13:29:59.017Z"}
{"level":"info","message":"⌛ Validating EXAMEN-Wollok/example.wlk","timeElapsed":160,"timestamp":"2026-09-23T13:29:59.279Z"}
{"level":"info","message":"⌛ Validating EXAMEN-Wollok/example.wlk","timeElapsed":150,"timestamp":"2026-09-23T13:29:59.431Z"}
{"level":"error","message":"✘ Completions for node Variable ([39:1, 39:12] - EXAMEN-Wollok/example.wlk) failed: Error: EXAMEN-Wollok.example.lopus [Variable]{c3c87d} at EXAMEN-Wollok/example.wlk:39 exhausted all cases without a match EXAMEN-Wollok.example.lopus [Variable]{c3c87d} at EXAMEN-Wollok/example.wlk:39 exhausted all cases without a match","stack":"Error: EXAMEN-Wollok.example.lopus [Variable]{c3c87d} at EXAMEN-Wollok/example.wlk:39 exhausted all cases without a match\n    at /home/tiaguinni/.vscode/extensions/uqbar.wollok-lsp-ide-0.5.5/out/server/src/server.js:38:6142\n    at L2 (/home/tiaguinni/.vscode/extensions/uqbar.wollok-lsp-ide-0.5.5/out/server/src/server.js:2421:42)\n    at /home/tiaguinni/.vscode/extensions/uqbar.wollok-lsp-ide-0.5.5/out/server/src/server.js:2421:2988\n    at /home/tiaguinni/.vscode/extensions/uqbar.wollok-lsp-ide-0.5.5/out/server/src/server.js:2430:8440\n    at /home/tiaguinni/.vscode/extensions/uqbar.wollok-lsp-ide-0.5.5/out/server/src/server.js:37:74872\n    at Ke (/home/tiaguinni/.vscode/extensions/uqbar.wollok-lsp-ide-0.5.5/out/server/src/server.js:7:8527)\n    at It (/home/tiaguinni/.vscode/extensions/uqbar.wollok-lsp-ide-0.5.5/out/server/src/server.js:7:6189)\n    at et (/home/tiaguinni/.vscode/extensions/uqbar.wollok-lsp-ide-0.5.5/out/server/src/server.js:7:6378)\n    at Immediate._onImmediate (/home/tiaguinni/.vscode/extensions/uqbar.wollok-lsp-ide-0.5.5/out/server/src/server.js:7:6142)\n    at process.processImmediate (node:internal/timers:504:21)","timestamp":"2026-09-23T13:29:59.510Z"}
{"level":"info","message":"⌛ Building environment","timeElapsed":124,"timestamp":"2026-09-23T13:30:00.300Z"}
{"level":"info","message":"⌛ Validating EXAMEN-Wollok/example.wlk","timeElapsed":143,"timestamp":"2026-09-23T13:30:00.447Z"}
{"level":"info","message":"⌛ Building environment","timeElapsed":101,"timestamp":"2026-09-23T13:30:00.563Z"}
{"level":"info","message":"⌛ Validating EXAMEN-Wollok/example.wlk","timeElapsed":185,"timestamp":"2026-09-23T13:30:00.752Z"}
{"level":"info","message":"⌛ Building environment","timeElapsed":137,"timestamp":"2026-09-23T13:30:00.889Z"}
{"level":"info","message":"⌛ Validating EXAMEN-Wollok/example.wlk","timeElapsed":148,"timestamp":"2026-09-23T13:30:01.059Z"}
{"level":"error","message":"✘ Completions for node Variable ([39:1, 39:15] - EXAMEN-Wollok/example.wlk) failed: Error: EXAMEN-Wollok.example.lopus100 [Variable]{46742d} at EXAMEN-Wollok/example.wlk:39 exhausted all cases without a match EXAMEN-Wollok.example.lopus100 [Variable]{46742d} at EXAMEN-Wollok/example.wlk:39 exhausted all cases without a match","stack":"Error: EXAMEN-Wollok.example.lopus100 [Variable]{46742d} at EXAMEN-Wollok/example.wlk:39 exhausted all cases without a match\n    at /home/tiaguinni/.vscode/extensions/uqbar.wollok-lsp-ide-0.5.5/out/server/src/server.js:38:6142\n    at L2 (/home/tiaguinni/.vscode/extensions/uqbar.wollok-lsp-ide-0.5.5/out/server/src/server.js:2421:42)\n    at /home/tiaguinni/.vscode/extensions/uqbar.wollok-lsp-ide-0.5.5/out/server/src/server.js:2421:2988\n    at /home/tiaguinni/.vscode/extensions/uqbar.wollok-lsp-ide-0.5.5/out/server/src/server.js:2430:8440\n    at /home/tiaguinni/.vscode/extensions/uqbar.wollok-lsp-ide-0.5.5/out/server/src/server.js:37:74872\n    at Ke (/home/tiaguinni/.vscode/extensions/uqbar.wollok-lsp-ide-0.5.5/out/server/src/server.js:7:8527)\n    at It (/home/tiaguinni/.vscode/extensions/uqbar.wollok-lsp-ide-0.5.5/out/server/src/server.js:7:6189)\n    at et (/home/tiaguinni/.vscode/extensions/uqbar.wollok-lsp-ide-0.5.5/out/server/src/server.js:7:6378)\n    at Immediate._onImmediate (/home/tiaguinni/.vscode/extensions/uqbar.wollok-lsp-ide-0.5.5/out/server/src/server.js:7:6142)\n    at process.processImmediate (node:internal/timers:504:21)","timestamp":"2026-09-23T13:30:01.432Z"}
{"level":"info","message":"⌛ Building environment","timeElapsed":139,"timestamp":"2026-09-23T13:30:03.101Z"}
{"level":"info","message":"⌛ Validating EXAMEN-Wollok/example.wlk","timeElapsed":133,"timestamp":"2026-09-23T13:30:03.243Z"}
{"level":"info","message":"⌛ Validating EXAMEN-Wollok/example.wlk","timeElapsed":135,"timestamp":"2026-09-23T13:30:03.904Z"}
{"level":"info","message":"⌛ Building environment","timeElapsed":101,"timestamp":"2026-09-23T13:30:04.245Z"}
{"level":"info","message":"⌛ Validating EXAMEN-Wollok/example.wlk","timeElapsed":162,"timestamp":"2026-09-23T13:30:04.423Z"}
{"level":"info","message":"⌛ Building environment","timeElapsed":180,"timestamp":"2026-09-23T13:30:04.605Z"}
{"level":"info","message":"⌛ Validating EXAMEN-Wollok/example.wlk","timeElapsed":153,"timestamp":"2026-09-23T13:30:04.763Z"}
{"level":"info","message":"⌛ Building environment","timeElapsed":120,"timestamp":"2026-09-23T13:30:04.945Z"}
{"level":"info","message":"⌛ Building environment","timeElapsed":149,"timestamp":"2026-09-23T13:30:05.094Z"}
{"level":"info","message":"⌛ Validating EXAMEN-Wollok/example.wlk","timeElapsed":255,"timestamp":"2026-09-23T13:30:05.370Z"}
{"level":"info","message":"⌛ Validating EXAMEN-Wollok/example.wlk","timeElapsed":147,"timestamp":"2026-09-23T13:30:05.525Z"}
{"level":"info","message":"⌛ Validating EXAMEN-Wollok/example.wlk","timeElapsed":146,"timestamp":"2026-09-23T13:30:05.775Z"}
{"level":"info","message":"⌛ Validating EXAMEN-Wollok/example.wlk","timeElapsed":136,"timestamp":"2026-09-23T13:30:06.097Z"}
{"level":"info","message":"⌛ Building environment","timeElapsed":104,"timestamp":"2026-09-23T13:30:06.700Z"}
{"level":"info","message":"⌛ Validating EXAMEN-Wollok/example.wlk","timeElapsed":151,"timestamp":"2026-09-23T13:30:06.860Z"}
{"level":"info","message":"⌛ Validating EXAMEN-Wollok/example.wlk","timeElapsed":165,"timestamp":"2026-09-23T13:30:07.125Z"}
{"level":"info","message":"⌛ Validating EXAMEN-Wollok/example.wlk","timeElapsed":155,"timestamp":"2026-09-23T13:30:07.373Z"}
{"level":"info","message":"⌛ Building environment","timeElapsed":120,"timestamp":"2026-09-23T13:30:07.496Z"}
{"level":"info","message":"⌛ Building environment","timeElapsed":104,"timestamp":"2026-09-23T13:30:07.600Z"}
{"level":"info","message":"⌛ Validating EXAMEN-Wollok/example.wlk","timeElapsed":158,"timestamp":"2026-09-23T13:30:07.759Z"}
{"level":"info","message":"⌛ Validating EXAMEN-Wollok/example.wlk","timeElapsed":220,"timestamp":"2026-09-23T13:30:07.980Z"}
{"level":"info","message":"⌛ Building environment","timeElapsed":123,"timestamp":"2026-09-23T13:30:08.112Z"}
{"level":"info","message":"⌛ Building environment","timeElapsed":150,"timestamp":"2026-09-23T13:30:08.269Z"}
{"level":"info","message":"⌛ Validating EXAMEN-Wollok/example.wlk","timeElapsed":158,"timestamp":"2026-09-23T13:30:08.427Z"}
{"level":"info","message":"⌛ Validating EXAMEN-Wollok/example.wlk","timeElapsed":140,"timestamp":"2026-09-23T13:30:08.760Z"}
{"level":"info","message":"⌛ Validating EXAMEN-Wollok/example.wlk","timeElapsed":143,"timestamp":"2026-09-23T13:30:08.994Z"}
{"level":"info","message":"⌛ Validating EXAMEN-Wollok/example.wlk","timeElapsed":168,"timestamp":"2026-09-23T13:30:09.162Z"}
{"level":"info","message":"⌛ Validating EXAMEN-Wollok/example.wlk","timeElapsed":139,"timestamp":"2026-09-23T13:30:09.310Z"}
{"level":"info","message":"⌛ Building environment","timeElapsed":129,"timestamp":"2026-09-23T13:30:09.439Z"}
{"level":"info","message":"⌛ Validating EXAMEN-Wollok/example.wlk","timeElapsed":152,"timestamp":"2026-09-23T13:30:09.697Z"}
{"level":"info","message":"⌛ Validating EXAMEN-Wollok/example.wlk","timeElapsed":160,"timestamp":"2026-09-23T13:30:09.859Z"}
{"level":"info","message":"⌛ Validating EXAMEN-Wollok/example.wlk","timeElapsed":193,"timestamp":"2026-09-23T13:30:10.153Z"}
{"level":"info","message":"⌛ Building environment","timeElapsed":113,"timestamp":"2026-09-23T13:30:10.345Z"}
{"level":"info","message":"⌛ Validating EXAMEN-Wollok/example.wlk","timeElapsed":162,"timestamp":"2026-09-23T13:30:10.511Z"}
{"level":"info","message":"⌛ Building environment","timeElapsed":103,"timestamp":"2026-09-23T13:30:10.623Z"}
{"level":"info","message":"⌛ Validating EXAMEN-Wollok/example.wlk","timeElapsed":138,"timestamp":"2026-09-23T13:30:10.764Z"}
{"level":"info","message":"⌛ Building environment","timeElapsed":188,"timestamp":"2026-09-23T13:30:11.306Z"}
{"level":"info","message":"⌛ Validating EXAMEN-Wollok/example.wlk","timeElapsed":138,"timestamp":"2026-09-23T13:30:11.453Z"}
{"level":"info","message":"⌛ Building environment","timeElapsed":157,"timestamp":"2026-09-23T13:30:11.779Z"}
{"level":"info","message":"⌛ Building environment","timeElapsed":144,"timestamp":"2026-09-23T13:30:11.936Z"}
{"level":"info","message":"⌛ Building environment","timeElapsed":126,"timestamp":"2026-09-23T13:30:12.063Z"}
{"level":"info","message":"⌛ Validating EXAMEN-Wollok/example.wlk","timeElapsed":156,"timestamp":"2026-09-23T13:30:12.325Z"}
{"level":"info","message":"⌛ Building environment","timeElapsed":123,"timestamp":"2026-09-23T13:30:12.449Z"}
{"level":"info","message":"⌛ Building environment","timeElapsed":120,"timestamp":"2026-09-23T13:30:12.659Z"}
{"level":"info","message":"⌛ Validating EXAMEN-Wollok/example.wlk","timeElapsed":194,"timestamp":"2026-09-23T13:30:12.854Z"}
{"level":"info","message":"⌛ Validating EXAMEN-Wollok/example.wlk","timeElapsed":190,"timestamp":"2026-09-23T13:30:13.047Z"}
{"level":"info","message":"⌛ Building environment","timeElapsed":119,"timestamp":"2026-09-23T13:30:13.167Z"}
{"level":"info","message":"⌛ Validating EXAMEN-Wollok/example.wlk","timeElapsed":143,"timestamp":"2026-09-23T13:30:13.311Z"}
{"level":"info","message":"⌛ Validating EXAMEN-Wollok/example.wlk","timeElapsed":134,"timestamp":"2026-09-23T13:30:13.533Z"}
{"level":"info","message":"⌛ Validating EXAMEN-Wollok/example.wlk","timeElapsed":141,"timestamp":"2026-09-23T13:30:13.777Z"}
{"level":"info","message":"⌛ Validating EXAMEN-Wollok/example.wlk","timeElapsed":132,"timestamp":"2026-09-23T13:30:13.916Z"}
{"level":"info","message":"⌛ Validating EXAMEN-Wollok/example.wlk","timeElapsed":137,"timestamp":"2026-09-23T13:30:14.152Z"}
{"level":"info","message":"⌛ Validating EXAMEN-Wollok/example.wlk","timeElapsed":137,"timestamp":"2026-09-23T13:30:14.292Z"}
{"level":"info","message":"⌛ Validating EXAMEN-Wollok/example.wlk","timeElapsed":146,"timestamp":"2026-09-23T13:30:14.438Z"}
{"level":"info","message":"⌛ Validating EXAMEN-Wollok/example.wlk","timeElapsed":159,"timestamp":"2026-09-23T13:30:14.597Z"}
{"level":"info","message":"⌛ Validating EXAMEN-Wollok/example.wlk","timeElapsed":147,"timestamp":"2026-09-23T13:30:14.847Z"}
{"level":"info","message":"⌛ Building environment","timeElapsed":150,"timestamp":"2026-09-23T13:30:15.512Z"}
{"level":"info","message":"⌛ Validating EXAMEN-Wollok/example.wlk","timeElapsed":136,"timestamp":"2026-09-23T13:30:15.656Z"}
{"level":"info","message":"⌛ Building environment","timeElapsed":129,"timestamp":"2026-09-23T13:30:16.972Z"}
{"level":"info","message":"⌛ Validating EXAMEN-Wollok/example.wlk","timeElapsed":137,"timestamp":"2026-09-23T13:30:17.116Z"}
{"level":"info","message":"⌛ Building environment","timeElapsed":127,"timestamp":"2026-09-23T13:30:18.994Z"}
{"level":"info","message":"⌛ Validating EXAMEN-Wollok/example.wlk","timeElapsed":142,"timestamp":"2026-09-23T13:30:19.144Z"}
{"level":"info","message":"⌛ Building environment","timeElapsed":123,"timestamp":"2026-09-23T13:30:19.277Z"}
{"level":"info","message":"⌛ Building environment","timeElapsed":102,"timestamp":"2026-09-23T13:30:19.390Z"}
{"level":"info","message":"⌛ Validating EXAMEN-Wollok/example.wlk","timeElapsed":149,"timestamp":"2026-09-23T13:30:19.539Z"}
{"level":"info","message":"⌛ Validating EXAMEN-Wollok/example.wlk","timeElapsed":210,"timestamp":"2026-09-23T13:30:19.752Z"}
{"level":"info","message":"⌛ Building environment","timeElapsed":124,"timestamp":"2026-09-23T13:30:19.886Z"}
{"level":"info","message":"⌛ Validating EXAMEN-Wollok/example.wlk","timeElapsed":167,"timestamp":"2026-09-23T13:30:20.057Z"}
{"level":"info","message":"⌛ Building environment","timeElapsed":140,"timestamp":"2026-09-23T13:30:20.355Z"}
{"level":"info","message":"⌛ Validating EXAMEN-Wollok/example.wlk","timeElapsed":135,"timestamp":"2026-09-23T13:30:20.507Z"}
{"level":"info","message":"⌛ Building environment","timeElapsed":107,"timestamp":"2026-09-23T13:30:20.808Z"}
{"level":"info","message":"⌛ Validating EXAMEN-Wollok/example.wlk","timeElapsed":142,"timestamp":"2026-09-23T13:30:20.965Z"}
{"level":"info","message":"⌛ Building environment","timeElapsed":136,"timestamp":"2026-09-23T13:30:22.078Z"}
{"level":"info","message":"⌛ Validating EXAMEN-Wollok/example.wlk","timeElapsed":162,"timestamp":"2026-09-23T13:30:22.248Z"}
{"level":"info","message":"⌛ Building environment","timeElapsed":105,"timestamp":"2026-09-23T13:30:22.461Z"}
{"level":"info","message":"⌛ Validating EXAMEN-Wollok/example.wlk","timeElapsed":162,"timestamp":"2026-09-23T13:30:22.624Z"}
{"level":"info","message":"⌛ Building environment","timeElapsed":101,"timestamp":"2026-09-23T13:30:22.726Z"}
{"level":"info","message":"⌛ Validating EXAMEN-Wollok/example.wlk","timeElapsed":155,"timestamp":"2026-09-23T13:30:22.882Z"}
{"level":"info","message":"⌛ Validating EXAMEN-Wollok/example.wlk","timeElapsed":144,"timestamp":"2026-09-23T13:30:23.034Z"}
{"level":"info","message":"⌛ Building environment","timeElapsed":121,"timestamp":"2026-09-23T13:30:23.156Z"}
{"level":"info","message":"⌛ Validating EXAMEN-Wollok/example.wlk","timeElapsed":159,"timestamp":"2026-09-23T13:30:23.321Z"}
{"level":"info","message":"⌛ Building environment","timeElapsed":175,"timestamp":"2026-09-23T13:30:23.499Z"}
{"level":"info","message":"⌛ Validating EXAMEN-Wollok/example.wlk","timeElapsed":163,"timestamp":"2026-09-23T13:30:23.771Z"}
{"level":"info","message":"⌛ Validating EXAMEN-Wollok/example.wlk","timeElapsed":175,"timestamp":"2026-09-23T13:30:23.955Z"}
{"level":"info","message":"⌛ Building environment","timeElapsed":108,"timestamp":"2026-09-23T13:30:24.067Z"}
{"level":"info","message":"⌛ Validating EXAMEN-Wollok/example.wlk","timeElapsed":190,"timestamp":"2026-09-23T13:30:24.263Z"}
{"level":"info","message":"⌛ Validating EXAMEN-Wollok/example.wlk","timeElapsed":299,"timestamp":"2026-09-23T13:30:24.662Z"}
{"level":"info","message":"⌛ Building environment","timeElapsed":118,"timestamp":"2026-09-23T13:30:24.781Z"}
{"level":"info","message":"⌛ Building environment","timeElapsed":141,"timestamp":"2026-09-23T13:30:25.032Z"}
{"level":"info","message":"⌛ Validating EXAMEN-Wollok/example.wlk","timeElapsed":160,"timestamp":"2026-09-23T13:30:25.193Z"}
{"level":"info","message":"⌛ Validating EXAMEN-Wollok/example.wlk","timeElapsed":164,"timestamp":"2026-09-23T13:30:25.357Z"}
{"level":"info","message":"⌛ Validating EXAMEN-Wollok/example.wlk","timeElapsed":163,"timestamp":"2026-09-23T13:30:25.624Z"}
{"level":"info","message":"⌛ Validating EXAMEN-Wollok/example.wlk","timeElapsed":148,"timestamp":"2026-09-23T13:30:25.778Z"}
{"level":"info","message":"⌛ Building environment","timeElapsed":102,"timestamp":"2026-09-23T13:30:25.880Z"}
{"level":"info","message":"⌛ Building environment","timeElapsed":103,"timestamp":"2026-09-23T13:30:25.990Z"}
{"level":"info","message":"⌛ Validating EXAMEN-Wollok/example.wlk","timeElapsed":189,"timestamp":"2026-09-23T13:30:26.181Z"}
{"level":"info","message":"⌛ Validating EXAMEN-Wollok/example.wlk","timeElapsed":136,"timestamp":"2026-09-23T13:30:26.323Z"}
{"level":"info","message":"⌛ Building environment","timeElapsed":150,"timestamp":"2026-09-23T13:30:26.992Z"}
{"level":"info","message":"⌛ Validating EXAMEN-Wollok/example.wlk","timeElapsed":152,"timestamp":"2026-09-23T13:30:27.152Z"}
{"level":"info","message":"⌛ Validating EXAMEN-Wollok/example.wlk","timeElapsed":156,"timestamp":"2026-09-23T13:30:27.435Z"}
{"level":"info","message":"⌛ Validating EXAMEN-Wollok/example.wlk","timeElapsed":141,"timestamp":"2026-09-23T13:30:27.680Z"}
{"level":"info","message":"⌛ Building environment","timeElapsed":109,"timestamp":"2026-09-23T13:30:27.811Z"}
{"level":"info","message":"⌛ Validating EXAMEN-Wollok/example.wlk","timeElapsed":153,"timestamp":"2026-09-23T13:30:27.979Z"}
{"level":"info","message":"⌛ Validating EXAMEN-Wollok/example.wlk","timeElapsed":138,"timestamp":"2026-09-23T13:30:47.136Z"}
{"level":"info","message":"⌛ Building environment","timeElapsed":131,"timestamp":"2026-09-23T13:30:49.699Z"}
{"level":"info","message":"⌛ Validating EXAMEN-Wollok/testExample.wtest","timeElapsed":140,"timestamp":"2026-09-23T13:30:49.843Z"}
{"level":"info","message":"⌛ Building environment","timeElapsed":175,"timestamp":"2026-09-23T13:30:50.241Z"}
{"level":"info","message":"⌛ Building environment","timeElapsed":119,"timestamp":"2026-09-23T13:30:50.381Z"}
{"level":"info","message":"⌛ Building environment","timeElapsed":107,"timestamp":"2026-09-23T13:30:50.489Z"}
{"level":"info","message":"⌛ Building environment","timeElapsed":120,"timestamp":"2026-09-23T13:30:50.610Z"}
{"level":"info","message":"⌛ Validating EXAMEN-Wollok/testExample.wtest","timeElapsed":154,"timestamp":"2026-09-23T13:30:50.765Z"}
{"level":"info","message":"⌛ Building environment","timeElapsed":216,"timestamp":"2026-09-23T13:30:50.984Z"}
{"level":"info","message":"⌛ Building environment","timeElapsed":103,"timestamp":"2026-09-23T13:30:51.088Z"}
{"level":"info","message":"⌛ Validating EXAMEN-Wollok/testExample.wtest","timeElapsed":235,"timestamp":"2026-09-23T13:30:51.324Z"}
{"level":"info","message":"⌛ Validating EXAMEN-Wollok/testExample.wtest","timeElapsed":138,"timestamp":"2026-09-23T13:30:51.463Z"}
{"level":"info","message":"⌛ Building environment","timeElapsed":112,"timestamp":"2026-09-23T13:30:51.575Z"}
{"level":"info","message":"⌛ Validating EXAMEN-Wollok/testExample.wtest","timeElapsed":152,"timestamp":"2026-09-23T13:30:51.746Z"}
{"level":"info","message":"⌛ Building environment","timeElapsed":105,"timestamp":"2026-09-23T13:30:51.850Z"}
{"level":"info","message":"⌛ Validating EXAMEN-Wollok/testExample.wtest","timeElapsed":166,"timestamp":"2026-09-23T13:30:52.017Z"}
{"level":"info","message":"⌛ Validating EXAMEN-Wollok/testExample.wtest","timeElapsed":171,"timestamp":"2026-09-23T13:30:52.294Z"}
{"level":"info","message":"⌛ Building environment","timeElapsed":108,"timestamp":"2026-09-23T13:30:52.411Z"}
{"level":"info","message":"⌛ Validating EXAMEN-Wollok/testExample.wtest","timeElapsed":143,"timestamp":"2026-09-23T13:30:52.555Z"}
{"level":"info","message":"⌛ Validating EXAMEN-Wollok/testExample.wtest","timeElapsed":153,"timestamp":"2026-09-23T13:30:52.801Z"}
{"level":"info","message":"⌛ Building environment","timeElapsed":119,"timestamp":"2026-09-23T13:30:52.920Z"}
{"level":"info","message":"⌛ Building environment","timeElapsed":245,"timestamp":"2026-09-23T13:30:53.175Z"}
{"level":"info","message":"⌛ Validating EXAMEN-Wollok/testExample.wtest","timeElapsed":264,"timestamp":"2026-09-23T13:30:53.440Z"}
{"level":"info","message":"⌛ Validating EXAMEN-Wollok/testExample.wtest","timeElapsed":179,"timestamp":"2026-09-23T13:30:53.724Z"}
{"level":"info","message":"⌛ Validating EXAMEN-Wollok/testExample.wtest","timeElapsed":144,"timestamp":"2026-09-23T13:30:53.874Z"}
{"level":"info","message":"⌛ Validating EXAMEN-Wollok/testExample.wtest","timeElapsed":158,"timestamp":"2026-09-23T13:30:54.031Z"}
{"level":"error","message":"✘ Completions for node Send ([14:5, 14:25] - EXAMEN-Wollok/testExample.wtest) failed: Error: [Send]{3fd1e3} at EXAMEN-Wollok/testExample.wtest:14 exhausted all cases without a match [Send]{3fd1e3} at EXAMEN-Wollok/testExample.wtest:14 exhausted all cases without a match","stack":"Error: [Send]{3fd1e3} at EXAMEN-Wollok/testExample.wtest:14 exhausted all cases without a match\n    at /home/tiaguinni/.vscode/extensions/uqbar.wollok-lsp-ide-0.5.5/out/server/src/server.js:38:6142\n    at L2 (/home/tiaguinni/.vscode/extensions/uqbar.wollok-lsp-ide-0.5.5/out/server/src/server.js:2421:42)\n    at Jh (/home/tiaguinni/.vscode/extensions/uqbar.wollok-lsp-ide-0.5.5/out/server/src/server.js:2421:1092)\n    at w5n (/home/tiaguinni/.vscode/extensions/uqbar.wollok-lsp-ide-0.5.5/out/server/src/server.js:2421:1248)\n    at /home/tiaguinni/.vscode/extensions/uqbar.wollok-lsp-ide-0.5.5/out/server/src/server.js:38:6131\n    at L2 (/home/tiaguinni/.vscode/extensions/uqbar.wollok-lsp-ide-0.5.5/out/server/src/server.js:2421:42)\n    at /home/tiaguinni/.vscode/extensions/uqbar.wollok-lsp-ide-0.5.5/out/server/src/server.js:2421:2988\n    at /home/tiaguinni/.vscode/extensions/uqbar.wollok-lsp-ide-0.5.5/out/server/src/server.js:2430:8440\n    at /home/tiaguinni/.vscode/extensions/uqbar.wollok-lsp-ide-0.5.5/out/server/src/server.js:37:74872\n    at Ke (/home/tiaguinni/.vscode/extensions/uqbar.wollok-lsp-ide-0.5.5/out/server/src/server.js:7:8527)","timestamp":"2026-09-23T13:30:54.059Z"}
{"level":"info","message":"⌛ Validating EXAMEN-Wollok/testExample.wtest","timeElapsed":143,"timestamp":"2026-09-23T13:30:54.316Z"}
{"level":"info","message":"⌛ Building environment","timeElapsed":172,"timestamp":"2026-09-23T13:30:54.499Z"}
{"level":"info","message":"⌛ Validating EXAMEN-Wollok/testExample.wtest","timeElapsed":141,"timestamp":"2026-09-23T13:30:54.743Z"}
{"level":"info","message":"⌛ Building environment","timeElapsed":101,"timestamp":"2026-09-23T13:30:54.855Z"}
{"level":"info","message":"⌛ Validating EXAMEN-Wollok/testExample.wtest","timeElapsed":148,"timestamp":"2026-09-23T13:30:55.004Z"}
{"level":"info","message":"⌛ Validating EXAMEN-Wollok/testExample.wtest","timeElapsed":139,"timestamp":"2026-09-23T13:30:55.152Z"}
{"level":"info","message":"⌛ Validating EXAMEN-Wollok/testExample.wtest","timeElapsed":134,"timestamp":"2026-09-23T13:30:55.289Z"}
{"level":"info","message":"⌛ Validating EXAMEN-Wollok/testExample.wtest","timeElapsed":142,"timestamp":"2026-09-23T13:30:55.432Z"}
{"level":"info","message":"⌛ Building environment","timeElapsed":179,"timestamp":"2026-09-23T13:37:06.563Z"}
{"level":"info","message":"⌛ Validating EXAMEN-Wollok/example.wlk","timeElapsed":259,"timestamp":"2026-09-23T13:37:06.828Z"}
{"level":"info","message":"⌛ Building environment","timeElapsed":117,"timestamp":"2026-09-23T13:37:07.012Z"}
{"level":"info","message":"⌛ Validating EXAMEN-Wollok/example.wlk","timeElapsed":198,"timestamp":"2026-09-23T13:37:07.220Z"}
{"level":"info","message":"⌛ Building environment","timeElapsed":131,"timestamp":"2026-09-23T13:37:07.357Z"}
{"level":"info","message":"⌛ Validating EXAMEN-Wollok/example.wlk","timeElapsed":181,"timestamp":"2026-09-23T13:37:07.610Z"}
{"level":"info","message":"⌛ Building environment","timeElapsed":131,"timestamp":"2026-09-23T13:37:07.783Z"}
{"level":"info","message":"⌛ Validating EXAMEN-Wollok/example.wlk","timeElapsed":188,"timestamp":"2026-09-23T13:37:07.979Z"}
{"level":"info","message":"⌛ Building environment","timeElapsed":115,"timestamp":"2026-09-23T13:37:08.103Z"}
{"level":"info","message":"⌛ Validating EXAMEN-Wollok/example.wlk","timeElapsed":322,"timestamp":"2026-09-23T13:37:08.523Z"}
{"level":"info","message":"⌛ Validating EXAMEN-Wollok/example.wlk","timeElapsed":164,"timestamp":"2026-09-23T13:37:08.687Z"}
{"level":"info","message":"⌛ Building environment","timeElapsed":162,"timestamp":"2026-09-23T13:37:40.849Z"}
{"level":"info","message":"⌛ Validating EXAMEN-Wollok/example.wlk","timeElapsed":163,"timestamp":"2026-09-23T13:37:41.014Z"}
{"level":"info","message":"⌛ Validating EXAMEN-Wollok/example.wlk","timeElapsed":141,"timestamp":"2026-09-23T13:37:41.643Z"}
{"level":"info","message":"⌛ Building environment","timeElapsed":111,"timestamp":"2026-09-23T13:37:41.965Z"}
{"level":"info","message":"⌛ Validating EXAMEN-Wollok/example.wlk","timeElapsed":171,"timestamp":"2026-09-23T13:37:42.143Z"}
{"level":"info","message":"⌛ Building environment","timeElapsed":104,"timestamp":"2026-09-23T13:37:42.736Z"}
{"level":"info","message":"⌛ Validating EXAMEN-Wollok/example.wlk","timeElapsed":149,"timestamp":"2026-09-23T13:37:42.888Z"}
{"level":"info","message":"⌛ Building environment","timeElapsed":117,"timestamp":"2026-09-23T13:37:43.876Z"}
{"level":"info","message":"⌛ Validating EXAMEN-Wollok/example.wlk","timeElapsed":168,"timestamp":"2026-09-23T13:37:44.048Z"}
{"level":"info","message":"⌛ Building environment","timeElapsed":103,"timestamp":"2026-09-23T13:37:44.153Z"}
{"level":"info","message":"⌛ Validating EXAMEN-Wollok/example.wlk","timeElapsed":150,"timestamp":"2026-09-23T13:37:44.306Z"}
{"level":"info","message":"⌛ Building environment","timeElapsed":132,"timestamp":"2026-09-23T13:37:45.060Z"}
{"level":"info","message":"⌛ Validating EXAMEN-Wollok/example.wlk","timeElapsed":194,"timestamp":"2026-09-23T13:37:45.257Z"}
{"level":"info","message":"⌛ Building environment","timeElapsed":127,"timestamp":"2026-09-23T13:37:45.485Z"}
{"level":"info","message":"⌛ Validating EXAMEN-Wollok/example.wlk","timeElapsed":149,"timestamp":"2026-09-23T13:37:45.635Z"}
{"level":"info","message":"⌛ Building environment","timeElapsed":235,"timestamp":"2026-09-23T13:37:45.871Z"}
{"level":"info","message":"⌛ Validating EXAMEN-Wollok/example.wlk","timeElapsed":177,"timestamp":"2026-09-23T13:37:46.049Z"}
{"level":"info","message":"⌛ Building environment","timeElapsed":135,"timestamp":"2026-09-23T13:37:46.193Z"}
{"level":"info","message":"⌛ Building environment","timeElapsed":122,"timestamp":"2026-09-23T13:37:46.316Z"}
{"level":"info","message":"⌛ Validating EXAMEN-Wollok/example.wlk","timeElapsed":167,"timestamp":"2026-09-23T13:37:46.495Z"}
{"level":"info","message":"⌛ Building environment","timeElapsed":106,"timestamp":"2026-09-23T13:37:46.716Z"}
{"level":"info","message":"⌛ Validating EXAMEN-Wollok/example.wlk","timeElapsed":175,"timestamp":"2026-09-23T13:37:46.892Z"}
{"level":"info","message":"⌛ Building environment","timeElapsed":145,"timestamp":"2026-09-23T13:37:47.039Z"}
{"level":"info","message":"⌛ Validating EXAMEN-Wollok/example.wlk","timeElapsed":176,"timestamp":"2026-09-23T13:37:47.223Z"}
{"level":"info","message":"⌛ Validating EXAMEN-Wollok/example.wlk","timeElapsed":179,"timestamp":"2026-09-23T13:37:47.504Z"}
{"level":"info","message":"⌛ Building environment","timeElapsed":113,"timestamp":"2026-09-23T13:37:47.618Z"}
{"level":"info","message":"⌛ Validating EXAMEN-Wollok/example.wlk","timeElapsed":194,"timestamp":"2026-09-23T13:37:47.813Z"}
{"level":"info","message":"⌛ Building environment","timeElapsed":107,"timestamp":"2026-09-23T13:37:47.931Z"}
{"level":"info","message":"⌛ Validating EXAMEN-Wollok/example.wlk","timeElapsed":166,"timestamp":"2026-09-23T13:37:48.098Z"}
{"level":"info","message":"⌛ Validating EXAMEN-Wollok/example.wlk","timeElapsed":168,"timestamp":"2026-09-23T13:37:48.479Z"}
{"level":"info","message":"⌛ Building environment","timeElapsed":102,"timestamp":"2026-09-23T13:37:48.587Z"}
{"level":"info","message":"⌛ Validating EXAMEN-Wollok/example.wlk","timeElapsed":179,"timestamp":"2026-09-23T13:37:48.773Z"}
{"level":"info","message":"⌛ Building environment","timeElapsed":148,"timestamp":"2026-09-23T13:37:49.026Z"}
{"level":"info","message":"⌛ Validating EXAMEN-Wollok/example.wlk","timeElapsed":246,"timestamp":"2026-09-23T13:37:49.273Z"}
{"level":"info","message":"⌛ Validating EXAMEN-Wollok/example.wlk","timeElapsed":177,"timestamp":"2026-09-23T13:37:49.557Z"}
{"level":"info","message":"⌛ Building environment","timeElapsed":106,"timestamp":"2026-09-23T13:37:49.663Z"}
{"level":"info","message":"⌛ Validating EXAMEN-Wollok/example.wlk","timeElapsed":189,"timestamp":"2026-09-23T13:37:49.853Z"}
{"level":"info","message":"⌛ Building environment","timeElapsed":102,"timestamp":"2026-09-23T13:37:49.961Z"}
{"level":"info","message":"⌛ Validating EXAMEN-Wollok/example.wlk","timeElapsed":159,"timestamp":"2026-09-23T13:37:50.121Z"}
{"level":"info","message":"⌛ Validating EXAMEN-Wollok/example.wlk","timeElapsed":207,"timestamp":"2026-09-23T13:37:50.487Z"}
{"level":"info","message":"⌛ Building environment","timeElapsed":151,"timestamp":"2026-09-23T13:37:50.639Z"}
{"level":"info","message":"⌛ Validating EXAMEN-Wollok/example.wlk","timeElapsed":233,"timestamp":"2026-09-23T13:37:50.873Z"}
{"level":"info","message":"⌛ Building environment","timeElapsed":149,"timestamp":"2026-09-23T13:37:51.032Z"}
{"level":"info","message":"⌛ Validating EXAMEN-Wollok/example.wlk","timeElapsed":184,"timestamp":"2026-09-23T13:37:51.232Z"}
{"level":"info","message":"⌛ Building environment","timeElapsed":113,"timestamp":"2026-09-23T13:37:51.453Z"}
{"level":"info","message":"⌛ Validating EXAMEN-Wollok/example.wlk","timeElapsed":154,"timestamp":"2026-09-23T13:37:51.615Z"}
{"level":"info","message":"⌛ Building environment","timeElapsed":107,"timestamp":"2026-09-23T13:37:51.722Z"}
{"level":"info","message":"⌛ Building environment","timeElapsed":108,"timestamp":"2026-09-23T13:37:51.837Z"}
{"level":"info","message":"⌛ Validating EXAMEN-Wollok/example.wlk","timeElapsed":143,"timestamp":"2026-09-23T13:37:51.981Z"}
{"level":"info","message":"⌛ Building environment","timeElapsed":131,"timestamp":"2026-09-23T13:37:52.113Z"}
{"level":"info","message":"⌛ Validating EXAMEN-Wollok/example.wlk","timeElapsed":150,"timestamp":"2026-09-23T13:37:52.280Z"}
{"level":"info","message":"⌛ Validating EXAMEN-Wollok/example.wlk","timeElapsed":159,"timestamp":"2026-09-23T13:37:52.650Z"}
{"level":"info","message":"⌛ Building environment","timeElapsed":107,"timestamp":"2026-09-23T13:37:52.864Z"}
{"level":"info","message":"⌛ Validating EXAMEN-Wollok/example.wlk","timeElapsed":151,"timestamp":"2026-09-23T13:37:53.021Z"}
{"level":"info","message":"⌛ Validating EXAMEN-Wollok/example.wlk","timeElapsed":145,"timestamp":"2026-09-23T13:37:53.260Z"}
{"level":"info","message":"⌛ Building environment","timeElapsed":197,"timestamp":"2026-09-23T13:37:53.460Z"}
{"level":"info","message":"⌛ Validating EXAMEN-Wollok/example.wlk","timeElapsed":165,"timestamp":"2026-09-23T13:37:53.626Z"}
{"level":"info","message":"⌛ Validating EXAMEN-Wollok/example.wlk","timeElapsed":144,"timestamp":"2026-09-23T13:37:53.776Z"}
{"level":"info","message":"⌛ Building environment","timeElapsed":128,"timestamp":"2026-09-23T13:37:53.905Z"}
{"level":"info","message":"⌛ Validating EXAMEN-Wollok/example.wlk","timeElapsed":166,"timestamp":"2026-09-23T13:37:54.076Z"}
{"level":"info","message":"⌛ Building environment","timeElapsed":105,"timestamp":"2026-09-23T13:37:54.185Z"}
{"level":"info","message":"⌛ Validating EXAMEN-Wollok/example.wlk","timeElapsed":161,"timestamp":"2026-09-23T13:37:54.346Z"}
{"level":"info","message":"⌛ Validating EXAMEN-Wollok/example.wlk","timeElapsed":157,"timestamp":"2026-09-23T13:37:54.685Z"}
{"level":"info","message":"⌛ Validating EXAMEN-Wollok/example.wlk","timeElapsed":141,"timestamp":"2026-09-23T13:37:54.828Z"}
{"level":"info","message":"⌛ Building environment","timeElapsed":109,"timestamp":"2026-09-23T13:37:54.937Z"}
{"level":"info","message":"⌛ Validating EXAMEN-Wollok/example.wlk","timeElapsed":145,"timestamp":"2026-09-23T13:37:55.091Z"}
{"level":"info","message":"⌛ Validating EXAMEN-Wollok/example.wlk","timeElapsed":179,"timestamp":"2026-09-23T13:37:55.272Z"}
{"level":"info","message":"⌛ Validating EXAMEN-Wollok/example.wlk","timeElapsed":137,"timestamp":"2026-09-23T13:37:55.416Z"}
{"level":"info","message":"⌛ Validating EXAMEN-Wollok/example.wlk","timeElapsed":140,"timestamp":"2026-09-23T13:37:55.647Z"}
{"level":"info","message":"⌛ Validating EXAMEN-Wollok/example.wlk","timeElapsed":200,"timestamp":"2026-09-23T13:37:55.859Z"}
{"level":"info","message":"⌛ Building environment","timeElapsed":130,"timestamp":"2026-09-23T13:37:55.990Z"}
{"level":"info","message":"⌛ Validating EXAMEN-Wollok/example.wlk","timeElapsed":202,"timestamp":"2026-09-23T13:37:56.202Z"}
{"level":"info","message":"⌛ Validating EXAMEN-Wollok/example.wlk","timeElapsed":141,"timestamp":"2026-09-23T13:37:56.436Z"}
{"level":"info","message":"⌛ Validating EXAMEN-Wollok/example.wlk","timeElapsed":129,"timestamp":"2026-09-23T13:37:56.566Z"}
{"level":"info","message":"⌛ Validating EXAMEN-Wollok/example.wlk","timeElapsed":147,"timestamp":"2026-09-23T13:37:56.800Z"}
{"level":"info","message":"⌛ Validating EXAMEN-Wollok/example.wlk","timeElapsed":163,"timestamp":"2026-09-23T13:37:57.065Z"}
{"level":"info","message":"⌛ Validating EXAMEN-Wollok/example.wlk","timeElapsed":145,"timestamp":"2026-09-23T13:37:57.402Z"}
{"level":"info","message":"⌛ Validating EXAMEN-Wollok/example.wlk","timeElapsed":142,"timestamp":"2026-09-23T13:37:57.623Z"}
{"level":"info","message":"⌛ Validating EXAMEN-Wollok/example.wlk","timeElapsed":138,"timestamp":"2026-09-23T13:37:57.761Z"}
{"level":"info","message":"⌛ Validating EXAMEN-Wollok/example.wlk","timeElapsed":148,"timestamp":"2026-09-23T13:37:57.910Z"}
{"level":"info","message":"⌛ Validating EXAMEN-Wollok/example.wlk","timeElapsed":152,"timestamp":"2026-09-23T13:37:58.066Z"}
{"level":"info","message":"⌛ Validating EXAMEN-Wollok/example.wlk","timeElapsed":142,"timestamp":"2026-09-23T13:37:58.208Z"}
{"level":"info","message":"⌛ Building environment","timeElapsed":162,"timestamp":"2026-09-23T13:38:57.419Z"}
{"level":"info","message":"⌛ Validating EXAMEN-Wollok/example.wlk","timeElapsed":178,"timestamp":"2026-09-23T13:38:57.600Z"}
{"level":"info","message":"⌛ Building environment","timeElapsed":102,"timestamp":"2026-09-23T13:38:57.703Z"}
{"level":"info","message":"⌛ Validating EXAMEN-Wollok/example.wlk","timeElapsed":145,"timestamp":"2026-09-23T13:38:57.852Z"}
{"level":"info","message":"⌛ Building environment","timeElapsed":174,"timestamp":"2026-09-23T13:39:57.601Z"}
{"level":"info","message":"⌛ Building environment","timeElapsed":128,"timestamp":"2026-09-23T13:39:57.730Z"}
{"level":"info","message":"⌛ Validating EXAMEN-Wollok/example.wlk","timeElapsed":231,"timestamp":"2026-09-23T13:39:57.963Z"}
{"level":"info","message":"⌛ Validating EXAMEN-Wollok/example.wlk","timeElapsed":170,"timestamp":"2026-09-23T13:39:58.134Z"}
{"level":"info","message":"⌛ Building environment","timeElapsed":121,"timestamp":"2026-09-23T13:39:58.256Z"}
{"level":"info","message":"⌛ Validating EXAMEN-Wollok/example.wlk","timeElapsed":167,"timestamp":"2026-09-23T13:39:58.430Z"}
{"level":"info","message":"⌛ Building environment","timeElapsed":132,"timestamp":"2026-09-23T13:40:56.255Z"}
{"level":"info","message":"⌛ Validating EXAMEN-Wollok/example.wlk","timeElapsed":172,"timestamp":"2026-09-23T13:40:56.434Z"}
{"level":"info","message":"⌛ Building environment","timeElapsed":169,"timestamp":"2026-09-23T13:40:56.604Z"}
{"level":"info","message":"⌛ Validating EXAMEN-Wollok/example.wlk","timeElapsed":179,"timestamp":"2026-09-23T13:40:56.790Z"}
{"level":"info","message":"⌛ Validating EXAMEN-Wollok/example.wlk","timeElapsed":223,"timestamp":"2026-09-23T13:40:57.127Z"}
{"level":"info","message":"⌛ Building environment","timeElapsed":121,"timestamp":"2026-09-23T13:40:57.249Z"}
{"level":"info","message":"⌛ Building environment","timeElapsed":119,"timestamp":"2026-09-23T13:40:57.379Z"}
{"level":"info","message":"⌛ Validating EXAMEN-Wollok/example.wlk","timeElapsed":173,"timestamp":"2026-09-23T13:40:57.552Z"}
{"level":"info","message":"⌛ Validating EXAMEN-Wollok/example.wlk","timeElapsed":176,"timestamp":"2026-09-23T13:40:57.729Z"}
{"level":"info","message":"⌛ Building environment","timeElapsed":124,"timestamp":"2026-09-23T13:40:57.861Z"}
{"level":"info","message":"⌛ Building environment","timeElapsed":117,"timestamp":"2026-09-23T13:40:57.978Z"}
{"level":"info","message":"⌛ Building environment","timeElapsed":120,"timestamp":"2026-09-23T13:40:58.100Z"}
{"level":"info","message":"⌛ Validating EXAMEN-Wollok/example.wlk","timeElapsed":174,"timestamp":"2026-09-23T13:40:58.274Z"}
{"level":"info","message":"⌛ Building environment","timeElapsed":199,"timestamp":"2026-09-23T13:40:58.474Z"}
{"level":"info","message":"⌛ Validating EXAMEN-Wollok/example.wlk","timeElapsed":179,"timestamp":"2026-09-23T13:40:58.664Z"}
{"level":"info","message":"⌛ Validating EXAMEN-Wollok/example.wlk","timeElapsed":197,"timestamp":"2026-09-23T13:40:58.861Z"}
{"level":"info","message":"⌛ Building environment","timeElapsed":189,"timestamp":"2026-09-23T13:40:59.150Z"}
{"level":"info","message":"⌛ Validating EXAMEN-Wollok/example.wlk","timeElapsed":220,"timestamp":"2026-09-23T13:40:59.374Z"}
{"level":"info","message":"⌛ Validating EXAMEN-Wollok/example.wlk","timeElapsed":154,"timestamp":"2026-09-23T13:40:59.711Z"}
{"level":"info","message":"⌛ Validating EXAMEN-Wollok/example.wlk","timeElapsed":147,"timestamp":"2026-09-23T13:40:59.959Z"}
{"level":"info","message":"⌛ Building environment","timeElapsed":126,"timestamp":"2026-09-23T13:41:00.089Z"}
{"level":"info","message":"⌛ Validating EXAMEN-Wollok/example.wlk","timeElapsed":150,"timestamp":"2026-09-23T13:41:00.239Z"}
{"level":"info","message":"⌛ Validating EXAMEN-Wollok/example.wlk","timeElapsed":154,"timestamp":"2026-09-23T13:41:00.392Z"}
{"level":"info","message":"⌛ Validating EXAMEN-Wollok/example.wlk","timeElapsed":137,"timestamp":"2026-09-23T13:41:00.541Z"}
{"level":"info","message":"⌛ Validating EXAMEN-Wollok/example.wlk","timeElapsed":157,"timestamp":"2026-09-23T13:41:00.734Z"}
{"level":"info","message":"⌛ Validating EXAMEN-Wollok/example.wlk","timeElapsed":192,"timestamp":"2026-09-23T13:41:01.551Z"}
{"level":"info","message":"⌛ Validating EXAMEN-Wollok/example.wlk","timeElapsed":166,"timestamp":"2026-09-23T13:41:01.872Z"}
{"level":"info","message":"⌛ Building environment","timeElapsed":133,"timestamp":"2026-09-23T13:41:02.006Z"}
{"level":"info","message":"⌛ Validating EXAMEN-Wollok/example.wlk","timeElapsed":160,"timestamp":"2026-09-23T13:41:02.266Z"}
{"level":"info","message":"⌛ Validating EXAMEN-Wollok/example.wlk","timeElapsed":196,"timestamp":"2026-09-23T13:41:02.463Z"}
{"level":"info","message":"⌛ Building environment","timeElapsed":155,"timestamp":"2026-09-23T13:41:03.234Z"}
{"level":"info","message":"⌛ Validating EXAMEN-Wollok/example.wlk","timeElapsed":155,"timestamp":"2026-09-23T13:41:03.403Z"}
{"level":"info","message":"⌛ Building environment","timeElapsed":136,"timestamp":"2026-09-23T13:41:05.485Z"}
{"level":"info","message":"⌛ Validating EXAMEN-Wollok/example.wlk","timeElapsed":137,"timestamp":"2026-09-23T13:41:05.638Z"}
{"level":"info","message":"⌛ Building environment","timeElapsed":134,"timestamp":"2026-09-23T13:41:09.006Z"}
{"level":"info","message":"⌛ Validating EXAMEN-Wollok/example.wlk","timeElapsed":157,"timestamp":"2026-09-23T13:41:09.172Z"}
{"level":"info","message":"⌛ Building environment","timeElapsed":158,"timestamp":"2026-09-23T13:41:22.180Z"}
{"level":"info","message":"⌛ Validating EXAMEN-Wollok/example.wlk","timeElapsed":155,"timestamp":"2026-09-23T13:41:22.338Z"}
{"level":"info","message":"⌛ Building environment","timeElapsed":105,"timestamp":"2026-09-23T13:41:22.456Z"}
{"level":"info","message":"⌛ Validating EXAMEN-Wollok/example.wlk","timeElapsed":149,"timestamp":"2026-09-23T13:41:22.611Z"}
{"level":"info","message":"⌛ Building environment","timeElapsed":112,"timestamp":"2026-09-23T13:41:22.727Z"}
{"level":"info","message":"⌛ Validating EXAMEN-Wollok/example.wlk","timeElapsed":166,"timestamp":"2026-09-23T13:41:22.907Z"}
{"level":"info","message":"⌛ Building environment","timeElapsed":104,"timestamp":"2026-09-23T13:41:23.011Z"}
{"level":"info","message":"⌛ Validating EXAMEN-Wollok/example.wlk","timeElapsed":164,"timestamp":"2026-09-23T13:41:23.187Z"}
{"level":"info","message":"⌛ Building environment","timeElapsed":112,"timestamp":"2026-09-23T13:41:23.300Z"}
{"level":"info","message":"⌛ Validating EXAMEN-Wollok/example.wlk","timeElapsed":142,"timestamp":"2026-09-23T13:41:23.455Z"}
{"level":"error","message":"✘ Completions for node Return (undefined - EXAMEN-Wollok/example.wlk) failed: Error: [Return]{9373b7} at EXAMEN-Wollok/example.wlk:-- exhausted all cases without a match [Return]{9373b7} at EXAMEN-Wollok/example.wlk:-- exhausted all cases without a match","stack":"Error: [Return]{9373b7} at EXAMEN-Wollok/example.wlk:-- exhausted all cases without a match\n    at /home/tiaguinni/.vscode/extensions/uqbar.wollok-lsp-ide-0.5.5/out/server/src/server.js:38:6142\n    at L2 (/home/tiaguinni/.vscode/extensions/uqbar.wollok-lsp-ide-0.5.5/out/server/src/server.js:2421:42)\n    at Jh (/home/tiaguinni/.vscode/extensions/uqbar.wollok-lsp-ide-0.5.5/out/server/src/server.js:2421:1092)\n    at w5n (/home/tiaguinni/.vscode/extensions/uqbar.wollok-lsp-ide-0.5.5/out/server/src/server.js:2421:1248)\n    at /home/tiaguinni/.vscode/extensions/uqbar.wollok-lsp-ide-0.5.5/out/server/src/server.js:38:6131\n    at L2 (/home/tiaguinni/.vscode/extensions/uqbar.wollok-lsp-ide-0.5.5/out/server/src/server.js:2421:42)\n    at /home/tiaguinni/.vscode/extensions/uqbar.wollok-lsp-ide-0.5.5/out/server/src/server.js:2421:2988\n    at /home/tiaguinni/.vscode/extensions/uqbar.wollok-lsp-ide-0.5.5/out/server/src/server.js:2430:8440\n    at /home/tiaguinni/.vscode/extensions/uqbar.wollok-lsp-ide-0.5.5/out/server/src/server.js:37:74872\n    at Ke (/home/tiaguinni/.vscode/extensions/uqbar.wollok-lsp-ide-0.5.5/out/server/src/server.js:7:8527)","timestamp":"2026-09-23T13:41:23.852Z"}
{"level":"info","message":"⌛ Building environment","timeElapsed":175,"timestamp":"2026-09-23T13:41:24.033Z"}
{"level":"info","message":"⌛ Building environment","timeElapsed":132,"timestamp":"2026-09-23T13:41:24.175Z"}
{"level":"info","message":"⌛ Validating EXAMEN-Wollok/example.wlk","timeElapsed":195,"timestamp":"2026-09-23T13:41:24.371Z"}
{"level":"info","message":"⌛ Building environment","timeElapsed":117,"timestamp":"2026-09-23T13:41:24.489Z"}
{"level":"info","message":"⌛ Validating EXAMEN-Wollok/example.wlk","timeElapsed":158,"timestamp":"2026-09-23T13:41:24.647Z"}
{"level":"info","message":"⌛ Validating EXAMEN-Wollok/example.wlk","timeElapsed":243,"timestamp":"2026-09-23T13:41:25.086Z"}
{"level":"info","message":"⌛ Validating EXAMEN-Wollok/example.wlk","timeElapsed":184,"timestamp":"2026-09-23T13:41:25.279Z"}
{"level":"info","message":"⌛ Validating EXAMEN-Wollok/example.wlk","timeElapsed":165,"timestamp":"2026-09-23T13:41:25.445Z"}
{"level":"info","message":"⌛ Building environment","timeElapsed":114,"timestamp":"2026-09-23T13:41:25.564Z"}
{"level":"info","message":"⌛ Validating EXAMEN-Wollok/example.wlk","timeElapsed":148,"timestamp":"2026-09-23T13:41:25.826Z"}
{"level":"info","message":"⌛ Building environment","timeElapsed":121,"timestamp":"2026-09-23T13:41:25.948Z"}
{"level":"info","message":"⌛ Validating EXAMEN-Wollok/example.wlk","timeElapsed":141,"timestamp":"2026-09-23T13:41:26.097Z"}
{"level":"info","message":"⌛ Validating EXAMEN-Wollok/example.wlk","timeElapsed":156,"timestamp":"2026-09-23T13:41:26.321Z"}
{"level":"info","message":"⌛ Building environment","timeElapsed":147,"timestamp":"2026-09-23T13:41:32.538Z"}
{"level":"info","message":"⌛ Validating EXAMEN-Wollok/example.wlk","timeElapsed":160,"timestamp":"2026-09-23T13:41:32.705Z"}
{"level":"info","message":"⌛ Building environment","timeElapsed":111,"timestamp":"2026-09-23T13:41:33.243Z"}
{"level":"info","message":"⌛ Validating EXAMEN-Wollok/example.wlk","timeElapsed":164,"timestamp":"2026-09-23T13:41:33.414Z"}
{"level":"info","message":"⌛ Building environment","timeElapsed":127,"timestamp":"2026-09-23T13:41:50.906Z"}
{"level":"info","message":"⌛ Validating EXAMEN-Wollok/example.wlk","timeElapsed":158,"timestamp":"2026-09-23T13:41:51.073Z"}
{"level":"info","message":"⌛ Building environment","timeElapsed":122,"timestamp":"2026-09-23T13:41:51.196Z"}
{"level":"info","message":"⌛ Validating EXAMEN-Wollok/example.wlk","timeElapsed":156,"timestamp":"2026-09-23T13:41:51.444Z"}
{"level":"info","message":"⌛ Validating EXAMEN-Wollok/example.wlk","timeElapsed":150,"timestamp":"2026-09-23T13:41:51.597Z"}
{"level":"info","message":"⌛ Building environment","timeElapsed":104,"timestamp":"2026-09-23T13:41:51.712Z"}
{"level":"info","message":"⌛ Validating EXAMEN-Wollok/example.wlk","timeElapsed":174,"timestamp":"2026-09-23T13:41:51.889Z"}
{"level":"info","message":"⌛ Validating EXAMEN-Wollok/example.wlk","timeElapsed":163,"timestamp":"2026-09-23T13:41:52.162Z"}
{"level":"info","message":"⌛ Building environment","timeElapsed":111,"timestamp":"2026-09-23T13:41:52.275Z"}
{"level":"info","message":"⌛ Validating EXAMEN-Wollok/example.wlk","timeElapsed":158,"timestamp":"2026-09-23T13:41:52.438Z"}
{"level":"info","message":"⌛ Building environment","timeElapsed":137,"timestamp":"2026-09-23T13:41:52.819Z"}
{"level":"info","message":"⌛ Building environment","timeElapsed":108,"timestamp":"2026-09-23T13:41:52.936Z"}
{"level":"info","message":"⌛ Validating EXAMEN-Wollok/example.wlk","timeElapsed":192,"timestamp":"2026-09-23T13:41:53.129Z"}
{"level":"info","message":"⌛ Validating EXAMEN-Wollok/example.wlk","timeElapsed":206,"timestamp":"2026-09-23T13:41:53.335Z"}
{"level":"info","message":"⌛ Building environment","timeElapsed":112,"timestamp":"2026-09-23T13:41:53.542Z"}
{"level":"info","message":"⌛ Validating EXAMEN-Wollok/example.wlk","timeElapsed":147,"timestamp":"2026-09-23T13:41:53.788Z"}
{"level":"info","message":"⌛ Validating EXAMEN-Wollok/example.wlk","timeElapsed":147,"timestamp":"2026-09-23T13:41:53.940Z"}
{"level":"info","message":"⌛ Validating EXAMEN-Wollok/example.wlk","timeElapsed":173,"timestamp":"2026-09-23T13:41:54.120Z"}
{"level":"error","message":"✘ Completions for node Return (undefined - EXAMEN-Wollok/example.wlk) failed: Error: [Return]{154b40} at EXAMEN-Wollok/example.wlk:-- exhausted all cases without a match [Return]{154b40} at EXAMEN-Wollok/example.wlk:-- exhausted all cases without a match","stack":"Error: [Return]{154b40} at EXAMEN-Wollok/example.wlk:-- exhausted all cases without a match\n    at /home/tiaguinni/.vscode/extensions/uqbar.wollok-lsp-ide-0.5.5/out/server/src/server.js:38:6142\n    at L2 (/home/tiaguinni/.vscode/extensions/uqbar.wollok-lsp-ide-0.5.5/out/server/src/server.js:2421:42)\n    at Jh (/home/tiaguinni/.vscode/extensions/uqbar.wollok-lsp-ide-0.5.5/out/server/src/server.js:2421:1092)\n    at w5n (/home/tiaguinni/.vscode/extensions/uqbar.wollok-lsp-ide-0.5.5/out/server/src/server.js:2421:1248)\n    at /home/tiaguinni/.vscode/extensions/uqbar.wollok-lsp-ide-0.5.5/out/server/src/server.js:38:6131\n    at L2 (/home/tiaguinni/.vscode/extensions/uqbar.wollok-lsp-ide-0.5.5/out/server/src/server.js:2421:42)\n    at /home/tiaguinni/.vscode/extensions/uqbar.wollok-lsp-ide-0.5.5/out/server/src/server.js:2421:2988\n    at /home/tiaguinni/.vscode/extensions/uqbar.wollok-lsp-ide-0.5.5/out/server/src/server.js:2430:8440\n    at /home/tiaguinni/.vscode/extensions/uqbar.wollok-lsp-ide-0.5.5/out/server/src/server.js:37:74872\n    at Ke (/home/tiaguinni/.vscode/extensions/uqbar.wollok-lsp-ide-0.5.5/out/server/src/server.js:7:8527)","timestamp":"2026-09-23T13:41:54.168Z"}
{"level":"info","message":"⌛ Building environment","timeElapsed":114,"timestamp":"2026-09-23T13:41:54.655Z"}
{"level":"info","message":"⌛ Validating EXAMEN-Wollok/example.wlk","timeElapsed":200,"timestamp":"2026-09-23T13:41:54.896Z"}
{"level":"info","message":"⌛ Building environment","timeElapsed":104,"timestamp":"2026-09-23T13:41:55.004Z"}
{"level":"info","message":"⌛ Validating EXAMEN-Wollok/example.wlk","timeElapsed":166,"timestamp":"2026-09-23T13:41:55.178Z"}
{"level":"info","message":"⌛ Building environment","timeElapsed":117,"timestamp":"2026-09-23T13:41:55.298Z"}
{"level":"info","message":"⌛ Validating EXAMEN-Wollok/example.wlk","timeElapsed":158,"timestamp":"2026-09-23T13:41:55.466Z"}
{"level":"info","message":"⌛ Validating EXAMEN-Wollok/example.wlk","timeElapsed":198,"timestamp":"2026-09-23T13:41:55.827Z"}
{"level":"info","message":"⌛ Building environment","timeElapsed":119,"timestamp":"2026-09-23T13:41:55.947Z"}
{"level":"info","message":"⌛ Validating EXAMEN-Wollok/example.wlk","timeElapsed":165,"timestamp":"2026-09-23T13:41:56.121Z"}
{"level":"info","message":"⌛ Building environment","timeElapsed":120,"timestamp":"2026-09-23T13:41:56.243Z"}
{"level":"info","message":"⌛ Validating EXAMEN-Wollok/example.wlk","timeElapsed":181,"timestamp":"2026-09-23T13:41:56.529Z"}
{"level":"info","message":"⌛ Validating EXAMEN-Wollok/example.wlk","timeElapsed":154,"timestamp":"2026-09-23T13:41:56.684Z"}
{"level":"info","message":"⌛ Building environment","timeElapsed":103,"timestamp":"2026-09-23T13:41:56.794Z"}
{"level":"info","message":"⌛ Validating EXAMEN-Wollok/example.wlk","timeElapsed":180,"timestamp":"2026-09-23T13:41:56.979Z"}
{"level":"info","message":"⌛ Building environment","timeElapsed":110,"timestamp":"2026-09-23T13:41:57.096Z"}
{"level":"info","message":"⌛ Validating EXAMEN-Wollok/example.wlk","timeElapsed":154,"timestamp":"2026-09-23T13:41:57.253Z"}
{"level":"error","message":"✘ Completions for node Return (undefined - EXAMEN-Wollok/example.wlk) failed: Error: [Return]{38bde0} at EXAMEN-Wollok/example.wlk:-- exhausted all cases without a match [Return]{38bde0} at EXAMEN-Wollok/example.wlk:-- exhausted all cases without a match","stack":"Error: [Return]{38bde0} at EXAMEN-Wollok/example.wlk:-- exhausted all cases without a match\n    at /home/tiaguinni/.vscode/extensions/uqbar.wollok-lsp-ide-0.5.5/out/server/src/server.js:38:6142\n    at L2 (/home/tiaguinni/.vscode/extensions/uqbar.wollok-lsp-ide-0.5.5/out/server/src/server.js:2421:42)\n    at Jh (/home/tiaguinni/.vscode/extensions/uqbar.wollok-lsp-ide-0.5.5/out/server/src/server.js:2421:1092)\n    at w5n (/home/tiaguinni/.vscode/extensions/uqbar.wollok-lsp-ide-0.5.5/out/server/src/server.js:2421:1248)\n    at /home/tiaguinni/.vscode/extensions/uqbar.wollok-lsp-ide-0.5.5/out/server/src/server.js:38:6131\n    at L2 (/home/tiaguinni/.vscode/extensions/uqbar.wollok-lsp-ide-0.5.5/out/server/src/server.js:2421:42)\n    at /home/tiaguinni/.vscode/extensions/uqbar.wollok-lsp-ide-0.5.5/out/server/src/server.js:2421:2988\n    at /home/tiaguinni/.vscode/extensions/uqbar.wollok-lsp-ide-0.5.5/out/server/src/server.js:2430:8440\n    at /home/tiaguinni/.vscode/extensions/uqbar.wollok-lsp-ide-0.5.5/out/server/src/server.js:37:74872\n    at Ke (/home/tiaguinni/.vscode/extensions/uqbar.wollok-lsp-ide-0.5.5/out/server/src/server.js:7:8527)","timestamp":"2026-09-23T13:41:57.765Z"}
{"level":"info","message":"⌛ Building environment","timeElapsed":146,"timestamp":"2026-09-23T13:41:58.975Z"}
{"level":"info","message":"⌛ Validating EXAMEN-Wollok/example.wlk","timeElapsed":163,"timestamp":"2026-09-23T13:41:59.141Z"}
{"level":"info","message":"⌛ Building environment","timeElapsed":140,"timestamp":"2026-09-23T13:42:01.897Z"}
{"level":"info","message":"⌛ Validating EXAMEN-Wollok/example.wlk","timeElapsed":145,"timestamp":"2026-09-23T13:42:02.045Z"}
{"level":"info","message":"⌛ Building environment","timeElapsed":126,"timestamp":"2026-09-23T13:42:02.303Z"}
{"level":"info","message":"⌛ Validating EXAMEN-Wollok/example.wlk","timeElapsed":143,"timestamp":"2026-09-23T13:42:02.454Z"}
{"level":"info","message":"⌛ Building environment","timeElapsed":117,"timestamp":"2026-09-23T13:42:02.729Z"}
{"level":"info","message":"⌛ Validating EXAMEN-Wollok/example.wlk","timeElapsed":162,"timestamp":"2026-09-23T13:42:02.899Z"}
{"level":"info","message":"⌛ Building environment","timeElapsed":137,"timestamp":"2026-09-23T13:42:03.038Z"}
{"level":"info","message":"⌛ Validating EXAMEN-Wollok/example.wlk","timeElapsed":156,"timestamp":"2026-09-23T13:42:03.279Z"}
{"level":"error","message":"✘ Completions for node Self ([17:63, 17:67] - EXAMEN-Wollok/example.wlk) failed: Error: [Self]{407a9b} at EXAMEN-Wollok/example.wlk:17 exhausted all cases without a match [Self]{407a9b} at EXAMEN-Wollok/example.wlk:17 exhausted all cases without a match","stack":"Error: [Self]{407a9b} at EXAMEN-Wollok/example.wlk:17 exhausted all cases without a match\n    at /home/tiaguinni/.vscode/extensions/uqbar.wollok-lsp-ide-0.5.5/out/server/src/server.js:38:6142\n    at L2 (/home/tiaguinni/.vscode/extensions/uqbar.wollok-lsp-ide-0.5.5/out/server/src/server.js:2421:42)\n    at /home/tiaguinni/.vscode/extensions/uqbar.wollok-lsp-ide-0.5.5/out/server/src/server.js:2421:2988\n    at /home/tiaguinni/.vscode/extensions/uqbar.wollok-lsp-ide-0.5.5/out/server/src/server.js:2430:8440\n    at /home/tiaguinni/.vscode/extensions/uqbar.wollok-lsp-ide-0.5.5/out/server/src/server.js:37:74872\n    at Ke (/home/tiaguinni/.vscode/extensions/uqbar.wollok-lsp-ide-0.5.5/out/server/src/server.js:7:8527)\n    at It (/home/tiaguinni/.vscode/extensions/uqbar.wollok-lsp-ide-0.5.5/out/server/src/server.js:7:6189)\n    at et (/home/tiaguinni/.vscode/extensions/uqbar.wollok-lsp-ide-0.5.5/out/server/src/server.js:7:6378)\n    at Immediate._onImmediate (/home/tiaguinni/.vscode/extensions/uqbar.wollok-lsp-ide-0.5.5/out/server/src/server.js:7:6142)\n    at process.processImmediate (node:internal/timers:504:21)","timestamp":"2026-09-23T13:42:03.598Z"}
{"level":"error","message":"✘ Completions for node Send ([17:43, 17:68] - EXAMEN-Wollok/example.wlk) failed: Error: [Send]{70be19} at EXAMEN-Wollok/example.wlk:17 exhausted all cases without a match [Send]{70be19} at EXAMEN-Wollok/example.wlk:17 exhausted all cases without a match","stack":"Error: [Send]{70be19} at EXAMEN-Wollok/example.wlk:17 exhausted all cases without a match\n    at /home/tiaguinni/.vscode/extensions/uqbar.wollok-lsp-ide-0.5.5/out/server/src/server.js:38:6142\n    at L2 (/home/tiaguinni/.vscode/extensions/uqbar.wollok-lsp-ide-0.5.5/out/server/src/server.js:2421:42)\n    at Jh (/home/tiaguinni/.vscode/extensions/uqbar.wollok-lsp-ide-0.5.5/out/server/src/server.js:2421:1092)\n    at L2 (/home/tiaguinni/.vscode/extensions/uqbar.wollok-lsp-ide-0.5.5/out/server/src/server.js:2421:544)\n    at /home/tiaguinni/.vscode/extensions/uqbar.wollok-lsp-ide-0.5.5/out/server/src/server.js:2421:2988\n    at /home/tiaguinni/.vscode/extensions/uqbar.wollok-lsp-ide-0.5.5/out/server/src/server.js:2430:8440\n    at /home/tiaguinni/.vscode/extensions/uqbar.wollok-lsp-ide-0.5.5/out/server/src/server.js:37:74872\n    at Ke (/home/tiaguinni/.vscode/extensions/uqbar.wollok-lsp-ide-0.5.5/out/server/src/server.js:7:8527)\n    at It (/home/tiaguinni/.vscode/extensions/uqbar.wollok-lsp-ide-0.5.5/out/server/src/server.js:7:6189)\n    at et (/home/tiaguinni/.vscode/extensions/uqbar.wollok-lsp-ide-0.5.5/out/server/src/server.js:7:6378)","timestamp":"2026-09-23T13:42:03.599Z"}
{"level":"error","message":"✘ Completions for node Return (undefined - EXAMEN-Wollok/example.wlk) failed: Error: [Return]{474578} at EXAMEN-Wollok/example.wlk:-- exhausted all cases without a match [Return]{474578} at EXAMEN-Wollok/example.wlk:-- exhausted all cases without a match","stack":"Error: [Return]{474578} at EXAMEN-Wollok/example.wlk:-- exhausted all cases without a match\n    at /home/tiaguinni/.vscode/extensions/uqbar.wollok-lsp-ide-0.5.5/out/server/src/server.js:38:6142\n    at L2 (/home/tiaguinni/.vscode/extensions/uqbar.wollok-lsp-ide-0.5.5/out/server/src/server.js:2421:42)\n    at Jh (/home/tiaguinni/.vscode/extensions/uqbar.wollok-lsp-ide-0.5.5/out/server/src/server.js:2421:1092)\n    at L2 (/home/tiaguinni/.vscode/extensions/uqbar.wollok-lsp-ide-0.5.5/out/server/src/server.js:2421:544)\n    at Jh (/home/tiaguinni/.vscode/extensions/uqbar.wollok-lsp-ide-0.5.5/out/server/src/server.js:2421:1092)\n    at L2 (/home/tiaguinni/.vscode/extensions/uqbar.wollok-lsp-ide-0.5.5/out/server/src/server.js:2421:544)\n    at /home/tiaguinni/.vscode/extensions/uqbar.wollok-lsp-ide-0.5.5/out/server/src/server.js:2421:2988\n    at /home/tiaguinni/.vscode/extensions/uqbar.wollok-lsp-ide-0.5.5/out/server/src/server.js:2430:8440\n    at /home/tiaguinni/.vscode/extensions/uqbar.wollok-lsp-ide-0.5.5/out/server/src/server.js:37:74872\n    at Ke (/home/tiaguinni/.vscode/extensions/uqbar.wollok-lsp-ide-0.5.5/out/server/src/server.js:7:8527)","timestamp":"2026-09-23T13:42:03.599Z"}
{"level":"info","message":"⌛ Building environment","timeElapsed":146,"timestamp":"2026-09-23T13:42:19.605Z"}
{"level":"info","message":"⌛ Validating EXAMEN-Wollok/example.wlk","timeElapsed":142,"timestamp":"2026-09-23T13:42:19.756Z"}
{"level":"info","message":"⌛ Building environment","timeElapsed":117,"timestamp":"2026-09-23T13:42:20.109Z"}
{"level":"info","message":"⌛ Validating EXAMEN-Wollok/example.wlk","timeElapsed":149,"timestamp":"2026-09-23T13:42:20.270Z"}
{"level":"info","message":"⌛ Building environment","timeElapsed":150,"timestamp":"2026-09-23T13:42:20.421Z"}
{"level":"info","message":"⌛ Validating EXAMEN-Wollok/example.wlk","timeElapsed":247,"timestamp":"2026-09-23T13:42:20.701Z"}
{"level":"info","message":"⌛ Building environment","timeElapsed":117,"timestamp":"2026-09-23T13:42:21.072Z"}
{"level":"info","message":"⌛ Validating EXAMEN-Wollok/example.wlk","timeElapsed":178,"timestamp":"2026-09-23T13:42:21.370Z"}
{"level":"info","message":"⌛ Validating EXAMEN-Wollok/example.wlk","timeElapsed":161,"timestamp":"2026-09-23T13:42:21.532Z"}
{"level":"info","message":"⌛ Building environment","timeElapsed":118,"timestamp":"2026-09-23T13:42:21.651Z"}
{"level":"info","message":"⌛ Building environment","timeElapsed":119,"timestamp":"2026-09-23T13:42:21.770Z"}
{"level":"info","message":"⌛ Validating EXAMEN-Wollok/example.wlk","timeElapsed":163,"timestamp":"2026-09-23T13:42:21.934Z"}
{"level":"info","message":"⌛ Building environment","timeElapsed":183,"timestamp":"2026-09-23T13:42:22.119Z"}
{"level":"info","message":"⌛ Validating EXAMEN-Wollok/example.wlk","timeElapsed":302,"timestamp":"2026-09-23T13:42:22.422Z"}
{"level":"info","message":"⌛ Building environment","timeElapsed":124,"timestamp":"2026-09-23T13:42:22.556Z"}
{"level":"info","message":"⌛ Validating EXAMEN-Wollok/example.wlk","timeElapsed":161,"timestamp":"2026-09-23T13:42:22.817Z"}
{"level":"info","message":"⌛ Validating EXAMEN-Wollok/example.wlk","timeElapsed":160,"timestamp":"2026-09-23T13:42:23.081Z"}
{"level":"info","message":"⌛ Validating EXAMEN-Wollok/example.wlk","timeElapsed":161,"timestamp":"2026-09-23T13:42:23.243Z"}
{"level":"info","message":"⌛ Validating EXAMEN-Wollok/example.wlk","timeElapsed":149,"timestamp":"2026-09-23T13:42:23.395Z"}
{"level":"info","message":"⌛ Building environment","timeElapsed":104,"timestamp":"2026-09-23T13:42:23.811Z"}
{"level":"info","message":"⌛ Validating EXAMEN-Wollok/example.wlk","timeElapsed":159,"timestamp":"2026-09-23T13:42:23.974Z"}
{"level":"info","message":"⌛ Building environment","timeElapsed":118,"timestamp":"2026-09-23T13:42:24.093Z"}
{"level":"info","message":"⌛ Validating EXAMEN-Wollok/example.wlk","timeElapsed":151,"timestamp":"2026-09-23T13:42:24.257Z"}
{"level":"info","message":"⌛ Building environment","timeElapsed":110,"timestamp":"2026-09-23T13:42:24.518Z"}
{"level":"info","message":"⌛ Validating EXAMEN-Wollok/example.wlk","timeElapsed":139,"timestamp":"2026-09-23T13:42:24.671Z"}
{"level":"info","message":"⌛ Building environment","timeElapsed":102,"timestamp":"2026-09-23T13:42:24.969Z"}
{"level":"info","message":"⌛ Validating EXAMEN-Wollok/example.wlk","timeElapsed":164,"timestamp":"2026-09-23T13:42:25.146Z"}
{"level":"info","message":"⌛ Building environment","timeElapsed":221,"timestamp":"2026-09-23T13:42:25.368Z"}
{"level":"info","message":"⌛ Building environment","timeElapsed":131,"timestamp":"2026-09-23T13:42:25.500Z"}
{"level":"info","message":"⌛ Validating EXAMEN-Wollok/example.wlk","timeElapsed":172,"timestamp":"2026-09-23T13:42:25.683Z"}
{"level":"info","message":"⌛ Validating EXAMEN-Wollok/example.wlk","timeElapsed":148,"timestamp":"2026-09-23T13:42:25.940Z"}
{"level":"info","message":"⌛ Validating EXAMEN-Wollok/example.wlk","timeElapsed":172,"timestamp":"2026-09-23T13:42:26.124Z"}
{"level":"info","message":"⌛ Building environment","timeElapsed":101,"timestamp":"2026-09-23T13:42:26.226Z"}
{"level":"info","message":"⌛ Validating EXAMEN-Wollok/example.wlk","timeElapsed":158,"timestamp":"2026-09-23T13:42:26.398Z"}
{"level":"info","message":"⌛ Building environment","timeElapsed":104,"timestamp":"2026-09-23T13:42:27.001Z"}
{"level":"info","message":"⌛ Validating EXAMEN-Wollok/example.wlk","timeElapsed":145,"timestamp":"2026-09-23T13:42:27.155Z"}
{"level":"info","message":"⌛ Building environment","timeElapsed":146,"timestamp":"2026-09-23T13:42:28.391Z"}
{"level":"info","message":"⌛ Validating EXAMEN-Wollok/example.wlk","timeElapsed":157,"timestamp":"2026-09-23T13:42:28.560Z"}
{"level":"info","message":"⌛ Building environment","timeElapsed":114,"timestamp":"2026-09-23T13:42:28.674Z"}
{"level":"info","message":"⌛ Validating EXAMEN-Wollok/example.wlk","timeElapsed":147,"timestamp":"2026-09-23T13:42:28.832Z"}
{"level":"info","message":"⌛ Building environment","timeElapsed":110,"timestamp":"2026-09-23T13:42:28.945Z"}
{"level":"info","message":"⌛ Validating EXAMEN-Wollok/example.wlk","timeElapsed":141,"timestamp":"2026-09-23T13:42:29.099Z"}
{"level":"info","message":"⌛ Building environment","timeElapsed":109,"timestamp":"2026-09-23T13:42:29.244Z"}
{"level":"info","message":"⌛ Building environment","timeElapsed":153,"timestamp":"2026-09-23T13:42:29.405Z"}
{"level":"info","message":"⌛ Validating EXAMEN-Wollok/example.wlk","timeElapsed":199,"timestamp":"2026-09-23T13:42:29.604Z"}
{"level":"info","message":"⌛ Validating EXAMEN-Wollok/example.wlk","timeElapsed":168,"timestamp":"2026-09-23T13:42:29.783Z"}
{"level":"info","message":"⌛ Building environment","timeElapsed":105,"timestamp":"2026-09-23T13:42:29.986Z"}
{"level":"info","message":"⌛ Validating EXAMEN-Wollok/example.wlk","timeElapsed":185,"timestamp":"2026-09-23T13:42:30.172Z"}
{"level":"info","message":"⌛ Building environment","timeElapsed":135,"timestamp":"2026-09-23T13:42:30.312Z"}
{"level":"info","message":"⌛ Validating EXAMEN-Wollok/example.wlk","timeElapsed":175,"timestamp":"2026-09-23T13:42:30.488Z"}
{"level":"info","message":"⌛ Building environment","timeElapsed":129,"timestamp":"2026-09-23T13:42:30.624Z"}
{"level":"info","message":"⌛ Validating EXAMEN-Wollok/example.wlk","timeElapsed":142,"timestamp":"2026-09-23T13:42:30.767Z"}
{"level":"info","message":"⌛ Building environment","timeElapsed":194,"timestamp":"2026-09-23T13:42:30.963Z"}
{"level":"info","message":"⌛ Building environment","timeElapsed":173,"timestamp":"2026-09-23T13:42:31.145Z"}
{"level":"info","message":"⌛ Validating EXAMEN-Wollok/example.wlk","timeElapsed":270,"timestamp":"2026-09-23T13:42:31.415Z"}
{"level":"info","message":"⌛ Building environment","timeElapsed":122,"timestamp":"2026-09-23T13:42:31.548Z"}
{"level":"info","message":"⌛ Validating EXAMEN-Wollok/example.wlk","timeElapsed":164,"timestamp":"2026-09-23T13:42:31.713Z"}
{"level":"info","message":"⌛ Building environment","timeElapsed":128,"timestamp":"2026-09-23T13:42:31.851Z"}
{"level":"info","message":"⌛ Validating EXAMEN-Wollok/example.wlk","timeElapsed":169,"timestamp":"2026-09-23T13:42:32.021Z"}
{"level":"info","message":"⌛ Building environment","timeElapsed":136,"timestamp":"2026-09-23T13:42:32.165Z"}
{"level":"info","message":"⌛ Building environment","timeElapsed":102,"timestamp":"2026-09-23T13:42:32.280Z"}
{"level":"info","message":"⌛ Validating EXAMEN-Wollok/example.wlk","timeElapsed":192,"timestamp":"2026-09-23T13:42:32.473Z"}
{"level":"info","message":"⌛ Building environment","timeElapsed":143,"timestamp":"2026-09-23T13:42:32.618Z"}
{"level":"info","message":"⌛ Building environment","timeElapsed":125,"timestamp":"2026-09-23T13:42:32.751Z"}
{"level":"info","message":"⌛ Validating EXAMEN-Wollok/example.wlk","timeElapsed":156,"timestamp":"2026-09-23T13:42:32.907Z"}
{"level":"info","message":"⌛ Building environment","timeElapsed":110,"timestamp":"2026-09-23T13:42:33.018Z"}
{"level":"info","message":"⌛ Building environment","timeElapsed":113,"timestamp":"2026-09-23T13:42:33.132Z"}
{"level":"info","message":"⌛ Validating EXAMEN-Wollok/example.wlk","timeElapsed":168,"timestamp":"2026-09-23T13:42:33.301Z"}
{"level":"info","message":"⌛ Building environment","timeElapsed":245,"timestamp":"2026-09-23T13:42:33.548Z"}
{"level":"info","message":"⌛ Validating EXAMEN-Wollok/example.wlk","timeElapsed":173,"timestamp":"2026-09-23T13:42:33.730Z"}
{"level":"info","message":"⌛ Building environment","timeElapsed":132,"timestamp":"2026-09-23T13:42:33.861Z"}
{"level":"info","message":"⌛ Building environment","timeElapsed":124,"timestamp":"2026-09-23T13:42:33.986Z"}
{"level":"info","message":"⌛ Validating EXAMEN-Wollok/example.wlk","timeElapsed":184,"timestamp":"2026-09-23T13:42:34.171Z"}
{"level":"info","message":"⌛ Building environment","timeElapsed":113,"timestamp":"2026-09-23T13:42:34.284Z"}
{"level":"info","message":"⌛ Validating EXAMEN-Wollok/example.wlk","timeElapsed":171,"timestamp":"2026-09-23T13:42:34.470Z"}
{"level":"info","message":"⌛ Building environment","timeElapsed":109,"timestamp":"2026-09-23T13:42:34.580Z"}
{"level":"info","message":"⌛ Validating EXAMEN-Wollok/example.wlk","timeElapsed":176,"timestamp":"2026-09-23T13:42:34.765Z"}
{"level":"info","message":"⌛ Building environment","timeElapsed":101,"timestamp":"2026-09-23T13:42:34.866Z"}
{"level":"info","message":"⌛ Validating EXAMEN-Wollok/example.wlk","timeElapsed":161,"timestamp":"2026-09-23T13:42:35.043Z"}
{"level":"info","message":"⌛ Building environment","timeElapsed":160,"timestamp":"2026-09-23T13:42:35.215Z"}
{"level":"info","message":"⌛ Validating EXAMEN-Wollok/example.wlk","timeElapsed":207,"timestamp":"2026-09-23T13:42:35.534Z"}
{"level":"info","message":"⌛ Building environment","timeElapsed":208,"timestamp":"2026-09-23T13:42:35.773Z"}
{"level":"info","message":"⌛ Building environment","timeElapsed":166,"timestamp":"2026-09-23T13:42:35.939Z"}
{"level":"info","message":"⌛ Validating EXAMEN-Wollok/example.wlk","timeElapsed":188,"timestamp":"2026-09-23T13:42:36.128Z"}
{"level":"info","message":"⌛ Validating EXAMEN-Wollok/example.wlk","timeElapsed":166,"timestamp":"2026-09-23T13:42:36.394Z"}
{"level":"info","message":"⌛ Building environment","timeElapsed":116,"timestamp":"2026-09-23T13:42:36.510Z"}
{"level":"info","message":"⌛ Validating EXAMEN-Wollok/example.wlk","timeElapsed":165,"timestamp":"2026-09-23T13:42:36.779Z"}
{"level":"info","message":"⌛ Building environment","timeElapsed":181,"timestamp":"2026-09-23T13:42:36.962Z"}
{"level":"info","message":"⌛ Building environment","timeElapsed":187,"timestamp":"2026-09-23T13:42:37.158Z"}
{"level":"info","message":"⌛ Validating EXAMEN-Wollok/example.wlk","timeElapsed":187,"timestamp":"2026-09-23T13:42:37.346Z"}
{"level":"info","message":"⌛ Building environment","timeElapsed":117,"timestamp":"2026-09-23T13:42:37.464Z"}
{"level":"info","message":"⌛ Building environment","timeElapsed":110,"timestamp":"2026-09-23T13:42:37.590Z"}
{"level":"info","message":"⌛ Validating EXAMEN-Wollok/example.wlk","timeElapsed":182,"timestamp":"2026-09-23T13:42:37.784Z"}
{"level":"info","message":"⌛ Building environment","timeElapsed":115,"timestamp":"2026-09-23T13:42:38.002Z"}
{"level":"info","message":"⌛ Validating EXAMEN-Wollok/example.wlk","timeElapsed":162,"timestamp":"2026-09-23T13:42:38.164Z"}
{"level":"info","message":"⌛ Validating EXAMEN-Wollok/example.wlk","timeElapsed":156,"timestamp":"2026-09-23T13:42:38.322Z"}
{"level":"info","message":"⌛ Building environment","timeElapsed":111,"timestamp":"2026-09-23T13:42:38.442Z"}
{"level":"info","message":"⌛ Building environment","timeElapsed":109,"timestamp":"2026-09-23T13:42:38.564Z"}
{"level":"info","message":"⌛ Validating EXAMEN-Wollok/example.wlk","timeElapsed":184,"timestamp":"2026-09-23T13:42:38.749Z"}
{"level":"info","message":"⌛ Validating EXAMEN-Wollok/example.wlk","timeElapsed":175,"timestamp":"2026-09-23T13:42:38.932Z"}
{"level":"info","message":"⌛ Building environment","timeElapsed":103,"timestamp":"2026-09-23T13:42:39.036Z"}
{"level":"info","message":"⌛ Validating EXAMEN-Wollok/example.wlk","timeElapsed":170,"timestamp":"2026-09-23T13:42:39.207Z"}
{"level":"info","message":"⌛ Building environment","timeElapsed":125,"timestamp":"2026-09-23T13:42:39.420Z"}
{"level":"info","message":"⌛ Validating EXAMEN-Wollok/example.wlk","timeElapsed":159,"timestamp":"2026-09-23T13:42:39.580Z"}
{"level":"info","message":"⌛ Validating EXAMEN-Wollok/example.wlk","timeElapsed":141,"timestamp":"2026-09-23T13:42:39.722Z"}
{"level":"info","message":"⌛ Building environment","timeElapsed":143,"timestamp":"2026-09-23T13:42:39.877Z"}
{"level":"info","message":"⌛ Validating EXAMEN-Wollok/example.wlk","timeElapsed":148,"timestamp":"2026-09-23T13:42:40.025Z"}
{"level":"info","message":"⌛ Building environment","timeElapsed":143,"timestamp":"2026-09-23T13:42:40.169Z"}
{"level":"info","message":"⌛ Validating EXAMEN-Wollok/example.wlk","timeElapsed":138,"timestamp":"2026-09-23T13:42:40.314Z"}
{"level":"info","message":"⌛ Validating EXAMEN-Wollok/example.wlk","timeElapsed":156,"timestamp":"2026-09-23T13:42:40.654Z"}
{"level":"info","message":"⌛ Building environment","timeElapsed":201,"timestamp":"2026-09-23T13:42:40.858Z"}
{"level":"info","message":"⌛ Validating EXAMEN-Wollok/example.wlk","timeElapsed":158,"timestamp":"2026-09-23T13:42:41.016Z"}
{"level":"info","message":"⌛ Building environment","timeElapsed":257,"timestamp":"2026-09-23T13:42:41.283Z"}
{"level":"info","message":"⌛ Validating EXAMEN-Wollok/example.wlk","timeElapsed":146,"timestamp":"2026-09-23T13:42:41.430Z"}
{"level":"info","message":"⌛ Validating EXAMEN-Wollok/example.wlk","timeElapsed":148,"timestamp":"2026-09-23T13:42:41.673Z"}
{"level":"info","message":"⌛ Building environment","timeElapsed":107,"timestamp":"2026-09-23T13:42:41.787Z"}
{"level":"info","message":"⌛ Validating EXAMEN-Wollok/example.wlk","timeElapsed":171,"timestamp":"2026-09-23T13:42:42.052Z"}
{"level":"info","message":"⌛ Validating EXAMEN-Wollok/example.wlk","timeElapsed":149,"timestamp":"2026-09-23T13:42:42.293Z"}
{"level":"info","message":"⌛ Building environment","timeElapsed":110,"timestamp":"2026-09-23T13:42:42.596Z"}
{"level":"info","message":"⌛ Validating EXAMEN-Wollok/example.wlk","timeElapsed":143,"timestamp":"2026-09-23T13:42:42.740Z"}
{"level":"info","message":"⌛ Validating EXAMEN-Wollok/example.wlk","timeElapsed":134,"timestamp":"2026-09-23T13:42:42.971Z"}
{"level":"info","message":"⌛ Validating EXAMEN-Wollok/example.wlk","timeElapsed":137,"timestamp":"2026-09-23T13:42:43.201Z"}
{"level":"info","message":"⌛ Validating EXAMEN-Wollok/example.wlk","timeElapsed":134,"timestamp":"2026-09-23T13:42:43.434Z"}
{"level":"info","message":"⌛ Validating EXAMEN-Wollok/example.wlk","timeElapsed":138,"timestamp":"2026-09-23T13:42:43.582Z"}
{"level":"info","message":"⌛ Validating EXAMEN-Wollok/example.wlk","timeElapsed":180,"timestamp":"2026-09-23T13:42:43.766Z"}
{"level":"info","message":"⌛ Validating EXAMEN-Wollok/example.wlk","timeElapsed":217,"timestamp":"2026-09-23T13:42:43.984Z"}
{"level":"info","message":"⌛ Validating EXAMEN-Wollok/example.wlk","timeElapsed":199,"timestamp":"2026-09-23T13:42:44.189Z"}
{"level":"info","message":"⌛ Validating EXAMEN-Wollok/example.wlk","timeElapsed":183,"timestamp":"2026-09-23T13:42:44.383Z"}
{"level":"info","message":"⌛ Validating EXAMEN-Wollok/example.wlk","timeElapsed":137,"timestamp":"2026-09-23T13:42:44.521Z"}
{"level":"info","message":"⌛ Validating EXAMEN-Wollok/example.wlk","timeElapsed":147,"timestamp":"2026-09-23T13:42:44.668Z"}
{"level":"info","message":"⌛ Validating EXAMEN-Wollok/example.wlk","timeElapsed":141,"timestamp":"2026-09-23T13:42:44.810Z"}
{"level":"info","message":"⌛ Validating EXAMEN-Wollok/example.wlk","timeElapsed":138,"timestamp":"2026-09-23T13:42:44.952Z"}
{"level":"info","message":"⌛ Validating EXAMEN-Wollok/example.wlk","timeElapsed":144,"timestamp":"2026-09-23T13:42:45.096Z"}
{"level":"info","message":"⌛ Validating EXAMEN-Wollok/example.wlk","timeElapsed":138,"timestamp":"2026-09-23T13:42:45.234Z"}
{"level":"info","message":"⌛ Validating EXAMEN-Wollok/example.wlk","timeElapsed":175,"timestamp":"2026-09-23T13:42:45.415Z"}
{"level":"info","message":"⌛ Validating EXAMEN-Wollok/example.wlk","timeElapsed":278,"timestamp":"2026-09-23T13:42:45.694Z"}
{"level":"info","message":"⌛ Validating EXAMEN-Wollok/example.wlk","timeElapsed":133,"timestamp":"2026-09-23T13:42:45.828Z"}
{"level":"info","message":"⌛ Validating EXAMEN-Wollok/example.wlk","timeElapsed":140,"timestamp":"2026-09-23T13:42:45.969Z"}
{"level":"info","message":"⌛ Building environment","timeElapsed":164,"timestamp":"2026-09-23T13:43:53.045Z"}
{"level":"info","message":"⌛ Validating EXAMEN-Wollok/example.wlk","timeElapsed":144,"timestamp":"2026-09-23T13:43:53.194Z"}
{"level":"info","message":"⌛ Building environment","timeElapsed":108,"timestamp":"2026-09-23T13:43:53.482Z"}
{"level":"info","message":"⌛ Validating EXAMEN-Wollok/example.wlk","timeElapsed":137,"timestamp":"2026-09-23T13:43:53.632Z"}
{"level":"info","message":"⌛ Building environment","timeElapsed":131,"timestamp":"2026-09-23T13:43:53.831Z"}
{"level":"info","message":"⌛ Building environment","timeElapsed":105,"timestamp":"2026-09-23T13:43:53.946Z"}
{"level":"info","message":"⌛ Validating EXAMEN-Wollok/example.wlk","timeElapsed":158,"timestamp":"2026-09-23T13:43:54.105Z"}
{"level":"info","message":"⌛ Validating EXAMEN-Wollok/example.wlk","timeElapsed":134,"timestamp":"2026-09-23T13:43:54.250Z"}
{"level":"info","message":"⌛ Building environment","timeElapsed":104,"timestamp":"2026-09-23T13:43:54.392Z"}
{"level":"info","message":"⌛ Validating EXAMEN-Wollok/example.wlk","timeElapsed":151,"timestamp":"2026-09-23T13:43:54.550Z"}
{"level":"info","message":"⌛ Building environment","timeElapsed":125,"timestamp":"2026-09-23T13:43:54.674Z"}
{"level":"info","message":"⌛ Validating EXAMEN-Wollok/example.wlk","timeElapsed":231,"timestamp":"2026-09-23T13:43:55.013Z"}
{"level":"info","message":"⌛ Validating EXAMEN-Wollok/example.wlk","timeElapsed":223,"timestamp":"2026-09-23T13:43:55.237Z"}
{"level":"info","message":"⌛ Building environment","timeElapsed":139,"timestamp":"2026-09-23T13:43:55.576Z"}
{"level":"info","message":"⌛ Validating EXAMEN-Wollok/example.wlk","timeElapsed":244,"timestamp":"2026-09-23T13:43:55.822Z"}
{"level":"info","message":"⌛ Validating EXAMEN-Wollok/example.wlk","timeElapsed":162,"timestamp":"2026-09-23T13:43:55.984Z"}
{"level":"info","message":"⌛ Building environment","timeElapsed":117,"timestamp":"2026-09-23T13:43:56.102Z"}
{"level":"info","message":"⌛ Building environment","timeElapsed":116,"timestamp":"2026-09-23T13:43:56.226Z"}
{"level":"info","message":"⌛ Validating EXAMEN-Wollok/example.wlk","timeElapsed":186,"timestamp":"2026-09-23T13:43:56.413Z"}
{"level":"info","message":"⌛ Building environment","timeElapsed":125,"timestamp":"2026-09-23T13:43:56.633Z"}
{"level":"info","message":"⌛ Validating EXAMEN-Wollok/example.wlk","timeElapsed":171,"timestamp":"2026-09-23T13:43:56.805Z"}
{"level":"info","message":"⌛ Building environment","timeElapsed":102,"timestamp":"2026-09-23T13:43:56.908Z"}
{"level":"info","message":"⌛ Validating EXAMEN-Wollok/example.wlk","timeElapsed":167,"timestamp":"2026-09-23T13:43:57.076Z"}
{"level":"info","message":"⌛ Building environment","timeElapsed":108,"timestamp":"2026-09-23T13:43:57.196Z"}
{"level":"info","message":"⌛ Validating EXAMEN-Wollok/example.wlk","timeElapsed":177,"timestamp":"2026-09-23T13:43:57.374Z"}
{"level":"info","message":"⌛ Building environment","timeElapsed":155,"timestamp":"2026-09-23T13:43:57.530Z"}
{"level":"info","message":"⌛ Validating EXAMEN-Wollok/example.wlk","timeElapsed":270,"timestamp":"2026-09-23T13:43:57.801Z"}
{"level":"info","message":"⌛ Building environment","timeElapsed":101,"timestamp":"2026-09-23T13:43:57.945Z"}
{"level":"info","message":"⌛ Building environment","timeElapsed":133,"timestamp":"2026-09-23T13:43:58.079Z"}
{"level":"info","message":"⌛ Building environment","timeElapsed":112,"timestamp":"2026-09-23T13:43:58.191Z"}
{"level":"info","message":"⌛ Validating EXAMEN-Wollok/example.wlk","timeElapsed":158,"timestamp":"2026-09-23T13:43:58.350Z"}
{"level":"info","message":"⌛ Building environment","timeElapsed":251,"timestamp":"2026-09-23T13:43:58.603Z"}
{"level":"info","message":"⌛ Validating EXAMEN-Wollok/example.wlk","timeElapsed":178,"timestamp":"2026-09-23T13:43:58.790Z"}
{"level":"info","message":"⌛ Building environment","timeElapsed":101,"timestamp":"2026-09-23T13:43:58.891Z"}
{"level":"info","message":"⌛ Building environment","timeElapsed":131,"timestamp":"2026-09-23T13:43:59.030Z"}
{"level":"info","message":"⌛ Validating EXAMEN-Wollok/example.wlk","timeElapsed":186,"timestamp":"2026-09-23T13:43:59.217Z"}
{"level":"info","message":"⌛ Building environment","timeElapsed":112,"timestamp":"2026-09-23T13:43:59.330Z"}
{"level":"info","message":"⌛ Validating EXAMEN-Wollok/example.wlk","timeElapsed":152,"timestamp":"2026-09-23T13:43:59.595Z"}
{"level":"info","message":"⌛ Building environment","timeElapsed":103,"timestamp":"2026-09-23T13:43:59.699Z"}
{"level":"info","message":"⌛ Validating EXAMEN-Wollok/example.wlk","timeElapsed":147,"timestamp":"2026-09-23T13:43:59.859Z"}
{"level":"info","message":"⌛ Validating EXAMEN-Wollok/example.wlk","timeElapsed":145,"timestamp":"2026-09-23T13:44:00.011Z"}
{"level":"info","message":"⌛ Building environment","timeElapsed":125,"timestamp":"2026-09-23T13:44:00.322Z"}
{"level":"info","message":"⌛ Validating EXAMEN-Wollok/example.wlk","timeElapsed":177,"timestamp":"2026-09-23T13:44:00.499Z"}
{"level":"info","message":"⌛ Building environment","timeElapsed":102,"timestamp":"2026-09-23T13:44:00.608Z"}
{"level":"info","message":"⌛ Validating EXAMEN-Wollok/example.wlk","timeElapsed":141,"timestamp":"2026-09-23T13:44:00.749Z"}
{"level":"info","message":"⌛ Validating EXAMEN-Wollok/example.wlk","timeElapsed":141,"timestamp":"2026-09-23T13:44:00.989Z"}
{"level":"info","message":"⌛ Validating EXAMEN-Wollok/example.wlk","timeElapsed":141,"timestamp":"2026-09-23T13:44:01.228Z"}
{"level":"info","message":"⌛ Validating EXAMEN-Wollok/example.wlk","timeElapsed":139,"timestamp":"2026-09-23T13:44:01.367Z"}
{"level":"info","message":"⌛ Building environment","timeElapsed":204,"timestamp":"2026-09-23T13:44:01.579Z"}
{"level":"info","message":"⌛ Validating EXAMEN-Wollok/example.wlk","timeElapsed":147,"timestamp":"2026-09-23T13:44:01.735Z"}
{"level":"info","message":"⌛ Validating EXAMEN-Wollok/example.wlk","timeElapsed":144,"timestamp":"2026-09-23T13:44:01.888Z"}
{"level":"info","message":"⌛ Validating EXAMEN-Wollok/example.wlk","timeElapsed":150,"timestamp":"2026-09-23T13:44:02.039Z"}
{"level":"info","message":"⌛ Validating EXAMEN-Wollok/example.wlk","timeElapsed":133,"timestamp":"2026-09-23T13:44:02.269Z"}
{"level":"info","message":"⌛ Validating EXAMEN-Wollok/example.wlk","timeElapsed":162,"timestamp":"2026-09-23T13:44:02.522Z"}
{"level":"info","message":"⌛ Validating EXAMEN-Wollok/example.wlk","timeElapsed":172,"timestamp":"2026-09-23T13:44:02.701Z"}
{"level":"info","message":"⌛ Validating EXAMEN-Wollok/example.wlk","timeElapsed":144,"timestamp":"2026-09-23T13:44:02.846Z"}
{"level":"info","message":"⌛ Building environment","timeElapsed":167,"timestamp":"2026-09-23T13:44:03.014Z"}
{"level":"info","message":"⌛ Validating EXAMEN-Wollok/example.wlk","timeElapsed":139,"timestamp":"2026-09-23T13:44:03.161Z"}
{"level":"info","message":"⌛ Validating EXAMEN-Wollok/example.wlk","timeElapsed":133,"timestamp":"2026-09-23T13:44:03.305Z"}
{"level":"info","message":"⌛ Validating EXAMEN-Wollok/example.wlk","timeElapsed":251,"timestamp":"2026-09-23T13:44:03.557Z"}
{"level":"info","message":"⌛ Building environment","timeElapsed":155,"timestamp":"2026-09-23T13:44:03.713Z"}
{"level":"info","message":"⌛ Building environment","timeElapsed":111,"timestamp":"2026-09-23T13:44:03.825Z"}
{"level":"info","message":"⌛ Validating EXAMEN-Wollok/example.wlk","timeElapsed":134,"timestamp":"2026-09-23T13:44:03.963Z"}
{"level":"info","message":"⌛ Validating EXAMEN-Wollok/example.wlk","timeElapsed":170,"timestamp":"2026-09-23T13:44:04.142Z"}
{"level":"info","message":"⌛ Validating EXAMEN-Wollok/example.wlk","timeElapsed":134,"timestamp":"2026-09-23T13:44:04.282Z"}
{"level":"info","message":"⌛ Building environment","timeElapsed":167,"timestamp":"2026-09-23T13:45:47.026Z"}
{"level":"info","message":"⌛ Validating EXAMEN-Wollok/example.wlk","timeElapsed":167,"timestamp":"2026-09-23T13:45:47.204Z"}
{"level":"info","message":"⌛ Building environment","timeElapsed":170,"timestamp":"2026-09-23T13:45:48.871Z"}
{"level":"info","message":"⌛ Validating EXAMEN-Wollok/example.wlk","timeElapsed":184,"timestamp":"2026-09-23T13:45:49.059Z"}
{"level":"info","message":"⌛ Building environment","timeElapsed":123,"timestamp":"2026-09-23T13:45:52.815Z"}
{"level":"info","message":"⌛ Validating EXAMEN-Wollok/testExample.wtest","timeElapsed":143,"timestamp":"2026-09-23T13:45:52.966Z"}
{"level":"error","message":"✘ Completions for node Send ([14:5, 14:30] - EXAMEN-Wollok/testExample.wtest) failed: Error: [Send]{2fbd57} at EXAMEN-Wollok/testExample.wtest:14 exhausted all cases without a match [Send]{2fbd57} at EXAMEN-Wollok/testExample.wtest:14 exhausted all cases without a match","stack":"Error: [Send]{2fbd57} at EXAMEN-Wollok/testExample.wtest:14 exhausted all cases without a match\n    at /home/tiaguinni/.vscode/extensions/uqbar.wollok-lsp-ide-0.5.5/out/server/src/server.js:38:6142\n    at L2 (/home/tiaguinni/.vscode/extensions/uqbar.wollok-lsp-ide-0.5.5/out/server/src/server.js:2421:42)\n    at Jh (/home/tiaguinni/.vscode/extensions/uqbar.wollok-lsp-ide-0.5.5/out/server/src/server.js:2421:1092)\n    at w5n (/home/tiaguinni/.vscode/extensions/uqbar.wollok-lsp-ide-0.5.5/out/server/src/server.js:2421:1248)\n    at /home/tiaguinni/.vscode/extensions/uqbar.wollok-lsp-ide-0.5.5/out/server/src/server.js:38:6131\n    at L2 (/home/tiaguinni/.vscode/extensions/uqbar.wollok-lsp-ide-0.5.5/out/server/src/server.js:2421:42)\n    at /home/tiaguinni/.vscode/extensions/uqbar.wollok-lsp-ide-0.5.5/out/server/src/server.js:2421:2988\n    at /home/tiaguinni/.vscode/extensions/uqbar.wollok-lsp-ide-0.5.5/out/server/src/server.js:2430:8440\n    at /home/tiaguinni/.vscode/extensions/uqbar.wollok-lsp-ide-0.5.5/out/server/src/server.js:37:74872\n    at Ke (/home/tiaguinni/.vscode/extensions/uqbar.wollok-lsp-ide-0.5.5/out/server/src/server.js:7:8527)","timestamp":"2026-09-23T13:45:53.517Z"}
{"level":"info","message":"⌛ Building environment","timeElapsed":155,"timestamp":"2026-09-23T13:46:02.652Z"}
{"level":"info","message":"⌛ Validating EXAMEN-Wollok/example.wlk","timeElapsed":170,"timestamp":"2026-09-23T13:46:02.829Z"}
{"level":"info","message":"⌛ Building environment","timeElapsed":155,"timestamp":"2026-09-23T13:46:02.992Z"}
{"level":"info","message":"⌛ Validating EXAMEN-Wollok/example.wlk","timeElapsed":264,"timestamp":"2026-09-23T13:46:03.496Z"}
{"level":"info","message":"⌛ Building environment","timeElapsed":111,"timestamp":"2026-09-23T13:46:03.685Z"}
{"level":"info","message":"⌛ Validating EXAMEN-Wollok/example.wlk","timeElapsed":150,"timestamp":"2026-09-23T13:46:03.844Z"}
{"level":"info","message":"⌛ Building environment","timeElapsed":163,"timestamp":"2026-09-23T13:46:05.164Z"}
{"level":"info","message":"⌛ Validating EXAMEN-Wollok/example.wlk","timeElapsed":165,"timestamp":"2026-09-23T13:46:05.333Z"}
{"level":"info","message":"⌛ Building environment","timeElapsed":115,"timestamp":"2026-09-23T13:46:06.108Z"}
{"level":"info","message":"⌛ Validating EXAMEN-Wollok/example.wlk","timeElapsed":152,"timestamp":"2026-09-23T13:46:06.264Z"}
{"level":"info","message":"⌛ Validating EXAMEN-Wollok/example.wlk","timeElapsed":145,"timestamp":"2026-09-23T13:46:06.807Z"}
{"level":"info","message":"⌛ Building environment","timeElapsed":146,"timestamp":"2026-09-23T13:46:08.787Z"}
{"level":"info","message":"⌛ Validating EXAMEN-Wollok/example.wlk","timeElapsed":146,"timestamp":"2026-09-23T13:46:08.937Z"}
{"level":"info","message":"⌛ Building environment","timeElapsed":113,"timestamp":"2026-09-23T13:46:12.074Z"}
{"level":"info","message":"⌛ Validating EXAMEN-Wollok/example.wlk","timeElapsed":219,"timestamp":"2026-09-23T13:46:12.295Z"}
{"level":"info","message":"⌛ Building environment","timeElapsed":149,"timestamp":"2026-09-23T13:46:12.454Z"}
{"level":"info","message":"⌛ Building environment","timeElapsed":152,"timestamp":"2026-09-23T13:46:12.606Z"}
{"level":"info","message":"⌛ Validating EXAMEN-Wollok/example.wlk","timeElapsed":187,"timestamp":"2026-09-23T13:46:12.794Z"}
{"level":"info","message":"⌛ Building environment","timeElapsed":138,"timestamp":"2026-09-23T13:46:12.932Z"}
{"level":"info","message":"⌛ Building environment","timeElapsed":104,"timestamp":"2026-09-23T13:46:13.036Z"}
{"level":"info","message":"⌛ Validating EXAMEN-Wollok/example.wlk","timeElapsed":156,"timestamp":"2026-09-23T13:46:13.192Z"}
{"level":"info","message":"⌛ Building environment","timeElapsed":111,"timestamp":"2026-09-23T13:46:13.381Z"}
{"level":"info","message":"⌛ Validating EXAMEN-Wollok/example.wlk","timeElapsed":185,"timestamp":"2026-09-23T13:46:13.666Z"}
{"level":"info","message":"⌛ Building environment","timeElapsed":112,"timestamp":"2026-09-23T13:46:13.779Z"}
{"level":"info","message":"⌛ Validating EXAMEN-Wollok/example.wlk","timeElapsed":184,"timestamp":"2026-09-23T13:46:13.963Z"}
{"level":"info","message":"⌛ Validating EXAMEN-Wollok/example.wlk","timeElapsed":194,"timestamp":"2026-09-23T13:46:14.165Z"}
{"level":"info","message":"⌛ Validating EXAMEN-Wollok/example.wlk","timeElapsed":172,"timestamp":"2026-09-23T13:46:14.344Z"}
{"level":"info","message":"⌛ Validating EXAMEN-Wollok/example.wlk","timeElapsed":178,"timestamp":"2026-09-23T13:46:14.614Z"}
{"level":"info","message":"⌛ Building environment","timeElapsed":107,"timestamp":"2026-09-23T13:46:14.726Z"}
{"level":"info","message":"⌛ Building environment","timeElapsed":104,"timestamp":"2026-09-23T13:46:14.839Z"}
{"level":"info","message":"⌛ Building environment","timeElapsed":139,"timestamp":"2026-09-23T13:46:14.979Z"}
{"level":"info","message":"⌛ Validating EXAMEN-Wollok/example.wlk","timeElapsed":179,"timestamp":"2026-09-23T13:46:15.171Z"}
{"level":"info","message":"⌛ Building environment","timeElapsed":113,"timestamp":"2026-09-23T13:46:15.285Z"}
{"level":"info","message":"⌛ Validating EXAMEN-Wollok/example.wlk","timeElapsed":297,"timestamp":"2026-09-23T13:46:15.691Z"}
{"level":"info","message":"⌛ Validating EXAMEN-Wollok/example.wlk","timeElapsed":249,"timestamp":"2026-09-23T13:46:15.942Z"}
{"level":"info","message":"⌛ Building environment","timeElapsed":122,"timestamp":"2026-09-23T13:46:16.070Z"}
{"level":"info","message":"⌛ Validating EXAMEN-Wollok/example.wlk","timeElapsed":147,"timestamp":"2026-09-23T13:46:16.218Z"}
{"level":"info","message":"⌛ Validating EXAMEN-Wollok/example.wlk","timeElapsed":144,"timestamp":"2026-09-23T13:46:16.466Z"}
{"level":"info","message":"⌛ Validating EXAMEN-Wollok/example.wlk","timeElapsed":143,"timestamp":"2026-09-23T13:46:16.609Z"}
{"level":"info","message":"⌛ Building environment","timeElapsed":124,"timestamp":"2026-09-23T13:46:16.948Z"}
{"level":"info","message":"⌛ Validating EXAMEN-Wollok/example.wlk","timeElapsed":160,"timestamp":"2026-09-23T13:46:17.126Z"}
{"level":"info","message":"⌛ Validating EXAMEN-Wollok/example.wlk","timeElapsed":162,"timestamp":"2026-09-23T13:46:17.296Z"}
{"level":"info","message":"⌛ Validating EXAMEN-Wollok/example.wlk","timeElapsed":159,"timestamp":"2026-09-23T13:46:17.482Z"}
{"level":"info","message":"⌛ Validating EXAMEN-Wollok/example.wlk","timeElapsed":161,"timestamp":"2026-09-23T13:46:17.643Z"}
{"level":"info","message":"⌛ Building environment","timeElapsed":138,"timestamp":"2026-09-23T13:46:17.786Z"}
{"level":"info","message":"⌛ Validating EXAMEN-Wollok/example.wlk","timeElapsed":183,"timestamp":"2026-09-23T13:46:17.969Z"}
{"level":"info","message":"⌛ Building environment","timeElapsed":125,"timestamp":"2026-09-23T13:46:18.100Z"}
{"level":"info","message":"⌛ Building environment","timeElapsed":113,"timestamp":"2026-09-23T13:46:18.311Z"}
{"level":"info","message":"⌛ Building environment","timeElapsed":101,"timestamp":"2026-09-23T13:46:18.411Z"}
{"level":"info","message":"⌛ Validating EXAMEN-Wollok/example.wlk","timeElapsed":149,"timestamp":"2026-09-23T13:46:18.561Z"}
{"level":"info","message":"⌛ Validating EXAMEN-Wollok/example.wlk","timeElapsed":177,"timestamp":"2026-09-23T13:46:18.817Z"}
{"level":"info","message":"⌛ Validating EXAMEN-Wollok/example.wlk","timeElapsed":156,"timestamp":"2026-09-23T13:46:18.974Z"}
{"level":"info","message":"⌛ Validating EXAMEN-Wollok/example.wlk","timeElapsed":174,"timestamp":"2026-09-23T13:46:19.155Z"}
{"level":"info","message":"⌛ Validating EXAMEN-Wollok/example.wlk","timeElapsed":180,"timestamp":"2026-09-23T13:46:19.336Z"}
{"level":"info","message":"⌛ Building environment","timeElapsed":144,"timestamp":"2026-09-23T13:46:19.514Z"}
{"level":"info","message":"⌛ Building environment","timeElapsed":113,"timestamp":"2026-09-23T13:46:19.791Z"}
{"level":"info","message":"⌛ Building environment","timeElapsed":113,"timestamp":"2026-09-23T13:46:20.058Z"}
{"level":"info","message":"⌛ Building environment","timeElapsed":109,"timestamp":"2026-09-23T13:46:20.168Z"}
{"level":"info","message":"⌛ Validating EXAMEN-Wollok/example.wlk","timeElapsed":151,"timestamp":"2026-09-23T13:46:20.319Z"}
{"level":"info","message":"⌛ Validating EXAMEN-Wollok/example.wlk","timeElapsed":141,"timestamp":"2026-09-23T13:46:20.470Z"}
{"level":"info","message":"⌛ Validating EXAMEN-Wollok/example.wlk","timeElapsed":151,"timestamp":"2026-09-23T13:46:20.719Z"}
{"level":"info","message":"⌛ Building environment","timeElapsed":103,"timestamp":"2026-09-23T13:46:20.823Z"}
{"level":"info","message":"⌛ Validating EXAMEN-Wollok/example.wlk","timeElapsed":154,"timestamp":"2026-09-23T13:46:20.977Z"}
{"level":"info","message":"⌛ Validating EXAMEN-Wollok/example.wlk","timeElapsed":144,"timestamp":"2026-09-23T13:46:21.122Z"}
{"level":"info","message":"⌛ Validating EXAMEN-Wollok/example.wlk","timeElapsed":149,"timestamp":"2026-09-23T13:46:21.281Z"}
{"level":"info","message":"⌛ Validating EXAMEN-Wollok/example.wlk","timeElapsed":137,"timestamp":"2026-09-23T13:46:21.422Z"}
{"level":"info","message":"⌛ Validating EXAMEN-Wollok/example.wlk","timeElapsed":156,"timestamp":"2026-09-23T13:46:21.584Z"}
{"level":"info","message":"⌛ Building environment","timeElapsed":169,"timestamp":"2026-09-23T13:46:21.755Z"}
{"level":"info","message":"⌛ Building environment","timeElapsed":115,"timestamp":"2026-09-23T13:46:21.876Z"}
{"level":"info","message":"⌛ Validating EXAMEN-Wollok/example.wlk","timeElapsed":178,"timestamp":"2026-09-23T13:46:22.055Z"}
{"level":"info","message":"⌛ Building environment","timeElapsed":109,"timestamp":"2026-09-23T13:46:22.170Z"}
{"level":"info","message":"⌛ Validating EXAMEN-Wollok/example.wlk","timeElapsed":152,"timestamp":"2026-09-23T13:46:22.322Z"}
{"level":"info","message":"⌛ Validating EXAMEN-Wollok/example.wlk","timeElapsed":149,"timestamp":"2026-09-23T13:46:22.472Z"}
{"level":"info","message":"⌛ Building environment","timeElapsed":141,"timestamp":"2026-09-23T13:46:24.100Z"}
{"level":"info","message":"⌛ Validating EXAMEN-Wollok/example.wlk","timeElapsed":187,"timestamp":"2026-09-23T13:46:24.291Z"}
{"level":"info","message":"⌛ Building environment","timeElapsed":114,"timestamp":"2026-09-23T13:46:24.405Z"}
{"level":"info","message":"⌛ Building environment","timeElapsed":110,"timestamp":"2026-09-23T13:46:24.515Z"}
{"level":"info","message":"⌛ Validating EXAMEN-Wollok/example.wlk","timeElapsed":177,"timestamp":"2026-09-23T13:46:24.704Z"}
{"level":"info","message":"⌛ Building environment","timeElapsed":115,"timestamp":"2026-09-23T13:46:24.820Z"}
{"level":"info","message":"⌛ Validating EXAMEN-Wollok/example.wlk","timeElapsed":172,"timestamp":"2026-09-23T13:46:24.999Z"}
{"level":"info","message":"⌛ Validating EXAMEN-Wollok/example.wlk","timeElapsed":152,"timestamp":"2026-09-23T13:46:25.253Z"}
{"level":"info","message":"⌛ Building environment","timeElapsed":132,"timestamp":"2026-09-23T13:46:25.499Z"}
{"level":"info","message":"⌛ Validating EXAMEN-Wollok/example.wlk","timeElapsed":172,"timestamp":"2026-09-23T13:46:25.672Z"}
{"level":"info","message":"⌛ Building environment","timeElapsed":129,"timestamp":"2026-09-23T13:46:25.885Z"}
{"level":"info","message":"⌛ Validating EXAMEN-Wollok/example.wlk","timeElapsed":169,"timestamp":"2026-09-23T13:46:26.055Z"}
{"level":"info","message":"⌛ Building environment","timeElapsed":102,"timestamp":"2026-09-23T13:46:26.159Z"}
{"level":"info","message":"⌛ Validating EXAMEN-Wollok/example.wlk","timeElapsed":199,"timestamp":"2026-09-23T13:46:26.358Z"}
{"level":"info","message":"⌛ Building environment","timeElapsed":126,"timestamp":"2026-09-23T13:46:26.493Z"}
{"level":"info","message":"⌛ Validating EXAMEN-Wollok/example.wlk","timeElapsed":163,"timestamp":"2026-09-23T13:46:26.755Z"}
{"level":"info","message":"⌛ Validating EXAMEN-Wollok/example.wlk","timeElapsed":155,"timestamp":"2026-09-23T13:46:27.013Z"}
{"level":"info","message":"⌛ Building environment","timeElapsed":107,"timestamp":"2026-09-23T13:46:27.121Z"}
{"level":"info","message":"⌛ Building environment","timeElapsed":112,"timestamp":"2026-09-23T13:46:27.234Z"}
{"level":"info","message":"⌛ Validating EXAMEN-Wollok/example.wlk","timeElapsed":140,"timestamp":"2026-09-23T13:46:27.504Z"}
{"level":"info","message":"⌛ Building environment","timeElapsed":112,"timestamp":"2026-09-23T13:46:27.616Z"}
{"level":"info","message":"⌛ Validating EXAMEN-Wollok/example.wlk","timeElapsed":148,"timestamp":"2026-09-23T13:46:27.771Z"}
{"level":"info","message":"⌛ Validating EXAMEN-Wollok/example.wlk","timeElapsed":137,"timestamp":"2026-09-23T13:46:27.914Z"}
{"level":"info","message":"⌛ Validating EXAMEN-Wollok/example.wlk","timeElapsed":186,"timestamp":"2026-09-23T13:46:28.108Z"}
{"level":"info","message":"⌛ Validating EXAMEN-Wollok/example.wlk","timeElapsed":167,"timestamp":"2026-09-23T13:46:28.275Z"}
{"level":"info","message":"⌛ Validating EXAMEN-Wollok/example.wlk","timeElapsed":139,"timestamp":"2026-09-23T13:46:28.418Z"}
{"level":"info","message":"⌛ Validating EXAMEN-Wollok/example.wlk","timeElapsed":151,"timestamp":"2026-09-23T13:46:28.569Z"}
{"level":"info","message":"⌛ Building environment","timeElapsed":136,"timestamp":"2026-09-23T13:46:28.708Z"}
{"level":"info","message":"⌛ Building environment","timeElapsed":105,"timestamp":"2026-09-23T13:46:28.822Z"}
{"level":"info","message":"⌛ Validating EXAMEN-Wollok/example.wlk","timeElapsed":148,"timestamp":"2026-09-23T13:46:28.971Z"}
{"level":"info","message":"⌛ Validating EXAMEN-Wollok/example.wlk","timeElapsed":145,"timestamp":"2026-09-23T13:46:29.117Z"}
{"level":"info","message":"⌛ Building environment","timeElapsed":205,"timestamp":"2026-09-23T13:46:34.255Z"}
{"level":"info","message":"⌛ Validating EXAMEN-Wollok/example.wlk","timeElapsed":224,"timestamp":"2026-09-23T13:46:34.482Z"}
{"level":"info","message":"⌛ Building environment","timeElapsed":123,"timestamp":"2026-09-23T13:46:35.235Z"}
{"level":"info","message":"⌛ Validating EXAMEN-Wollok/example.wlk","timeElapsed":143,"timestamp":"2026-09-23T13:46:35.381Z"}
{"level":"info","message":"⌛ Building environment","timeElapsed":150,"timestamp":"2026-09-23T13:46:58.249Z"}
{"level":"info","message":"⌛ Validating EXAMEN-Wollok/example.wlk","timeElapsed":145,"timestamp":"2026-09-23T13:46:58.403Z"}
{"level":"info","message":"⌛ Building environment","timeElapsed":138,"timestamp":"2026-09-23T13:46:58.736Z"}
{"level":"info","message":"⌛ Building environment","timeElapsed":162,"timestamp":"2026-09-23T13:46:58.899Z"}
{"level":"info","message":"⌛ Building environment","timeElapsed":125,"timestamp":"2026-09-23T13:46:59.024Z"}
{"level":"info","message":"⌛ Building environment","timeElapsed":149,"timestamp":"2026-09-23T13:46:59.205Z"}
{"level":"info","message":"⌛ Validating EXAMEN-Wollok/example.wlk","timeElapsed":264,"timestamp":"2026-09-23T13:46:59.486Z"}
{"level":"info","message":"⌛ Building environment","timeElapsed":119,"timestamp":"2026-09-23T13:46:59.605Z"}
{"level":"info","message":"⌛ Building environment","timeElapsed":165,"timestamp":"2026-09-23T13:46:59.783Z"}
{"level":"info","message":"⌛ Building environment","timeElapsed":176,"timestamp":"2026-09-23T13:46:59.960Z"}
{"level":"info","message":"⌛ Validating EXAMEN-Wollok/example.wlk","timeElapsed":354,"timestamp":"2026-09-23T13:47:00.319Z"}
{"level":"info","message":"⌛ Building environment","timeElapsed":187,"timestamp":"2026-09-23T13:47:00.506Z"}
{"level":"info","message":"⌛ Building environment","timeElapsed":152,"timestamp":"2026-09-23T13:47:00.658Z"}
{"level":"info","message":"⌛ Building environment","timeElapsed":134,"timestamp":"2026-09-23T13:47:00.792Z"}
{"level":"info","message":"⌛ Validating EXAMEN-Wollok/example.wlk","timeElapsed":162,"timestamp":"2026-09-23T13:47:00.978Z"}
{"level":"info","message":"⌛ Building environment","timeElapsed":110,"timestamp":"2026-09-23T13:47:01.283Z"}
{"level":"info","message":"⌛ Validating EXAMEN-Wollok/example.wlk","timeElapsed":142,"timestamp":"2026-09-23T13:47:01.525Z"}
{"level":"info","message":"⌛ Building environment","timeElapsed":135,"timestamp":"2026-09-23T13:47:01.661Z"}
{"level":"info","message":"⌛ Building environment","timeElapsed":101,"timestamp":"2026-09-23T13:47:01.954Z"}
{"level":"info","message":"⌛ Validating EXAMEN-Wollok/example.wlk","timeElapsed":148,"timestamp":"2026-09-23T13:47:02.382Z"}
{"level":"info","message":"⌛ Building environment","timeElapsed":217,"timestamp":"2026-09-23T13:47:02.802Z"}
{"level":"info","message":"⌛ Validating EXAMEN-Wollok/example.wlk","timeElapsed":268,"timestamp":"2026-09-23T13:47:03.078Z"}
{"level":"info","message":"⌛ Building environment","timeElapsed":272,"timestamp":"2026-09-23T13:47:03.350Z"}
{"level":"info","message":"⌛ Building environment","timeElapsed":113,"timestamp":"2026-09-23T13:47:03.657Z"}
{"level":"info","message":"⌛ Validating EXAMEN-Wollok/example.wlk","timeElapsed":162,"timestamp":"2026-09-23T13:47:03.820Z"}
{"level":"info","message":"⌛ Building environment","timeElapsed":107,"timestamp":"2026-09-23T13:47:03.927Z"}
{"level":"info","message":"⌛ Building environment","timeElapsed":101,"timestamp":"2026-09-23T13:47:04.029Z"}
{"level":"info","message":"⌛ Building environment","timeElapsed":104,"timestamp":"2026-09-23T13:47:04.134Z"}
{"level":"error","message":"✘ Failed to rebuild document Failed to parse EXAMEN-Wollok/example.wlk: \n-- PARSING FAILED --------------------------------------------------\n\n  43 | const otitis800 = new EnfermedadInfecciosa (celulasAmenazadas =800)\n  44 | const \n> 45 | /*\n     | ^\n  46 |   CLASES!! nos simplifica para no repetir logica!\n  47 |     class Nombre{}\n\nExpected one of the following: \n\nidentifier, whitespace\n","stack":"Error: Failed to parse EXAMEN-Wollok/example.wlk: \n-- PARSING FAILED --------------------------------------------------\n\n  43 | const otitis800 = new EnfermedadInfecciosa (celulasAmenazadas =800)\n  44 | const \n> 45 | /*\n     | ^\n  46 |   CLASES!! nos simplifica para no repetir logica!\n  47 |     class Nombre{}\n\nExpected one of the following: \n\nidentifier, whitespace\n\n    at /home/tiaguinni/.vscode/extensions/uqbar.wollok-lsp-ide-0.5.5/out/server/src/server.js:2385:13026\n    at Array.map (<anonymous>)\n    at z1n (/home/tiaguinni/.vscode/extensions/uqbar.wollok-lsp-ide-0.5.5/out/server/src/server.js:2385:12950)\n    at H2.buildEnvironmentFrom (/home/tiaguinni/.vscode/extensions/uqbar.wollok-lsp-ide-0.5.5/out/server/src/server.js:2430:5254)\n    at H2.updateEnvironmentWith (/home/tiaguinni/.vscode/extensions/uqbar.wollok-lsp-ide-0.5.5/out/server/src/server.js:2430:4989)\n    at QF (/home/tiaguinni/.vscode/extensions/uqbar.wollok-lsp-ide-0.5.5/out/server/src/server.js:2430:7383)\n    at V3.invoke (/home/tiaguinni/.vscode/extensions/uqbar.wollok-lsp-ide-0.5.5/out/server/src/server.js:3:157330)\n    at o.fire (/home/tiaguinni/.vscode/extensions/uqbar.wollok-lsp-ide-0.5.5/out/server/src/server.js:3:158100)\n    at /home/tiaguinni/.vscode/extensions/uqbar.wollok-lsp-ide-0.5.5/out/server/src/server.js:37:57871\n    at nd (/home/tiaguinni/.vscode/extensions/uqbar.wollok-lsp-ide-0.5.5/out/server/src/server.js:8:1561)","timestamp":"2026-09-23T13:47:04.639Z"}
{"level":"error","message":"✘ Failed to rebuild document Failed to parse EXAMEN-Wollok/example.wlk: \n-- PARSING FAILED --------------------------------------------------\n\n  43 | const otitis800 = new EnfermedadInfecciosa (celulasAmenazadas =800)\n  44 | const\n> 45 | /*\n     | ^\n  46 |   CLASES!! nos simplifica para no repetir logica!\n  47 |     class Nombre{}\n\nExpected one of the following: \n\nidentifier, whitespace\n","stack":"Error: Failed to parse EXAMEN-Wollok/example.wlk: \n-- PARSING FAILED --------------------------------------------------\n\n  43 | const otitis800 = new EnfermedadInfecciosa (celulasAmenazadas =800)\n  44 | const\n> 45 | /*\n     | ^\n  46 |   CLASES!! nos simplifica para no repetir logica!\n  47 |     class Nombre{}\n\nExpected one of the following: \n\nidentifier, whitespace\n\n    at /home/tiaguinni/.vscode/extensions/uqbar.wollok-lsp-ide-0.5.5/out/server/src/server.js:2385:13026\n    at Array.map (<anonymous>)\n    at z1n (/home/tiaguinni/.vscode/extensions/uqbar.wollok-lsp-ide-0.5.5/out/server/src/server.js:2385:12950)\n    at H2.buildEnvironmentFrom (/home/tiaguinni/.vscode/extensions/uqbar.wollok-lsp-ide-0.5.5/out/server/src/server.js:2430:5254)\n    at H2.updateEnvironmentWith (/home/tiaguinni/.vscode/extensions/uqbar.wollok-lsp-ide-0.5.5/out/server/src/server.js:2430:4989)\n    at QF (/home/tiaguinni/.vscode/extensions/uqbar.wollok-lsp-ide-0.5.5/out/server/src/server.js:2430:7383)\n    at V3.invoke (/home/tiaguinni/.vscode/extensions/uqbar.wollok-lsp-ide-0.5.5/out/server/src/server.js:3:157330)\n    at o.fire (/home/tiaguinni/.vscode/extensions/uqbar.wollok-lsp-ide-0.5.5/out/server/src/server.js:3:158100)\n    at /home/tiaguinni/.vscode/extensions/uqbar.wollok-lsp-ide-0.5.5/out/server/src/server.js:37:57871\n    at nd (/home/tiaguinni/.vscode/extensions/uqbar.wollok-lsp-ide-0.5.5/out/server/src/server.js:8:1561)","timestamp":"2026-09-23T13:47:04.664Z"}
{"level":"info","message":"⌛ Building environment","timeElapsed":111,"timestamp":"2026-09-23T13:47:04.776Z"}
{"level":"info","message":"⌛ Validating EXAMEN-Wollok/example.wlk","timeElapsed":152,"timestamp":"2026-09-23T13:47:04.940Z"}
{"level":"info","message":"⌛ Building environment","timeElapsed":124,"timestamp":"2026-09-23T13:47:05.064Z"}
{"level":"info","message":"⌛ Building environment","timeElapsed":121,"timestamp":"2026-09-23T13:47:05.292Z"}
{"level":"info","message":"⌛ Validating EXAMEN-Wollok/example.wlk","timeElapsed":178,"timestamp":"2026-09-23T13:47:05.471Z"}
{"level":"info","message":"⌛ Validating EXAMEN-Wollok/example.wlk","timeElapsed":163,"timestamp":"2026-09-23T13:47:05.944Z"}
{"level":"info","message":"⌛ Validating EXAMEN-Wollok/example.wlk","timeElapsed":170,"timestamp":"2026-09-23T13:47:06.120Z"}
{"level":"info","message":"⌛ Validating EXAMEN-Wollok/example.wlk","timeElapsed":137,"timestamp":"2026-09-23T13:47:06.258Z"}
{"level":"info","message":"⌛ Validating EXAMEN-Wollok/example.wlk","timeElapsed":161,"timestamp":"2026-09-23T13:47:06.423Z"}
{"level":"info","message":"⌛ Validating EXAMEN-Wollok/example.wlk","timeElapsed":139,"timestamp":"2026-09-23T13:47:06.563Z"}
{"level":"info","message":"⌛ Validating EXAMEN-Wollok/example.wlk","timeElapsed":163,"timestamp":"2026-09-23T13:47:06.726Z"}
{"level":"info","message":"⌛ Validating EXAMEN-Wollok/example.wlk","timeElapsed":159,"timestamp":"2026-09-23T13:47:06.885Z"}
{"level":"info","message":"⌛ Validating EXAMEN-Wollok/example.wlk","timeElapsed":156,"timestamp":"2026-09-23T13:47:07.045Z"}
{"level":"info","message":"⌛ Validating EXAMEN-Wollok/example.wlk","timeElapsed":168,"timestamp":"2026-09-23T13:47:07.213Z"}
{"level":"info","message":"⌛ Validating EXAMEN-Wollok/example.wlk","timeElapsed":150,"timestamp":"2026-09-23T13:47:07.364Z"}
{"level":"info","message":"⌛ Validating EXAMEN-Wollok/example.wlk","timeElapsed":135,"timestamp":"2026-09-23T13:47:07.500Z"}
{"level":"info","message":"⌛ Validating EXAMEN-Wollok/example.wlk","timeElapsed":150,"timestamp":"2026-09-23T13:47:07.650Z"}
{"level":"info","message":"⌛ Validating EXAMEN-Wollok/example.wlk","timeElapsed":139,"timestamp":"2026-09-23T13:47:07.789Z"}
{"level":"info","message":"⌛ Validating EXAMEN-Wollok/example.wlk","timeElapsed":147,"timestamp":"2026-09-23T13:47:07.937Z"}
{"level":"info","message":"⌛ Validating EXAMEN-Wollok/example.wlk","timeElapsed":289,"timestamp":"2026-09-23T13:47:08.250Z"}
{"level":"info","message":"⌛ Building environment","timeElapsed":248,"timestamp":"2026-09-23T13:47:08.499Z"}
{"level":"info","message":"⌛ Building environment","timeElapsed":106,"timestamp":"2026-09-23T13:47:08.617Z"}
{"level":"info","message":"⌛ Validating EXAMEN-Wollok/example.wlk","timeElapsed":155,"timestamp":"2026-09-23T13:47:08.788Z"}
{"level":"info","message":"⌛ Validating EXAMEN-Wollok/example.wlk","timeElapsed":142,"timestamp":"2026-09-23T13:47:08.930Z"}
{"level":"info","message":"⌛ Validating EXAMEN-Wollok/example.wlk","timeElapsed":144,"timestamp":"2026-09-23T13:47:09.075Z"}
{"level":"info","message":"⌛ Building environment","timeElapsed":109,"timestamp":"2026-09-23T13:47:09.184Z"}
{"level":"info","message":"⌛ Validating EXAMEN-Wollok/example.wlk","timeElapsed":137,"timestamp":"2026-09-23T13:47:09.333Z"}
{"level":"info","message":"⌛ Validating EXAMEN-Wollok/example.wlk","timeElapsed":136,"timestamp":"2026-09-23T13:47:09.470Z"}
{"level":"info","message":"⌛ Validating EXAMEN-Wollok/example.wlk","timeElapsed":143,"timestamp":"2026-09-23T13:47:09.614Z"}
{"level":"info","message":"⌛ Validating EXAMEN-Wollok/example.wlk","timeElapsed":140,"timestamp":"2026-09-23T13:47:09.757Z"}
{"level":"info","message":"⌛ Validating EXAMEN-Wollok/example.wlk","timeElapsed":147,"timestamp":"2026-09-23T13:47:09.904Z"}
{"level":"info","message":"⌛ Validating EXAMEN-Wollok/example.wlk","timeElapsed":134,"timestamp":"2026-09-23T13:47:10.039Z"}
{"level":"info","message":"⌛ Validating EXAMEN-Wollok/example.wlk","timeElapsed":143,"timestamp":"2026-09-23T13:47:10.181Z"}
{"level":"info","message":"⌛ Validating EXAMEN-Wollok/example.wlk","timeElapsed":132,"timestamp":"2026-09-23T13:47:10.314Z"}
{"level":"info","message":"⌛ Validating EXAMEN-Wollok/example.wlk","timeElapsed":149,"timestamp":"2026-09-23T13:47:10.463Z"}
{"level":"info","message":"⌛ Validating EXAMEN-Wollok/example.wlk","timeElapsed":158,"timestamp":"2026-09-23T13:47:10.728Z"}
{"level":"info","message":"⌛ Building environment","timeElapsed":108,"timestamp":"2026-09-23T13:47:10.835Z"}
{"level":"info","message":"⌛ Validating EXAMEN-Wollok/example.wlk","timeElapsed":138,"timestamp":"2026-09-23T13:47:10.983Z"}
{"level":"info","message":"⌛ Validating EXAMEN-Wollok/example.wlk","timeElapsed":163,"timestamp":"2026-09-23T13:47:11.147Z"}
{"level":"info","message":"⌛ Validating EXAMEN-Wollok/example.wlk","timeElapsed":160,"timestamp":"2026-09-23T13:47:11.499Z"}
{"level":"info","message":"⌛ Validating EXAMEN-Wollok/example.wlk","timeElapsed":173,"timestamp":"2026-09-23T13:47:11.769Z"}
{"level":"info","message":"⌛ Validating EXAMEN-Wollok/example.wlk","timeElapsed":160,"timestamp":"2026-09-23T13:47:11.930Z"}
{"level":"info","message":"⌛ Validating EXAMEN-Wollok/example.wlk","timeElapsed":135,"timestamp":"2026-09-23T13:47:12.071Z"}
{"level":"info","message":"⌛ Building environment","timeElapsed":116,"timestamp":"2026-09-23T13:47:12.286Z"}
{"level":"info","message":"⌛ Building environment","timeElapsed":131,"timestamp":"2026-09-23T13:47:12.525Z"}
{"level":"info","message":"⌛ Building environment","timeElapsed":115,"timestamp":"2026-09-23T13:47:12.931Z"}
{"level":"info","message":"⌛ Validating EXAMEN-Wollok/example.wlk","timeElapsed":143,"timestamp":"2026-09-23T13:47:13.408Z"}
{"level":"info","message":"⌛ Validating EXAMEN-Wollok/example.wlk","timeElapsed":267,"timestamp":"2026-09-23T13:47:13.698Z"}
{"level":"info","message":"⌛ Building environment","timeElapsed":191,"timestamp":"2026-09-23T13:47:13.890Z"}
{"level":"info","message":"⌛ Validating EXAMEN-Wollok/example.wlk","timeElapsed":145,"timestamp":"2026-09-23T13:47:14.050Z"}
{"level":"info","message":"⌛ Validating EXAMEN-Wollok/example.wlk","timeElapsed":137,"timestamp":"2026-09-23T13:47:14.293Z"}
{"level":"info","message":"⌛ Building environment","timeElapsed":114,"timestamp":"2026-09-23T13:47:14.407Z"}
{"level":"info","message":"⌛ Validating EXAMEN-Wollok/example.wlk","timeElapsed":146,"timestamp":"2026-09-23T13:47:14.686Z"}
{"level":"info","message":"⌛ Validating EXAMEN-Wollok/example.wlk","timeElapsed":136,"timestamp":"2026-09-23T13:47:14.926Z"}
{"level":"info","message":"⌛ Validating EXAMEN-Wollok/example.wlk","timeElapsed":135,"timestamp":"2026-09-23T13:47:15.169Z"}
{"level":"info","message":"⌛ Validating EXAMEN-Wollok/example.wlk","timeElapsed":134,"timestamp":"2026-09-23T13:47:15.310Z"}
{"level":"info","message":"⌛ Validating EXAMEN-Wollok/example.wlk","timeElapsed":154,"timestamp":"2026-09-23T13:47:15.571Z"}
{"level":"info","message":"⌛ Building environment","timeElapsed":102,"timestamp":"2026-09-23T13:47:15.674Z"}
{"level":"info","message":"⌛ Validating EXAMEN-Wollok/example.wlk","timeElapsed":140,"timestamp":"2026-09-23T13:47:15.822Z"}
{"level":"info","message":"⌛ Validating EXAMEN-Wollok/example.wlk","timeElapsed":173,"timestamp":"2026-09-23T13:47:16.001Z"}
{"level":"info","message":"⌛ Building environment","timeElapsed":152,"timestamp":"2026-09-23T13:47:16.154Z"}
{"level":"info","message":"⌛ Validating EXAMEN-Wollok/example.wlk","timeElapsed":173,"timestamp":"2026-09-23T13:47:16.337Z"}
{"level":"info","message":"⌛ Validating EXAMEN-Wollok/example.wlk","timeElapsed":136,"timestamp":"2026-09-23T13:47:16.474Z"}
{"level":"info","message":"⌛ Validating EXAMEN-Wollok/example.wlk","timeElapsed":151,"timestamp":"2026-09-23T13:47:16.636Z"}
{"level":"info","message":"⌛ Validating EXAMEN-Wollok/example.wlk","timeElapsed":132,"timestamp":"2026-09-23T13:47:16.768Z"}
{"level":"info","message":"⌛ Validating EXAMEN-Wollok/example.wlk","timeElapsed":150,"timestamp":"2026-09-23T13:47:17.025Z"}
{"level":"info","message":"⌛ Validating EXAMEN-Wollok/example.wlk","timeElapsed":139,"timestamp":"2026-09-23T13:47:17.164Z"}
{"level":"info","message":"⌛ Validating EXAMEN-Wollok/example.wlk","timeElapsed":158,"timestamp":"2026-09-23T13:47:17.331Z"}
{"level":"info","message":"⌛ Validating EXAMEN-Wollok/example.wlk","timeElapsed":155,"timestamp":"2026-09-23T13:47:17.487Z"}
{"level":"info","message":"⌛ Validating EXAMEN-Wollok/example.wlk","timeElapsed":126,"timestamp":"2026-09-23T13:47:17.640Z"}
{"level":"info","message":"⌛ Validating EXAMEN-Wollok/example.wlk","timeElapsed":143,"timestamp":"2026-09-23T13:47:17.787Z"}
{"level":"info","message":"⌛ Building environment","timeElapsed":126,"timestamp":"2026-09-23T13:47:17.914Z"}
{"level":"info","message":"⌛ Validating EXAMEN-Wollok/example.wlk","timeElapsed":135,"timestamp":"2026-09-23T13:47:18.048Z"}
{"level":"info","message":"⌛ Validating EXAMEN-Wollok/example.wlk","timeElapsed":231,"timestamp":"2026-09-23T13:47:18.280Z"}
{"level":"info","message":"⌛ Validating EXAMEN-Wollok/example.wlk","timeElapsed":181,"timestamp":"2026-09-23T13:47:18.474Z"}
{"level":"info","message":"⌛ Validating EXAMEN-Wollok/example.wlk","timeElapsed":168,"timestamp":"2026-09-23T13:47:18.641Z"}
{"level":"info","message":"⌛ Validating EXAMEN-Wollok/example.wlk","timeElapsed":151,"timestamp":"2026-09-23T13:47:18.792Z"}
{"level":"info","message":"⌛ Building environment","timeElapsed":107,"timestamp":"2026-09-23T13:47:18.900Z"}
{"level":"info","message":"⌛ Validating EXAMEN-Wollok/example.wlk","timeElapsed":150,"timestamp":"2026-09-23T13:47:19.055Z"}
{"level":"info","message":"⌛ Building environment","timeElapsed":109,"timestamp":"2026-09-23T13:47:19.165Z"}
{"level":"info","message":"⌛ Autocomplete - Package","timeElapsed":110,"timestamp":"2026-09-23T13:47:19.533Z"}
{"level":"info","message":"⌛ Building environment","timeElapsed":141,"timestamp":"2026-09-23T13:47:19.675Z"}
{"level":"info","message":"⌛ Building environment","timeElapsed":103,"timestamp":"2026-09-23T13:47:19.904Z"}
{"level":"info","message":"⌛ Validating EXAMEN-Wollok/example.wlk","timeElapsed":167,"timestamp":"2026-09-23T13:47:20.070Z"}
{"level":"info","message":"⌛ Building environment","timeElapsed":109,"timestamp":"2026-09-23T13:47:20.190Z"}
{"level":"info","message":"⌛ Validating EXAMEN-Wollok/example.wlk","timeElapsed":159,"timestamp":"2026-09-23T13:47:20.450Z"}
{"level":"info","message":"⌛ Building environment","timeElapsed":120,"timestamp":"2026-09-23T13:47:20.571Z"}
{"level":"info","message":"⌛ Building environment","timeElapsed":137,"timestamp":"2026-09-23T13:47:20.811Z"}
{"level":"info","message":"⌛ Building environment","timeElapsed":102,"timestamp":"2026-09-23T13:47:20.919Z"}
{"level":"info","message":"⌛ Validating EXAMEN-Wollok/example.wlk","timeElapsed":154,"timestamp":"2026-09-23T13:47:21.073Z"}
{"level":"info","message":"⌛ Validating EXAMEN-Wollok/example.wlk","timeElapsed":156,"timestamp":"2026-09-23T13:47:21.616Z"}
{"level":"error","message":"✘ Failed to rebuild document Failed to parse EXAMEN-Wollok/example.wlk: \n-- PARSING FAILED --------------------------------------------------\n\n  44 | \n  45 | class\n> 46 | /*\n     | ^\n  47 |   CLASES!! nos simplifica para no repetir logica!\n  48 |     class Nombre{}\n\nExpected one of the following: \n\nidentifier, whitespace\n","stack":"Error: Failed to parse EXAMEN-Wollok/example.wlk: \n-- PARSING FAILED --------------------------------------------------\n\n  44 | \n  45 | class\n> 46 | /*\n     | ^\n  47 |   CLASES!! nos simplifica para no repetir logica!\n  48 |     class Nombre{}\n\nExpected one of the following: \n\nidentifier, whitespace\n\n    at /home/tiaguinni/.vscode/extensions/uqbar.wollok-lsp-ide-0.5.5/out/server/src/server.js:2385:13026\n    at Array.map (<anonymous>)\n    at z1n (/home/tiaguinni/.vscode/extensions/uqbar.wollok-lsp-ide-0.5.5/out/server/src/server.js:2385:12950)\n    at H2.buildEnvironmentFrom (/home/tiaguinni/.vscode/extensions/uqbar.wollok-lsp-ide-0.5.5/out/server/src/server.js:2430:5254)\n    at H2.updateEnvironmentWith (/home/tiaguinni/.vscode/extensions/uqbar.wollok-lsp-ide-0.5.5/out/server/src/server.js:2430:4989)\n    at QF (/home/tiaguinni/.vscode/extensions/uqbar.wollok-lsp-ide-0.5.5/out/server/src/server.js:2430:7383)\n    at V3.invoke (/home/tiaguinni/.vscode/extensions/uqbar.wollok-lsp-ide-0.5.5/out/server/src/server.js:3:157330)\n    at o.fire (/home/tiaguinni/.vscode/extensions/uqbar.wollok-lsp-ide-0.5.5/out/server/src/server.js:3:158100)\n    at /home/tiaguinni/.vscode/extensions/uqbar.wollok-lsp-ide-0.5.5/out/server/src/server.js:37:57871\n    at nd (/home/tiaguinni/.vscode/extensions/uqbar.wollok-lsp-ide-0.5.5/out/server/src/server.js:8:1561)","timestamp":"2026-09-23T13:47:21.629Z"}
{"level":"info","message":"⌛ Validating EXAMEN-Wollok/example.wlk","timeElapsed":161,"timestamp":"2026-09-23T13:47:21.796Z"}
{"level":"info","message":"⌛ Validating EXAMEN-Wollok/example.wlk","timeElapsed":152,"timestamp":"2026-09-23T13:47:21.947Z"}
{"level":"info","message":"⌛ Validating EXAMEN-Wollok/example.wlk","timeElapsed":134,"timestamp":"2026-09-23T13:47:22.087Z"}
{"level":"info","message":"⌛ Validating EXAMEN-Wollok/example.wlk","timeElapsed":140,"timestamp":"2026-09-23T13:47:22.227Z"}
{"level":"info","message":"⌛ Validating EXAMEN-Wollok/example.wlk","timeElapsed":211,"timestamp":"2026-09-23T13:47:22.439Z"}
{"level":"info","message":"⌛ Validating EXAMEN-Wollok/example.wlk","timeElapsed":130,"timestamp":"2026-09-23T13:47:22.594Z"}
{"level":"info","message":"⌛ Validating EXAMEN-Wollok/example.wlk","timeElapsed":141,"timestamp":"2026-09-23T13:47:22.735Z"}
{"level":"info","message":"⌛ Validating EXAMEN-Wollok/example.wlk","timeElapsed":131,"timestamp":"2026-09-23T13:47:22.867Z"}
{"level":"error","message":"✘ Failed to rebuild document Failed to parse EXAMEN-Wollok/example.wlk: \n-- PARSING FAILED --------------------------------------------------\n\n  44 | \n  45 | class \n> 46 | /*\n     | ^\n  47 |   CLASES!! nos simplifica para no repetir logica!\n  48 |     class Nombre{}\n\nExpected one of the following: \n\nidentifier, whitespace\n","stack":"Error: Failed to parse EXAMEN-Wollok/example.wlk: \n-- PARSING FAILED --------------------------------------------------\n\n  44 | \n  45 | class \n> 46 | /*\n     | ^\n  47 |   CLASES!! nos simplifica para no repetir logica!\n  48 |     class Nombre{}\n\nExpected one of the following: \n\nidentifier, whitespace\n\n    at /home/tiaguinni/.vscode/extensions/uqbar.wollok-lsp-ide-0.5.5/out/server/src/server.js:2385:13026\n    at Array.map (<anonymous>)\n    at z1n (/home/tiaguinni/.vscode/extensions/uqbar.wollok-lsp-ide-0.5.5/out/server/src/server.js:2385:12950)\n    at H2.buildEnvironmentFrom (/home/tiaguinni/.vscode/extensions/uqbar.wollok-lsp-ide-0.5.5/out/server/src/server.js:2430:5254)\n    at H2.updateEnvironmentWith (/home/tiaguinni/.vscode/extensions/uqbar.wollok-lsp-ide-0.5.5/out/server/src/server.js:2430:4989)\n    at QF (/home/tiaguinni/.vscode/extensions/uqbar.wollok-lsp-ide-0.5.5/out/server/src/server.js:2430:7383)\n    at V3.invoke (/home/tiaguinni/.vscode/extensions/uqbar.wollok-lsp-ide-0.5.5/out/server/src/server.js:3:157330)\n    at o.fire (/home/tiaguinni/.vscode/extensions/uqbar.wollok-lsp-ide-0.5.5/out/server/src/server.js:3:158100)\n    at /home/tiaguinni/.vscode/extensions/uqbar.wollok-lsp-ide-0.5.5/out/server/src/server.js:37:57871\n    at nd (/home/tiaguinni/.vscode/extensions/uqbar.wollok-lsp-ide-0.5.5/out/server/src/server.js:8:1561)","timestamp":"2026-09-23T13:47:22.932Z"}
{"level":"info","message":"⌛ Validating EXAMEN-Wollok/example.wlk","timeElapsed":139,"timestamp":"2026-09-23T13:47:23.073Z"}
{"level":"info","message":"⌛ Validating EXAMEN-Wollok/example.wlk","timeElapsed":149,"timestamp":"2026-09-23T13:47:23.222Z"}
{"level":"info","message":"⌛ Validating EXAMEN-Wollok/example.wlk","timeElapsed":132,"timestamp":"2026-09-23T13:47:23.356Z"}
{"level":"info","message":"⌛ Validating EXAMEN-Wollok/example.wlk","timeElapsed":151,"timestamp":"2026-09-23T13:47:23.508Z"}
{"level":"info","message":"⌛ Validating EXAMEN-Wollok/example.wlk","timeElapsed":145,"timestamp":"2026-09-23T13:47:23.653Z"}
{"level":"info","message":"⌛ Validating EXAMEN-Wollok/example.wlk","timeElapsed":146,"timestamp":"2026-09-23T13:47:23.799Z"}
{"level":"info","message":"⌛ Validating EXAMEN-Wollok/example.wlk","timeElapsed":131,"timestamp":"2026-09-23T13:47:23.933Z"}
{"level":"info","message":"⌛ Validating EXAMEN-Wollok/example.wlk","timeElapsed":141,"timestamp":"2026-09-23T13:47:24.074Z"}
{"level":"error","message":"✘ Failed to rebuild document Failed to parse EXAMEN-Wollok/example.wlk: \n-- PARSING FAILED --------------------------------------------------\n\n  44 | \n  45 | class E\n> 46 | /*\n     | ^\n  47 |   CLASES!! nos simplifica para no repetir logica!\n  48 |     class Nombre{}\n\nExpected one of the following: \n\n'inherits', '{', whitespace\n","stack":"Error: Failed to parse EXAMEN-Wollok/example.wlk: \n-- PARSING FAILED --------------------------------------------------\n\n  44 | \n  45 | class E\n> 46 | /*\n     | ^\n  47 |   CLASES!! nos simplifica para no repetir logica!\n  48 |     class Nombre{}\n\nExpected one of the following: \n\n'inherits', '{', whitespace\n\n    at /home/tiaguinni/.vscode/extensions/uqbar.wollok-lsp-ide-0.5.5/out/server/src/server.js:2385:13026\n    at Array.map (<anonymous>)\n    at z1n (/home/tiaguinni/.vscode/extensions/uqbar.wollok-lsp-ide-0.5.5/out/server/src/server.js:2385:12950)\n    at H2.buildEnvironmentFrom (/home/tiaguinni/.vscode/extensions/uqbar.wollok-lsp-ide-0.5.5/out/server/src/server.js:2430:5254)\n    at H2.updateEnvironmentWith (/home/tiaguinni/.vscode/extensions/uqbar.wollok-lsp-ide-0.5.5/out/server/src/server.js:2430:4989)\n    at QF (/home/tiaguinni/.vscode/extensions/uqbar.wollok-lsp-ide-0.5.5/out/server/src/server.js:2430:7383)\n    at V3.invoke (/home/tiaguinni/.vscode/extensions/uqbar.wollok-lsp-ide-0.5.5/out/server/src/server.js:3:157330)\n    at o.fire (/home/tiaguinni/.vscode/extensions/uqbar.wollok-lsp-ide-0.5.5/out/server/src/server.js:3:158100)\n    at /home/tiaguinni/.vscode/extensions/uqbar.wollok-lsp-ide-0.5.5/out/server/src/server.js:37:57871\n    at nd (/home/tiaguinni/.vscode/extensions/uqbar.wollok-lsp-ide-0.5.5/out/server/src/server.js:8:1561)","timestamp":"2026-09-23T13:47:25.888Z"}
{"level":"error","message":"✘ Failed to rebuild document Failed to parse EXAMEN-Wollok/example.wlk: \n-- PARSING FAILED --------------------------------------------------\n\n  44 | \n  45 | class En\n> 46 | /*\n     | ^\n  47 |   CLASES!! nos simplifica para no repetir logica!\n  48 |     class Nombre{}\n\nExpected one of the following: \n\n'inherits', '{', whitespace\n","stack":"Error: Failed to parse EXAMEN-Wollok/example.wlk: \n-- PARSING FAILED --------------------------------------------------\n\n  44 | \n  45 | class En\n> 46 | /*\n     | ^\n  47 |   CLASES!! nos simplifica para no repetir logica!\n  48 |     class Nombre{}\n\nExpected one of the following: \n\n'inherits', '{', whitespace\n\n    at /home/tiaguinni/.vscode/extensions/uqbar.wollok-lsp-ide-0.5.5/out/server/src/server.js:2385:13026\n    at Array.map (<anonymous>)\n    at z1n (/home/tiaguinni/.vscode/extensions/uqbar.wollok-lsp-ide-0.5.5/out/server/src/server.js:2385:12950)\n    at H2.buildEnvironmentFrom (/home/tiaguinni/.vscode/extensions/uqbar.wollok-lsp-ide-0.5.5/out/server/src/server.js:2430:5254)\n    at H2.updateEnvironmentWith (/home/tiaguinni/.vscode/extensions/uqbar.wollok-lsp-ide-0.5.5/out/server/src/server.js:2430:4989)\n    at QF (/home/tiaguinni/.vscode/extensions/uqbar.wollok-lsp-ide-0.5.5/out/server/src/server.js:2430:7383)\n    at V3.invoke (/home/tiaguinni/.vscode/extensions/uqbar.wollok-lsp-ide-0.5.5/out/server/src/server.js:3:157330)\n    at o.fire (/home/tiaguinni/.vscode/extensions/uqbar.wollok-lsp-ide-0.5.5/out/server/src/server.js:3:158100)\n    at /home/tiaguinni/.vscode/extensions/uqbar.wollok-lsp-ide-0.5.5/out/server/src/server.js:37:57871\n    at nd (/home/tiaguinni/.vscode/extensions/uqbar.wollok-lsp-ide-0.5.5/out/server/src/server.js:8:1561)","timestamp":"2026-09-23T13:47:26.877Z"}
{"level":"error","message":"✘ Failed to rebuild document Failed to parse EXAMEN-Wollok/example.wlk: \n-- PARSING FAILED --------------------------------------------------\n\n  44 | \n  45 | class Enf\n> 46 | /*\n     | ^\n  47 |   CLASES!! nos simplifica para no repetir logica!\n  48 |     class Nombre{}\n\nExpected one of the following: \n\n'inherits', '{', whitespace\n","stack":"Error: Failed to parse EXAMEN-Wollok/example.wlk: \n-- PARSING FAILED --------------------------------------------------\n\n  44 | \n  45 | class Enf\n> 46 | /*\n     | ^\n  47 |   CLASES!! nos simplifica para no repetir logica!\n  48 |     class Nombre{}\n\nExpected one of the following: \n\n'inherits', '{', whitespace\n\n    at /home/tiaguinni/.vscode/extensions/uqbar.wollok-lsp-ide-0.5.5/out/server/src/server.js:2385:13026\n    at Array.map (<anonymous>)\n    at z1n (/home/tiaguinni/.vscode/extensions/uqbar.wollok-lsp-ide-0.5.5/out/server/src/server.js:2385:12950)\n    at H2.buildEnvironmentFrom (/home/tiaguinni/.vscode/extensions/uqbar.wollok-lsp-ide-0.5.5/out/server/src/server.js:2430:5254)\n    at H2.updateEnvironmentWith (/home/tiaguinni/.vscode/extensions/uqbar.wollok-lsp-ide-0.5.5/out/server/src/server.js:2430:4989)\n    at QF (/home/tiaguinni/.vscode/extensions/uqbar.wollok-lsp-ide-0.5.5/out/server/src/server.js:2430:7383)\n    at V3.invoke (/home/tiaguinni/.vscode/extensions/uqbar.wollok-lsp-ide-0.5.5/out/server/src/server.js:3:157330)\n    at o.fire (/home/tiaguinni/.vscode/extensions/uqbar.wollok-lsp-ide-0.5.5/out/server/src/server.js:3:158100)\n    at /home/tiaguinni/.vscode/extensions/uqbar.wollok-lsp-ide-0.5.5/out/server/src/server.js:37:57871\n    at nd (/home/tiaguinni/.vscode/extensions/uqbar.wollok-lsp-ide-0.5.5/out/server/src/server.js:8:1561)","timestamp":"2026-09-23T13:47:27.050Z"}
{"level":"error","message":"✘ Failed to rebuild document Failed to parse EXAMEN-Wollok/example.wlk: \n-- PARSING FAILED --------------------------------------------------\n\n  44 | \n  45 | class Enfe\n> 46 | /*\n     | ^\n  47 |   CLASES!! nos simplifica para no repetir logica!\n  48 |     class Nombre{}\n\nExpected one of the following: \n\n'inherits', '{', whitespace\n","stack":"Error: Failed to parse EXAMEN-Wollok/example.wlk: \n-- PARSING FAILED --------------------------------------------------\n\n  44 | \n  45 | class Enfe\n> 46 | /*\n     | ^\n  47 |   CLASES!! nos simplifica para no repetir logica!\n  48 |     class Nombre{}\n\nExpected one of the following: \n\n'inherits', '{', whitespace\n\n    at /home/tiaguinni/.vscode/extensions/uqbar.wollok-lsp-ide-0.5.5/out/server/src/server.js:2385:13026\n    at Array.map (<anonymous>)\n    at z1n (/home/tiaguinni/.vscode/extensions/uqbar.wollok-lsp-ide-0.5.5/out/server/src/server.js:2385:12950)\n    at H2.buildEnvironmentFrom (/home/tiaguinni/.vscode/extensions/uqbar.wollok-lsp-ide-0.5.5/out/server/src/server.js:2430:5254)\n    at H2.updateEnvironmentWith (/home/tiaguinni/.vscode/extensions/uqbar.wollok-lsp-ide-0.5.5/out/server/src/server.js:2430:4989)\n    at QF (/home/tiaguinni/.vscode/extensions/uqbar.wollok-lsp-ide-0.5.5/out/server/src/server.js:2430:7383)\n    at V3.invoke (/home/tiaguinni/.vscode/extensions/uqbar.wollok-lsp-ide-0.5.5/out/server/src/server.js:3:157330)\n    at o.fire (/home/tiaguinni/.vscode/extensions/uqbar.wollok-lsp-ide-0.5.5/out/server/src/server.js:3:158100)\n    at /home/tiaguinni/.vscode/extensions/uqbar.wollok-lsp-ide-0.5.5/out/server/src/server.js:37:57871\n    at nd (/home/tiaguinni/.vscode/extensions/uqbar.wollok-lsp-ide-0.5.5/out/server/src/server.js:8:1561)","timestamp":"2026-09-23T13:47:27.262Z"}
{"level":"error","message":"✘ Failed to rebuild document Failed to parse EXAMEN-Wollok/example.wlk: \n-- PARSING FAILED --------------------------------------------------\n\n  44 | \n  45 | class Enfer\n> 46 | /*\n     | ^\n  47 |   CLASES!! nos simplifica para no repetir logica!\n  48 |     class Nombre{}\n\nExpected one of the following: \n\n'inherits', '{', whitespace\n","stack":"Error: Failed to parse EXAMEN-Wollok/example.wlk: \n-- PARSING FAILED --------------------------------------------------\n\n  44 | \n  45 | class Enfer\n> 46 | /*\n     | ^\n  47 |   CLASES!! nos simplifica para no repetir logica!\n  48 |     class Nombre{}\n\nExpected one of the following: \n\n'inherits', '{', whitespace\n\n    at /home/tiaguinni/.vscode/extensions/uqbar.wollok-lsp-ide-0.5.5/out/server/src/server.js:2385:13026\n    at Array.map (<anonymous>)\n    at z1n (/home/tiaguinni/.vscode/extensions/uqbar.wollok-lsp-ide-0.5.5/out/server/src/server.js:2385:12950)\n    at H2.buildEnvironmentFrom (/home/tiaguinni/.vscode/extensions/uqbar.wollok-lsp-ide-0.5.5/out/server/src/server.js:2430:5254)\n    at H2.updateEnvironmentWith (/home/tiaguinni/.vscode/extensions/uqbar.wollok-lsp-ide-0.5.5/out/server/src/server.js:2430:4989)\n    at QF (/home/tiaguinni/.vscode/extensions/uqbar.wollok-lsp-ide-0.5.5/out/server/src/server.js:2430:7383)\n    at V3.invoke (/home/tiaguinni/.vscode/extensions/uqbar.wollok-lsp-ide-0.5.5/out/server/src/server.js:3:157330)\n    at o.fire (/home/tiaguinni/.vscode/extensions/uqbar.wollok-lsp-ide-0.5.5/out/server/src/server.js:3:158100)\n    at /home/tiaguinni/.vscode/extensions/uqbar.wollok-lsp-ide-0.5.5/out/server/src/server.js:37:57871\n    at nd (/home/tiaguinni/.vscode/extensions/uqbar.wollok-lsp-ide-0.5.5/out/server/src/server.js:8:1561)","timestamp":"2026-09-23T13:47:27.434Z"}
{"level":"error","message":"✘ Failed to rebuild document Failed to parse EXAMEN-Wollok/example.wlk: \n-- PARSING FAILED --------------------------------------------------\n\n  44 | \n  45 | class Enferm\n> 46 | /*\n     | ^\n  47 |   CLASES!! nos simplifica para no repetir logica!\n  48 |     class Nombre{}\n\nExpected one of the following: \n\n'inherits', '{', whitespace\n","stack":"Error: Failed to parse EXAMEN-Wollok/example.wlk: \n-- PARSING FAILED --------------------------------------------------\n\n  44 | \n  45 | class Enferm\n> 46 | /*\n     | ^\n  47 |   CLASES!! nos simplifica para no repetir logica!\n  48 |     class Nombre{}\n\nExpected one of the following: \n\n'inherits', '{', whitespace\n\n    at /home/tiaguinni/.vscode/extensions/uqbar.wollok-lsp-ide-0.5.5/out/server/src/server.js:2385:13026\n    at Array.map (<anonymous>)\n    at z1n (/home/tiaguinni/.vscode/extensions/uqbar.wollok-lsp-ide-0.5.5/out/server/src/server.js:2385:12950)\n    at H2.buildEnvironmentFrom (/home/tiaguinni/.vscode/extensions/uqbar.wollok-lsp-ide-0.5.5/out/server/src/server.js:2430:5254)\n    at H2.updateEnvironmentWith (/home/tiaguinni/.vscode/extensions/uqbar.wollok-lsp-ide-0.5.5/out/server/src/server.js:2430:4989)\n    at QF (/home/tiaguinni/.vscode/extensions/uqbar.wollok-lsp-ide-0.5.5/out/server/src/server.js:2430:7383)\n    at V3.invoke (/home/tiaguinni/.vscode/extensions/uqbar.wollok-lsp-ide-0.5.5/out/server/src/server.js:3:157330)\n    at o.fire (/home/tiaguinni/.vscode/extensions/uqbar.wollok-lsp-ide-0.5.5/out/server/src/server.js:3:158100)\n    at /home/tiaguinni/.vscode/extensions/uqbar.wollok-lsp-ide-0.5.5/out/server/src/server.js:37:57871\n    at nd (/home/tiaguinni/.vscode/extensions/uqbar.wollok-lsp-ide-0.5.5/out/server/src/server.js:8:1561)","timestamp":"2026-09-23T13:47:27.632Z"}
{"level":"error","message":"✘ Failed to rebuild document Failed to parse EXAMEN-Wollok/example.wlk: \n-- PARSING FAILED --------------------------------------------------\n\n  44 | \n  45 | class Enferme\n> 46 | /*\n     | ^\n  47 |   CLASES!! nos simplifica para no repetir logica!\n  48 |     class Nombre{}\n\nExpected one of the following: \n\n'inherits', '{', whitespace\n","stack":"Error: Failed to parse EXAMEN-Wollok/example.wlk: \n-- PARSING FAILED --------------------------------------------------\n\n  44 | \n  45 | class Enferme\n> 46 | /*\n     | ^\n  47 |   CLASES!! nos simplifica para no repetir logica!\n  48 |     class Nombre{}\n\nExpected one of the following: \n\n'inherits', '{', whitespace\n\n    at /home/tiaguinni/.vscode/extensions/uqbar.wollok-lsp-ide-0.5.5/out/server/src/server.js:2385:13026\n    at Array.map (<anonymous>)\n    at z1n (/home/tiaguinni/.vscode/extensions/uqbar.wollok-lsp-ide-0.5.5/out/server/src/server.js:2385:12950)\n    at H2.buildEnvironmentFrom (/home/tiaguinni/.vscode/extensions/uqbar.wollok-lsp-ide-0.5.5/out/server/src/server.js:2430:5254)\n    at H2.updateEnvironmentWith (/home/tiaguinni/.vscode/extensions/uqbar.wollok-lsp-ide-0.5.5/out/server/src/server.js:2430:4989)\n    at QF (/home/tiaguinni/.vscode/extensions/uqbar.wollok-lsp-ide-0.5.5/out/server/src/server.js:2430:7383)\n    at V3.invoke (/home/tiaguinni/.vscode/extensions/uqbar.wollok-lsp-ide-0.5.5/out/server/src/server.js:3:157330)\n    at o.fire (/home/tiaguinni/.vscode/extensions/uqbar.wollok-lsp-ide-0.5.5/out/server/src/server.js:3:158100)\n    at /home/tiaguinni/.vscode/extensions/uqbar.wollok-lsp-ide-0.5.5/out/server/src/server.js:37:57871\n    at nd (/home/tiaguinni/.vscode/extensions/uqbar.wollok-lsp-ide-0.5.5/out/server/src/server.js:8:1561)","timestamp":"2026-09-23T13:47:27.780Z"}
{"level":"error","message":"✘ Failed to rebuild document Failed to parse EXAMEN-Wollok/example.wlk: \n-- PARSING FAILED --------------------------------------------------\n\n  44 | \n  45 | class Enfermed\n> 46 | /*\n     | ^\n  47 |   CLASES!! nos simplifica para no repetir logica!\n  48 |     class Nombre{}\n\nExpected one of the following: \n\n'inherits', '{', whitespace\n","stack":"Error: Failed to parse EXAMEN-Wollok/example.wlk: \n-- PARSING FAILED --------------------------------------------------\n\n  44 | \n  45 | class Enfermed\n> 46 | /*\n     | ^\n  47 |   CLASES!! nos simplifica para no repetir logica!\n  48 |     class Nombre{}\n\nExpected one of the following: \n\n'inherits', '{', whitespace\n\n    at /home/tiaguinni/.vscode/extensions/uqbar.wollok-lsp-ide-0.5.5/out/server/src/server.js:2385:13026\n    at Array.map (<anonymous>)\n    at z1n (/home/tiaguinni/.vscode/extensions/uqbar.wollok-lsp-ide-0.5.5/out/server/src/server.js:2385:12950)\n    at H2.buildEnvironmentFrom (/home/tiaguinni/.vscode/extensions/uqbar.wollok-lsp-ide-0.5.5/out/server/src/server.js:2430:5254)\n    at H2.updateEnvironmentWith (/home/tiaguinni/.vscode/extensions/uqbar.wollok-lsp-ide-0.5.5/out/server/src/server.js:2430:4989)\n    at QF (/home/tiaguinni/.vscode/extensions/uqbar.wollok-lsp-ide-0.5.5/out/server/src/server.js:2430:7383)\n    at V3.invoke (/home/tiaguinni/.vscode/extensions/uqbar.wollok-lsp-ide-0.5.5/out/server/src/server.js:3:157330)\n    at o.fire (/home/tiaguinni/.vscode/extensions/uqbar.wollok-lsp-ide-0.5.5/out/server/src/server.js:3:158100)\n    at /home/tiaguinni/.vscode/extensions/uqbar.wollok-lsp-ide-0.5.5/out/server/src/server.js:37:57871\n    at nd (/home/tiaguinni/.vscode/extensions/uqbar.wollok-lsp-ide-0.5.5/out/server/src/server.js:8:1561)","timestamp":"2026-09-23T13:47:28.022Z"}
{"level":"error","message":"✘ Failed to rebuild document Failed to parse EXAMEN-Wollok/example.wlk: \n-- PARSING FAILED --------------------------------------------------\n\n  44 | \n  45 | class Enfermeda\n> 46 | /*\n     | ^\n  47 |   CLASES!! nos simplifica para no repetir logica!\n  48 |     class Nombre{}\n\nExpected one of the following: \n\n'inherits', '{', whitespace\n","stack":"Error: Failed to parse EXAMEN-Wollok/example.wlk: \n-- PARSING FAILED --------------------------------------------------\n\n  44 | \n  45 | class Enfermeda\n> 46 | /*\n     | ^\n  47 |   CLASES!! nos simplifica para no repetir logica!\n  48 |     class Nombre{}\n\nExpected one of the following: \n\n'inherits', '{', whitespace\n\n    at /home/tiaguinni/.vscode/extensions/uqbar.wollok-lsp-ide-0.5.5/out/server/src/server.js:2385:13026\n    at Array.map (<anonymous>)\n    at z1n (/home/tiaguinni/.vscode/extensions/uqbar.wollok-lsp-ide-0.5.5/out/server/src/server.js:2385:12950)\n    at H2.buildEnvironmentFrom (/home/tiaguinni/.vscode/extensions/uqbar.wollok-lsp-ide-0.5.5/out/server/src/server.js:2430:5254)\n    at H2.updateEnvironmentWith (/home/tiaguinni/.vscode/extensions/uqbar.wollok-lsp-ide-0.5.5/out/server/src/server.js:2430:4989)\n    at QF (/home/tiaguinni/.vscode/extensions/uqbar.wollok-lsp-ide-0.5.5/out/server/src/server.js:2430:7383)\n    at V3.invoke (/home/tiaguinni/.vscode/extensions/uqbar.wollok-lsp-ide-0.5.5/out/server/src/server.js:3:157330)\n    at o.fire (/home/tiaguinni/.vscode/extensions/uqbar.wollok-lsp-ide-0.5.5/out/server/src/server.js:3:158100)\n    at /home/tiaguinni/.vscode/extensions/uqbar.wollok-lsp-ide-0.5.5/out/server/src/server.js:37:57871\n    at nd (/home/tiaguinni/.vscode/extensions/uqbar.wollok-lsp-ide-0.5.5/out/server/src/server.js:8:1561)","timestamp":"2026-09-23T13:47:28.072Z"}
{"level":"error","message":"✘ Failed to rebuild document Failed to parse EXAMEN-Wollok/example.wlk: \n-- PARSING FAILED --------------------------------------------------\n\n  44 | \n  45 | class Enfermedad\n> 46 | /*\n     | ^\n  47 |   CLASES!! nos simplifica para no repetir logica!\n  48 |     class Nombre{}\n\nExpected one of the following: \n\n'inherits', '{', whitespace\n","stack":"Error: Failed to parse EXAMEN-Wollok/example.wlk: \n-- PARSING FAILED --------------------------------------------------\n\n  44 | \n  45 | class Enfermedad\n> 46 | /*\n     | ^\n  47 |   CLASES!! nos simplifica para no repetir logica!\n  48 |     class Nombre{}\n\nExpected one of the following: \n\n'inherits', '{', whitespace\n\n    at /home/tiaguinni/.vscode/extensions/uqbar.wollok-lsp-ide-0.5.5/out/server/src/server.js:2385:13026\n    at Array.map (<anonymous>)\n    at z1n (/home/tiaguinni/.vscode/extensions/uqbar.wollok-lsp-ide-0.5.5/out/server/src/server.js:2385:12950)\n    at H2.buildEnvironmentFrom (/home/tiaguinni/.vscode/extensions/uqbar.wollok-lsp-ide-0.5.5/out/server/src/server.js:2430:5254)\n    at H2.updateEnvironmentWith (/home/tiaguinni/.vscode/extensions/uqbar.wollok-lsp-ide-0.5.5/out/server/src/server.js:2430:4989)\n    at QF (/home/tiaguinni/.vscode/extensions/uqbar.wollok-lsp-ide-0.5.5/out/server/src/server.js:2430:7383)\n    at V3.invoke (/home/tiaguinni/.vscode/extensions/uqbar.wollok-lsp-ide-0.5.5/out/server/src/server.js:3:157330)\n    at o.fire (/home/tiaguinni/.vscode/extensions/uqbar.wollok-lsp-ide-0.5.5/out/server/src/server.js:3:158100)\n    at /home/tiaguinni/.vscode/extensions/uqbar.wollok-lsp-ide-0.5.5/out/server/src/server.js:37:57871\n    at nd (/home/tiaguinni/.vscode/extensions/uqbar.wollok-lsp-ide-0.5.5/out/server/src/server.js:8:1561)","timestamp":"2026-09-23T13:47:28.216Z"}
{"level":"error","message":"✘ Failed to rebuild document Failed to parse EXAMEN-Wollok/example.wlk: \n-- PARSING FAILED --------------------------------------------------\n\n  44 | \n  45 | class EnfermedadA\n> 46 | /*\n     | ^\n  47 |   CLASES!! nos simplifica para no repetir logica!\n  48 |     class Nombre{}\n\nExpected one of the following: \n\n'inherits', '{', whitespace\n","stack":"Error: Failed to parse EXAMEN-Wollok/example.wlk: \n-- PARSING FAILED --------------------------------------------------\n\n  44 | \n  45 | class EnfermedadA\n> 46 | /*\n     | ^\n  47 |   CLASES!! nos simplifica para no repetir logica!\n  48 |     class Nombre{}\n\nExpected one of the following: \n\n'inherits', '{', whitespace\n\n    at /home/tiaguinni/.vscode/extensions/uqbar.wollok-lsp-ide-0.5.5/out/server/src/server.js:2385:13026\n    at Array.map (<anonymous>)\n    at z1n (/home/tiaguinni/.vscode/extensions/uqbar.wollok-lsp-ide-0.5.5/out/server/src/server.js:2385:12950)\n    at H2.buildEnvironmentFrom (/home/tiaguinni/.vscode/extensions/uqbar.wollok-lsp-ide-0.5.5/out/server/src/server.js:2430:5254)\n    at H2.updateEnvironmentWith (/home/tiaguinni/.vscode/extensions/uqbar.wollok-lsp-ide-0.5.5/out/server/src/server.js:2430:4989)\n    at QF (/home/tiaguinni/.vscode/extensions/uqbar.wollok-lsp-ide-0.5.5/out/server/src/server.js:2430:7383)\n    at V3.invoke (/home/tiaguinni/.vscode/extensions/uqbar.wollok-lsp-ide-0.5.5/out/server/src/server.js:3:157330)\n    at o.fire (/home/tiaguinni/.vscode/extensions/uqbar.wollok-lsp-ide-0.5.5/out/server/src/server.js:3:158100)\n    at /home/tiaguinni/.vscode/extensions/uqbar.wollok-lsp-ide-0.5.5/out/server/src/server.js:37:57871\n    at nd (/home/tiaguinni/.vscode/extensions/uqbar.wollok-lsp-ide-0.5.5/out/server/src/server.js:8:1561)","timestamp":"2026-09-23T13:47:28.940Z"}
{"level":"error","message":"✘ Failed to rebuild document Failed to parse EXAMEN-Wollok/example.wlk: \n-- PARSING FAILED --------------------------------------------------\n\n  44 | \n  45 | class EnfermedadAu\n> 46 | /*\n     | ^\n  47 |   CLASES!! nos simplifica para no repetir logica!\n  48 |     class Nombre{}\n\nExpected one of the following: \n\n'inherits', '{', whitespace\n","stack":"Error: Failed to parse EXAMEN-Wollok/example.wlk: \n-- PARSING FAILED --------------------------------------------------\n\n  44 | \n  45 | class EnfermedadAu\n> 46 | /*\n     | ^\n  47 |   CLASES!! nos simplifica para no repetir logica!\n  48 |     class Nombre{}\n\nExpected one of the following: \n\n'inherits', '{', whitespace\n\n    at /home/tiaguinni/.vscode/extensions/uqbar.wollok-lsp-ide-0.5.5/out/server/src/server.js:2385:13026\n    at Array.map (<anonymous>)\n    at z1n (/home/tiaguinni/.vscode/extensions/uqbar.wollok-lsp-ide-0.5.5/out/server/src/server.js:2385:12950)\n    at H2.buildEnvironmentFrom (/home/tiaguinni/.vscode/extensions/uqbar.wollok-lsp-ide-0.5.5/out/server/src/server.js:2430:5254)\n    at H2.updateEnvironmentWith (/home/tiaguinni/.vscode/extensions/uqbar.wollok-lsp-ide-0.5.5/out/server/src/server.js:2430:4989)\n    at QF (/home/tiaguinni/.vscode/extensions/uqbar.wollok-lsp-ide-0.5.5/out/server/src/server.js:2430:7383)\n    at V3.invoke (/home/tiaguinni/.vscode/extensions/uqbar.wollok-lsp-ide-0.5.5/out/server/src/server.js:3:157330)\n    at o.fire (/home/tiaguinni/.vscode/extensions/uqbar.wollok-lsp-ide-0.5.5/out/server/src/server.js:3:158100)\n    at /home/tiaguinni/.vscode/extensions/uqbar.wollok-lsp-ide-0.5.5/out/server/src/server.js:37:57871\n    at nd (/home/tiaguinni/.vscode/extensions/uqbar.wollok-lsp-ide-0.5.5/out/server/src/server.js:8:1561)","timestamp":"2026-09-23T13:47:29.132Z"}
{"level":"error","message":"✘ Failed to rebuild document Failed to parse EXAMEN-Wollok/example.wlk: \n-- PARSING FAILED --------------------------------------------------\n\n  44 | \n  45 | class EnfermedadAut\n> 46 | /*\n     | ^\n  47 |   CLASES!! nos simplifica para no repetir logica!\n  48 |     class Nombre{}\n\nExpected one of the following: \n\n'inherits', '{', whitespace\n","stack":"Error: Failed to parse EXAMEN-Wollok/example.wlk: \n-- PARSING FAILED --------------------------------------------------\n\n  44 | \n  45 | class EnfermedadAut\n> 46 | /*\n     | ^\n  47 |   CLASES!! nos simplifica para no repetir logica!\n  48 |     class Nombre{}\n\nExpected one of the following: \n\n'inherits', '{', whitespace\n\n    at /home/tiaguinni/.vscode/extensions/uqbar.wollok-lsp-ide-0.5.5/out/server/src/server.js:2385:13026\n    at Array.map (<anonymous>)\n    at z1n (/home/tiaguinni/.vscode/extensions/uqbar.wollok-lsp-ide-0.5.5/out/server/src/server.js:2385:12950)\n    at H2.buildEnvironmentFrom (/home/tiaguinni/.vscode/extensions/uqbar.wollok-lsp-ide-0.5.5/out/server/src/server.js:2430:5254)\n    at H2.updateEnvironmentWith (/home/tiaguinni/.vscode/extensions/uqbar.wollok-lsp-ide-0.5.5/out/server/src/server.js:2430:4989)\n    at QF (/home/tiaguinni/.vscode/extensions/uqbar.wollok-lsp-ide-0.5.5/out/server/src/server.js:2430:7383)\n    at V3.invoke (/home/tiaguinni/.vscode/extensions/uqbar.wollok-lsp-ide-0.5.5/out/server/src/server.js:3:157330)\n    at o.fire (/home/tiaguinni/.vscode/extensions/uqbar.wollok-lsp-ide-0.5.5/out/server/src/server.js:3:158100)\n    at /home/tiaguinni/.vscode/extensions/uqbar.wollok-lsp-ide-0.5.5/out/server/src/server.js:37:57871\n    at nd (/home/tiaguinni/.vscode/extensions/uqbar.wollok-lsp-ide-0.5.5/out/server/src/server.js:8:1561)","timestamp":"2026-09-23T13:47:29.270Z"}
{"level":"error","message":"✘ Failed to rebuild document Failed to parse EXAMEN-Wollok/example.wlk: \n-- PARSING FAILED --------------------------------------------------\n\n  44 | \n  45 | class EnfermedadAuto\n> 46 | /*\n     | ^\n  47 |   CLASES!! nos simplifica para no repetir logica!\n  48 |     class Nombre{}\n\nExpected one of the following: \n\n'inherits', '{', whitespace\n","stack":"Error: Failed to parse EXAMEN-Wollok/example.wlk: \n-- PARSING FAILED --------------------------------------------------\n\n  44 | \n  45 | class EnfermedadAuto\n> 46 | /*\n     | ^\n  47 |   CLASES!! nos simplifica para no repetir logica!\n  48 |     class Nombre{}\n\nExpected one of the following: \n\n'inherits', '{', whitespace\n\n    at /home/tiaguinni/.vscode/extensions/uqbar.wollok-lsp-ide-0.5.5/out/server/src/server.js:2385:13026\n    at Array.map (<anonymous>)\n    at z1n (/home/tiaguinni/.vscode/extensions/uqbar.wollok-lsp-ide-0.5.5/out/server/src/server.js:2385:12950)\n    at H2.buildEnvironmentFrom (/home/tiaguinni/.vscode/extensions/uqbar.wollok-lsp-ide-0.5.5/out/server/src/server.js:2430:5254)\n    at H2.updateEnvironmentWith (/home/tiaguinni/.vscode/extensions/uqbar.wollok-lsp-ide-0.5.5/out/server/src/server.js:2430:4989)\n    at QF (/home/tiaguinni/.vscode/extensions/uqbar.wollok-lsp-ide-0.5.5/out/server/src/server.js:2430:7383)\n    at V3.invoke (/home/tiaguinni/.vscode/extensions/uqbar.wollok-lsp-ide-0.5.5/out/server/src/server.js:3:157330)\n    at o.fire (/home/tiaguinni/.vscode/extensions/uqbar.wollok-lsp-ide-0.5.5/out/server/src/server.js:3:158100)\n    at /home/tiaguinni/.vscode/extensions/uqbar.wollok-lsp-ide-0.5.5/out/server/src/server.js:37:57871\n    at nd (/home/tiaguinni/.vscode/extensions/uqbar.wollok-lsp-ide-0.5.5/out/server/src/server.js:8:1561)","timestamp":"2026-09-23T13:47:29.513Z"}
{"level":"error","message":"✘ Failed to rebuild document Failed to parse EXAMEN-Wollok/example.wlk: \n-- PARSING FAILED --------------------------------------------------\n\n  44 | \n  45 | class EnfermedadAutom\n> 46 | /*\n     | ^\n  47 |   CLASES!! nos simplifica para no repetir logica!\n  48 |     class Nombre{}\n\nExpected one of the following: \n\n'inherits', '{', whitespace\n","stack":"Error: Failed to parse EXAMEN-Wollok/example.wlk: \n-- PARSING FAILED --------------------------------------------------\n\n  44 | \n  45 | class EnfermedadAutom\n> 46 | /*\n     | ^\n  47 |   CLASES!! nos simplifica para no repetir logica!\n  48 |     class Nombre{}\n\nExpected one of the following: \n\n'inherits', '{', whitespace\n\n    at /home/tiaguinni/.vscode/extensions/uqbar.wollok-lsp-ide-0.5.5/out/server/src/server.js:2385:13026\n    at Array.map (<anonymous>)\n    at z1n (/home/tiaguinni/.vscode/extensions/uqbar.wollok-lsp-ide-0.5.5/out/server/src/server.js:2385:12950)\n    at H2.buildEnvironmentFrom (/home/tiaguinni/.vscode/extensions/uqbar.wollok-lsp-ide-0.5.5/out/server/src/server.js:2430:5254)\n    at H2.updateEnvironmentWith (/home/tiaguinni/.vscode/extensions/uqbar.wollok-lsp-ide-0.5.5/out/server/src/server.js:2430:4989)\n    at QF (/home/tiaguinni/.vscode/extensions/uqbar.wollok-lsp-ide-0.5.5/out/server/src/server.js:2430:7383)\n    at V3.invoke (/home/tiaguinni/.vscode/extensions/uqbar.wollok-lsp-ide-0.5.5/out/server/src/server.js:3:157330)\n    at o.fire (/home/tiaguinni/.vscode/extensions/uqbar.wollok-lsp-ide-0.5.5/out/server/src/server.js:3:158100)\n    at /home/tiaguinni/.vscode/extensions/uqbar.wollok-lsp-ide-0.5.5/out/server/src/server.js:37:57871\n    at nd (/home/tiaguinni/.vscode/extensions/uqbar.wollok-lsp-ide-0.5.5/out/server/src/server.js:8:1561)","timestamp":"2026-09-23T13:47:29.914Z"}
{"level":"error","message":"✘ Failed to rebuild document Failed to parse EXAMEN-Wollok/example.wlk: \n-- PARSING FAILED --------------------------------------------------\n\n  44 | \n  45 | class EnfermedadAuto\n> 46 | /*\n     | ^\n  47 |   CLASES!! nos simplifica para no repetir logica!\n  48 |     class Nombre{}\n\nExpected one of the following: \n\n'inherits', '{', whitespace\n","stack":"Error: Failed to parse EXAMEN-Wollok/example.wlk: \n-- PARSING FAILED --------------------------------------------------\n\n  44 | \n  45 | class EnfermedadAuto\n> 46 | /*\n     | ^\n  47 |   CLASES!! nos simplifica para no repetir logica!\n  48 |     class Nombre{}\n\nExpected one of the following: \n\n'inherits', '{', whitespace\n\n    at /home/tiaguinni/.vscode/extensions/uqbar.wollok-lsp-ide-0.5.5/out/server/src/server.js:2385:13026\n    at Array.map (<anonymous>)\n    at z1n (/home/tiaguinni/.vscode/extensions/uqbar.wollok-lsp-ide-0.5.5/out/server/src/server.js:2385:12950)\n    at H2.buildEnvironmentFrom (/home/tiaguinni/.vscode/extensions/uqbar.wollok-lsp-ide-0.5.5/out/server/src/server.js:2430:5254)\n    at H2.updateEnvironmentWith (/home/tiaguinni/.vscode/extensions/uqbar.wollok-lsp-ide-0.5.5/out/server/src/server.js:2430:4989)\n    at QF (/home/tiaguinni/.vscode/extensions/uqbar.wollok-lsp-ide-0.5.5/out/server/src/server.js:2430:7383)\n    at V3.invoke (/home/tiaguinni/.vscode/extensions/uqbar.wollok-lsp-ide-0.5.5/out/server/src/server.js:3:157330)\n    at o.fire (/home/tiaguinni/.vscode/extensions/uqbar.wollok-lsp-ide-0.5.5/out/server/src/server.js:3:158100)\n    at /home/tiaguinni/.vscode/extensions/uqbar.wollok-lsp-ide-0.5.5/out/server/src/server.js:37:57871\n    at nd (/home/tiaguinni/.vscode/extensions/uqbar.wollok-lsp-ide-0.5.5/out/server/src/server.js:8:1561)","timestamp":"2026-09-23T13:47:30.874Z"}
{"level":"error","message":"✘ Failed to rebuild document Failed to parse EXAMEN-Wollok/example.wlk: \n-- PARSING FAILED --------------------------------------------------\n\n  44 | \n  45 | class EnfermedadAutoI\n> 46 | /*\n     | ^\n  47 |   CLASES!! nos simplifica para no repetir logica!\n  48 |     class Nombre{}\n\nExpected one of the following: \n\n'inherits', '{', whitespace\n","stack":"Error: Failed to parse EXAMEN-Wollok/example.wlk: \n-- PARSING FAILED --------------------------------------------------\n\n  44 | \n  45 | class EnfermedadAutoI\n> 46 | /*\n     | ^\n  47 |   CLASES!! nos simplifica para no repetir logica!\n  48 |     class Nombre{}\n\nExpected one of the following: \n\n'inherits', '{', whitespace\n\n    at /home/tiaguinni/.vscode/extensions/uqbar.wollok-lsp-ide-0.5.5/out/server/src/server.js:2385:13026\n    at Array.map (<anonymous>)\n    at z1n (/home/tiaguinni/.vscode/extensions/uqbar.wollok-lsp-ide-0.5.5/out/server/src/server.js:2385:12950)\n    at H2.buildEnvironmentFrom (/home/tiaguinni/.vscode/extensions/uqbar.wollok-lsp-ide-0.5.5/out/server/src/server.js:2430:5254)\n    at H2.updateEnvironmentWith (/home/tiaguinni/.vscode/extensions/uqbar.wollok-lsp-ide-0.5.5/out/server/src/server.js:2430:4989)\n    at QF (/home/tiaguinni/.vscode/extensions/uqbar.wollok-lsp-ide-0.5.5/out/server/src/server.js:2430:7383)\n    at V3.invoke (/home/tiaguinni/.vscode/extensions/uqbar.wollok-lsp-ide-0.5.5/out/server/src/server.js:3:157330)\n    at o.fire (/home/tiaguinni/.vscode/extensions/uqbar.wollok-lsp-ide-0.5.5/out/server/src/server.js:3:158100)\n    at /home/tiaguinni/.vscode/extensions/uqbar.wollok-lsp-ide-0.5.5/out/server/src/server.js:37:57871\n    at nd (/home/tiaguinni/.vscode/extensions/uqbar.wollok-lsp-ide-0.5.5/out/server/src/server.js:8:1561)","timestamp":"2026-09-23T13:47:31.932Z"}
{"level":"error","message":"✘ Failed to rebuild document Failed to parse EXAMEN-Wollok/example.wlk: \n-- PARSING FAILED --------------------------------------------------\n\n  44 | \n  45 | class EnfermedadAuto\n> 46 | /*\n     | ^\n  47 |   CLASES!! nos simplifica para no repetir logica!\n  48 |     class Nombre{}\n\nExpected one of the following: \n\n'inherits', '{', whitespace\n","stack":"Error: Failed to parse EXAMEN-Wollok/example.wlk: \n-- PARSING FAILED --------------------------------------------------\n\n  44 | \n  45 | class EnfermedadAuto\n> 46 | /*\n     | ^\n  47 |   CLASES!! nos simplifica para no repetir logica!\n  48 |     class Nombre{}\n\nExpected one of the following: \n\n'inherits', '{', whitespace\n\n    at /home/tiaguinni/.vscode/extensions/uqbar.wollok-lsp-ide-0.5.5/out/server/src/server.js:2385:13026\n    at Array.map (<anonymous>)\n    at z1n (/home/tiaguinni/.vscode/extensions/uqbar.wollok-lsp-ide-0.5.5/out/server/src/server.js:2385:12950)\n    at H2.buildEnvironmentFrom (/home/tiaguinni/.vscode/extensions/uqbar.wollok-lsp-ide-0.5.5/out/server/src/server.js:2430:5254)\n    at H2.updateEnvironmentWith (/home/tiaguinni/.vscode/extensions/uqbar.wollok-lsp-ide-0.5.5/out/server/src/server.js:2430:4989)\n    at QF (/home/tiaguinni/.vscode/extensions/uqbar.wollok-lsp-ide-0.5.5/out/server/src/server.js:2430:7383)\n    at V3.invoke (/home/tiaguinni/.vscode/extensions/uqbar.wollok-lsp-ide-0.5.5/out/server/src/server.js:3:157330)\n    at o.fire (/home/tiaguinni/.vscode/extensions/uqbar.wollok-lsp-ide-0.5.5/out/server/src/server.js:3:158100)\n    at /home/tiaguinni/.vscode/extensions/uqbar.wollok-lsp-ide-0.5.5/out/server/src/server.js:37:57871\n    at nd (/home/tiaguinni/.vscode/extensions/uqbar.wollok-lsp-ide-0.5.5/out/server/src/server.js:8:1561)","timestamp":"2026-09-23T13:47:32.456Z"}
{"level":"error","message":"✘ Failed to rebuild document Failed to parse EXAMEN-Wollok/example.wlk: \n-- PARSING FAILED --------------------------------------------------\n\n  44 | \n  45 | class EnfermedadAutoi\n> 46 | /*\n     | ^\n  47 |   CLASES!! nos simplifica para no repetir logica!\n  48 |     class Nombre{}\n\nExpected one of the following: \n\n'inherits', '{', whitespace\n","stack":"Error: Failed to parse EXAMEN-Wollok/example.wlk: \n-- PARSING FAILED --------------------------------------------------\n\n  44 | \n  45 | class EnfermedadAutoi\n> 46 | /*\n     | ^\n  47 |   CLASES!! nos simplifica para no repetir logica!\n  48 |     class Nombre{}\n\nExpected one of the following: \n\n'inherits', '{', whitespace\n\n    at /home/tiaguinni/.vscode/extensions/uqbar.wollok-lsp-ide-0.5.5/out/server/src/server.js:2385:13026\n    at Array.map (<anonymous>)\n    at z1n (/home/tiaguinni/.vscode/extensions/uqbar.wollok-lsp-ide-0.5.5/out/server/src/server.js:2385:12950)\n    at H2.buildEnvironmentFrom (/home/tiaguinni/.vscode/extensions/uqbar.wollok-lsp-ide-0.5.5/out/server/src/server.js:2430:5254)\n    at H2.updateEnvironmentWith (/home/tiaguinni/.vscode/extensions/uqbar.wollok-lsp-ide-0.5.5/out/server/src/server.js:2430:4989)\n    at QF (/home/tiaguinni/.vscode/extensions/uqbar.wollok-lsp-ide-0.5.5/out/server/src/server.js:2430:7383)\n    at V3.invoke (/home/tiaguinni/.vscode/extensions/uqbar.wollok-lsp-ide-0.5.5/out/server/src/server.js:3:157330)\n    at o.fire (/home/tiaguinni/.vscode/extensions/uqbar.wollok-lsp-ide-0.5.5/out/server/src/server.js:3:158100)\n    at /home/tiaguinni/.vscode/extensions/uqbar.wollok-lsp-ide-0.5.5/out/server/src/server.js:37:57871\n    at nd (/home/tiaguinni/.vscode/extensions/uqbar.wollok-lsp-ide-0.5.5/out/server/src/server.js:8:1561)","timestamp":"2026-09-23T13:47:32.791Z"}
{"level":"error","message":"✘ Failed to rebuild document Failed to parse EXAMEN-Wollok/example.wlk: \n-- PARSING FAILED --------------------------------------------------\n\n  44 | \n  45 | class EnfermedadAutoin\n> 46 | /*\n     | ^\n  47 |   CLASES!! nos simplifica para no repetir logica!\n  48 |     class Nombre{}\n\nExpected one of the following: \n\n'inherits', '{', whitespace\n","stack":"Error: Failed to parse EXAMEN-Wollok/example.wlk: \n-- PARSING FAILED --------------------------------------------------\n\n  44 | \n  45 | class EnfermedadAutoin\n> 46 | /*\n     | ^\n  47 |   CLASES!! nos simplifica para no repetir logica!\n  48 |     class Nombre{}\n\nExpected one of the following: \n\n'inherits', '{', whitespace\n\n    at /home/tiaguinni/.vscode/extensions/uqbar.wollok-lsp-ide-0.5.5/out/server/src/server.js:2385:13026\n    at Array.map (<anonymous>)\n    at z1n (/home/tiaguinni/.vscode/extensions/uqbar.wollok-lsp-ide-0.5.5/out/server/src/server.js:2385:12950)\n    at H2.buildEnvironmentFrom (/home/tiaguinni/.vscode/extensions/uqbar.wollok-lsp-ide-0.5.5/out/server/src/server.js:2430:5254)\n    at H2.updateEnvironmentWith (/home/tiaguinni/.vscode/extensions/uqbar.wollok-lsp-ide-0.5.5/out/server/src/server.js:2430:4989)\n    at QF (/home/tiaguinni/.vscode/extensions/uqbar.wollok-lsp-ide-0.5.5/out/server/src/server.js:2430:7383)\n    at V3.invoke (/home/tiaguinni/.vscode/extensions/uqbar.wollok-lsp-ide-0.5.5/out/server/src/server.js:3:157330)\n    at o.fire (/home/tiaguinni/.vscode/extensions/uqbar.wollok-lsp-ide-0.5.5/out/server/src/server.js:3:158100)\n    at /home/tiaguinni/.vscode/extensions/uqbar.wollok-lsp-ide-0.5.5/out/server/src/server.js:37:57871\n    at nd (/home/tiaguinni/.vscode/extensions/uqbar.wollok-lsp-ide-0.5.5/out/server/src/server.js:8:1561)","timestamp":"2026-09-23T13:47:33.025Z"}
{"level":"error","message":"✘ Failed to rebuild document Failed to parse EXAMEN-Wollok/example.wlk: \n-- PARSING FAILED --------------------------------------------------\n\n  44 | \n  45 | class EnfermedadAutoinm\n> 46 | /*\n     | ^\n  47 |   CLASES!! nos simplifica para no repetir logica!\n  48 |     class Nombre{}\n\nExpected one of the following: \n\n'inherits', '{', whitespace\n","stack":"Error: Failed to parse EXAMEN-Wollok/example.wlk: \n-- PARSING FAILED --------------------------------------------------\n\n  44 | \n  45 | class EnfermedadAutoinm\n> 46 | /*\n     | ^\n  47 |   CLASES!! nos simplifica para no repetir logica!\n  48 |     class Nombre{}\n\nExpected one of the following: \n\n'inherits', '{', whitespace\n\n    at /home/tiaguinni/.vscode/extensions/uqbar.wollok-lsp-ide-0.5.5/out/server/src/server.js:2385:13026\n    at Array.map (<anonymous>)\n    at z1n (/home/tiaguinni/.vscode/extensions/uqbar.wollok-lsp-ide-0.5.5/out/server/src/server.js:2385:12950)\n    at H2.buildEnvironmentFrom (/home/tiaguinni/.vscode/extensions/uqbar.wollok-lsp-ide-0.5.5/out/server/src/server.js:2430:5254)\n    at H2.updateEnvironmentWith (/home/tiaguinni/.vscode/extensions/uqbar.wollok-lsp-ide-0.5.5/out/server/src/server.js:2430:4989)\n    at QF (/home/tiaguinni/.vscode/extensions/uqbar.wollok-lsp-ide-0.5.5/out/server/src/server.js:2430:7383)\n    at V3.invoke (/home/tiaguinni/.vscode/extensions/uqbar.wollok-lsp-ide-0.5.5/out/server/src/server.js:3:157330)\n    at o.fire (/home/tiaguinni/.vscode/extensions/uqbar.wollok-lsp-ide-0.5.5/out/server/src/server.js:3:158100)\n    at /home/tiaguinni/.vscode/extensions/uqbar.wollok-lsp-ide-0.5.5/out/server/src/server.js:37:57871\n    at nd (/home/tiaguinni/.vscode/extensions/uqbar.wollok-lsp-ide-0.5.5/out/server/src/server.js:8:1561)","timestamp":"2026-09-23T13:47:33.249Z"}
{"level":"error","message":"✘ Failed to rebuild document Failed to parse EXAMEN-Wollok/example.wlk: \n-- PARSING FAILED --------------------------------------------------\n\n  44 | \n  45 | class EnfermedadAutoinmu\n> 46 | /*\n     | ^\n  47 |   CLASES!! nos simplifica para no repetir logica!\n  48 |     class Nombre{}\n\nExpected one of the following: \n\n'inherits', '{', whitespace\n","stack":"Error: Failed to parse EXAMEN-Wollok/example.wlk: \n-- PARSING FAILED --------------------------------------------------\n\n  44 | \n  45 | class EnfermedadAutoinmu\n> 46 | /*\n     | ^\n  47 |   CLASES!! nos simplifica para no repetir logica!\n  48 |     class Nombre{}\n\nExpected one of the following: \n\n'inherits', '{', whitespace\n\n    at /home/tiaguinni/.vscode/extensions/uqbar.wollok-lsp-ide-0.5.5/out/server/src/server.js:2385:13026\n    at Array.map (<anonymous>)\n    at z1n (/home/tiaguinni/.vscode/extensions/uqbar.wollok-lsp-ide-0.5.5/out/server/src/server.js:2385:12950)\n    at H2.buildEnvironmentFrom (/home/tiaguinni/.vscode/extensions/uqbar.wollok-lsp-ide-0.5.5/out/server/src/server.js:2430:5254)\n    at H2.updateEnvironmentWith (/home/tiaguinni/.vscode/extensions/uqbar.wollok-lsp-ide-0.5.5/out/server/src/server.js:2430:4989)\n    at QF (/home/tiaguinni/.vscode/extensions/uqbar.wollok-lsp-ide-0.5.5/out/server/src/server.js:2430:7383)\n    at V3.invoke (/home/tiaguinni/.vscode/extensions/uqbar.wollok-lsp-ide-0.5.5/out/server/src/server.js:3:157330)\n    at o.fire (/home/tiaguinni/.vscode/extensions/uqbar.wollok-lsp-ide-0.5.5/out/server/src/server.js:3:158100)\n    at /home/tiaguinni/.vscode/extensions/uqbar.wollok-lsp-ide-0.5.5/out/server/src/server.js:37:57871\n    at nd (/home/tiaguinni/.vscode/extensions/uqbar.wollok-lsp-ide-0.5.5/out/server/src/server.js:8:1561)","timestamp":"2026-09-23T13:47:33.451Z"}
{"level":"error","message":"✘ Failed to rebuild document Failed to parse EXAMEN-Wollok/example.wlk: \n-- PARSING FAILED --------------------------------------------------\n\n  44 | \n  45 | class EnfermedadAutoinmun\n> 46 | /*\n     | ^\n  47 |   CLASES!! nos simplifica para no repetir logica!\n  48 |     class Nombre{}\n\nExpected one of the following: \n\n'inherits', '{', whitespace\n","stack":"Error: Failed to parse EXAMEN-Wollok/example.wlk: \n-- PARSING FAILED --------------------------------------------------\n\n  44 | \n  45 | class EnfermedadAutoinmun\n> 46 | /*\n     | ^\n  47 |   CLASES!! nos simplifica para no repetir logica!\n  48 |     class Nombre{}\n\nExpected one of the following: \n\n'inherits', '{', whitespace\n\n    at /home/tiaguinni/.vscode/extensions/uqbar.wollok-lsp-ide-0.5.5/out/server/src/server.js:2385:13026\n    at Array.map (<anonymous>)\n    at z1n (/home/tiaguinni/.vscode/extensions/uqbar.wollok-lsp-ide-0.5.5/out/server/src/server.js:2385:12950)\n    at H2.buildEnvironmentFrom (/home/tiaguinni/.vscode/extensions/uqbar.wollok-lsp-ide-0.5.5/out/server/src/server.js:2430:5254)\n    at H2.updateEnvironmentWith (/home/tiaguinni/.vscode/extensions/uqbar.wollok-lsp-ide-0.5.5/out/server/src/server.js:2430:4989)\n    at QF (/home/tiaguinni/.vscode/extensions/uqbar.wollok-lsp-ide-0.5.5/out/server/src/server.js:2430:7383)\n    at V3.invoke (/home/tiaguinni/.vscode/extensions/uqbar.wollok-lsp-ide-0.5.5/out/server/src/server.js:3:157330)\n    at o.fire (/home/tiaguinni/.vscode/extensions/uqbar.wollok-lsp-ide-0.5.5/out/server/src/server.js:3:158100)\n    at /home/tiaguinni/.vscode/extensions/uqbar.wollok-lsp-ide-0.5.5/out/server/src/server.js:37:57871\n    at nd (/home/tiaguinni/.vscode/extensions/uqbar.wollok-lsp-ide-0.5.5/out/server/src/server.js:8:1561)","timestamp":"2026-09-23T13:47:33.647Z"}
{"level":"error","message":"✘ Failed to rebuild document Failed to parse EXAMEN-Wollok/example.wlk: \n-- PARSING FAILED --------------------------------------------------\n\n  44 | \n  45 | class EnfermedadAutoinmune\n> 46 | /*\n     | ^\n  47 |   CLASES!! nos simplifica para no repetir logica!\n  48 |     class Nombre{}\n\nExpected one of the following: \n\n'inherits', '{', whitespace\n","stack":"Error: Failed to parse EXAMEN-Wollok/example.wlk: \n-- PARSING FAILED --------------------------------------------------\n\n  44 | \n  45 | class EnfermedadAutoinmune\n> 46 | /*\n     | ^\n  47 |   CLASES!! nos simplifica para no repetir logica!\n  48 |     class Nombre{}\n\nExpected one of the following: \n\n'inherits', '{', whitespace\n\n    at /home/tiaguinni/.vscode/extensions/uqbar.wollok-lsp-ide-0.5.5/out/server/src/server.js:2385:13026\n    at Array.map (<anonymous>)\n    at z1n (/home/tiaguinni/.vscode/extensions/uqbar.wollok-lsp-ide-0.5.5/out/server/src/server.js:2385:12950)\n    at H2.buildEnvironmentFrom (/home/tiaguinni/.vscode/extensions/uqbar.wollok-lsp-ide-0.5.5/out/server/src/server.js:2430:5254)\n    at H2.updateEnvironmentWith (/home/tiaguinni/.vscode/extensions/uqbar.wollok-lsp-ide-0.5.5/out/server/src/server.js:2430:4989)\n    at QF (/home/tiaguinni/.vscode/extensions/uqbar.wollok-lsp-ide-0.5.5/out/server/src/server.js:2430:7383)\n    at V3.invoke (/home/tiaguinni/.vscode/extensions/uqbar.wollok-lsp-ide-0.5.5/out/server/src/server.js:3:157330)\n    at o.fire (/home/tiaguinni/.vscode/extensions/uqbar.wollok-lsp-ide-0.5.5/out/server/src/server.js:3:158100)\n    at /home/tiaguinni/.vscode/extensions/uqbar.wollok-lsp-ide-0.5.5/out/server/src/server.js:37:57871\n    at nd (/home/tiaguinni/.vscode/extensions/uqbar.wollok-lsp-ide-0.5.5/out/server/src/server.js:8:1561)","timestamp":"2026-09-23T13:47:33.707Z"}
{"level":"error","message":"✘ Failed to rebuild document Failed to parse EXAMEN-Wollok/example.wlk: \n-- PARSING FAILED --------------------------------------------------\n\nGot the end of the input\n\nExpected one of the following: \n\n'@', 'const', 'method', 'override', 'var', '{', '}', any character/byte, comment, whitespace\n","stack":"Error: Failed to parse EXAMEN-Wollok/example.wlk: \n-- PARSING FAILED --------------------------------------------------\n\nGot the end of the input\n\nExpected one of the following: \n\n'@', 'const', 'method', 'override', 'var', '{', '}', any character/byte, comment, whitespace\n\n    at /home/tiaguinni/.vscode/extensions/uqbar.wollok-lsp-ide-0.5.5/out/server/src/server.js:2385:13026\n    at Array.map (<anonymous>)\n    at z1n (/home/tiaguinni/.vscode/extensions/uqbar.wollok-lsp-ide-0.5.5/out/server/src/server.js:2385:12950)\n    at H2.buildEnvironmentFrom (/home/tiaguinni/.vscode/extensions/uqbar.wollok-lsp-ide-0.5.5/out/server/src/server.js:2430:5254)\n    at H2.updateEnvironmentWith (/home/tiaguinni/.vscode/extensions/uqbar.wollok-lsp-ide-0.5.5/out/server/src/server.js:2430:4989)\n    at QF (/home/tiaguinni/.vscode/extensions/uqbar.wollok-lsp-ide-0.5.5/out/server/src/server.js:2430:7383)\n    at V3.invoke (/home/tiaguinni/.vscode/extensions/uqbar.wollok-lsp-ide-0.5.5/out/server/src/server.js:3:157330)\n    at o.fire (/home/tiaguinni/.vscode/extensions/uqbar.wollok-lsp-ide-0.5.5/out/server/src/server.js:3:158100)\n    at /home/tiaguinni/.vscode/extensions/uqbar.wollok-lsp-ide-0.5.5/out/server/src/server.js:37:57871\n    at nd (/home/tiaguinni/.vscode/extensions/uqbar.wollok-lsp-ide-0.5.5/out/server/src/server.js:8:1561)","timestamp":"2026-09-23T13:47:37.241Z"}
{"level":"error","message":"✘ Failed to rebuild document Failed to parse EXAMEN-Wollok/example.wlk: \n-- PARSING FAILED --------------------------------------------------\n\n  44 | \n  45 | class EnfermedadAutoinmune\n> 46 | /*\n     | ^\n  47 |   CLASES!! nos simplifica para no repetir logica!\n  48 |     class Nombre{}\n\nExpected one of the following: \n\n'inherits', '{', whitespace\n","stack":"Error: Failed to parse EXAMEN-Wollok/example.wlk: \n-- PARSING FAILED --------------------------------------------------\n\n  44 | \n  45 | class EnfermedadAutoinmune\n> 46 | /*\n     | ^\n  47 |   CLASES!! nos simplifica para no repetir logica!\n  48 |     class Nombre{}\n\nExpected one of the following: \n\n'inherits', '{', whitespace\n\n    at /home/tiaguinni/.vscode/extensions/uqbar.wollok-lsp-ide-0.5.5/out/server/src/server.js:2385:13026\n    at Array.map (<anonymous>)\n    at z1n (/home/tiaguinni/.vscode/extensions/uqbar.wollok-lsp-ide-0.5.5/out/server/src/server.js:2385:12950)\n    at H2.buildEnvironmentFrom (/home/tiaguinni/.vscode/extensions/uqbar.wollok-lsp-ide-0.5.5/out/server/src/server.js:2430:5254)\n    at H2.updateEnvironmentWith (/home/tiaguinni/.vscode/extensions/uqbar.wollok-lsp-ide-0.5.5/out/server/src/server.js:2430:4989)\n    at QF (/home/tiaguinni/.vscode/extensions/uqbar.wollok-lsp-ide-0.5.5/out/server/src/server.js:2430:7383)\n    at V3.invoke (/home/tiaguinni/.vscode/extensions/uqbar.wollok-lsp-ide-0.5.5/out/server/src/server.js:3:157330)\n    at o.fire (/home/tiaguinni/.vscode/extensions/uqbar.wollok-lsp-ide-0.5.5/out/server/src/server.js:3:158100)\n    at /home/tiaguinni/.vscode/extensions/uqbar.wollok-lsp-ide-0.5.5/out/server/src/server.js:37:57871\n    at nd (/home/tiaguinni/.vscode/extensions/uqbar.wollok-lsp-ide-0.5.5/out/server/src/server.js:8:1561)","timestamp":"2026-09-23T13:47:38.142Z"}
{"level":"error","message":"✘ Failed to rebuild document Failed to parse EXAMEN-Wollok/example.wlk: \n-- PARSING FAILED --------------------------------------------------\n\n  43 | const otitis800 = new EnfermedadInfecciosa (celulasAmenazadas =800)\n  44 | \n> 45 | class EnfermedadAutoinmune/*\n     |                           ^\n  46 |   CLASES!! nos simplifica para no repetir logica!\n  47 |     class Nombre{}\n\nExpected one of the following: \n\n'inherits', '{', whitespace\n","stack":"Error: Failed to parse EXAMEN-Wollok/example.wlk: \n-- PARSING FAILED --------------------------------------------------\n\n  43 | const otitis800 = new EnfermedadInfecciosa (celulasAmenazadas =800)\n  44 | \n> 45 | class EnfermedadAutoinmune/*\n     |                           ^\n  46 |   CLASES!! nos simplifica para no repetir logica!\n  47 |     class Nombre{}\n\nExpected one of the following: \n\n'inherits', '{', whitespace\n\n    at /home/tiaguinni/.vscode/extensions/uqbar.wollok-lsp-ide-0.5.5/out/server/src/server.js:2385:13026\n    at Array.map (<anonymous>)\n    at z1n (/home/tiaguinni/.vscode/extensions/uqbar.wollok-lsp-ide-0.5.5/out/server/src/server.js:2385:12950)\n    at H2.buildEnvironmentFrom (/home/tiaguinni/.vscode/extensions/uqbar.wollok-lsp-ide-0.5.5/out/server/src/server.js:2430:5254)\n    at H2.updateEnvironmentWith (/home/tiaguinni/.vscode/extensions/uqbar.wollok-lsp-ide-0.5.5/out/server/src/server.js:2430:4989)\n    at QF (/home/tiaguinni/.vscode/extensions/uqbar.wollok-lsp-ide-0.5.5/out/server/src/server.js:2430:7383)\n    at V3.invoke (/home/tiaguinni/.vscode/extensions/uqbar.wollok-lsp-ide-0.5.5/out/server/src/server.js:3:157330)\n    at o.fire (/home/tiaguinni/.vscode/extensions/uqbar.wollok-lsp-ide-0.5.5/out/server/src/server.js:3:158100)\n    at /home/tiaguinni/.vscode/extensions/uqbar.wollok-lsp-ide-0.5.5/out/server/src/server.js:37:57871\n    at nd (/home/tiaguinni/.vscode/extensions/uqbar.wollok-lsp-ide-0.5.5/out/server/src/server.js:8:1561)","timestamp":"2026-09-23T13:47:38.403Z"}
{"level":"error","message":"✘ Failed to rebuild document Failed to parse EXAMEN-Wollok/example.wlk: \n-- PARSING FAILED --------------------------------------------------\n\nGot the end of the input\n\nExpected one of the following: \n\n'@', 'const', 'method', 'override', 'var', '{', '}', any character/byte, comment, whitespace\n","stack":"Error: Failed to parse EXAMEN-Wollok/example.wlk: \n-- PARSING FAILED --------------------------------------------------\n\nGot the end of the input\n\nExpected one of the following: \n\n'@', 'const', 'method', 'override', 'var', '{', '}', any character/byte, comment, whitespace\n\n    at /home/tiaguinni/.vscode/extensions/uqbar.wollok-lsp-ide-0.5.5/out/server/src/server.js:2385:13026\n    at Array.map (<anonymous>)\n    at z1n (/home/tiaguinni/.vscode/extensions/uqbar.wollok-lsp-ide-0.5.5/out/server/src/server.js:2385:12950)\n    at H2.buildEnvironmentFrom (/home/tiaguinni/.vscode/extensions/uqbar.wollok-lsp-ide-0.5.5/out/server/src/server.js:2430:5254)\n    at H2.updateEnvironmentWith (/home/tiaguinni/.vscode/extensions/uqbar.wollok-lsp-ide-0.5.5/out/server/src/server.js:2430:4989)\n    at QF (/home/tiaguinni/.vscode/extensions/uqbar.wollok-lsp-ide-0.5.5/out/server/src/server.js:2430:7383)\n    at V3.invoke (/home/tiaguinni/.vscode/extensions/uqbar.wollok-lsp-ide-0.5.5/out/server/src/server.js:3:157330)\n    at o.fire (/home/tiaguinni/.vscode/extensions/uqbar.wollok-lsp-ide-0.5.5/out/server/src/server.js:3:158100)\n    at /home/tiaguinni/.vscode/extensions/uqbar.wollok-lsp-ide-0.5.5/out/server/src/server.js:37:57871\n    at nd (/home/tiaguinni/.vscode/extensions/uqbar.wollok-lsp-ide-0.5.5/out/server/src/server.js:8:1561)","timestamp":"2026-09-23T13:47:39.532Z"}
{"level":"error","message":"✘ Failed to rebuild document Failed to parse EXAMEN-Wollok/example.wlk: \n-- PARSING FAILED --------------------------------------------------\n\nGot the end of the input\n\nExpected one of the following: \n\n'@', 'const', 'method', 'override', 'var', '{', '}', any character/byte, comment, whitespace\n","stack":"Error: Failed to parse EXAMEN-Wollok/example.wlk: \n-- PARSING FAILED --------------------------------------------------\n\nGot the end of the input\n\nExpected one of the following: \n\n'@', 'const', 'method', 'override', 'var', '{', '}', any character/byte, comment, whitespace\n\n    at /home/tiaguinni/.vscode/extensions/uqbar.wollok-lsp-ide-0.5.5/out/server/src/server.js:2385:13026\n    at Array.map (<anonymous>)\n    at z1n (/home/tiaguinni/.vscode/extensions/uqbar.wollok-lsp-ide-0.5.5/out/server/src/server.js:2385:12950)\n    at H2.buildEnvironmentFrom (/home/tiaguinni/.vscode/extensions/uqbar.wollok-lsp-ide-0.5.5/out/server/src/server.js:2430:5254)\n    at H2.updateEnvironmentWith (/home/tiaguinni/.vscode/extensions/uqbar.wollok-lsp-ide-0.5.5/out/server/src/server.js:2430:4989)\n    at QF (/home/tiaguinni/.vscode/extensions/uqbar.wollok-lsp-ide-0.5.5/out/server/src/server.js:2430:7383)\n    at V3.invoke (/home/tiaguinni/.vscode/extensions/uqbar.wollok-lsp-ide-0.5.5/out/server/src/server.js:3:157330)\n    at o.fire (/home/tiaguinni/.vscode/extensions/uqbar.wollok-lsp-ide-0.5.5/out/server/src/server.js:3:158100)\n    at /home/tiaguinni/.vscode/extensions/uqbar.wollok-lsp-ide-0.5.5/out/server/src/server.js:37:57871\n    at nd (/home/tiaguinni/.vscode/extensions/uqbar.wollok-lsp-ide-0.5.5/out/server/src/server.js:8:1561)","timestamp":"2026-09-23T13:47:40.435Z"}
{"level":"error","message":"✘ Failed to rebuild document Failed to parse EXAMEN-Wollok/example.wlk: \n-- PARSING FAILED --------------------------------------------------\n\nGot the end of the input\n\nExpected one of the following: \n\n'@', 'const', 'method', 'override', 'var', '{', '}', any character/byte, comment, whitespace\n","stack":"Error: Failed to parse EXAMEN-Wollok/example.wlk: \n-- PARSING FAILED --------------------------------------------------\n\nGot the end of the input\n\nExpected one of the following: \n\n'@', 'const', 'method', 'override', 'var', '{', '}', any character/byte, comment, whitespace\n\n    at /home/tiaguinni/.vscode/extensions/uqbar.wollok-lsp-ide-0.5.5/out/server/src/server.js:2385:13026\n    at Array.map (<anonymous>)\n    at z1n (/home/tiaguinni/.vscode/extensions/uqbar.wollok-lsp-ide-0.5.5/out/server/src/server.js:2385:12950)\n    at H2.buildEnvironmentFrom (/home/tiaguinni/.vscode/extensions/uqbar.wollok-lsp-ide-0.5.5/out/server/src/server.js:2430:5254)\n    at H2.updateEnvironmentWith (/home/tiaguinni/.vscode/extensions/uqbar.wollok-lsp-ide-0.5.5/out/server/src/server.js:2430:4989)\n    at QF (/home/tiaguinni/.vscode/extensions/uqbar.wollok-lsp-ide-0.5.5/out/server/src/server.js:2430:7383)\n    at V3.invoke (/home/tiaguinni/.vscode/extensions/uqbar.wollok-lsp-ide-0.5.5/out/server/src/server.js:3:157330)\n    at o.fire (/home/tiaguinni/.vscode/extensions/uqbar.wollok-lsp-ide-0.5.5/out/server/src/server.js:3:158100)\n    at /home/tiaguinni/.vscode/extensions/uqbar.wollok-lsp-ide-0.5.5/out/server/src/server.js:37:57871\n    at nd (/home/tiaguinni/.vscode/extensions/uqbar.wollok-lsp-ide-0.5.5/out/server/src/server.js:8:1561)","timestamp":"2026-09-23T13:47:40.642Z"}
{"level":"error","message":"✘ Failed to rebuild document Failed to parse EXAMEN-Wollok/example.wlk: \n-- PARSING FAILED --------------------------------------------------\n\nGot the end of the input\n\nExpected one of the following: \n\n'@', 'const', 'method', 'override', 'var', '{', '}', any character/byte, comment, whitespace\n","stack":"Error: Failed to parse EXAMEN-Wollok/example.wlk: \n-- PARSING FAILED --------------------------------------------------\n\nGot the end of the input\n\nExpected one of the following: \n\n'@', 'const', 'method', 'override', 'var', '{', '}', any character/byte, comment, whitespace\n\n    at /home/tiaguinni/.vscode/extensions/uqbar.wollok-lsp-ide-0.5.5/out/server/src/server.js:2385:13026\n    at Array.map (<anonymous>)\n    at z1n (/home/tiaguinni/.vscode/extensions/uqbar.wollok-lsp-ide-0.5.5/out/server/src/server.js:2385:12950)\n    at H2.buildEnvironmentFrom (/home/tiaguinni/.vscode/extensions/uqbar.wollok-lsp-ide-0.5.5/out/server/src/server.js:2430:5254)\n    at H2.updateEnvironmentWith (/home/tiaguinni/.vscode/extensions/uqbar.wollok-lsp-ide-0.5.5/out/server/src/server.js:2430:4989)\n    at QF (/home/tiaguinni/.vscode/extensions/uqbar.wollok-lsp-ide-0.5.5/out/server/src/server.js:2430:7383)\n    at V3.invoke (/home/tiaguinni/.vscode/extensions/uqbar.wollok-lsp-ide-0.5.5/out/server/src/server.js:3:157330)\n    at o.fire (/home/tiaguinni/.vscode/extensions/uqbar.wollok-lsp-ide-0.5.5/out/server/src/server.js:3:158100)\n    at /home/tiaguinni/.vscode/extensions/uqbar.wollok-lsp-ide-0.5.5/out/server/src/server.js:37:57871\n    at nd (/home/tiaguinni/.vscode/extensions/uqbar.wollok-lsp-ide-0.5.5/out/server/src/server.js:8:1561)","timestamp":"2026-09-23T13:47:40.835Z"}
{"level":"error","message":"✘ Failed to rebuild document Failed to parse EXAMEN-Wollok/example.wlk: \n-- PARSING FAILED --------------------------------------------------\n\nGot the end of the input\n\nExpected one of the following: \n\n'@', 'const', 'method', 'override', 'var', '{', '}', any character/byte, comment, whitespace\n","stack":"Error: Failed to parse EXAMEN-Wollok/example.wlk: \n-- PARSING FAILED --------------------------------------------------\n\nGot the end of the input\n\nExpected one of the following: \n\n'@', 'const', 'method', 'override', 'var', '{', '}', any character/byte, comment, whitespace\n\n    at /home/tiaguinni/.vscode/extensions/uqbar.wollok-lsp-ide-0.5.5/out/server/src/server.js:2385:13026\n    at Array.map (<anonymous>)\n    at z1n (/home/tiaguinni/.vscode/extensions/uqbar.wollok-lsp-ide-0.5.5/out/server/src/server.js:2385:12950)\n    at H2.buildEnvironmentFrom (/home/tiaguinni/.vscode/extensions/uqbar.wollok-lsp-ide-0.5.5/out/server/src/server.js:2430:5254)\n    at H2.updateEnvironmentWith (/home/tiaguinni/.vscode/extensions/uqbar.wollok-lsp-ide-0.5.5/out/server/src/server.js:2430:4989)\n    at QF (/home/tiaguinni/.vscode/extensions/uqbar.wollok-lsp-ide-0.5.5/out/server/src/server.js:2430:7383)\n    at V3.invoke (/home/tiaguinni/.vscode/extensions/uqbar.wollok-lsp-ide-0.5.5/out/server/src/server.js:3:157330)\n    at o.fire (/home/tiaguinni/.vscode/extensions/uqbar.wollok-lsp-ide-0.5.5/out/server/src/server.js:3:158100)\n    at /home/tiaguinni/.vscode/extensions/uqbar.wollok-lsp-ide-0.5.5/out/server/src/server.js:37:57871\n    at nd (/home/tiaguinni/.vscode/extensions/uqbar.wollok-lsp-ide-0.5.5/out/server/src/server.js:8:1561)","timestamp":"2026-09-23T13:47:41.003Z"}
{"level":"error","message":"✘ Failed to rebuild document Failed to parse EXAMEN-Wollok/example.wlk: \n-- PARSING FAILED --------------------------------------------------\n\nGot the end of the input\n\nExpected one of the following: \n\n'@', 'const', 'method', 'override', 'var', '{', '}', any character/byte, comment, whitespace\n","stack":"Error: Failed to parse EXAMEN-Wollok/example.wlk: \n-- PARSING FAILED --------------------------------------------------\n\nGot the end of the input\n\nExpected one of the following: \n\n'@', 'const', 'method', 'override', 'var', '{', '}', any character/byte, comment, whitespace\n\n    at /home/tiaguinni/.vscode/extensions/uqbar.wollok-lsp-ide-0.5.5/out/server/src/server.js:2385:13026\n    at Array.map (<anonymous>)\n    at z1n (/home/tiaguinni/.vscode/extensions/uqbar.wollok-lsp-ide-0.5.5/out/server/src/server.js:2385:12950)\n    at H2.buildEnvironmentFrom (/home/tiaguinni/.vscode/extensions/uqbar.wollok-lsp-ide-0.5.5/out/server/src/server.js:2430:5254)\n    at H2.updateEnvironmentWith (/home/tiaguinni/.vscode/extensions/uqbar.wollok-lsp-ide-0.5.5/out/server/src/server.js:2430:4989)\n    at QF (/home/tiaguinni/.vscode/extensions/uqbar.wollok-lsp-ide-0.5.5/out/server/src/server.js:2430:7383)\n    at V3.invoke (/home/tiaguinni/.vscode/extensions/uqbar.wollok-lsp-ide-0.5.5/out/server/src/server.js:3:157330)\n    at o.fire (/home/tiaguinni/.vscode/extensions/uqbar.wollok-lsp-ide-0.5.5/out/server/src/server.js:3:158100)\n    at /home/tiaguinni/.vscode/extensions/uqbar.wollok-lsp-ide-0.5.5/out/server/src/server.js:37:57871\n    at nd (/home/tiaguinni/.vscode/extensions/uqbar.wollok-lsp-ide-0.5.5/out/server/src/server.js:8:1561)","timestamp":"2026-09-23T13:47:41.199Z"}
{"level":"info","message":"⌛ Building environment","timeElapsed":146,"timestamp":"2026-09-23T13:47:44.465Z"}
{"level":"info","message":"⌛ Validating EXAMEN-Wollok/example.wlk","timeElapsed":146,"timestamp":"2026-09-23T13:47:44.615Z"}
{"level":"info","message":"⌛ Building environment","timeElapsed":144,"timestamp":"2026-09-23T13:47:45.750Z"}
{"level":"info","message":"⌛ Validating EXAMEN-Wollok/example.wlk","timeElapsed":160,"timestamp":"2026-09-23T13:47:45.913Z"}
{"level":"info","message":"⌛ Building environment","timeElapsed":110,"timestamp":"2026-09-23T13:47:46.029Z"}
{"level":"info","message":"⌛ Validating EXAMEN-Wollok/example.wlk","timeElapsed":158,"timestamp":"2026-09-23T13:47:46.190Z"}
{"level":"info","message":"⌛ Validating EXAMEN-Wollok/example.wlk","timeElapsed":151,"timestamp":"2026-09-23T13:47:46.445Z"}
{"level":"info","message":"⌛ Building environment","timeElapsed":101,"timestamp":"2026-09-23T13:47:46.781Z"}
{"level":"info","message":"⌛ Validating EXAMEN-Wollok/example.wlk","timeElapsed":151,"timestamp":"2026-09-23T13:47:46.946Z"}
{"level":"info","message":"⌛ Building environment","timeElapsed":120,"timestamp":"2026-09-23T13:47:47.067Z"}
{"level":"info","message":"⌛ Validating EXAMEN-Wollok/example.wlk","timeElapsed":212,"timestamp":"2026-09-23T13:47:47.286Z"}
{"level":"info","message":"⌛ Building environment","timeElapsed":145,"timestamp":"2026-09-23T13:47:47.432Z"}
{"level":"info","message":"⌛ Validating EXAMEN-Wollok/example.wlk","timeElapsed":135,"timestamp":"2026-09-23T13:47:47.583Z"}
{"level":"info","message":"⌛ Validating EXAMEN-Wollok/example.wlk","timeElapsed":138,"timestamp":"2026-09-23T13:47:48.874Z"}
{"level":"info","message":"⌛ Building environment","timeElapsed":122,"timestamp":"2026-09-23T13:47:52.682Z"}
{"level":"info","message":"⌛ Validating EXAMEN-Wollok/example.wlk","timeElapsed":137,"timestamp":"2026-09-23T13:47:52.824Z"}
{"level":"info","message":"⌛ Validating EXAMEN-Wollok/example.wlk","timeElapsed":142,"timestamp":"2026-09-23T13:47:53.174Z"}
{"level":"info","message":"⌛ Building environment","timeElapsed":139,"timestamp":"2026-09-23T13:47:55.030Z"}
{"level":"info","message":"⌛ Validating EXAMEN-Wollok/example.wlk","timeElapsed":137,"timestamp":"2026-09-23T13:47:55.175Z"}
{"level":"info","message":"⌛ Building environment","timeElapsed":130,"timestamp":"2026-09-23T13:47:56.694Z"}
{"level":"info","message":"⌛ Validating EXAMEN-Wollok/example.wlk","timeElapsed":158,"timestamp":"2026-09-23T13:47:56.855Z"}
{"level":"info","message":"⌛ Building environment","timeElapsed":139,"timestamp":"2026-09-23T13:47:57.381Z"}
{"level":"info","message":"⌛ Validating EXAMEN-Wollok/example.wlk","timeElapsed":174,"timestamp":"2026-09-23T13:47:57.559Z"}
{"level":"info","message":"⌛ Validating EXAMEN-Wollok/example.wlk","timeElapsed":187,"timestamp":"2026-09-23T13:47:57.846Z"}
{"level":"info","message":"⌛ Building environment","timeElapsed":114,"timestamp":"2026-09-23T13:47:57.963Z"}
{"level":"error","message":"✘ Failed to rebuild document Failed to parse EXAMEN-Wollok/example.wlk: \n-- PARSING FAILED --------------------------------------------------\n\n  49 | \n  50 | const  \n> 51 |   /*\n     |   ^\n  52 |   CLASES!! nos simplifica para no repetir logica!\n  53 |     class Nombre{}\n\nExpected one of the following: \n\nidentifier, whitespace\n","stack":"Error: Failed to parse EXAMEN-Wollok/example.wlk: \n-- PARSING FAILED --------------------------------------------------\n\n  49 | \n  50 | const  \n> 51 |   /*\n     |   ^\n  52 |   CLASES!! nos simplifica para no repetir logica!\n  53 |     class Nombre{}\n\nExpected one of the following: \n\nidentifier, whitespace\n\n    at /home/tiaguinni/.vscode/extensions/uqbar.wollok-lsp-ide-0.5.5/out/server/src/server.js:2385:13026\n    at Array.map (<anonymous>)\n    at z1n (/home/tiaguinni/.vscode/extensions/uqbar.wollok-lsp-ide-0.5.5/out/server/src/server.js:2385:12950)\n    at H2.buildEnvironmentFrom (/home/tiaguinni/.vscode/extensions/uqbar.wollok-lsp-ide-0.5.5/out/server/src/server.js:2430:5254)\n    at H2.updateEnvironmentWith (/home/tiaguinni/.vscode/extensions/uqbar.wollok-lsp-ide-0.5.5/out/server/src/server.js:2430:4989)\n    at QF (/home/tiaguinni/.vscode/extensions/uqbar.wollok-lsp-ide-0.5.5/out/server/src/server.js:2430:7383)\n    at V3.invoke (/home/tiaguinni/.vscode/extensions/uqbar.wollok-lsp-ide-0.5.5/out/server/src/server.js:3:157330)\n    at o.fire (/home/tiaguinni/.vscode/extensions/uqbar.wollok-lsp-ide-0.5.5/out/server/src/server.js:3:158100)\n    at /home/tiaguinni/.vscode/extensions/uqbar.wollok-lsp-ide-0.5.5/out/server/src/server.js:37:57871\n    at nd (/home/tiaguinni/.vscode/extensions/uqbar.wollok-lsp-ide-0.5.5/out/server/src/server.js:8:1561)","timestamp":"2026-09-23T13:47:58.086Z"}
{"level":"info","message":"⌛ Validating EXAMEN-Wollok/example.wlk","timeElapsed":172,"timestamp":"2026-09-23T13:47:58.259Z"}
{"level":"info","message":"⌛ Validating EXAMEN-Wollok/example.wlk","timeElapsed":168,"timestamp":"2026-09-23T13:47:58.429Z"}
{"level":"error","message":"✘ Failed to rebuild document Failed to parse EXAMEN-Wollok/example.wlk: \n-- PARSING FAILED --------------------------------------------------\n\n  49 | \n  50 | const   \n> 51 |   /*\n     |   ^\n  52 |   CLASES!! nos simplifica para no repetir logica!\n  53 |     class Nombre{}\n\nExpected one of the following: \n\nidentifier, whitespace\n","stack":"Error: Failed to parse EXAMEN-Wollok/example.wlk: \n-- PARSING FAILED --------------------------------------------------\n\n  49 | \n  50 | const   \n> 51 |   /*\n     |   ^\n  52 |   CLASES!! nos simplifica para no repetir logica!\n  53 |     class Nombre{}\n\nExpected one of the following: \n\nidentifier, whitespace\n\n    at /home/tiaguinni/.vscode/extensions/uqbar.wollok-lsp-ide-0.5.5/out/server/src/server.js:2385:13026\n    at Array.map (<anonymous>)\n    at z1n (/home/tiaguinni/.vscode/extensions/uqbar.wollok-lsp-ide-0.5.5/out/server/src/server.js:2385:12950)\n    at H2.buildEnvironmentFrom (/home/tiaguinni/.vscode/extensions/uqbar.wollok-lsp-ide-0.5.5/out/server/src/server.js:2430:5254)\n    at H2.updateEnvironmentWith (/home/tiaguinni/.vscode/extensions/uqbar.wollok-lsp-ide-0.5.5/out/server/src/server.js:2430:4989)\n    at QF (/home/tiaguinni/.vscode/extensions/uqbar.wollok-lsp-ide-0.5.5/out/server/src/server.js:2430:7383)\n    at V3.invoke (/home/tiaguinni/.vscode/extensions/uqbar.wollok-lsp-ide-0.5.5/out/server/src/server.js:3:157330)\n    at o.fire (/home/tiaguinni/.vscode/extensions/uqbar.wollok-lsp-ide-0.5.5/out/server/src/server.js:3:158100)\n    at /home/tiaguinni/.vscode/extensions/uqbar.wollok-lsp-ide-0.5.5/out/server/src/server.js:37:57871\n    at nd (/home/tiaguinni/.vscode/extensions/uqbar.wollok-lsp-ide-0.5.5/out/server/src/server.js:8:1561)","timestamp":"2026-09-23T13:47:58.443Z"}
{"level":"info","message":"⌛ Building environment","timeElapsed":128,"timestamp":"2026-09-23T13:47:59.889Z"}
{"level":"info","message":"⌛ Validating EXAMEN-Wollok/example.wlk","timeElapsed":149,"timestamp":"2026-09-23T13:48:00.051Z"}
{"level":"info","message":"⌛ Building environment","timeElapsed":103,"timestamp":"2026-09-23T13:48:00.614Z"}
{"level":"info","message":"⌛ Validating EXAMEN-Wollok/example.wlk","timeElapsed":131,"timestamp":"2026-09-23T13:48:00.752Z"}
{"level":"info","message":"⌛ Building environment","timeElapsed":128,"timestamp":"2026-09-23T13:48:00.916Z"}
{"level":"info","message":"⌛ Validating EXAMEN-Wollok/example.wlk","timeElapsed":147,"timestamp":"2026-09-23T13:48:01.069Z"}
{"level":"info","message":"⌛ Validating EXAMEN-Wollok/example.wlk","timeElapsed":199,"timestamp":"2026-09-23T13:48:01.473Z"}
{"level":"info","message":"⌛ Validating EXAMEN-Wollok/example.wlk","timeElapsed":138,"timestamp":"2026-09-23T13:48:01.612Z"}
{"level":"error","message":"✘ Completions for node Variable ([50:1, 50:12] - EXAMEN-Wollok/example.wlk) failed: Error: EXAMEN-Wollok.example.lupus [Variable]{4d546e} at EXAMEN-Wollok/example.wlk:50 exhausted all cases without a match EXAMEN-Wollok.example.lupus [Variable]{4d546e} at EXAMEN-Wollok/example.wlk:50 exhausted all cases without a match","stack":"Error: EXAMEN-Wollok.example.lupus [Variable]{4d546e} at EXAMEN-Wollok/example.wlk:50 exhausted all cases without a match\n    at /home/tiaguinni/.vscode/extensions/uqbar.wollok-lsp-ide-0.5.5/out/server/src/server.js:38:6142\n    at L2 (/home/tiaguinni/.vscode/extensions/uqbar.wollok-lsp-ide-0.5.5/out/server/src/server.js:2421:42)\n    at /home/tiaguinni/.vscode/extensions/uqbar.wollok-lsp-ide-0.5.5/out/server/src/server.js:2421:2988\n    at /home/tiaguinni/.vscode/extensions/uqbar.wollok-lsp-ide-0.5.5/out/server/src/server.js:2430:8440\n    at /home/tiaguinni/.vscode/extensions/uqbar.wollok-lsp-ide-0.5.5/out/server/src/server.js:37:74872\n    at Ke (/home/tiaguinni/.vscode/extensions/uqbar.wollok-lsp-ide-0.5.5/out/server/src/server.js:7:8527)\n    at It (/home/tiaguinni/.vscode/extensions/uqbar.wollok-lsp-ide-0.5.5/out/server/src/server.js:7:6189)\n    at et (/home/tiaguinni/.vscode/extensions/uqbar.wollok-lsp-ide-0.5.5/out/server/src/server.js:7:6378)\n    at Immediate._onImmediate (/home/tiaguinni/.vscode/extensions/uqbar.wollok-lsp-ide-0.5.5/out/server/src/server.js:7:6142)\n    at process.processImmediate (node:internal/timers:504:21)","timestamp":"2026-09-23T13:48:01.914Z"}
{"level":"info","message":"⌛ Building environment","timeElapsed":113,"timestamp":"2026-09-23T13:48:02.258Z"}
{"level":"info","message":"⌛ Validating EXAMEN-Wollok/example.wlk","timeElapsed":147,"timestamp":"2026-09-23T13:48:02.413Z"}
{"level":"info","message":"⌛ Building environment","timeElapsed":107,"timestamp":"2026-09-23T13:48:02.531Z"}
{"level":"info","message":"⌛ Validating EXAMEN-Wollok/example.wlk","timeElapsed":159,"timestamp":"2026-09-23T13:48:02.701Z"}
{"level":"info","message":"⌛ Building environment","timeElapsed":132,"timestamp":"2026-09-23T13:48:02.833Z"}
{"level":"info","message":"⌛ Building environment","timeElapsed":106,"timestamp":"2026-09-23T13:48:02.953Z"}
{"level":"info","message":"⌛ Validating EXAMEN-Wollok/example.wlk","timeElapsed":148,"timestamp":"2026-09-23T13:48:03.113Z"}
{"level":"info","message":"⌛ Validating EXAMEN-Wollok/example.wlk","timeElapsed":130,"timestamp":"2026-09-23T13:48:03.348Z"}
{"level":"info","message":"⌛ Validating EXAMEN-Wollok/example.wlk","timeElapsed":134,"timestamp":"2026-09-23T13:48:03.489Z"}
{"level":"error","message":"✘ Completions for node Variable ([50:1, 50:17] - EXAMEN-Wollok/example.wlk) failed: Error: EXAMEN-Wollok.example.lupus10000 [Variable]{e6cc7a} at EXAMEN-Wollok/example.wlk:50 exhausted all cases without a match EXAMEN-Wollok.example.lupus10000 [Variable]{e6cc7a} at EXAMEN-Wollok/example.wlk:50 exhausted all cases without a match","stack":"Error: EXAMEN-Wollok.example.lupus10000 [Variable]{e6cc7a} at EXAMEN-Wollok/example.wlk:50 exhausted all cases without a match\n    at /home/tiaguinni/.vscode/extensions/uqbar.wollok-lsp-ide-0.5.5/out/server/src/server.js:38:6142\n    at L2 (/home/tiaguinni/.vscode/extensions/uqbar.wollok-lsp-ide-0.5.5/out/server/src/server.js:2421:42)\n    at /home/tiaguinni/.vscode/extensions/uqbar.wollok-lsp-ide-0.5.5/out/server/src/server.js:2421:2988\n    at /home/tiaguinni/.vscode/extensions/uqbar.wollok-lsp-ide-0.5.5/out/server/src/server.js:2430:8440\n    at /home/tiaguinni/.vscode/extensions/uqbar.wollok-lsp-ide-0.5.5/out/server/src/server.js:37:74872\n    at Ke (/home/tiaguinni/.vscode/extensions/uqbar.wollok-lsp-ide-0.5.5/out/server/src/server.js:7:8527)\n    at It (/home/tiaguinni/.vscode/extensions/uqbar.wollok-lsp-ide-0.5.5/out/server/src/server.js:7:6189)\n    at et (/home/tiaguinni/.vscode/extensions/uqbar.wollok-lsp-ide-0.5.5/out/server/src/server.js:7:6378)\n    at Immediate._onImmediate (/home/tiaguinni/.vscode/extensions/uqbar.wollok-lsp-ide-0.5.5/out/server/src/server.js:7:6142)\n    at process.processImmediate (node:internal/timers:504:21)","timestamp":"2026-09-23T13:48:03.703Z"}
{"level":"info","message":"⌛ Building environment","timeElapsed":124,"timestamp":"2026-09-23T13:48:03.961Z"}
{"level":"info","message":"⌛ Validating EXAMEN-Wollok/example.wlk","timeElapsed":143,"timestamp":"2026-09-23T13:48:04.107Z"}
{"level":"info","message":"⌛ Building environment","timeElapsed":120,"timestamp":"2026-09-23T13:48:04.378Z"}
{"level":"info","message":"⌛ Validating EXAMEN-Wollok/example.wlk","timeElapsed":142,"timestamp":"2026-09-23T13:48:04.535Z"}
{"level":"info","message":"⌛ Validating EXAMEN-Wollok/example.wlk","timeElapsed":180,"timestamp":"2026-09-23T13:48:04.816Z"}
{"level":"info","message":"⌛ Building environment","timeElapsed":118,"timestamp":"2026-09-23T13:48:04.997Z"}
{"level":"info","message":"⌛ Building environment","timeElapsed":107,"timestamp":"2026-09-23T13:48:05.105Z"}
{"level":"info","message":"⌛ Validating EXAMEN-Wollok/example.wlk","timeElapsed":163,"timestamp":"2026-09-23T13:48:05.278Z"}
{"level":"info","message":"⌛ Validating EXAMEN-Wollok/example.wlk","timeElapsed":172,"timestamp":"2026-09-23T13:48:05.455Z"}
{"level":"info","message":"⌛ Validating EXAMEN-Wollok/example.wlk","timeElapsed":162,"timestamp":"2026-09-23T13:48:05.712Z"}
{"level":"info","message":"⌛ Validating EXAMEN-Wollok/example.wlk","timeElapsed":140,"timestamp":"2026-09-23T13:48:05.946Z"}
{"level":"info","message":"⌛ Validating EXAMEN-Wollok/example.wlk","timeElapsed":142,"timestamp":"2026-09-23T13:48:06.440Z"}
{"level":"info","message":"⌛ Building environment","timeElapsed":129,"timestamp":"2026-09-23T13:48:06.676Z"}
{"level":"info","message":"⌛ Validating EXAMEN-Wollok/example.wlk","timeElapsed":163,"timestamp":"2026-09-23T13:48:06.842Z"}
{"level":"info","message":"⌛ Building environment","timeElapsed":104,"timestamp":"2026-09-23T13:48:06.952Z"}
{"level":"info","message":"⌛ Building environment","timeElapsed":112,"timestamp":"2026-09-23T13:48:07.065Z"}
{"level":"info","message":"⌛ Validating EXAMEN-Wollok/example.wlk","timeElapsed":165,"timestamp":"2026-09-23T13:48:07.231Z"}
{"level":"info","message":"⌛ Validating EXAMEN-Wollok/example.wlk","timeElapsed":136,"timestamp":"2026-09-23T13:48:07.368Z"}
{"level":"info","message":"⌛ Building environment","timeElapsed":110,"timestamp":"2026-09-23T13:48:07.484Z"}
{"level":"info","message":"⌛ Building environment","timeElapsed":110,"timestamp":"2026-09-23T13:48:07.595Z"}
{"level":"info","message":"⌛ Validating EXAMEN-Wollok/example.wlk","timeElapsed":209,"timestamp":"2026-09-23T13:48:07.810Z"}
{"level":"info","message":"⌛ Building environment","timeElapsed":132,"timestamp":"2026-09-23T13:48:07.942Z"}
{"level":"info","message":"⌛ Validating EXAMEN-Wollok/example.wlk","timeElapsed":157,"timestamp":"2026-09-23T13:48:08.100Z"}
{"level":"info","message":"⌛ Building environment","timeElapsed":113,"timestamp":"2026-09-23T13:48:08.319Z"}
{"level":"info","message":"⌛ Validating EXAMEN-Wollok/example.wlk","timeElapsed":158,"timestamp":"2026-09-23T13:48:08.477Z"}
{"level":"info","message":"⌛ Building environment","timeElapsed":110,"timestamp":"2026-09-23T13:48:08.593Z"}
{"level":"info","message":"⌛ Validating EXAMEN-Wollok/example.wlk","timeElapsed":138,"timestamp":"2026-09-23T13:48:08.731Z"}
{"level":"info","message":"⌛ Validating EXAMEN-Wollok/example.wlk","timeElapsed":152,"timestamp":"2026-09-23T13:48:08.991Z"}
{"level":"info","message":"⌛ Building environment","timeElapsed":116,"timestamp":"2026-09-23T13:48:09.108Z"}
{"level":"info","message":"⌛ Validating EXAMEN-Wollok/example.wlk","timeElapsed":162,"timestamp":"2026-09-23T13:48:09.291Z"}
{"level":"info","message":"⌛ Building environment","timeElapsed":160,"timestamp":"2026-09-23T13:48:09.459Z"}
{"level":"info","message":"⌛ Validating EXAMEN-Wollok/example.wlk","timeElapsed":200,"timestamp":"2026-09-23T13:48:09.680Z"}
{"level":"info","message":"⌛ Validating EXAMEN-Wollok/example.wlk","timeElapsed":139,"timestamp":"2026-09-23T13:48:09.917Z"}
{"level":"info","message":"⌛ Building environment","timeElapsed":229,"timestamp":"2026-09-23T13:48:10.147Z"}
{"level":"info","message":"⌛ Building environment","timeElapsed":133,"timestamp":"2026-09-23T13:48:10.288Z"}
{"level":"info","message":"⌛ Validating EXAMEN-Wollok/example.wlk","timeElapsed":181,"timestamp":"2026-09-23T13:48:10.469Z"}
{"level":"info","message":"⌛ Validating EXAMEN-Wollok/example.wlk","timeElapsed":158,"timestamp":"2026-09-23T13:48:10.637Z"}
{"level":"info","message":"⌛ Building environment","timeElapsed":104,"timestamp":"2026-09-23T13:48:10.742Z"}
{"level":"info","message":"⌛ Validating EXAMEN-Wollok/example.wlk","timeElapsed":184,"timestamp":"2026-09-23T13:48:10.925Z"}
{"level":"info","message":"⌛ Validating EXAMEN-Wollok/example.wlk","timeElapsed":153,"timestamp":"2026-09-23T13:48:11.176Z"}
{"level":"info","message":"⌛ Validating EXAMEN-Wollok/example.wlk","timeElapsed":154,"timestamp":"2026-09-23T13:48:11.522Z"}
{"level":"info","message":"⌛ Building environment","timeElapsed":129,"timestamp":"2026-09-23T13:48:11.653Z"}
{"level":"info","message":"⌛ Building environment","timeElapsed":177,"timestamp":"2026-09-23T13:48:11.831Z"}
{"level":"info","message":"⌛ Validating EXAMEN-Wollok/example.wlk","timeElapsed":259,"timestamp":"2026-09-23T13:48:12.100Z"}
{"level":"info","message":"⌛ Validating EXAMEN-Wollok/example.wlk","timeElapsed":142,"timestamp":"2026-09-23T13:48:12.242Z"}
{"level":"info","message":"⌛ Validating EXAMEN-Wollok/example.wlk","timeElapsed":137,"timestamp":"2026-09-23T13:48:12.380Z"}
{"level":"info","message":"⌛ Validating EXAMEN-Wollok/example.wlk","timeElapsed":144,"timestamp":"2026-09-23T13:48:12.627Z"}
{"level":"info","message":"⌛ Validating EXAMEN-Wollok/example.wlk","timeElapsed":154,"timestamp":"2026-09-23T13:48:12.788Z"}
{"level":"info","message":"⌛ Building environment","timeElapsed":165,"timestamp":"2026-09-23T13:48:12.952Z"}
{"level":"info","message":"⌛ Validating EXAMEN-Wollok/example.wlk","timeElapsed":167,"timestamp":"2026-09-23T13:48:13.125Z"}
{"level":"info","message":"⌛ Validating EXAMEN-Wollok/example.wlk","timeElapsed":154,"timestamp":"2026-09-23T13:48:13.380Z"}
{"level":"info","message":"⌛ Building environment","timeElapsed":103,"timestamp":"2026-09-23T13:48:13.483Z"}
{"level":"info","message":"⌛ Validating EXAMEN-Wollok/example.wlk","timeElapsed":138,"timestamp":"2026-09-23T13:48:13.628Z"}
{"level":"info","message":"⌛ Building environment","timeElapsed":104,"timestamp":"2026-09-23T13:48:13.733Z"}
{"level":"info","message":"⌛ Validating EXAMEN-Wollok/example.wlk","timeElapsed":140,"timestamp":"2026-09-23T13:48:13.890Z"}
{"level":"info","message":"⌛ Validating EXAMEN-Wollok/example.wlk","timeElapsed":171,"timestamp":"2026-09-23T13:48:14.168Z"}
{"level":"info","message":"⌛ Validating EXAMEN-Wollok/example.wlk","timeElapsed":140,"timestamp":"2026-09-23T13:48:14.421Z"}
{"level":"info","message":"⌛ Building environment","timeElapsed":165,"timestamp":"2026-09-23T13:48:14.647Z"}
{"level":"info","message":"⌛ Validating EXAMEN-Wollok/example.wlk","timeElapsed":195,"timestamp":"2026-09-23T13:48:14.946Z"}
{"level":"info","message":"⌛ Building environment","timeElapsed":103,"timestamp":"2026-09-23T13:48:15.055Z"}
{"level":"info","message":"⌛ Validating EXAMEN-Wollok/example.wlk","timeElapsed":165,"timestamp":"2026-09-23T13:48:15.226Z"}
{"level":"info","message":"⌛ Validating EXAMEN-Wollok/example.wlk","timeElapsed":154,"timestamp":"2026-09-23T13:48:15.382Z"}
{"level":"info","message":"⌛ Building environment","timeElapsed":107,"timestamp":"2026-09-23T13:48:15.489Z"}
{"level":"info","message":"⌛ Validating EXAMEN-Wollok/example.wlk","timeElapsed":139,"timestamp":"2026-09-23T13:48:15.740Z"}
{"level":"info","message":"⌛ Building environment","timeElapsed":111,"timestamp":"2026-09-23T13:48:15.852Z"}
{"level":"info","message":"⌛ Validating EXAMEN-Wollok/example.wlk","timeElapsed":157,"timestamp":"2026-09-23T13:48:16.029Z"}
{"level":"info","message":"⌛ Building environment","timeElapsed":115,"timestamp":"2026-09-23T13:48:16.145Z"}
{"level":"info","message":"⌛ Validating EXAMEN-Wollok/example.wlk","timeElapsed":152,"timestamp":"2026-09-23T13:48:16.303Z"}
{"level":"info","message":"⌛ Validating EXAMEN-Wollok/example.wlk","timeElapsed":138,"timestamp":"2026-09-23T13:48:16.448Z"}
{"level":"info","message":"⌛ Building environment","timeElapsed":101,"timestamp":"2026-09-23T13:48:16.550Z"}
{"level":"info","message":"⌛ Building environment","timeElapsed":127,"timestamp":"2026-09-23T13:48:16.690Z"}
{"level":"info","message":"⌛ Validating EXAMEN-Wollok/example.wlk","timeElapsed":158,"timestamp":"2026-09-23T13:48:16.865Z"}
{"level":"info","message":"⌛ Building environment","timeElapsed":158,"timestamp":"2026-09-23T13:48:17.038Z"}
{"level":"info","message":"⌛ Validating EXAMEN-Wollok/example.wlk","timeElapsed":165,"timestamp":"2026-09-23T13:48:17.212Z"}
{"level":"info","message":"⌛ Building environment","timeElapsed":136,"timestamp":"2026-09-23T13:48:17.349Z"}
{"level":"info","message":"⌛ Validating EXAMEN-Wollok/example.wlk","timeElapsed":144,"timestamp":"2026-09-23T13:48:17.493Z"}
{"level":"info","message":"⌛ Validating EXAMEN-Wollok/example.wlk","timeElapsed":153,"timestamp":"2026-09-23T13:48:17.654Z"}
{"level":"info","message":"⌛ Building environment","timeElapsed":124,"timestamp":"2026-09-23T13:48:17.882Z"}
{"level":"info","message":"⌛ Building environment","timeElapsed":110,"timestamp":"2026-09-23T13:48:17.993Z"}
{"level":"info","message":"⌛ Validating EXAMEN-Wollok/example.wlk","timeElapsed":141,"timestamp":"2026-09-23T13:48:18.145Z"}
{"level":"info","message":"⌛ Building environment","timeElapsed":102,"timestamp":"2026-09-23T13:48:18.256Z"}
{"level":"info","message":"⌛ Validating EXAMEN-Wollok/example.wlk","timeElapsed":132,"timestamp":"2026-09-23T13:48:18.396Z"}
{"level":"info","message":"⌛ Validating EXAMEN-Wollok/example.wlk","timeElapsed":136,"timestamp":"2026-09-23T13:48:18.623Z"}
{"level":"info","message":"⌛ Validating EXAMEN-Wollok/example.wlk","timeElapsed":147,"timestamp":"2026-09-23T13:48:18.873Z"}
{"level":"info","message":"⌛ Validating EXAMEN-Wollok/example.wlk","timeElapsed":155,"timestamp":"2026-09-23T13:48:19.029Z"}
{"level":"info","message":"⌛ Validating EXAMEN-Wollok/example.wlk","timeElapsed":158,"timestamp":"2026-09-23T13:48:19.188Z"}
{"level":"info","message":"⌛ Validating EXAMEN-Wollok/example.wlk","timeElapsed":144,"timestamp":"2026-09-23T13:48:19.333Z"}
{"level":"info","message":"⌛ Building environment","timeElapsed":214,"timestamp":"2026-09-23T13:48:19.548Z"}
{"level":"info","message":"⌛ Building environment","timeElapsed":110,"timestamp":"2026-09-23T13:48:19.659Z"}
{"level":"info","message":"⌛ Validating EXAMEN-Wollok/example.wlk","timeElapsed":162,"timestamp":"2026-09-23T13:48:20.027Z"}
{"level":"info","message":"⌛ Validating EXAMEN-Wollok/example.wlk","timeElapsed":146,"timestamp":"2026-09-23T13:48:20.182Z"}
{"level":"info","message":"⌛ Validating EXAMEN-Wollok/example.wlk","timeElapsed":140,"timestamp":"2026-09-23T13:48:20.323Z"}
{"level":"info","message":"⌛ Validating EXAMEN-Wollok/example.wlk","timeElapsed":148,"timestamp":"2026-09-23T13:48:20.472Z"}
{"level":"info","message":"⌛ Building environment","timeElapsed":112,"timestamp":"2026-09-23T13:48:20.585Z"}
{"level":"info","message":"⌛ Validating EXAMEN-Wollok/example.wlk","timeElapsed":141,"timestamp":"2026-09-23T13:48:20.733Z"}
{"level":"info","message":"⌛ Building environment","timeElapsed":204,"timestamp":"2026-09-23T13:50:32.869Z"}
{"level":"info","message":"⌛ Building environment","timeElapsed":133,"timestamp":"2026-09-23T13:50:33.003Z"}
{"level":"info","message":"⌛ Validating EXAMEN-Wollok/example.wlk","timeElapsed":238,"timestamp":"2026-09-23T13:50:33.245Z"}
{"level":"error","message":"✘ Failed to rebuild document Failed to parse EXAMEN-Wollok/example.wlk: \n-- PARSING FAILED --------------------------------------------------\n\n  46 | class EnfermedadAutoinmune{ \n  47 |   var\n> 48 | }\n     | ^\n  49 | \n  50 | const lupus10000 = new EnfermedadAutoinmune (celulasAmenazadas = 10000)  \n\nExpected one of the following: \n\n'property', identifier, whitespace\n","stack":"Error: Failed to parse EXAMEN-Wollok/example.wlk: \n-- PARSING FAILED --------------------------------------------------\n\n  46 | class EnfermedadAutoinmune{ \n  47 |   var\n> 48 | }\n     | ^\n  49 | \n  50 | const lupus10000 = new EnfermedadAutoinmune (celulasAmenazadas = 10000)  \n\nExpected one of the following: \n\n'property', identifier, whitespace\n\n    at /home/tiaguinni/.vscode/extensions/uqbar.wollok-lsp-ide-0.5.5/out/server/src/server.js:2385:13026\n    at Array.map (<anonymous>)\n    at z1n (/home/tiaguinni/.vscode/extensions/uqbar.wollok-lsp-ide-0.5.5/out/server/src/server.js:2385:12950)\n    at H2.buildEnvironmentFrom (/home/tiaguinni/.vscode/extensions/uqbar.wollok-lsp-ide-0.5.5/out/server/src/server.js:2430:5254)\n    at H2.updateEnvironmentWith (/home/tiaguinni/.vscode/extensions/uqbar.wollok-lsp-ide-0.5.5/out/server/src/server.js:2430:4989)\n    at QF (/home/tiaguinni/.vscode/extensions/uqbar.wollok-lsp-ide-0.5.5/out/server/src/server.js:2430:7383)\n    at V3.invoke (/home/tiaguinni/.vscode/extensions/uqbar.wollok-lsp-ide-0.5.5/out/server/src/server.js:3:157330)\n    at o.fire (/home/tiaguinni/.vscode/extensions/uqbar.wollok-lsp-ide-0.5.5/out/server/src/server.js:3:158100)\n    at /home/tiaguinni/.vscode/extensions/uqbar.wollok-lsp-ide-0.5.5/out/server/src/server.js:37:57871\n    at nd (/home/tiaguinni/.vscode/extensions/uqbar.wollok-lsp-ide-0.5.5/out/server/src/server.js:8:1561)","timestamp":"2026-09-23T13:50:33.269Z"}
{"level":"info","message":"⌛ Validating EXAMEN-Wollok/example.wlk","timeElapsed":172,"timestamp":"2026-09-23T13:50:33.443Z"}
{"level":"error","message":"✘ Failed to rebuild document Failed to parse EXAMEN-Wollok/example.wlk: \n-- PARSING FAILED --------------------------------------------------\n\n  46 | class EnfermedadAutoinmune{ \n  47 |   var \n> 48 | }\n     | ^\n  49 | \n  50 | const lupus10000 = new EnfermedadAutoinmune (celulasAmenazadas = 10000)  \n\nExpected one of the following: \n\n'property', identifier, whitespace\n","stack":"Error: Failed to parse EXAMEN-Wollok/example.wlk: \n-- PARSING FAILED --------------------------------------------------\n\n  46 | class EnfermedadAutoinmune{ \n  47 |   var \n> 48 | }\n     | ^\n  49 | \n  50 | const lupus10000 = new EnfermedadAutoinmune (celulasAmenazadas = 10000)  \n\nExpected one of the following: \n\n'property', identifier, whitespace\n\n    at /home/tiaguinni/.vscode/extensions/uqbar.wollok-lsp-ide-0.5.5/out/server/src/server.js:2385:13026\n    at Array.map (<anonymous>)\n    at z1n (/home/tiaguinni/.vscode/extensions/uqbar.wollok-lsp-ide-0.5.5/out/server/src/server.js:2385:12950)\n    at H2.buildEnvironmentFrom (/home/tiaguinni/.vscode/extensions/uqbar.wollok-lsp-ide-0.5.5/out/server/src/server.js:2430:5254)\n    at H2.updateEnvironmentWith (/home/tiaguinni/.vscode/extensions/uqbar.wollok-lsp-ide-0.5.5/out/server/src/server.js:2430:4989)\n    at QF (/home/tiaguinni/.vscode/extensions/uqbar.wollok-lsp-ide-0.5.5/out/server/src/server.js:2430:7383)\n    at V3.invoke (/home/tiaguinni/.vscode/extensions/uqbar.wollok-lsp-ide-0.5.5/out/server/src/server.js:3:157330)\n    at o.fire (/home/tiaguinni/.vscode/extensions/uqbar.wollok-lsp-ide-0.5.5/out/server/src/server.js:3:158100)\n    at /home/tiaguinni/.vscode/extensions/uqbar.wollok-lsp-ide-0.5.5/out/server/src/server.js:37:57871\n    at nd (/home/tiaguinni/.vscode/extensions/uqbar.wollok-lsp-ide-0.5.5/out/server/src/server.js:8:1561)","timestamp":"2026-09-23T13:50:33.455Z"}
{"level":"info","message":"⌛ Building environment","timeElapsed":118,"timestamp":"2026-09-23T13:50:33.921Z"}
{"level":"info","message":"⌛ Validating EXAMEN-Wollok/example.wlk","timeElapsed":241,"timestamp":"2026-09-23T13:50:34.166Z"}
{"level":"info","message":"⌛ Building environment","timeElapsed":146,"timestamp":"2026-09-23T13:50:34.311Z"}
{"level":"info","message":"⌛ Building environment","timeElapsed":104,"timestamp":"2026-09-23T13:50:34.421Z"}
{"level":"info","message":"⌛ Validating EXAMEN-Wollok/example.wlk","timeElapsed":163,"timestamp":"2026-09-23T13:50:34.593Z"}
{"level":"info","message":"⌛ Validating EXAMEN-Wollok/example.wlk","timeElapsed":161,"timestamp":"2026-09-23T13:50:34.756Z"}
{"level":"info","message":"⌛ Validating EXAMEN-Wollok/example.wlk","timeElapsed":197,"timestamp":"2026-09-23T13:50:35.130Z"}
{"level":"info","message":"⌛ Building environment","timeElapsed":112,"timestamp":"2026-09-23T13:50:35.243Z"}
{"level":"info","message":"⌛ Validating EXAMEN-Wollok/example.wlk","timeElapsed":165,"timestamp":"2026-09-23T13:50:35.432Z"}
{"level":"info","message":"⌛ Building environment","timeElapsed":116,"timestamp":"2026-09-23T13:50:35.713Z"}
{"level":"info","message":"⌛ Validating EXAMEN-Wollok/example.wlk","timeElapsed":160,"timestamp":"2026-09-23T13:50:35.879Z"}
{"level":"info","message":"⌛ Building environment","timeElapsed":111,"timestamp":"2026-09-23T13:50:35.991Z"}
{"level":"info","message":"⌛ Building environment","timeElapsed":112,"timestamp":"2026-09-23T13:50:36.112Z"}
{"level":"info","message":"⌛ Validating EXAMEN-Wollok/example.wlk","timeElapsed":231,"timestamp":"2026-09-23T13:50:36.345Z"}
{"level":"info","message":"⌛ Validating EXAMEN-Wollok/example.wlk","timeElapsed":142,"timestamp":"2026-09-23T13:50:36.489Z"}
{"level":"info","message":"⌛ Building environment","timeElapsed":122,"timestamp":"2026-09-23T13:50:36.612Z"}
{"level":"info","message":"⌛ Validating EXAMEN-Wollok/example.wlk","timeElapsed":168,"timestamp":"2026-09-23T13:50:36.796Z"}
{"level":"info","message":"⌛ Building environment","timeElapsed":108,"timestamp":"2026-09-23T13:50:36.909Z"}
{"level":"info","message":"⌛ Validating EXAMEN-Wollok/example.wlk","timeElapsed":181,"timestamp":"2026-09-23T13:50:37.097Z"}
{"level":"info","message":"⌛ Building environment","timeElapsed":119,"timestamp":"2026-09-23T13:50:37.217Z"}
{"level":"info","message":"⌛ Building environment","timeElapsed":126,"timestamp":"2026-09-23T13:50:37.416Z"}
{"level":"info","message":"⌛ Building environment","timeElapsed":118,"timestamp":"2026-09-23T13:50:37.534Z"}
{"level":"info","message":"⌛ Validating EXAMEN-Wollok/example.wlk","timeElapsed":179,"timestamp":"2026-09-23T13:50:37.713Z"}
{"level":"info","message":"⌛ Validating EXAMEN-Wollok/example.wlk","timeElapsed":144,"timestamp":"2026-09-23T13:50:37.866Z"}
{"level":"info","message":"⌛ Validating EXAMEN-Wollok/example.wlk","timeElapsed":151,"timestamp":"2026-09-23T13:50:38.023Z"}
{"level":"info","message":"⌛ Building environment","timeElapsed":104,"timestamp":"2026-09-23T13:50:38.127Z"}
{"level":"info","message":"⌛ Validating EXAMEN-Wollok/example.wlk","timeElapsed":157,"timestamp":"2026-09-23T13:50:38.356Z"}
{"level":"info","message":"⌛ Building environment","timeElapsed":122,"timestamp":"2026-09-23T13:50:38.695Z"}
{"level":"info","message":"⌛ Validating EXAMEN-Wollok/example.wlk","timeElapsed":170,"timestamp":"2026-09-23T13:50:38.879Z"}
{"level":"info","message":"⌛ Validating EXAMEN-Wollok/example.wlk","timeElapsed":181,"timestamp":"2026-09-23T13:50:39.168Z"}
{"level":"info","message":"⌛ Building environment","timeElapsed":124,"timestamp":"2026-09-23T13:50:39.293Z"}
{"level":"info","message":"⌛ Building environment","timeElapsed":166,"timestamp":"2026-09-23T13:50:39.468Z"}
{"level":"info","message":"⌛ Building environment","timeElapsed":280,"timestamp":"2026-09-23T13:50:39.762Z"}
{"level":"info","message":"⌛ Validating EXAMEN-Wollok/example.wlk","timeElapsed":172,"timestamp":"2026-09-23T13:50:39.935Z"}
{"level":"info","message":"⌛ Validating EXAMEN-Wollok/example.wlk","timeElapsed":148,"timestamp":"2026-09-23T13:50:40.089Z"}
{"level":"info","message":"⌛ Validating EXAMEN-Wollok/example.wlk","timeElapsed":152,"timestamp":"2026-09-23T13:50:40.248Z"}
{"level":"info","message":"⌛ Building environment","timeElapsed":120,"timestamp":"2026-09-23T13:50:44.843Z"}
{"level":"info","message":"⌛ Validating EXAMEN-Wollok/example.wlk","timeElapsed":201,"timestamp":"2026-09-23T13:50:45.052Z"}
{"level":"info","message":"⌛ Building environment","timeElapsed":145,"timestamp":"2026-09-23T13:50:45.625Z"}
{"level":"info","message":"⌛ Building environment","timeElapsed":170,"timestamp":"2026-09-23T13:50:45.796Z"}
{"level":"info","message":"⌛ Validating EXAMEN-Wollok/example.wlk","timeElapsed":187,"timestamp":"2026-09-23T13:50:45.984Z"}
{"level":"info","message":"⌛ Building environment","timeElapsed":134,"timestamp":"2026-09-23T13:50:46.118Z"}
{"level":"info","message":"⌛ Validating EXAMEN-Wollok/example.wlk","timeElapsed":172,"timestamp":"2026-09-23T13:50:46.293Z"}
{"level":"info","message":"⌛ Validating EXAMEN-Wollok/example.wlk","timeElapsed":151,"timestamp":"2026-09-23T13:50:46.638Z"}
{"level":"error","message":"✘ Failed to rebuild document Failed to parse EXAMEN-Wollok/example.wlk: \n-- PARSING FAILED --------------------------------------------------\n\n  47 |   var celulasAmenazadas\n  48 |   method\n> 49 | }\n     | ^\n  50 | \n  51 | const lupus10000 = new EnfermedadAutoinmune (celulasAmenazadas = 10000)  \n\nExpected one of the following: \n\n'!=', '!==', '%', '&&', '*', '**', '+', '-', '->', '..', '..<', '/', '<', '<<', '<<<', '<=', '<=>', '<>', '==', '===', '>', '>..', '>=', '>>', '>>>', '?:', 'and', 'invert', 'negate', 'or', 'plus', '||', identifier, whitespace\n","stack":"Error: Failed to parse EXAMEN-Wollok/example.wlk: \n-- PARSING FAILED --------------------------------------------------\n\n  47 |   var celulasAmenazadas\n  48 |   method\n> 49 | }\n     | ^\n  50 | \n  51 | const lupus10000 = new EnfermedadAutoinmune (celulasAmenazadas = 10000)  \n\nExpected one of the following: \n\n'!=', '!==', '%', '&&', '*', '**', '+', '-', '->', '..', '..<', '/', '<', '<<', '<<<', '<=', '<=>', '<>', '==', '===', '>', '>..', '>=', '>>', '>>>', '?:', 'and', 'invert', 'negate', 'or', 'plus', '||', identifier, whitespace\n\n    at /home/tiaguinni/.vscode/extensions/uqbar.wollok-lsp-ide-0.5.5/out/server/src/server.js:2385:13026\n    at Array.map (<anonymous>)\n    at z1n (/home/tiaguinni/.vscode/extensions/uqbar.wollok-lsp-ide-0.5.5/out/server/src/server.js:2385:12950)\n    at H2.buildEnvironmentFrom (/home/tiaguinni/.vscode/extensions/uqbar.wollok-lsp-ide-0.5.5/out/server/src/server.js:2430:5254)\n    at H2.updateEnvironmentWith (/home/tiaguinni/.vscode/extensions/uqbar.wollok-lsp-ide-0.5.5/out/server/src/server.js:2430:4989)\n    at QF (/home/tiaguinni/.vscode/extensions/uqbar.wollok-lsp-ide-0.5.5/out/server/src/server.js:2430:7383)\n    at V3.invoke (/home/tiaguinni/.vscode/extensions/uqbar.wollok-lsp-ide-0.5.5/out/server/src/server.js:3:157330)\n    at o.fire (/home/tiaguinni/.vscode/extensions/uqbar.wollok-lsp-ide-0.5.5/out/server/src/server.js:3:158100)\n    at /home/tiaguinni/.vscode/extensions/uqbar.wollok-lsp-ide-0.5.5/out/server/src/server.js:37:57871\n    at nd (/home/tiaguinni/.vscode/extensions/uqbar.wollok-lsp-ide-0.5.5/out/server/src/server.js:8:1561)","timestamp":"2026-09-23T13:50:46.673Z"}
{"level":"info","message":"⌛ Validating EXAMEN-Wollok/example.wlk","timeElapsed":163,"timestamp":"2026-09-23T13:50:46.892Z"}
{"level":"info","message":"⌛ Validating EXAMEN-Wollok/example.wlk","timeElapsed":152,"timestamp":"2026-09-23T13:50:47.045Z"}
{"level":"error","message":"✘ Failed to rebuild document Failed to parse EXAMEN-Wollok/example.wlk: \n-- PARSING FAILED --------------------------------------------------\n\n  47 |   var celulasAmenazadas\n  48 |   method \n> 49 | }\n     | ^\n  50 | \n  51 | const lupus10000 = new EnfermedadAutoinmune (celulasAmenazadas = 10000)  \n\nExpected one of the following: \n\n'!=', '!==', '%', '&&', '*', '**', '+', '-', '->', '..', '..<', '/', '<', '<<', '<<<', '<=', '<=>', '<>', '==', '===', '>', '>..', '>=', '>>', '>>>', '?:', 'and', 'invert', 'negate', 'or', 'plus', '||', identifier, whitespace\n","stack":"Error: Failed to parse EXAMEN-Wollok/example.wlk: \n-- PARSING FAILED --------------------------------------------------\n\n  47 |   var celulasAmenazadas\n  48 |   method \n> 49 | }\n     | ^\n  50 | \n  51 | const lupus10000 = new EnfermedadAutoinmune (celulasAmenazadas = 10000)  \n\nExpected one of the following: \n\n'!=', '!==', '%', '&&', '*', '**', '+', '-', '->', '..', '..<', '/', '<', '<<', '<<<', '<=', '<=>', '<>', '==', '===', '>', '>..', '>=', '>>', '>>>', '?:', 'and', 'invert', 'negate', 'or', 'plus', '||', identifier, whitespace\n\n    at /home/tiaguinni/.vscode/extensions/uqbar.wollok-lsp-ide-0.5.5/out/server/src/server.js:2385:13026\n    at Array.map (<anonymous>)\n    at z1n (/home/tiaguinni/.vscode/extensions/uqbar.wollok-lsp-ide-0.5.5/out/server/src/server.js:2385:12950)\n    at H2.buildEnvironmentFrom (/home/tiaguinni/.vscode/extensions/uqbar.wollok-lsp-ide-0.5.5/out/server/src/server.js:2430:5254)\n    at H2.updateEnvironmentWith (/home/tiaguinni/.vscode/extensions/uqbar.wollok-lsp-ide-0.5.5/out/server/src/server.js:2430:4989)\n    at QF (/home/tiaguinni/.vscode/extensions/uqbar.wollok-lsp-ide-0.5.5/out/server/src/server.js:2430:7383)\n    at V3.invoke (/home/tiaguinni/.vscode/extensions/uqbar.wollok-lsp-ide-0.5.5/out/server/src/server.js:3:157330)\n    at o.fire (/home/tiaguinni/.vscode/extensions/uqbar.wollok-lsp-ide-0.5.5/out/server/src/server.js:3:158100)\n    at /home/tiaguinni/.vscode/extensions/uqbar.wollok-lsp-ide-0.5.5/out/server/src/server.js:37:57871\n    at nd (/home/tiaguinni/.vscode/extensions/uqbar.wollok-lsp-ide-0.5.5/out/server/src/server.js:8:1561)","timestamp":"2026-09-23T13:50:47.262Z"}
{"level":"info","message":"⌛ Building environment","timeElapsed":142,"timestamp":"2026-09-23T13:50:47.543Z"}
{"level":"info","message":"⌛ Validating EXAMEN-Wollok/example.wlk","timeElapsed":163,"timestamp":"2026-09-23T13:50:47.716Z"}
{"level":"info","message":"⌛ Building environment","timeElapsed":126,"timestamp":"2026-09-23T13:50:47.871Z"}
{"level":"info","message":"⌛ Validating EXAMEN-Wollok/example.wlk","timeElapsed":194,"timestamp":"2026-09-23T13:50:48.075Z"}
{"level":"info","message":"⌛ Building environment","timeElapsed":107,"timestamp":"2026-09-23T13:50:48.182Z"}
{"level":"info","message":"⌛ Validating EXAMEN-Wollok/example.wlk","timeElapsed":144,"timestamp":"2026-09-23T13:50:48.335Z"}
{"level":"info","message":"⌛ Building environment","timeElapsed":126,"timestamp":"2026-09-23T13:50:48.700Z"}
{"level":"info","message":"⌛ Validating EXAMEN-Wollok/example.wlk","timeElapsed":152,"timestamp":"2026-09-23T13:50:48.861Z"}
{"level":"info","message":"⌛ Building environment","timeElapsed":122,"timestamp":"2026-09-23T13:50:48.998Z"}
{"level":"info","message":"⌛ Validating EXAMEN-Wollok/example.wlk","timeElapsed":176,"timestamp":"2026-09-23T13:50:49.182Z"}
{"level":"info","message":"⌛ Validating EXAMEN-Wollok/example.wlk","timeElapsed":178,"timestamp":"2026-09-23T13:50:49.457Z"}
{"level":"info","message":"⌛ Building environment","timeElapsed":172,"timestamp":"2026-09-23T13:50:49.632Z"}
{"level":"info","message":"⌛ Validating EXAMEN-Wollok/example.wlk","timeElapsed":160,"timestamp":"2026-09-23T13:50:49.801Z"}
{"level":"info","message":"⌛ Building environment","timeElapsed":117,"timestamp":"2026-09-23T13:50:49.973Z"}
{"level":"info","message":"⌛ Validating EXAMEN-Wollok/example.wlk","timeElapsed":156,"timestamp":"2026-09-23T13:50:50.133Z"}
{"level":"info","message":"⌛ Building environment","timeElapsed":126,"timestamp":"2026-09-23T13:50:50.855Z"}
{"level":"info","message":"⌛ Validating EXAMEN-Wollok/example.wlk","timeElapsed":151,"timestamp":"2026-09-23T13:50:51.021Z"}
{"level":"info","message":"⌛ Building environment","timeElapsed":105,"timestamp":"2026-09-23T13:50:51.398Z"}
{"level":"info","message":"⌛ Validating EXAMEN-Wollok/example.wlk","timeElapsed":170,"timestamp":"2026-09-23T13:50:51.683Z"}
{"level":"info","message":"⌛ Validating EXAMEN-Wollok/example.wlk","timeElapsed":209,"timestamp":"2026-09-23T13:50:51.893Z"}
{"level":"info","message":"⌛ Building environment","timeElapsed":118,"timestamp":"2026-09-23T13:50:52.011Z"}
{"level":"info","message":"⌛ Building environment","timeElapsed":108,"timestamp":"2026-09-23T13:50:52.120Z"}
{"level":"info","message":"⌛ Building environment","timeElapsed":119,"timestamp":"2026-09-23T13:50:52.239Z"}
{"level":"info","message":"⌛ Validating EXAMEN-Wollok/example.wlk","timeElapsed":145,"timestamp":"2026-09-23T13:50:52.385Z"}
{"level":"info","message":"⌛ Validating EXAMEN-Wollok/example.wlk","timeElapsed":204,"timestamp":"2026-09-23T13:50:52.592Z"}
{"level":"info","message":"⌛ Building environment","timeElapsed":114,"timestamp":"2026-09-23T13:50:52.712Z"}
{"level":"info","message":"⌛ Validating EXAMEN-Wollok/example.wlk","timeElapsed":148,"timestamp":"2026-09-23T13:50:52.867Z"}
{"level":"info","message":"⌛ Validating EXAMEN-Wollok/example.wlk","timeElapsed":141,"timestamp":"2026-09-23T13:50:53.106Z"}
{"level":"info","message":"⌛ Validating EXAMEN-Wollok/example.wlk","timeElapsed":145,"timestamp":"2026-09-23T13:50:53.258Z"}
{"level":"error","message":"✘ Completions for node Parameter ([48:19, 48:26] - EXAMEN-Wollok/example.wlk) failed: Error: [Parameter]{658327} at EXAMEN-Wollok/example.wlk:48 exhausted all cases without a match [Parameter]{658327} at EXAMEN-Wollok/example.wlk:48 exhausted all cases without a match","stack":"Error: [Parameter]{658327} at EXAMEN-Wollok/example.wlk:48 exhausted all cases without a match\n    at /home/tiaguinni/.vscode/extensions/uqbar.wollok-lsp-ide-0.5.5/out/server/src/server.js:38:6142\n    at L2 (/home/tiaguinni/.vscode/extensions/uqbar.wollok-lsp-ide-0.5.5/out/server/src/server.js:2421:42)\n    at /home/tiaguinni/.vscode/extensions/uqbar.wollok-lsp-ide-0.5.5/out/server/src/server.js:2421:2988\n    at /home/tiaguinni/.vscode/extensions/uqbar.wollok-lsp-ide-0.5.5/out/server/src/server.js:2430:8440\n    at /home/tiaguinni/.vscode/extensions/uqbar.wollok-lsp-ide-0.5.5/out/server/src/server.js:37:74872\n    at Ke (/home/tiaguinni/.vscode/extensions/uqbar.wollok-lsp-ide-0.5.5/out/server/src/server.js:7:8527)\n    at It (/home/tiaguinni/.vscode/extensions/uqbar.wollok-lsp-ide-0.5.5/out/server/src/server.js:7:6189)\n    at et (/home/tiaguinni/.vscode/extensions/uqbar.wollok-lsp-ide-0.5.5/out/server/src/server.js:7:6378)\n    at Immediate._onImmediate (/home/tiaguinni/.vscode/extensions/uqbar.wollok-lsp-ide-0.5.5/out/server/src/server.js:7:6142)\n    at process.processImmediate (node:internal/timers:504:21)","timestamp":"2026-09-23T13:50:53.307Z"}
{"level":"info","message":"⌛ Building environment","timeElapsed":160,"timestamp":"2026-09-23T13:50:54.233Z"}
{"level":"info","message":"⌛ Validating EXAMEN-Wollok/example.wlk","timeElapsed":161,"timestamp":"2026-09-23T13:50:54.402Z"}
{"level":"info","message":"⌛ Building environment","timeElapsed":147,"timestamp":"2026-09-23T13:50:54.597Z"}
{"level":"info","message":"⌛ Validating EXAMEN-Wollok/example.wlk","timeElapsed":153,"timestamp":"2026-09-23T13:50:54.767Z"}
{"level":"info","message":"⌛ Building environment","timeElapsed":120,"timestamp":"2026-09-23T13:50:56.049Z"}
{"level":"info","message":"⌛ Building environment","timeElapsed":102,"timestamp":"2026-09-23T13:50:56.160Z"}
{"level":"info","message":"⌛ Validating EXAMEN-Wollok/example.wlk","timeElapsed":178,"timestamp":"2026-09-23T13:50:56.339Z"}
{"level":"info","message":"⌛ Building environment","timeElapsed":198,"timestamp":"2026-09-23T13:50:56.539Z"}
{"level":"info","message":"⌛ Validating EXAMEN-Wollok/example.wlk","timeElapsed":191,"timestamp":"2026-09-23T13:50:56.730Z"}
{"level":"info","message":"⌛ Building environment","timeElapsed":128,"timestamp":"2026-09-23T13:50:56.858Z"}
{"level":"info","message":"⌛ Validating EXAMEN-Wollok/example.wlk","timeElapsed":184,"timestamp":"2026-09-23T13:50:57.042Z"}
{"level":"info","message":"⌛ Validating EXAMEN-Wollok/example.wlk","timeElapsed":150,"timestamp":"2026-09-23T13:50:57.312Z"}
{"level":"info","message":"⌛ Building environment","timeElapsed":146,"timestamp":"2026-09-23T13:50:57.459Z"}
{"level":"info","message":"⌛ Building environment","timeElapsed":174,"timestamp":"2026-09-23T13:50:57.643Z"}
{"level":"info","message":"⌛ Validating EXAMEN-Wollok/example.wlk","timeElapsed":203,"timestamp":"2026-09-23T13:50:57.847Z"}
{"level":"info","message":"⌛ Validating EXAMEN-Wollok/example.wlk","timeElapsed":175,"timestamp":"2026-09-23T13:50:58.037Z"}
{"level":"info","message":"⌛ Validating EXAMEN-Wollok/example.wlk","timeElapsed":175,"timestamp":"2026-09-23T13:50:58.220Z"}
{"level":"info","message":"⌛ Building environment","timeElapsed":119,"timestamp":"2026-09-23T13:50:58.387Z"}
{"level":"info","message":"⌛ Validating EXAMEN-Wollok/example.wlk","timeElapsed":166,"timestamp":"2026-09-23T13:50:58.596Z"}
{"level":"info","message":"⌛ Building environment","timeElapsed":138,"timestamp":"2026-09-23T13:50:58.742Z"}
{"level":"info","message":"⌛ Building environment","timeElapsed":107,"timestamp":"2026-09-23T13:50:58.857Z"}
{"level":"info","message":"⌛ Validating EXAMEN-Wollok/example.wlk","timeElapsed":216,"timestamp":"2026-09-23T13:50:59.088Z"}
{"level":"info","message":"⌛ Building environment","timeElapsed":153,"timestamp":"2026-09-23T13:50:59.241Z"}
{"level":"info","message":"⌛ Validating EXAMEN-Wollok/example.wlk","timeElapsed":148,"timestamp":"2026-09-23T13:50:59.389Z"}
{"level":"info","message":"⌛ Building environment","timeElapsed":110,"timestamp":"2026-09-23T13:50:59.508Z"}
{"level":"info","message":"⌛ Validating EXAMEN-Wollok/example.wlk","timeElapsed":189,"timestamp":"2026-09-23T13:50:59.697Z"}
{"level":"info","message":"⌛ Validating EXAMEN-Wollok/example.wlk","timeElapsed":148,"timestamp":"2026-09-23T13:50:59.855Z"}
{"level":"info","message":"⌛ Building environment","timeElapsed":212,"timestamp":"2026-09-23T13:51:00.068Z"}
{"level":"info","message":"⌛ Building environment","timeElapsed":108,"timestamp":"2026-09-23T13:51:00.187Z"}
{"level":"info","message":"⌛ Validating EXAMEN-Wollok/example.wlk","timeElapsed":193,"timestamp":"2026-09-23T13:51:00.380Z"}
{"level":"info","message":"⌛ Validating EXAMEN-Wollok/example.wlk","timeElapsed":163,"timestamp":"2026-09-23T13:51:00.550Z"}
{"level":"info","message":"⌛ Building environment","timeElapsed":104,"timestamp":"2026-09-23T13:51:00.657Z"}
{"level":"info","message":"⌛ Building environment","timeElapsed":117,"timestamp":"2026-09-23T13:51:00.775Z"}
{"level":"info","message":"⌛ Validating EXAMEN-Wollok/example.wlk","timeElapsed":152,"timestamp":"2026-09-23T13:51:00.926Z"}
{"level":"info","message":"⌛ Building environment","timeElapsed":165,"timestamp":"2026-09-23T13:51:01.093Z"}
{"level":"info","message":"⌛ Validating EXAMEN-Wollok/example.wlk","timeElapsed":162,"timestamp":"2026-09-23T13:51:01.254Z"}
{"level":"info","message":"⌛ Validating EXAMEN-Wollok/example.wlk","timeElapsed":175,"timestamp":"2026-09-23T13:51:01.437Z"}
{"level":"info","message":"⌛ Validating EXAMEN-Wollok/example.wlk","timeElapsed":164,"timestamp":"2026-09-23T13:51:01.704Z"}
{"level":"info","message":"⌛ Building environment","timeElapsed":104,"timestamp":"2026-09-23T13:51:01.811Z"}
{"level":"info","message":"⌛ Validating EXAMEN-Wollok/example.wlk","timeElapsed":150,"timestamp":"2026-09-23T13:51:01.964Z"}
{"level":"info","message":"⌛ Building environment","timeElapsed":129,"timestamp":"2026-09-23T13:51:02.317Z"}
{"level":"info","message":"⌛ Validating EXAMEN-Wollok/example.wlk","timeElapsed":176,"timestamp":"2026-09-23T13:51:02.508Z"}
{"level":"info","message":"⌛ Building environment","timeElapsed":129,"timestamp":"2026-09-23T13:51:02.640Z"}
{"level":"info","message":"⌛ Validating EXAMEN-Wollok/example.wlk","timeElapsed":172,"timestamp":"2026-09-23T13:51:02.906Z"}
{"level":"info","message":"⌛ Validating EXAMEN-Wollok/example.wlk","timeElapsed":190,"timestamp":"2026-09-23T13:51:03.099Z"}
{"level":"info","message":"⌛ Building environment","timeElapsed":130,"timestamp":"2026-09-23T13:51:03.237Z"}
{"level":"info","message":"⌛ Building environment","timeElapsed":126,"timestamp":"2026-09-23T13:51:03.364Z"}
{"level":"info","message":"⌛ Building environment","timeElapsed":125,"timestamp":"2026-09-23T13:51:03.490Z"}
{"level":"info","message":"⌛ Validating EXAMEN-Wollok/example.wlk","timeElapsed":148,"timestamp":"2026-09-23T13:51:03.637Z"}
{"level":"info","message":"⌛ Building environment","timeElapsed":177,"timestamp":"2026-09-23T13:51:03.816Z"}
{"level":"info","message":"⌛ Validating EXAMEN-Wollok/example.wlk","timeElapsed":156,"timestamp":"2026-09-23T13:51:03.981Z"}
{"level":"info","message":"⌛ Validating EXAMEN-Wollok/example.wlk","timeElapsed":191,"timestamp":"2026-09-23T13:51:04.173Z"}
{"level":"info","message":"⌛ Validating EXAMEN-Wollok/example.wlk","timeElapsed":146,"timestamp":"2026-09-23T13:51:04.412Z"}
{"level":"info","message":"⌛ Validating EXAMEN-Wollok/example.wlk","timeElapsed":136,"timestamp":"2026-09-23T13:51:04.555Z"}
{"level":"info","message":"⌛ Building environment","timeElapsed":103,"timestamp":"2026-09-23T13:51:06.182Z"}
{"level":"info","message":"⌛ Validating EXAMEN-Wollok/example.wlk","timeElapsed":197,"timestamp":"2026-09-23T13:51:06.386Z"}
{"level":"info","message":"⌛ Building environment","timeElapsed":128,"timestamp":"2026-09-23T13:51:06.525Z"}
{"level":"info","message":"⌛ Validating EXAMEN-Wollok/example.wlk","timeElapsed":149,"timestamp":"2026-09-23T13:51:06.677Z"}
{"level":"error","message":"✘ Completions for node Send ([49:5, 49:33] - EXAMEN-Wollok/example.wlk) failed: Error: [Send]{e018e3} at EXAMEN-Wollok/example.wlk:49 exhausted all cases without a match [Send]{e018e3} at EXAMEN-Wollok/example.wlk:49 exhausted all cases without a match","stack":"Error: [Send]{e018e3} at EXAMEN-Wollok/example.wlk:49 exhausted all cases without a match\n    at /home/tiaguinni/.vscode/extensions/uqbar.wollok-lsp-ide-0.5.5/out/server/src/server.js:38:6142\n    at L2 (/home/tiaguinni/.vscode/extensions/uqbar.wollok-lsp-ide-0.5.5/out/server/src/server.js:2421:42)\n    at Jh (/home/tiaguinni/.vscode/extensions/uqbar.wollok-lsp-ide-0.5.5/out/server/src/server.js:2421:1092)\n    at w5n (/home/tiaguinni/.vscode/extensions/uqbar.wollok-lsp-ide-0.5.5/out/server/src/server.js:2421:1248)\n    at /home/tiaguinni/.vscode/extensions/uqbar.wollok-lsp-ide-0.5.5/out/server/src/server.js:38:6131\n    at L2 (/home/tiaguinni/.vscode/extensions/uqbar.wollok-lsp-ide-0.5.5/out/server/src/server.js:2421:42)\n    at /home/tiaguinni/.vscode/extensions/uqbar.wollok-lsp-ide-0.5.5/out/server/src/server.js:2421:2988\n    at /home/tiaguinni/.vscode/extensions/uqbar.wollok-lsp-ide-0.5.5/out/server/src/server.js:2430:8440\n    at /home/tiaguinni/.vscode/extensions/uqbar.wollok-lsp-ide-0.5.5/out/server/src/server.js:37:74872\n    at Ke (/home/tiaguinni/.vscode/extensions/uqbar.wollok-lsp-ide-0.5.5/out/server/src/server.js:7:8527)","timestamp":"2026-09-23T13:51:07.178Z"}
{"level":"info","message":"⌛ Building environment","timeElapsed":128,"timestamp":"2026-09-23T13:51:07.916Z"}
{"level":"info","message":"⌛ Validating EXAMEN-Wollok/example.wlk","timeElapsed":165,"timestamp":"2026-09-23T13:51:08.085Z"}
{"level":"info","message":"⌛ Validating EXAMEN-Wollok/example.wlk","timeElapsed":168,"timestamp":"2026-09-23T13:51:08.357Z"}
{"level":"info","message":"⌛ Building environment","timeElapsed":126,"timestamp":"2026-09-23T13:51:08.547Z"}
{"level":"info","message":"⌛ Building environment","timeElapsed":109,"timestamp":"2026-09-23T13:51:08.665Z"}
{"level":"info","message":"⌛ Validating EXAMEN-Wollok/example.wlk","timeElapsed":169,"timestamp":"2026-09-23T13:51:08.835Z"}
{"level":"info","message":"⌛ Validating EXAMEN-Wollok/example.wlk","timeElapsed":141,"timestamp":"2026-09-23T13:51:08.983Z"}
{"level":"info","message":"⌛ Validating EXAMEN-Wollok/example.wlk","timeElapsed":140,"timestamp":"2026-09-23T13:51:09.414Z"}
{"level":"info","message":"⌛ Building environment","timeElapsed":154,"timestamp":"2026-09-23T13:51:25.579Z"}
{"level":"info","message":"⌛ Validating EXAMEN-Wollok/example.wlk","timeElapsed":171,"timestamp":"2026-09-23T13:51:25.753Z"}
{"level":"info","message":"⌛ Building environment","timeElapsed":158,"timestamp":"2026-09-23T13:51:27.707Z"}
{"level":"info","message":"⌛ Building environment","timeElapsed":104,"timestamp":"2026-09-23T13:51:27.812Z"}
{"level":"info","message":"⌛ Validating EXAMEN-Wollok/example.wlk","timeElapsed":287,"timestamp":"2026-09-23T13:51:28.100Z"}
{"level":"info","message":"⌛ Building environment","timeElapsed":282,"timestamp":"2026-09-23T13:51:28.387Z"}
{"level":"info","message":"⌛ Validating EXAMEN-Wollok/example.wlk","timeElapsed":221,"timestamp":"2026-09-23T13:51:28.609Z"}
{"level":"info","message":"⌛ Building environment","timeElapsed":117,"timestamp":"2026-09-23T13:51:28.727Z"}
{"level":"info","message":"⌛ Building environment","timeElapsed":126,"timestamp":"2026-09-23T13:51:28.853Z"}
{"level":"info","message":"⌛ Validating EXAMEN-Wollok/example.wlk","timeElapsed":166,"timestamp":"2026-09-23T13:51:29.133Z"}
{"level":"info","message":"⌛ Building environment","timeElapsed":206,"timestamp":"2026-09-23T13:51:29.341Z"}
{"level":"info","message":"⌛ Validating EXAMEN-Wollok/example.wlk","timeElapsed":166,"timestamp":"2026-09-23T13:51:29.508Z"}
{"level":"info","message":"⌛ Building environment","timeElapsed":116,"timestamp":"2026-09-23T13:51:29.625Z"}
{"level":"info","message":"⌛ Validating EXAMEN-Wollok/example.wlk","timeElapsed":193,"timestamp":"2026-09-23T13:51:29.817Z"}
{"level":"info","message":"⌛ Validating EXAMEN-Wollok/example.wlk","timeElapsed":184,"timestamp":"2026-09-23T13:51:30.008Z"}
{"level":"info","message":"⌛ Validating EXAMEN-Wollok/example.wlk","timeElapsed":185,"timestamp":"2026-09-23T13:51:30.292Z"}
{"level":"info","message":"⌛ Building environment","timeElapsed":142,"timestamp":"2026-09-23T13:51:30.514Z"}
{"level":"info","message":"⌛ Validating EXAMEN-Wollok/example.wlk","timeElapsed":199,"timestamp":"2026-09-23T13:51:30.713Z"}
{"level":"info","message":"⌛ Building environment","timeElapsed":115,"timestamp":"2026-09-23T13:51:30.830Z"}
{"level":"info","message":"⌛ Building environment","timeElapsed":127,"timestamp":"2026-09-23T13:51:30.969Z"}
{"level":"info","message":"⌛ Building environment","timeElapsed":123,"timestamp":"2026-09-23T13:51:31.093Z"}
{"level":"info","message":"⌛ Validating EXAMEN-Wollok/example.wlk","timeElapsed":153,"timestamp":"2026-09-23T13:51:31.247Z"}
{"level":"info","message":"⌛ Building environment","timeElapsed":224,"timestamp":"2026-09-23T13:51:31.472Z"}
{"level":"info","message":"⌛ Building environment","timeElapsed":209,"timestamp":"2026-09-23T13:51:31.696Z"}
{"level":"info","message":"⌛ Validating EXAMEN-Wollok/example.wlk","timeElapsed":202,"timestamp":"2026-09-23T13:51:31.898Z"}
{"level":"info","message":"⌛ Validating EXAMEN-Wollok/example.wlk","timeElapsed":152,"timestamp":"2026-09-23T13:51:32.153Z"}
{"level":"info","message":"⌛ Validating EXAMEN-Wollok/example.wlk","timeElapsed":172,"timestamp":"2026-09-23T13:51:32.331Z"}
{"level":"info","message":"⌛ Validating EXAMEN-Wollok/example.wlk","timeElapsed":183,"timestamp":"2026-09-23T13:51:32.613Z"}
{"level":"info","message":"⌛ Building environment","timeElapsed":180,"timestamp":"2026-09-23T13:51:32.854Z"}
{"level":"info","message":"⌛ Building environment","timeElapsed":124,"timestamp":"2026-09-23T13:51:32.979Z"}
{"level":"info","message":"⌛ Validating EXAMEN-Wollok/example.wlk","timeElapsed":172,"timestamp":"2026-09-23T13:51:33.152Z"}
{"level":"info","message":"⌛ Validating EXAMEN-Wollok/example.wlk","timeElapsed":202,"timestamp":"2026-09-23T13:51:33.359Z"}
{"level":"info","message":"⌛ Validating EXAMEN-Wollok/example.wlk","timeElapsed":170,"timestamp":"2026-09-23T13:51:33.533Z"}
{"level":"info","message":"⌛ Building environment","timeElapsed":110,"timestamp":"2026-09-23T13:51:33.644Z"}
{"level":"info","message":"⌛ Validating EXAMEN-Wollok/example.wlk","timeElapsed":153,"timestamp":"2026-09-23T13:51:33.804Z"}
{"level":"info","message":"⌛ Building environment","timeElapsed":166,"timestamp":"2026-09-23T13:51:33.972Z"}
{"level":"info","message":"⌛ Building environment","timeElapsed":107,"timestamp":"2026-09-23T13:51:34.087Z"}
{"level":"info","message":"⌛ Validating EXAMEN-Wollok/example.wlk","timeElapsed":187,"timestamp":"2026-09-23T13:51:34.275Z"}
{"level":"info","message":"⌛ Building environment","timeElapsed":116,"timestamp":"2026-09-23T13:51:34.392Z"}
{"level":"info","message":"⌛ Validating EXAMEN-Wollok/example.wlk","timeElapsed":145,"timestamp":"2026-09-23T13:51:34.544Z"}
{"level":"info","message":"⌛ Validating EXAMEN-Wollok/example.wlk","timeElapsed":147,"timestamp":"2026-09-23T13:51:34.798Z"}
{"level":"info","message":"⌛ Validating EXAMEN-Wollok/example.wlk","timeElapsed":205,"timestamp":"2026-09-23T13:51:35.018Z"}
{"level":"info","message":"⌛ Validating EXAMEN-Wollok/example.wlk","timeElapsed":146,"timestamp":"2026-09-23T13:51:35.170Z"}
{"level":"info","message":"⌛ Validating EXAMEN-Wollok/example.wlk","timeElapsed":151,"timestamp":"2026-09-23T13:51:35.323Z"}
{"level":"info","message":"⌛ Validating EXAMEN-Wollok/example.wlk","timeElapsed":150,"timestamp":"2026-09-23T13:51:35.477Z"}
{"level":"info","message":"⌛ Building environment","timeElapsed":144,"timestamp":"2026-09-23T13:51:36.915Z"}
{"level":"info","message":"⌛ Validating EXAMEN-Wollok/example.wlk","timeElapsed":144,"timestamp":"2026-09-23T13:51:37.066Z"}
{"level":"info","message":"⌛ Building environment","timeElapsed":134,"timestamp":"2026-09-23T13:51:41.036Z"}
{"level":"info","message":"⌛ Validating EXAMEN-Wollok/example.wlk","timeElapsed":166,"timestamp":"2026-09-23T13:51:41.209Z"}
{"level":"info","message":"⌛ Building environment","timeElapsed":132,"timestamp":"2026-09-23T13:51:41.477Z"}
{"level":"info","message":"⌛ Validating EXAMEN-Wollok/example.wlk","timeElapsed":156,"timestamp":"2026-09-23T13:51:41.637Z"}
{"level":"info","message":"⌛ Building environment","timeElapsed":110,"timestamp":"2026-09-23T13:51:41.765Z"}
{"level":"info","message":"⌛ Validating EXAMEN-Wollok/example.wlk","timeElapsed":141,"timestamp":"2026-09-23T13:51:41.912Z"}
{"level":"error","message":"✘ Failed to get type description: Error: Failed to print, found malformed node Failed to print, found malformed node","node":{"id":"1ae5eb79-f916-4a07-b1b1-5921878b5c9a","members":[{"id":"6a03322b-7b48-48f7-a571-99c661017a29","isConstant":false,"isProperty":false,"metadata":[],"name":"enfermedades","scope":{"containerScope":{"containerScope":{"containerScope":{"containerScope":{"contributions":{},"includedScopes":[]},"contributions":{},"includedScopes":[]},"contributions":{},"includedScopes":[]},"contributions":{},"includedScopes":[{"containerScope":{"containerScope":{"containerScope":{"contributions":{},"includedScopes":[]},"contributions":{},"includedScopes":[]},"contributions":{},"includedScopes":[]},"contributions":{},"includedScopes":[]}]},"contributions":{},"includedScopes":[]},"sourceMap":{"end":{"column":27,"line":3,"offset":42},"start":{"column":4,"line":3,"offset":19}},"value":{"id":"1dfe2488-8f43-4867-ba40-7ae22fccdb3a","metadata":[],"scope":{"containerScope":{"containerScope":{"containerScope":{"containerScope":{"containerScope":{"contributions":{},"includedScopes":[]},"contributions":{},"includedScopes":[]},"contributions":{},"includedScopes":[]},"contributions":{},"includedScopes":[{"containerScope":{"containerScope":{"containerScope":{"contributions":{},"includedScopes":[]},"contributions":{},"includedScopes":[]},"contributions":{},"includedScopes":[]},"contributions":{},"includedScopes":[]}]},"contributions":{},"includedScopes":[]},"contributions":{},"includedScopes":[]},"sourceMap":{"end":{"column":27,"line":3,"offset":42},"start":{"column":24,"line":3,"offset":39}},"value":[{"id":"4b473918-80a1-4e7f-b6a5-c86afea145e4","metadata":[],"name":"wollok.lang.Set","scope":{"containerScope":{"containerScope":{"containerScope":{"containerScope":{"containerScope":{"containerScope":{"contributions":{},"includedScopes":[]},"contributions":{},"includedScopes":[]},"contributions":{},"includedScopes":[]},"contributions":{},"includedScopes":[{"containerScope":{"containerScope":{"containerScope":{"contributions":{},"includedScopes":[]},"contributions":{},"includedScopes":[]},"contributions":{},"includedScopes":[]},"contributions":{},"includedScopes":[]}]},"contributions":{},"includedScopes":[]},"contributions":{},"includedScopes":[]},"contributions":{},"includedScopes":[]}},[]]}},{"id":"5bf1932c-9f5f-427f-9e9a-04330f11abcf","isConstant":false,"isProperty":false,"metadata":[{"args":{"position":"end","text":"/*\n    HAY DOS TIPPOS DE LISTAS!! lista(COLLECION)puede haber elementos con Ordenrepetidos y colecciones no, ademas las colecciones no tienen orden\n    luego tenemos un SET: #{} no se puede repetir ni orden\n  */"},"name":"comment"}],"name":"temperatura","scope":{"containerScope":{"containerScope":{"containerScope":{"containerScope":{"contributions":{},"includedScopes":[]},"contributions":{},"includedScopes":[]},"contributions":{},"includedScopes":[]},"contributions":{},"includedScopes":[{"containerScope":{"containerScope":{"containerScope":{"contributions":{},"includedScopes":[]},"contributions":{},"includedScopes":[]},"contributions":{},"includedScopes":[]},"contributions":{},"includedScopes":[]}]},"contributions":{},"includedScopes":[]},"sourceMap":{"end":{"column":26,"line":4,"offset":68},"start":{"column":4,"line":4,"offset":46}},"value":{"id":"774f58e3-883d-4698-8b11-a211b9c360bb","metadata":[],"scope":{"containerScope":{"containerScope":{"containerScope":{"containerScope":{"containerScope":{"contributions":{},"includedScopes":[]},"contributions":{},"includedScopes":[]},"contributions":{},"includedScopes":[]},"contributions":{},"includedScopes":[{"containerScope":{"containerScope":{"containerScope":{"contributions":{},"includedScopes":[]},"contributions":{},"includedScopes":[]},"contributions":{},"includedScopes":[]},"contributions":{},"includedScopes":[]}]},"contributions":{},"includedScopes":[]},"contributions":{},"includedScopes":[]},"sourceMap":{"end":{"column":26,"line":4,"offset":68},"start":{"column":22,"line":4,"offset":64}},"value":36.6}},{"body":{"id":"cbe3b861-9b71-4907-8184-dcf3292aa89f","metadata":[],"problems":[],"scope":{"containerScope":{"containerScope":{"containerScope":{"containerScope":{"containerScope":{"contributions":{},"includedScopes":[]},"contributions":{},"includedScopes":[]},"contributions":{},"includedScopes":[]},"contributions":{},"includedScopes":[{"containerScope":{"containerScope":{"containerScope":{"contributions":{},"includedScopes":[]},"contributions":{},"includedScopes":[]},"contributions":{},"includedScopes":[]},"contributions":{},"includedScopes":[]}]},"contributions":{},"includedScopes":[]},"contributions":{},"includedScopes":[]},"sentences":[{"args":[{"id":"f601ceb0-7499-4c33-afdd-b9a8e2e6898e","metadata":[],"name":"enfermedad","scope":{"containerScope":{"containerScope":{"containerScope":{"containerScope":{"containerScope":{"containerScope":{"containerScope":{"contributions":{},"includedScopes":[]},"contributions":{},"includedScopes":[]},"contributions":{},"includedScopes":[]},"contributions":{},"includedScopes":[{"containerScope":{"containerScope":{"containerScope":{"contributions":{},"includedScopes":[]},"contributions":{},"includedScopes":[]},"contributions":{},"includedScopes":[]},"contributions":{},"includedScopes":[]}]},"contributions":{},"includedScopes":[]},"contributions":{},"includedScopes":[]},"contributions":{},"includedScopes":[]},"contributions":{},"includedScopes":[]},"sourceMap":{"end":{"column":34,"line":10,"offset":346},"start":{"column":24,"line":10,"offset":336}}}],"id":"006eadba-ae55-49e6-93cb-a5128c6a4e40","message":"add","metadata":[],"receiver":{"id":"b04e1672-837a-405e-a2f3-4bc261536581","metadata":[],"name":"enfermedades","scope":{"containerScope":{"containerScope":{"containerScope":{"containerScope":{"containerScope":{"containerScope":{"containerScope":{"contributions":{},"includedScopes":[]},"contributions":{},"includedScopes":[]},"contributions":{},"includedScopes":[]},"contributions":{},"includedScopes":[{"containerScope":{"containerScope":{"containerScope":{"contributions":{},"includedScopes":[]},"contributions":{},"includedScopes":[]},"contributions":{},"includedScopes":[]},"contributions":{},"includedScopes":[]}]},"contributions":{},"includedScopes":[]},"contributions":{},"includedScopes":[]},"contributions":{},"includedScopes":[]},"contributions":{},"includedScopes":[]},"sourceMap":{"end":{"column":19,"line":10,"offset":331},"start":{"column":7,"line":10,"offset":319}}},"scope":{"containerScope":{"containerScope":{"containerScope":{"containerScope":{"containerScope":{"containerScope":{"contributions":{},"includedScopes":[]},"contributions":{},"includedScopes":[]},"contributions":{},"includedScopes":[]},"contributions":{},"includedScopes":[{"containerScope":{"containerScope":{"containerScope":{"contributions":{},"includedScopes":[]},"contributions":{},"includedScopes":[]},"contributions":{},"includedScopes":[]},"contributions":{},"includedScopes":[]}]},"contributions":{},"includedScopes":[]},"contributions":{},"includedScopes":[]},"contributions":{},"includedScopes":[]},"sourceMap":{"end":{"column":35,"line":10,"offset":347},"start":{"column":7,"line":10,"offset":319}}}],"sourceMap":{"end":{"column":4,"line":11,"offset":351},"start":{"column":29,"line":9,"offset":311}}},"compiled":false,"id":"adfb6a00-74c0-4b87-8015-6c642a98a814","isOverride":false,"metadata":[],"name":"contrae","parameters":[{"id":"5c297acb-c430-416a-8778-c37a90612f0c","isVarArg":false,"metadata":[],"name":"enfermedad","scope":{"containerScope":{"containerScope":{"containerScope":{"containerScope":{"containerScope":{"contributions":{},"includedScopes":[]},"contributions":{},"includedScopes":[]},"contributions":{},"includedScopes":[]},"contributions":{},"includedScopes":[{"containerScope":{"containerScope":{"containerScope":{"contributions":{},"includedScopes":[]},"contributions":{},"includedScopes":[]},"contributions":{},"includedScopes":[]},"contributions":{},"includedScopes":[]}]},"contributions":{},"includedScopes":[]},"contributions":{},"includedScopes":[]},"sourceMap":{"end":{"column":28,"line":9,"offset":310},"start":{"column":18,"line":9,"offset":300}}}],"problems":[],"scope":{"containerScope":{"containerScope":{"containerScope":{"containerScope":{"contributions":{},"includedScopes":[]},"contributions":{},"includedScopes":[]},"contributions":{},"includedScopes":[]},"contributions":{},"includedScopes":[{"containerScope":{"containerScope":{"containerScope":{"contributions":{},"includedScopes":[]},"contributions":{},"includedScopes":[]},"contributions":{},"includedScopes":[]},"contributions":{},"includedScopes":[]}]},"contributions":{},"includedScopes":[]},"sourceMap":{"end":{"column":4,"line":11,"offset":351},"start":{"column":3,"line":9,"offset":285}}},{"body":{"id":"91caaf09-7f21-42c8-85d3-765123f9473c","metadata":[],"problems":[],"scope":{"containerScope":{"containerScope":{"containerScope":{"containerScope":{"containerScope":{"contributions":{},"includedScopes":[]},"contributions":{},"includedScopes":[]},"contributions":{},"includedScopes":[]},"contributions":{},"includedScopes":[{"containerScope":{"containerScope":{"containerScope":{"contributions":{},"includedScopes":[]},"contributions":{},"includedScopes":[]},"contributions":{},"includedScopes":[]},"contributions":{},"includedScopes":[]}]},"contributions":{},"includedScopes":[]},"contributions":{},"includedScopes":[]},"sentences":[{"args":[{"id":"329837dc-79cf-4ea1-96dc-2db61c77e7f6","metadata":[],"name":"unaEnfermedad","scope":{"containerScope":{"containerScope":{"containerScope":{"containerScope":{"containerScope":{"containerScope":{"containerScope":{"contributions":{},"includedScopes":[]},"contributions":{},"includedScopes":[]},"contributions":{},"includedScopes":[]},"contributions":{},"includedScopes":[{"containerScope":{"containerScope":{"containerScope":{"contributions":{},"includedScopes":[]},"contributions":{},"includedScopes":[]},"contributions":{},"includedScopes":[]},"contributions":{},"includedScopes":[]}]},"contributions":{},"includedScopes":[]},"contributions":{},"includedScopes":[]},"contributions":{},"includedScopes":[]},"contributions":{},"includedScopes":[]},"sourceMap":{"end":{"column":40,"line":13,"offset":430},"start":{"column":27,"line":13,"offset":417}}}],"id":"6abfe14a-732b-4004-9465-d1684c1ac988","message":"contains","metadata":[],"receiver":{"id":"450f4b03-692c-4e3a-9132-87c32b540a50","metadata":[],"name":"enfermedades","scope":{"containerScope":{"containerScope":{"containerScope":{"containerScope":{"containerScope":{"containerScope":{"containerScope":{"contributions":{},"includedScopes":[]},"contributions":{},"includedScopes":[]},"contributions":{},"includedScopes":[]},"contributions":{},"includedScopes":[{"containerScope":{"containerScope":{"containerScope":{"contributions":{},"includedScopes":[]},"contributions":{},"includedScopes":[]},"contributions":{},"includedScopes":[]},"contributions":{},"includedScopes":[]}]},"contributions":{},"includedScopes":[]},"contributions":{},"includedScopes":[]},"contributions":{},"includedScopes":[]},"contributions":{},"includedScopes":[]},"sourceMap":{"end":{"column":17,"line":13,"offset":407},"start":{"column":5,"line":13,"offset":395}}},"scope":{"containerScope":{"containerScope":{"containerScope":{"containerScope":{"containerScope":{"containerScope":{"contributions":{},"includedScopes":[]},"contributions":{},"includedScopes":[]},"contributions":{},"includedScopes":[]},"contributions":{},"includedScopes":[{"containerScope":{"containerScope":{"containerScope":{"contributions":{},"includedScopes":[]},"contributions":{},"includedScopes":[]},"contributions":{},"includedScopes":[]},"contributions":{},"includedScopes":[]}]},"contributions":{},"includedScopes":[]},"contributions":{},"includedScopes":[]},"contributions":{},"includedScopes":[]},"sourceMap":{"end":{"column":41,"line":13,"offset":431},"start":{"column":5,"line":13,"offset":395}}}],"sourceMap":{"end":{"column":4,"line":14,"offset":435},"start":{"column":38,"line":12,"offset":389}}},"compiled":false,"id":"bf352c08-c8b9-43b8-81db-b7a353886110","isOverride":false,"metadata":[],"name":"estaEnfermoDe","parameters":[{"id":"db3d5b7a-396d-4b61-99ee-b08b0eb45765","isVarArg":false,"metadata":[],"name":"unaEnfermedad","scope":{"containerScope":{"containerScope":{"containerScope":{"containerScope":{"containerScope":{"contributions":{},"includedScopes":[]},"contributions":{},"includedScopes":[]},"contributions":{},"includedScopes":[]},"contributions":{},"includedScopes":[{"containerScope":{"containerScope":{"containerScope":{"contributions":{},"includedScopes":[]},"contributions":{},"includedScopes":[]},"contributions":{},"includedScopes":[]},"contributions":{},"includedScopes":[]}]},"contributions":{},"includedScopes":[]},"contributions":{},"includedScopes":[]},"sourceMap":{"end":{"column":37,"line":12,"offset":388},"start":{"column":24,"line":12,"offset":375}}}],"problems":[],"scope":{"containerScope":{"containerScope":{"containerScope":{"containerScope":{"contributions":{},"includedScopes":[]},"contributions":{},"includedScopes":[]},"contributions":{},"includedScopes":[]},"contributions":{},"includedScopes":[{"containerScope":{"containerScope":{"containerScope":{"contributions":{},"includedScopes":[]},"contributions":{},"includedScopes":[]},"contributions":{},"includedScopes":[]},"contributions":{},"includedScopes":[]}]},"contributions":{},"includedScopes":[]},"sourceMap":{"end":{"column":4,"line":14,"offset":435},"start":{"column":3,"line":12,"offset":354}}},{"body":{"id":"8a28c2a5-e671-42c0-a89a-9b8e434c1461","metadata":[],"problems":[],"scope":{"containerScope":{"containerScope":{"containerScope":{"containerScope":{"containerScope":{"contributions":{},"includedScopes":[]},"contributions":{},"includedScopes":[]},"contributions":{},"includedScopes":[]},"contributions":{},"includedScopes":[{"containerScope":{"containerScope":{"containerScope":{"contributions":{},"includedScopes":[]},"contributions":{},"includedScopes":[]},"contributions":{},"includedScopes":[]},"contributions":{},"includedScopes":[]}]},"contributions":{},"includedScopes":[]},"contributions":{},"includedScopes":[]},"sentences":[{"id":"41510ad6-de0e-47bf-81ae-9f47b3498de2","metadata":[],"scope":{"containerScope":{"containerScope":{"containerScope":{"containerScope":{"containerScope":{"containerScope":{"contributions":{},"includedScopes":[]},"contributions":{},"includedScopes":[]},"contributions":{},"includedScopes":[]},"contributions":{},"includedScopes":[{"containerScope":{"containerScope":{"containerScope":{"contributions":{},"includedScopes":[]},"contributions":{},"includedScopes":[]},"contributions":{},"includedScopes":[]},"contributions":{},"includedScopes":[]}]},"contributions":{},"includedScopes":[]},"contributions":{},"includedScopes":[]},"contributions":{},"includedScopes":[]},"value":{"id":"1b1f37c4-749b-42b0-92f0-2f23d1d45ceb","metadata":[],"name":"temperatura","scope":{"containerScope":{"containerScope":{"containerScope":{"containerScope":{"containerScope":{"containerScope":{"containerScope":{"contributions":{},"includedScopes":[]},"contributions":{},"includedScopes":[]},"contributions":{},"includedScopes":[]},"contributions":{},"includedScopes":[{"containerScope":{"containerScope":{"containerScope":{"contributions":{},"includedScopes":[]},"contributions":{},"includedScopes":[]},"contributions":{},"includedScopes":[]},"contributions":{},"includedScopes":[]}]},"contributions":{},"includedScopes":[]},"contributions":{},"includedScopes":[]},"contributions":{},"includedScopes":[]},"contributions":{},"includedScopes":[]},"sourceMap":{"end":{"column":37,"line":15,"offset":472},"start":{"column":26,"line":15,"offset":461}}}}],"sourceMap":{"end":{"column":37,"line":15,"offset":472},"start":{"column":26,"line":15,"offset":461}}},"compiled":false,"id":"0f069139-3dd6-4812-8c74-7a2ffef6ad54","isOverride":false,"metadata":[],"name":"temperatura","parameters":[],"problems":[],"scope":{"containerScope":{"containerScope":{"containerScope":{"containerScope":{"contributions":{},"includedScopes":[]},"contributions":{},"includedScopes":[]},"contributions":{},"includedScopes":[]},"contributions":{},"includedScopes":[{"containerScope":{"containerScope":{"containerScope":{"contributions":{},"includedScopes":[]},"contributions":{},"includedScopes":[]},"contributions":{},"includedScopes":[]},"contributions":{},"includedScopes":[]}]},"contributions":{},"includedScopes":[]},"sourceMap":{"end":{"column":37,"line":15,"offset":472},"start":{"column":3,"line":15,"offset":438}}},{"body":{"id":"cf2215a1-3009-4328-a476-9789390d2877","metadata":[],"problems":[],"scope":{"containerScope":{"containerScope":{"containerScope":{"containerScope":{"containerScope":{"contributions":{},"includedScopes":[]},"contributions":{},"includedScopes":[]},"contributions":{},"includedScopes":[]},"contributions":{},"includedScopes":[{"containerScope":{"containerScope":{"containerScope":{"contributions":{},"includedScopes":[]},"contributions":{},"includedScopes":[]},"contributions":{},"includedScopes":[]},"contributions":{},"includedScopes":[]}]},"contributions":{},"includedScopes":[]},"contributions":{},"includedScopes":[]},"sentences":[{"args":[{"id":"9ae5b5ab-b96f-41cb-b6d0-0b5725a0c1c9","members":[{"body":{"id":"6fdbc53d-af5a-48bc-81bd-373edad19d49","metadata":[],"scope":{"containerScope":{"containerScope":{"containerScope":{"containerScope":{"containerScope":{"containerScope":{"containerScope":{"containerScope":{"containerScope":{"contributions":{},"includedScopes":[]},"contributions":{},"includedScopes":[]},"contributions":{},"includedScopes":[]},"contributions":{},"includedScopes":[{"containerScope":{"containerScope":{"containerScope":{"contributions":{},"includedScopes":[]},"contributions":{},"includedScopes":[]},"contributions":{},"includedScopes":[]},"contributions":{},"includedScopes":[]}]},"contributions":{},"includedScopes":[]},"contributions":{},"includedScopes":[]},"contributions":{},"includedScopes":[]},"contributions":{},"includedScopes":[{"containerScope":{"containerScope":{"containerScope":{"contributions":{},"includedScopes":[]},"contributions":{},"includedScopes":[]},"contributions":{},"includedScopes":[]},"contributions":{},"includedScopes":[{"containerScope":{"containerScope":{"containerScope":{"contributions":{},"includedScopes":[]},"contributions":{},"includedScopes":[]},"contributions":{},"includedScopes":[]},"contributions":{},"includedScopes":[]}]},{"containerScope":{"containerScope":{"containerScope":{"contributions":{},"includedScopes":[]},"contributions":{},"includedScopes":[]},"contributions":{},"includedScopes":[]},"contributions":{},"includedScopes":[]}]},"contributions":{},"includedScopes":[]},"contributions":{},"includedScopes":[]},"sentences":[{"id":"68227b9c-c64d-48b0-89cf-5bd325b4fbe3","metadata":[],"scope":{"containerScope":{"containerScope":{"containerScope":{"containerScope":{"containerScope":{"containerScope":{"containerScope":{"containerScope":{"containerScope":{"containerScope":{"contributions":{},"includedScopes":[]},"contributions":{},"includedScopes":[]},"contributions":{},"includedScopes":[]},"contributions":{},"includedScopes":[{"containerScope":{"containerScope":{"containerScope":{"contributions":{},"includedScopes":[]},"contributions":{},"includedScopes":[]},"contributions":{},"includedScopes":[]},"contributions":{},"includedScopes":[]}]},"contributions":{},"includedScopes":[]},"contributions":{},"includedScopes":[]},"contributions":{},"includedScopes":[]},"contributions":{},"includedScopes":[{"containerScope":{"containerScope":{"containerScope":{"contributions":{},"includedScopes":[]},"contributions":{},"includedScopes":[]},"contributions":{},"includedScopes":[]},"contributions":{},"includedScopes":[{"containerScope":{"containerScope":{"containerScope":{"contributions":{},"includedScopes":[]},"contributions":{},"includedScopes":[]},"contributions":{},"includedScopes":[]},"contributions":{},"includedScopes":[]}]},{"containerScope":{"containerScope":{"containerScope":{"contributions":{},"includedScopes":[]},"contributions":{},"includedScopes":[]},"contributions":{},"includedScopes":[]},"contributions":{},"includedScopes":[]}]},"contributions":{},"includedScopes":[]},"contributions":{},"includedScopes":[]},"contributions":{},"includedScopes":[]},"value":{"args":[{"id":"f3b6d5d8-2194-4a9e-9cdf-170bc3390268","metadata":[],"scope":{"containerScope":{"containerScope":{"containerScope":{"containerScope":{"containerScope":{"containerScope":{"containerScope":{"containerScope":{"containerScope":{"containerScope":{"containerScope":{"containerScope":{"contributions":{},"includedScopes":[]},"contributions":{},"includedScopes":[]},"contributions":{},"includedScopes":[]},"contributions":{},"includedScopes":[{"containerScope":{"containerScope":{"containerScope":{"contributions":{},"includedScopes":[]},"contributions":{},"includedScopes":[]},"contributions":{},"includedScopes":[]},"contributions":{},"includedScopes":[]}]},"contributions":{},"includedScopes":[]},"contributions":{},"includedScopes":[]},"contributions":{},"includedScopes":[]},"contributions":{},"includedScopes":[{"containerScope":{"containerScope":{"containerScope":{"contributions":{},"includedScopes":[]},"contributions":{},"includedScopes":[]},"contributions":{},"includedScopes":[]},"contributions":{},"includedScopes":[{"containerScope":{"containerScope":{"containerScope":{"contributions":{},"includedScopes":[]},"contributions":{},"includedScopes":[]},"contributions":{},"includedScopes":[]},"contributions":{},"includedScopes":[]}]},{"containerScope":{"containerScope":{"containerScope":{"contributions":{},"includedScopes":[]},"contributions":{},"includedScopes":[]},"contributions":{},"includedScopes":[]},"contributions":{},"includedScopes":[]}]},"contributions":{},"includedScopes":[]},"contributions":{},"includedScopes":[]},"contributions":{},"includedScopes":[]},"contributions":{},"includedScopes":[]},"contributions":{},"includedScopes":[]},"sourceMap":{"end":{"column":67,"line":17,"offset":561},"start":{"column":63,"line":17,"offset":557}}}],"id":"8a2b86be-c363-4b77-ad84-d043386aaf2c","message":"afectarA","metadata":[],"receiver":{"id":"0c0df574-f2d5-4d9c-8704-d9c2dbb25a4e","metadata":[],"name":"enfermedad","scope":{"containerScope":{"containerScope":{"containerScope":{"containerScope":{"containerScope":{"containerScope":{"containerScope":{"containerScope":{"containerScope":{"containerScope":{"containerScope":{"containerScope":{"contributions":{},"includedScopes":[]},"contributions":{},"includedScopes":[]},"contributions":{},"includedScopes":[]},"contributions":{},"includedScopes":[{"containerScope":{"containerScope":{"containerScope":{"contributions":{},"includedScopes":[]},"contributions":{},"includedScopes":[]},"contributions":{},"includedScopes":[]},"contributions":{},"includedScopes":[]}]},"contributions":{},"includedScopes":[]},"contributions":{},"includedScopes":[]},"contributions":{},"includedScopes":[]},"contributions":{},"includedScopes":[{"containerScope":{"containerScope":{"containerScope":{"contributions":{},"includedScopes":[]},"contributions":{},"includedScopes":[]},"contributions":{},"includedScopes":[]},"contributions":{},"includedScopes":[{"containerScope":{"containerScope":{"containerScope":{"contributions":{},"includedScopes":[]},"contributions":{},"includedScopes":[]},"contributions":{},"includedScopes":[]},"contributions":{},"includedScopes":[]}]},{"containerScope":{"containerScope":{"containerScope":{"contributions":{},"includedScopes":[]},"contributions":{},"includedScopes":[]},"contributions":{},"includedScopes":[]},"contributions":{},"includedScopes":[]}]},"contributions":{},"includedScopes":[]},"contributions":{},"includedScopes":[]},"contributions":{},"includedScopes":[]},"contributions":{},"includedScopes":[]},"contributions":{},"includedScopes":[]},"sourceMap":{"end":{"column":53,"line":17,"offset":547},"start":{"column":43,"line":17,"offset":537}}},"scope":{"containerScope":{"containerScope":{"containerScope":{"containerScope":{"containerScope":{"containerScope":{"containerScope":{"containerScope":{"containerScope":{"containerScope":{"containerScope":{"contributions":{},"includedScopes":[]},"contributions":{},"includedScopes":[]},"contributions":{},"includedScopes":[]},"contributions":{},"includedScopes":[{"containerScope":{"containerScope":{"containerScope":{"contributions":{},"includedScopes":[]},"contributions":{},"includedScopes":[]},"contributions":{},"includedScopes":[]},"contributions":{},"includedScopes":[]}]},"contributions":{},"includedScopes":[]},"contributions":{},"includedScopes":[]},"contributions":{},"includedScopes":[]},"contributions":{},"includedScopes":[{"containerScope":{"containerScope":{"containerScope":{"contributions":{},"includedScopes":[]},"contributions":{},"includedScopes":[]},"contributions":{},"includedScopes":[]},"contributions":{},"includedScopes":[{"containerScope":{"containerScope":{"containerScope":{"contributions":{},"includedScopes":[]},"contributions":{},"includedScopes":[]},"contributions":{},"includedScopes":[]},"contributions":{},"includedScopes":[]}]},{"containerScope":{"containerScope":{"containerScope":{"contributions":{},"includedScopes":[]},"contributions":{},"includedScopes":[]},"contributions":{},"includedScopes":[]},"contributions":{},"includedScopes":[]}]},"contributions":{},"includedScopes":[]},"contributions":{},"includedScopes":[]},"contributions":{},"includedScopes":[]},"contributions":{},"includedScopes":[]},"sourceMap":{"end":{"column":68,"line":17,"offset":562},"start":{"column":43,"line":17,"offset":537}}}}]},"compiled":false,"id":"2704d6a0-8646-400c-aeb9-aa9feb6abcfe","isOverride":false,"metadata":[],"name":"<apply>","parameters":[{"id":"0277bf68-3a1a-47f7-bde6-0ef1814afe0b","isVarArg":false,"metadata":[],"name":"enfermedad","scope":{"containerScope":{"containerScope":{"containerScope":{"containerScope":{"containerScope":{"containerScope":{"containerScope":{"containerScope":{"containerScope":{"contributions":{},"includedScopes":[]},"contributions":{},"includedScopes":[]},"contributions":{},"includedScopes":[]},"contributions":{},"includedScopes":[{"containerScope":{"containerScope":{"containerScope":{"contributions":{},"includedScopes":[]},"contributions":{},"includedScopes":[]},"contributions":{},"includedScopes":[]},"contributions":{},"includedScopes":[]}]},"contributions":{},"includedScopes":[]},"contributions":{},"includedScopes":[]},"contributions":{},"includedScopes":[]},"contributions":{},"includedScopes":[{"containerScope":{"containerScope":{"containerScope":{"contributions":{},"includedScopes":[]},"contributions":{},"includedScopes":[]},"contributions":{},"includedScopes":[]},"contributions":{},"includedScopes":[{"containerScope":{"containerScope":{"containerScope":{"contributions":{},"includedScopes":[]},"contributions":{},"includedScopes":[]},"contributions":{},"includedScopes":[]},"contributions":{},"includedScopes":[]}]},{"containerScope":{"containerScope":{"containerScope":{"contributions":{},"includedScopes":[]},"contributions":{},"includedScopes":[]},"contributions":{},"includedScopes":[]},"contributions":{},"includedScopes":[]}]},"contributions":{},"includedScopes":[]},"contributions":{},"includedScopes":[]},"sourceMap":{"end":{"column":39,"line":17,"offset":533},"start":{"column":29,"line":17,"offset":523}}}],"scope":{"containerScope":{"containerScope":{"containerScope":{"containerScope":{"containerScope":{"containerScope":{"containerScope":{"containerScope":{"contributions":{},"includedScopes":[]},"contributions":{},"includedScopes":[]},"contributions":{},"includedScopes":[]},"contributions":{},"includedScopes":[{"containerScope":{"containerScope":{"containerScope":{"contributions":{},"includedScopes":[]},"contributions":{},"includedScopes":[]},"contributions":{},"includedScopes":[]},"contributions":{},"includedScopes":[]}]},"contributions":{},"includedScopes":[]},"contributions":{},"includedScopes":[]},"contributions":{},"includedScopes":[]},"contributions":{},"includedScopes":[{"containerScope":{"containerScope":{"containerScope":{"contributions":{},"includedScopes":[]},"contributions":{},"includedScopes":[]},"contributions":{},"includedScopes":[]},"contributions":{},"includedScopes":[{"containerScope":{"containerScope":{"containerScope":{"contributions":{},"includedScopes":[]},"contributions":{},"includedScopes":[]},"contributions":{},"includedScopes":[]},"contributions":{},"includedScopes":[]}]},{"containerScope":{"containerScope":{"containerScope":{"contributions":{},"includedScopes":[]},"contributions":{},"includedScopes":[]},"contributions":{},"includedScopes":[]},"contributions":{},"includedScopes":[]}]},"contributions":{},"includedScopes":[]}},{"id":"ba9f852a-28b7-47eb-9a5b-2e44470fae41","isConstant":true,"isProperty":false,"metadata":[],"name":"<toString>","scope":{"containerScope":{"containerScope":{"containerScope":{"containerScope":{"containerScope":{"containerScope":{"containerScope":{"containerScope":{"contributions":{},"includedScopes":[]},"contributions":{},"includedScopes":[]},"contributions":{},"includedScopes":[]},"contributions":{},"includedScopes":[{"containerScope":{"containerScope":{"containerScope":{"contributions":{},"includedScopes":[]},"contributions":{},"includedScopes":[]},"contributions":{},"includedScopes":[]},"contributions":{},"includedScopes":[]}]},"contributions":{},"includedScopes":[]},"contributions":{},"includedScopes":[]},"contributions":{},"includedScopes":[]},"contributions":{},"includedScopes":[{"containerScope":{"containerScope":{"containerScope":{"contributions":{},"includedScopes":[]},"contributions":{},"includedScopes":[]},"contributions":{},"includedScopes":[]},"contributions":{},"includedScopes":[{"containerScope":{"containerScope":{"containerScope":{"contributions":{},"includedScopes":[]},"contributions":{},"includedScopes":[]},"contributions":{},"includedScopes":[]},"contributions":{},"includedScopes":[]}]},{"containerScope":{"containerScope":{"containerScope":{"contributions":{},"includedScopes":[]},"contributions":{},"includedScopes":[]},"contributions":{},"includedScopes":[]},"contributions":{},"includedScopes":[]}]},"contributions":{},"includedScopes":[]},"value":{"id":"7f300d4f-99ef-4264-8d4f-f95961268f77","metadata":[],"scope":{"containerScope":{"containerScope":{"containerScope":{"containerScope":{"containerScope":{"containerScope":{"containerScope":{"containerScope":{"containerScope":{"contributions":{},"includedScopes":[]},"contributions":{},"includedScopes":[]},"contributions":{},"includedScopes":[]},"contributions":{},"includedScopes":[{"containerScope":{"containerScope":{"containerScope":{"contributions":{},"includedScopes":[]},"contributions":{},"includedScopes":[]},"contributions":{},"includedScopes":[]},"contributions":{},"includedScopes":[]}]},"contributions":{},"includedScopes":[]},"contributions":{},"includedScopes":[]},"contributions":{},"includedScopes":[]},"contributions":{},"includedScopes":[{"containerScope":{"containerScope":{"containerScope":{"contributions":{},"includedScopes":[]},"contributions":{},"includedScopes":[]},"contributions":{},"includedScopes":[]},"contributions":{},"includedScopes":[{"containerScope":{"containerScope":{"containerScope":{"contributions":{},"includedScopes":[]},"contributions":{},"includedScopes":[]},"contributions":{},"includedScopes":[]},"contributions":{},"includedScopes":[]}]},{"containerScope":{"containerScope":{"containerScope":{"contributions":{},"includedScopes":[]},"contributions":{},"includedScopes":[]},"contributions":{},"includedScopes":[]},"contributions":{},"includedScopes":[]}]},"contributions":{},"includedScopes":[]},"contributions":{},"includedScopes":[]},"value":"{enfermedad => enfermedad.afectarA(self)}"}}],"metadata":[],"scope":{"containerScope":{"containerScope":{"containerScope":{"containerScope":{"containerScope":{"containerScope":{"containerScope":{"contributions":{},"includedScopes":[]},"contributions":{},"includedScopes":[]},"contributions":{},"includedScopes":[]},"contributions":{},"includedScopes":[{"containerScope":{"containerScope":{"containerScope":{"contributions":{},"includedScopes":[]},"contributions":{},"includedScopes":[]},"contributions":{},"includedScopes":[]},"contributions":{},"includedScopes":[]}]},"contributions":{},"includedScopes":[]},"contributions":{},"includedScopes":[]},"contributions":{},"includedScopes":[]},"contributions":{},"includedScopes":[{"containerScope":{"containerScope":{"containerScope":{"contributions":{},"includedScopes":[]},"contributions":{},"includedScopes":[]},"contributions":{},"includedScopes":[]},"contributions":{},"includedScopes":[{"containerScope":{"containerScope":{"containerScope":{"contributions":{},"includedScopes":[]},"contributions":{},"includedScopes":[]},"contributions":{},"includedScopes":[]},"contributions":{},"includedScopes":[]}]},{"containerScope":{"containerScope":{"containerScope":{"contributions":{},"includedScopes":[]},"contributions":{},"includedScopes":[]},"contributions":{},"includedScopes":[]},"contributions":{},"includedScopes":[]}]},"sourceMap":{"end":{"column":69,"line":17,"offset":563},"start":{"column":28,"line":17,"offset":522}},"supertypes":[{"args":[],"id":"b662398f-75b8-40f4-aeca-91603070ce8f","metadata":[],"reference":{"id":"6352e8ea-b86e-4d9c-bddd-325158dce29c","metadata":[],"name":"wollok.lang.Closure","scope":{"containerScope":{"containerScope":{"containerScope":{"containerScope":{"containerScope":{"containerScope":{"containerScope":{"containerScope":{"contributions":{},"includedScopes":[]},"contributions":{},"includedScopes":[]},"contributions":{},"includedScopes":[]},"contributions":{},"includedScopes":[{"containerScope":{"containerScope":{"containerScope":{"contributions":{},"includedScopes":[]},"contributions":{},"includedScopes":[]},"contributions":{},"includedScopes":[]},"contributions":{},"includedScopes":[]}]},"contributions":{},"includedScopes":[]},"contributions":{},"includedScopes":[]},"contributions":{},"includedScopes":[]},"contributions":{},"includedScopes":[{"containerScope":{"containerScope":{"containerScope":{"contributions":{},"includedScopes":[]},"contributions":{},"includedScopes":[]},"contributions":{},"includedScopes":[]},"contributions":{},"includedScopes":[{"containerScope":{"containerScope":{"containerScope":{"contributions":{},"includedScopes":[]},"contributions":{},"includedScopes":[]},"contributions":{},"includedScopes":[]},"contributions":{},"includedScopes":[]}]},{"containerScope":{"containerScope":{"containerScope":{"contributions":{},"includedScopes":[]},"contributions":{},"includedScopes":[]},"contributions":{},"includedScopes":[]},"contributions":{},"includedScopes":[]}]},"contributions":{},"includedScopes":[]}},"scope":{"containerScope":{"containerScope":{"containerScope":{"containerScope":{"containerScope":{"containerScope":{"containerScope":{"containerScope":{"contributions":{},"includedScopes":[]},"contributions":{},"includedScopes":[]},"contributions":{},"includedScopes":[]},"contributions":{},"includedScopes":[{"containerScope":{"containerScope":{"containerScope":{"contributions":{},"includedScopes":[]},"contributions":{},"includedScopes":[]},"contributions":{},"includedScopes":[]},"contributions":{},"includedScopes":[]}]},"contributions":{},"includedScopes":[]},"contributions":{},"includedScopes":[]},"contributions":{},"includedScopes":[]},"contributions":{},"includedScopes":[{"containerScope":{"containerScope":{"containerScope":{"contributions":{},"includedScopes":[]},"contributions":{},"includedScopes":[]},"contributions":{},"includedScopes":[]},"contributions":{},"includedScopes":[{"containerScope":{"containerScope":{"containerScope":{"contributions":{},"includedScopes":[]},"contributions":{},"includedScopes":[]},"contributions":{},"includedScopes":[]},"contributions":{},"includedScopes":[]}]},{"containerScope":{"containerScope":{"containerScope":{"contributions":{},"includedScopes":[]},"contributions":{},"includedScopes":[]},"contributions":{},"includedScopes":[]},"contributions":{},"includedScopes":[]}]},"contributions":{},"includedScopes":[]}}]}],"id":"1cb7b54e-3cdd-4c7e-86e1-b8595365e4e6","message":"forEach","metadata":[{"args":{"position":"end","text":"//similar a un map"},"name":"comment"}],"receiver":{"id":"6a82ddcb-2a0e-456f-bf32-5fdfb97248de","metadata":[],"name":"enfermedades","scope":{"containerScope":{"containerScope":{"containerScope":{"containerScope":{"containerScope":{"containerScope":{"containerScope":{"contributions":{},"includedScopes":[]},"contributions":{},"includedScopes":[]},"contributions":{},"includedScopes":[]},"contributions":{},"includedScopes":[{"containerScope":{"containerScope":{"containerScope":{"contributions":{},"includedScopes":[]},"contributions":{},"includedScopes":[]},"contributions":{},"includedScopes":[]},"contributions":{},"includedScopes":[]}]},"contributions":{},"includedScopes":[]},"contributions":{},"includedScopes":[]},"contributions":{},"includedScopes":[]},"contributions":{},"includedScopes":[]},"sourceMap":{"end":{"column":19,"line":17,"offset":513},"start":{"column":7,"line":17,"offset":501}}},"scope":{"containerScope":{"containerScope":{"containerScope":{"containerScope":{"containerScope":{"containerScope":{"contributions":{},"includedScopes":[]},"contributions":{},"includedScopes":[]},"contributions":{},"includedScopes":[]},"contributions":{},"includedScopes":[{"containerScope":{"containerScope":{"containerScope":{"contributions":{},"includedScopes":[]},"contributions":{},"includedScopes":[]},"contributions":{},"includedScopes":[]},"contributions":{},"includedScopes":[]}]},"contributions":{},"includedScopes":[]},"contributions":{},"includedScopes":[]},"contributions":{},"includedScopes":[]},"sourceMap":{"end":{"column":70,"line":17,"offset":564},"start":{"column":7,"line":17,"offset":501}}},{"id":"e8c9df78-dcd8-4e83-b9d8-4285b279fe3f","metadata":[{"args":{"position":"start","text":"// cada enfermedad es un elemento del conjunto enfermedades ESTO ES COMO UN LAMDA"},"name":"comment"}],"name":"method","scope":{"containerScope":{"containerScope":{"containerScope":{"containerScope":{"containerScope":{"containerScope":{"contributions":{},"includedScopes":[]},"contributions":{},"includedScopes":[]},"contributions":{},"includedScopes":[]},"contributions":{},"includedScopes":[{"containerScope":{"containerScope":{"containerScope":{"contributions":{},"includedScopes":[]},"contributions":{},"includedScopes":[]},"contributions":{},"includedScopes":[]},"contributions":{},"includedScopes":[]}]},"contributions":{},"includedScopes":[]},"contributions":{},"includedScopes":[]},"contributions":{},"includedScopes":[]},"sourceMap":{"end":{"column":9,"line":19,"offset":680},"start":{"column":3,"line":19,"offset":674}}},{"args":[],"id":"ecc0c256-a656-4765-a3b5-47c9eee8b00a","message":"disminuirCelulas","metadata":[],"problems":[{"code":"malformedMessageSend","sourceMap":{"end":{"column":26,"line":19,"offset":697},"start":{"column":10,"line":19,"offset":681}}}],"receiver":{"id":"d8dd6931-0d90-4d29-8acc-88d1b9e72707","metadata":[],"scope":{"containerScope":{"containerScope":{"containerScope":{"containerScope":{"containerScope":{"containerScope":{"containerScope":{"contributions":{},"includedScopes":[]},"contributions":{},"includedScopes":[]},"contributions":{},"includedScopes":[]},"contributions":{},"includedScopes":[{"containerScope":{"containerScope":{"containerScope":{"contributions":{},"includedScopes":[]},"contributions":{},"includedScopes":[]},"contributions":{},"includedScopes":[]},"contributions":{},"includedScopes":[]}]},"contributions":{},"includedScopes":[]},"contributions":{},"includedScopes":[]},"contributions":{},"includedScopes":[]},"contributions":{},"includedScopes":[]},"value":null},"scope":{"containerScope":{"containerScope":{"containerScope":{"containerScope":{"containerScope":{"containerScope":{"contributions":{},"includedScopes":[]},"contributions":{},"includedScopes":[]},"contributions":{},"includedScopes":[]},"contributions":{},"includedScopes":[{"containerScope":{"containerScope":{"containerScope":{"contributions":{},"includedScopes":[]},"contributions":{},"includedScopes":[]},"contributions":{},"includedScopes":[]},"contributions":{},"includedScopes":[]}]},"contributions":{},"includedScopes":[]},"contributions":{},"includedScopes":[]},"contributions":{},"includedScopes":[]},"sourceMap":{"end":{"column":28,"line":19,"offset":699},"start":{"column":10,"line":19,"offset":681}}},{"id":"65e1a48d-e8ff-411a-b9f8-df5d5841b9d0","members":[{"body":{"id":"f9103f73-b23f-49a4-9ad0-734e500fef08","metadata":[],"scope":{"containerScope":{"containerScope":{"containerScope":{"containerScope":{"containerScope":{"containerScope":{"containerScope":{"containerScope":{"contributions":{},"includedScopes":[]},"contributions":{},"includedScopes":[]},"contributions":{},"includedScopes":[]},"contributions":{},"includedScopes":[{"containerScope":{"containerScope":{"containerScope":{"contributions":{},"includedScopes":[]},"contributions":{},"includedScopes":[]},"contributions":{},"includedScopes":[]},"contributions":{},"includedScopes":[]}]},"contributions":{},"includedScopes":[]},"contributions":{},"includedScopes":[]},"contributions":{},"includedScopes":[{"containerScope":{"containerScope":{"containerScope":{"contributions":{},"includedScopes":[]},"contributions":{},"includedScopes":[]},"contributions":{},"includedScopes":[]},"contributions":{},"includedScopes":[{"containerScope":{"containerScope":{"containerScope":{"contributions":{},"includedScopes":[]},"contributions":{},"includedScopes":[]},"contributions":{},"includedScopes":[]},"contributions":{},"includedScopes":[]}]},{"containerScope":{"containerScope":{"containerScope":{"contributions":{},"includedScopes":[]},"contributions":{},"includedScopes":[]},"contributions":{},"includedScopes":[]},"contributions":{},"includedScopes":[]}]},"contributions":{},"includedScopes":[]},"contributions":{},"includedScopes":[]},"sentences":[]},"compiled":false,"id":"abb90039-da03-47c1-94c2-3e3d3214dcd6","isOverride":false,"metadata":[],"name":"<apply>","parameters":[],"scope":{"containerScope":{"containerScope":{"containerScope":{"containerScope":{"containerScope":{"containerScope":{"containerScope":{"contributions":{},"includedScopes":[]},"contributions":{},"includedScopes":[]},"contributions":{},"includedScopes":[]},"contributions":{},"includedScopes":[{"containerScope":{"containerScope":{"containerScope":{"contributions":{},"includedScopes":[]},"contributions":{},"includedScopes":[]},"contributions":{},"includedScopes":[]},"contributions":{},"includedScopes":[]}]},"contributions":{},"includedScopes":[]},"contributions":{},"includedScopes":[]},"contributions":{},"includedScopes":[{"containerScope":{"containerScope":{"containerScope":{"contributions":{},"includedScopes":[]},"contributions":{},"includedScopes":[]},"contributions":{},"includedScopes":[]},"contributions":{},"includedScopes":[{"containerScope":{"containerScope":{"containerScope":{"contributions":{},"includedScopes":[]},"contributions":{},"includedScopes":[]},"contributions":{},"includedScopes":[]},"contributions":{},"includedScopes":[]}]},{"containerScope":{"containerScope":{"containerScope":{"contributions":{},"includedScopes":[]},"contributions":{},"includedScopes":[]},"contributions":{},"includedScopes":[]},"contributions":{},"includedScopes":[]}]},"contributions":{},"includedScopes":[]}},{"id":"b791739a-435b-43f0-a6c8-01915f8d6e6d","isConstant":true,"isProperty":false,"metadata":[],"name":"<toString>","scope":{"containerScope":{"containerScope":{"containerScope":{"containerScope":{"containerScope":{"containerScope":{"containerScope":{"contributions":{},"includedScopes":[]},"contributions":{},"includedScopes":[]},"contributions":{},"includedScopes":[]},"contributions":{},"includedScopes":[{"containerScope":{"containerScope":{"containerScope":{"contributions":{},"includedScopes":[]},"contributions":{},"includedScopes":[]},"contributions":{},"includedScopes":[]},"contributions":{},"includedScopes":[]}]},"contributions":{},"includedScopes":[]},"contributions":{},"includedScopes":[]},"contributions":{},"includedScopes":[{"containerScope":{"containerScope":{"containerScope":{"contributions":{},"includedScopes":[]},"contributions":{},"includedScopes":[]},"contributions":{},"includedScopes":[]},"contributions":{},"includedScopes":[{"containerScope":{"containerScope":{"containerScope":{"contributions":{},"includedScopes":[]},"contributions":{},"includedScopes":[]},"contributions":{},"includedScopes":[]},"contributions":{},"includedScopes":[]}]},{"containerScope":{"containerScope":{"containerScope":{"contributions":{},"includedScopes":[]},"contributions":{},"includedScopes":[]},"contributions":{},"includedScopes":[]},"contributions":{},"includedScopes":[]}]},"contributions":{},"includedScopes":[]},"value":{"id":"fbcc0e01-3d27-456c-9bd2-fb2766bb7cc9","metadata":[],"scope":{"containerScope":{"containerScope":{"containerScope":{"containerScope":{"containerScope":{"containerScope":{"containerScope":{"containerScope":{"contributions":{},"includedScopes":[]},"contributions":{},"includedScopes":[]},"contributions":{},"includedScopes":[]},"contributions":{},"includedScopes":[{"containerScope":{"containerScope":{"containerScope":{"contributions":{},"includedScopes":[]},"contributions":{},"includedScopes":[]},"contributions":{},"includedScopes":[]},"contributions":{},"includedScopes":[]}]},"contributions":{},"includedScopes":[]},"contributions":{},"includedScopes":[]},"contributions":{},"includedScopes":[{"containerScope":{"containerScope":{"containerScope":{"contributions":{},"includedScopes":[]},"contributions":{},"includedScopes":[]},"contributions":{},"includedScopes":[]},"contributions":{},"includedScopes":[{"containerScope":{"containerScope":{"containerScope":{"contributions":{},"includedScopes":[]},"contributions":{},"includedScopes":[]},"contributions":{},"includedScopes":[]},"contributions":{},"includedScopes":[]}]},{"containerScope":{"containerScope":{"containerScope":{"contributions":{},"includedScopes":[]},"contributions":{},"includedScopes":[]},"contributions":{},"includedScopes":[]},"contributions":{},"includedScopes":[]}]},"contributions":{},"includedScopes":[]},"contributions":{},"includedScopes":[]},"value":"{\n    \n  }"}}],"metadata":[],"scope":{"containerScope":{"containerScope":{"containerScope":{"containerScope":{"containerScope":{"containerScope":{"contributions":{},"includedScopes":[]},"contributions":{},"includedScopes":[]},"contributions":{},"includedScopes":[]},"contributions":{},"includedScopes":[{"containerScope":{"containerScope":{"containerScope":{"contributions":{},"includedScopes":[]},"contributions":{},"includedScopes":[]},"contributions":{},"includedScopes":[]},"contributions":{},"includedScopes":[]}]},"contributions":{},"includedScopes":[]},"contributions":{},"includedScopes":[]},"contributions":{},"includedScopes":[{"containerScope":{"containerScope":{"containerScope":{"contributions":{},"includedScopes":[]},"contributions":{},"includedScopes":[]},"contributions":{},"includedScopes":[]},"contributions":{},"includedScopes":[{"containerScope":{"containerScope":{"containerScope":{"contributions":{},"includedScopes":[]},"contributions":{},"includedScopes":[]},"contributions":{},"includedScopes":[]},"contributions":{},"includedScopes":[]}]},{"containerScope":{"containerScope":{"containerScope":{"contributions":{},"includedScopes":[]},"contributions":{},"includedScopes":[]},"contributions":{},"includedScopes":[]},"contributions":{},"includedScopes":[]}]},"sourceMap":{"end":{"column":0,"line":22,"offset":709},"start":{"column":28,"line":19,"offset":699}},"supertypes":[{"args":[],"id":"f2694fea-4b17-4dfb-8f64-7908643d7e54","metadata":[],"reference":{"id":"c807380b-1d49-44f0-ab64-f6d03d630f88","metadata":[],"name":"wollok.lang.Closure","scope":{"containerScope":{"containerScope":{"containerScope":{"containerScope":{"containerScope":{"containerScope":{"containerScope":{"contributions":{},"includedScopes":[]},"contributions":{},"includedScopes":[]},"contributions":{},"includedScopes":[]},"contributions":{},"includedScopes":[{"containerScope":{"containerScope":{"containerScope":{"contributions":{},"includedScopes":[]},"contributions":{},"includedScopes":[]},"contributions":{},"includedScopes":[]},"contributions":{},"includedScopes":[]}]},"contributions":{},"includedScopes":[]},"contributions":{},"includedScopes":[]},"contributions":{},"includedScopes":[{"containerScope":{"containerScope":{"containerScope":{"contributions":{},"includedScopes":[]},"contributions":{},"includedScopes":[]},"contributions":{},"includedScopes":[]},"contributions":{},"includedScopes":[{"containerScope":{"containerScope":{"containerScope":{"contributions":{},"includedScopes":[]},"contributions":{},"includedScopes":[]},"contributions":{},"includedScopes":[]},"contributions":{},"includedScopes":[]}]},{"containerScope":{"containerScope":{"containerScope":{"contributions":{},"includedScopes":[]},"contributions":{},"includedScopes":[]},"contributions":{},"includedScopes":[]},"contributions":{},"includedScopes":[]}]},"contributions":{},"includedScopes":[]}},"scope":{"containerScope":{"containerScope":{"containerScope":{"containerScope":{"containerScope":{"containerScope":{"containerScope":{"contributions":{},"includedScopes":[]},"contributions":{},"includedScopes":[]},"contributions":{},"includedScopes":[]},"contributions":{},"includedScopes":[{"containerScope":{"containerScope":{"containerScope":{"contributions":{},"includedScopes":[]},"contributions":{},"includedScopes":[]},"contributions":{},"includedScopes":[]},"contributions":{},"includedScopes":[]}]},"contributions":{},"includedScopes":[]},"contributions":{},"includedScopes":[]},"contributions":{},"includedScopes":[{"containerScope":{"containerScope":{"containerScope":{"contributions":{},"includedScopes":[]},"contributions":{},"includedScopes":[]},"contributions":{},"includedScopes":[]},"contributions":{},"includedScopes":[{"containerScope":{"containerScope":{"containerScope":{"contributions":{},"includedScopes":[]},"contributions":{},"includedScopes":[]},"contributions":{},"includedScopes":[]},"contributions":{},"includedScopes":[]}]},{"containerScope":{"containerScope":{"containerScope":{"contributions":{},"includedScopes":[]},"contributions":{},"includedScopes":[]},"contributions":{},"includedScopes":[]},"contributions":{},"includedScopes":[]}]},"contributions":{},"includedScopes":[]}}]}],"sourceMap":{"end":{"column":4,"line":22,"offset":713},"start":{"column":21,"line":16,"offset":493}}},"compiled":false,"id":"610a325a-ac25-4b89-acc7-7c33b6bc0d55","isOverride":false,"metadata":[],"name":"viviUnDia","parameters":[],"problems":[],"scope":{"containerScope":{"containerScope":{"containerScope":{"containerScope":{"contributions":{},"includedScopes":[]},"contributions":{},"includedScopes":[]},"contributions":{},"includedScopes":[]},"contributions":{},"includedScopes":[{"containerScope":{"containerScope":{"containerScope":{"contributions":{},"includedScopes":[]},"contributions":{},"includedScopes":[]},"contributions":{},"includedScopes":[]},"contributions":{},"includedScopes":[]}]},"contributions":{},"includedScopes":[]},"sourceMap":{"end":{"column":4,"line":22,"offset":713},"start":{"column":3,"line":16,"offset":475}}}],"metadata":[],"name":"Persona","problems":[{"code":"malformedMember","sourceMap":{"end":{"column":1,"line":26,"offset":773},"start":{"column":3,"line":23,"offset":716}}}],"scope":{"containerScope":{"containerScope":{"containerScope":{"contributions":{},"includedScopes":[]},"contributions":{},"includedScopes":[]},"contributions":{},"includedScopes":[]},"contributions":{},"includedScopes":[{"containerScope":{"containerScope":{"containerScope":{"contributions":{},"includedScopes":[]},"contributions":{},"includedScopes":[]},"contributions":{},"includedScopes":[]},"contributions":{},"includedScopes":[]}]},"sourceMap":{"end":{"column":2,"line":26,"offset":774},"start":{"column":1,"line":2,"offset":1}},"supertypes":[]},"stack":"Error: Failed to print, found malformed node\n    at /home/tiaguinni/.vscode/extensions/uqbar.wollok-lsp-ide-0.5.5/out/server/src/server.js:68:3585\n    at Ybn (/home/tiaguinni/.vscode/extensions/uqbar.wollok-lsp-ide-0.5.5/out/server/src/server.js:68:3396)\n    at /home/tiaguinni/.vscode/extensions/uqbar.wollok-lsp-ide-0.5.5/out/server/src/server.js:2430:847\n    at /home/tiaguinni/.vscode/extensions/uqbar.wollok-lsp-ide-0.5.5/out/server/src/server.js:2430:8440\n    at /home/tiaguinni/.vscode/extensions/uqbar.wollok-lsp-ide-0.5.5/out/server/src/server.js:37:74770\n    at Ke (/home/tiaguinni/.vscode/extensions/uqbar.wollok-lsp-ide-0.5.5/out/server/src/server.js:7:8527)\n    at It (/home/tiaguinni/.vscode/extensions/uqbar.wollok-lsp-ide-0.5.5/out/server/src/server.js:7:6189)\n    at et (/home/tiaguinni/.vscode/extensions/uqbar.wollok-lsp-ide-0.5.5/out/server/src/server.js:7:6378)\n    at Immediate._onImmediate (/home/tiaguinni/.vscode/extensions/uqbar.wollok-lsp-ide-0.5.5/out/server/src/server.js:7:6142)\n    at process.processImmediate (node:internal/timers:504:21)","timestamp":"2026-09-23T13:51:46.933Z"}
{"level":"info","message":"⌛ Building environment","timeElapsed":149,"timestamp":"2026-09-23T13:51:49.119Z"}
{"level":"info","message":"⌛ Validating EXAMEN-Wollok/example.wlk","timeElapsed":144,"timestamp":"2026-09-23T13:51:49.266Z"}
{"level":"info","message":"⌛ Building environment","timeElapsed":205,"timestamp":"2026-09-23T13:51:57.948Z"}
{"level":"info","message":"⌛ Building environment","timeElapsed":154,"timestamp":"2026-09-23T13:51:58.103Z"}
{"level":"info","message":"⌛ Validating EXAMEN-Wollok/example.wlk","timeElapsed":236,"timestamp":"2026-09-23T13:51:58.339Z"}
{"level":"error","message":"✘ Failed to rebuild document Failed to parse EXAMEN-Wollok/example.wlk: \n-- PARSING FAILED --------------------------------------------------\n\n  4 |    var temperatura = 36.6\n  5 |    var\n> 6 |   /*\n    |   ^\n  7 |     HAY DOS TIPPOS DE LISTAS!! lista(COLLECION)puede haber elementos con Ordenrepetidos y colecciones no, ademas las colecciones no tienen orden\n  8 |     luego tenemos un SET: #{} no se puede repetir ni orden\n\nExpected one of the following: \n\n'property', identifier, whitespace\n","stack":"Error: Failed to parse EXAMEN-Wollok/example.wlk: \n-- PARSING FAILED --------------------------------------------------\n\n  4 |    var temperatura = 36.6\n  5 |    var\n> 6 |   /*\n    |   ^\n  7 |     HAY DOS TIPPOS DE LISTAS!! lista(COLLECION)puede haber elementos con Ordenrepetidos y colecciones no, ademas las colecciones no tienen orden\n  8 |     luego tenemos un SET: #{} no se puede repetir ni orden\n\nExpected one of the following: \n\n'property', identifier, whitespace\n\n    at /home/tiaguinni/.vscode/extensions/uqbar.wollok-lsp-ide-0.5.5/out/server/src/server.js:2385:13026\n    at Array.map (<anonymous>)\n    at z1n (/home/tiaguinni/.vscode/extensions/uqbar.wollok-lsp-ide-0.5.5/out/server/src/server.js:2385:12950)\n    at H2.buildEnvironmentFrom (/home/tiaguinni/.vscode/extensions/uqbar.wollok-lsp-ide-0.5.5/out/server/src/server.js:2430:5254)\n    at H2.updateEnvironmentWith (/home/tiaguinni/.vscode/extensions/uqbar.wollok-lsp-ide-0.5.5/out/server/src/server.js:2430:4989)\n    at QF (/home/tiaguinni/.vscode/extensions/uqbar.wollok-lsp-ide-0.5.5/out/server/src/server.js:2430:7383)\n    at V3.invoke (/home/tiaguinni/.vscode/extensions/uqbar.wollok-lsp-ide-0.5.5/out/server/src/server.js:3:157330)\n    at o.fire (/home/tiaguinni/.vscode/extensions/uqbar.wollok-lsp-ide-0.5.5/out/server/src/server.js:3:158100)\n    at /home/tiaguinni/.vscode/extensions/uqbar.wollok-lsp-ide-0.5.5/out/server/src/server.js:37:57871\n    at nd (/home/tiaguinni/.vscode/extensions/uqbar.wollok-lsp-ide-0.5.5/out/server/src/server.js:8:1561)","timestamp":"2026-09-23T13:51:58.342Z"}
{"level":"info","message":"⌛ Validating EXAMEN-Wollok/example.wlk","timeElapsed":196,"timestamp":"2026-09-23T13:51:58.539Z"}
{"level":"error","message":"✘ Failed to rebuild document Failed to parse EXAMEN-Wollok/example.wlk: \n-- PARSING FAILED --------------------------------------------------\n\n  4 |    var temperatura = 36.6\n  5 |    var \n> 6 |   /*\n    |   ^\n  7 |     HAY DOS TIPPOS DE LISTAS!! lista(COLLECION)puede haber elementos con Ordenrepetidos y colecciones no, ademas las colecciones no tienen orden\n  8 |     luego tenemos un SET: #{} no se puede repetir ni orden\n\nExpected one of the following: \n\n'property', identifier, whitespace\n","stack":"Error: Failed to parse EXAMEN-Wollok/example.wlk: \n-- PARSING FAILED --------------------------------------------------\n\n  4 |    var temperatura = 36.6\n  5 |    var \n> 6 |   /*\n    |   ^\n  7 |     HAY DOS TIPPOS DE LISTAS!! lista(COLLECION)puede haber elementos con Ordenrepetidos y colecciones no, ademas las colecciones no tienen orden\n  8 |     luego tenemos un SET: #{} no se puede repetir ni orden\n\nExpected one of the following: \n\n'property', identifier, whitespace\n\n    at /home/tiaguinni/.vscode/extensions/uqbar.wollok-lsp-ide-0.5.5/out/server/src/server.js:2385:13026\n    at Array.map (<anonymous>)\n    at z1n (/home/tiaguinni/.vscode/extensions/uqbar.wollok-lsp-ide-0.5.5/out/server/src/server.js:2385:12950)\n    at H2.buildEnvironmentFrom (/home/tiaguinni/.vscode/extensions/uqbar.wollok-lsp-ide-0.5.5/out/server/src/server.js:2430:5254)\n    at H2.updateEnvironmentWith (/home/tiaguinni/.vscode/extensions/uqbar.wollok-lsp-ide-0.5.5/out/server/src/server.js:2430:4989)\n    at QF (/home/tiaguinni/.vscode/extensions/uqbar.wollok-lsp-ide-0.5.5/out/server/src/server.js:2430:7383)\n    at V3.invoke (/home/tiaguinni/.vscode/extensions/uqbar.wollok-lsp-ide-0.5.5/out/server/src/server.js:3:157330)\n    at o.fire (/home/tiaguinni/.vscode/extensions/uqbar.wollok-lsp-ide-0.5.5/out/server/src/server.js:3:158100)\n    at /home/tiaguinni/.vscode/extensions/uqbar.wollok-lsp-ide-0.5.5/out/server/src/server.js:37:57871\n    at nd (/home/tiaguinni/.vscode/extensions/uqbar.wollok-lsp-ide-0.5.5/out/server/src/server.js:8:1561)","timestamp":"2026-09-23T13:51:58.985Z"}
{"level":"info","message":"⌛ Building environment","timeElapsed":132,"timestamp":"2026-09-23T13:52:00.972Z"}
{"level":"info","message":"⌛ Validating EXAMEN-Wollok/example.wlk","timeElapsed":211,"timestamp":"2026-09-23T13:52:01.190Z"}
{"level":"info","message":"⌛ Building environment","timeElapsed":387,"timestamp":"2026-09-23T13:52:01.578Z"}
{"level":"info","message":"⌛ Building environment","timeElapsed":133,"timestamp":"2026-09-23T13:52:01.712Z"}
{"level":"info","message":"⌛ Validating EXAMEN-Wollok/example.wlk","timeElapsed":160,"timestamp":"2026-09-23T13:52:01.896Z"}
{"level":"info","message":"⌛ Building environment","timeElapsed":115,"timestamp":"2026-09-23T13:52:02.012Z"}
{"level":"info","message":"⌛ Validating EXAMEN-Wollok/example.wlk","timeElapsed":171,"timestamp":"2026-09-23T13:52:02.191Z"}
{"level":"info","message":"⌛ Building environment","timeElapsed":153,"timestamp":"2026-09-23T13:52:02.352Z"}
{"level":"info","message":"⌛ Validating EXAMEN-Wollok/example.wlk","timeElapsed":164,"timestamp":"2026-09-23T13:52:02.517Z"}
{"level":"info","message":"⌛ Building environment","timeElapsed":112,"timestamp":"2026-09-23T13:52:02.698Z"}
{"level":"info","message":"⌛ Building environment","timeElapsed":108,"timestamp":"2026-09-23T13:52:02.807Z"}
{"level":"info","message":"⌛ Validating EXAMEN-Wollok/example.wlk","timeElapsed":176,"timestamp":"2026-09-23T13:52:02.984Z"}
{"level":"info","message":"⌛ Validating EXAMEN-Wollok/example.wlk","timeElapsed":146,"timestamp":"2026-09-23T13:52:03.138Z"}
{"level":"info","message":"⌛ Validating EXAMEN-Wollok/example.wlk","timeElapsed":150,"timestamp":"2026-09-23T13:52:03.295Z"}
{"level":"info","message":"⌛ Building environment","timeElapsed":169,"timestamp":"2026-09-23T13:52:04.244Z"}
{"level":"info","message":"⌛ Building environment","timeElapsed":114,"timestamp":"2026-09-23T13:52:04.366Z"}
{"level":"info","message":"⌛ Validating EXAMEN-Wollok/example.wlk","timeElapsed":162,"timestamp":"2026-09-23T13:52:04.538Z"}
{"level":"info","message":"⌛ Validating EXAMEN-Wollok/example.wlk","timeElapsed":155,"timestamp":"2026-09-23T13:52:04.698Z"}
{"level":"info","message":"⌛ Building environment","timeElapsed":116,"timestamp":"2026-09-23T13:52:05.261Z"}
{"level":"info","message":"⌛ Validating EXAMEN-Wollok/example.wlk","timeElapsed":145,"timestamp":"2026-09-23T13:52:05.410Z"}
{"level":"info","message":"⌛ Building environment","timeElapsed":132,"timestamp":"2026-09-23T13:52:06.204Z"}
{"level":"info","message":"⌛ Validating EXAMEN-Wollok/example.wlk","timeElapsed":158,"timestamp":"2026-09-23T13:52:06.397Z"}
{"level":"info","message":"⌛ Building environment","timeElapsed":154,"timestamp":"2026-09-23T13:52:15.760Z"}
{"level":"info","message":"⌛ Validating EXAMEN-Wollok/example.wlk","timeElapsed":171,"timestamp":"2026-09-23T13:52:15.939Z"}
{"level":"info","message":"⌛ Building environment","timeElapsed":126,"timestamp":"2026-09-23T13:52:16.376Z"}
{"level":"info","message":"⌛ Validating EXAMEN-Wollok/example.wlk","timeElapsed":180,"timestamp":"2026-09-23T13:52:16.563Z"}
{"level":"info","message":"⌛ Building environment","timeElapsed":219,"timestamp":"2026-09-23T13:52:16.784Z"}
{"level":"info","message":"⌛ Building environment","timeElapsed":116,"timestamp":"2026-09-23T13:52:16.908Z"}
{"level":"info","message":"⌛ Validating EXAMEN-Wollok/example.wlk","timeElapsed":173,"timestamp":"2026-09-23T13:52:17.082Z"}
{"level":"info","message":"⌛ Validating EXAMEN-Wollok/example.wlk","timeElapsed":162,"timestamp":"2026-09-23T13:52:17.251Z"}
{"level":"info","message":"⌛ Building environment","timeElapsed":177,"timestamp":"2026-09-23T13:52:20.898Z"}
{"level":"info","message":"⌛ Building environment","timeElapsed":189,"timestamp":"2026-09-23T13:52:21.106Z"}
{"level":"info","message":"⌛ Validating EXAMEN-Wollok/example.wlk","timeElapsed":204,"timestamp":"2026-09-23T13:52:21.323Z"}
{"level":"info","message":"⌛ Building environment","timeElapsed":171,"timestamp":"2026-09-23T13:52:21.558Z"}
{"level":"info","message":"⌛ Validating EXAMEN-Wollok/example.wlk","timeElapsed":223,"timestamp":"2026-09-23T13:52:21.786Z"}
{"level":"info","message":"⌛ Building environment","timeElapsed":122,"timestamp":"2026-09-23T13:52:21.910Z"}
{"level":"info","message":"⌛ Validating EXAMEN-Wollok/example.wlk","timeElapsed":325,"timestamp":"2026-09-23T13:52:22.247Z"}
{"level":"info","message":"⌛ Validating EXAMEN-Wollok/example.wlk","timeElapsed":233,"timestamp":"2026-09-23T13:52:22.493Z"}
{"level":"info","message":"⌛ Building environment","timeElapsed":150,"timestamp":"2026-09-23T13:52:23.129Z"}
{"level":"info","message":"⌛ Validating EXAMEN-Wollok/example.wlk","timeElapsed":168,"timestamp":"2026-09-23T13:52:23.305Z"}
{"level":"info","message":"⌛ Building environment","timeElapsed":128,"timestamp":"2026-09-23T13:52:23.578Z"}
{"level":"info","message":"⌛ Validating EXAMEN-Wollok/example.wlk","timeElapsed":173,"timestamp":"2026-09-23T13:52:23.761Z"}
{"level":"info","message":"⌛ Building environment","timeElapsed":148,"timestamp":"2026-09-23T13:52:23.909Z"}
{"level":"info","message":"⌛ Building environment","timeElapsed":118,"timestamp":"2026-09-23T13:52:24.027Z"}
{"level":"info","message":"⌛ Validating EXAMEN-Wollok/example.wlk","timeElapsed":213,"timestamp":"2026-09-23T13:52:24.251Z"}
{"level":"info","message":"⌛ Validating EXAMEN-Wollok/example.wlk","timeElapsed":191,"timestamp":"2026-09-23T13:52:24.442Z"}
{"level":"info","message":"⌛ Building environment","timeElapsed":134,"timestamp":"2026-09-23T13:52:24.589Z"}
{"level":"info","message":"⌛ Validating EXAMEN-Wollok/example.wlk","timeElapsed":163,"timestamp":"2026-09-23T13:52:24.759Z"}
{"level":"error","message":"✘ Failed to get type description: Error: Failed to print, found malformed node Failed to print, found malformed node","node":{"id":"92f80a3c-a363-4e9e-8a84-12aa8334d041","members":[{"id":"9c351a95-de97-4d41-a6b5-250a0541d6ce","isConstant":false,"isProperty":false,"metadata":[],"name":"enfermedades","scope":{"containerScope":{"containerScope":{"containerScope":{"containerScope":{"contributions":{},"includedScopes":[]},"contributions":{},"includedScopes":[]},"contributions":{},"includedScopes":[]},"contributions":{},"includedScopes":[{"containerScope":{"containerScope":{"containerScope":{"contributions":{},"includedScopes":[]},"contributions":{},"includedScopes":[]},"contributions":{},"includedScopes":[]},"contributions":{},"includedScopes":[]}]},"contributions":{},"includedScopes":[]},"sourceMap":{"end":{"column":27,"line":3,"offset":42},"start":{"column":4,"line":3,"offset":19}},"value":{"id":"2d98206e-bb45-44c9-862b-d7b3afdcaaa9","metadata":[],"scope":{"containerScope":{"containerScope":{"containerScope":{"containerScope":{"containerScope":{"contributions":{},"includedScopes":[]},"contributions":{},"includedScopes":[]},"contributions":{},"includedScopes":[]},"contributions":{},"includedScopes":[{"containerScope":{"containerScope":{"containerScope":{"contributions":{},"includedScopes":[]},"contributions":{},"includedScopes":[]},"contributions":{},"includedScopes":[]},"contributions":{},"includedScopes":[]}]},"contributions":{},"includedScopes":[]},"contributions":{},"includedScopes":[]},"sourceMap":{"end":{"column":27,"line":3,"offset":42},"start":{"column":24,"line":3,"offset":39}},"value":[{"id":"c3076bd8-dc88-4d0c-b42e-37a573f81068","metadata":[],"name":"wollok.lang.Set","scope":{"containerScope":{"containerScope":{"containerScope":{"containerScope":{"containerScope":{"containerScope":{"contributions":{},"includedScopes":[]},"contributions":{},"includedScopes":[]},"contributions":{},"includedScopes":[]},"contributions":{},"includedScopes":[{"containerScope":{"containerScope":{"containerScope":{"contributions":{},"includedScopes":[]},"contributions":{},"includedScopes":[]},"contributions":{},"includedScopes":[]},"contributions":{},"includedScopes":[]}]},"contributions":{},"includedScopes":[]},"contributions":{},"includedScopes":[]},"contributions":{},"includedScopes":[]}},[]]}},{"id":"828b5a72-f002-49e5-ac63-0fabdb1c6c55","isConstant":false,"isProperty":false,"metadata":[],"name":"temperatura","scope":{"containerScope":{"containerScope":{"containerScope":{"containerScope":{"contributions":{},"includedScopes":[]},"contributions":{},"includedScopes":[]},"contributions":{},"includedScopes":[]},"contributions":{},"includedScopes":[{"containerScope":{"containerScope":{"containerScope":{"contributions":{},"includedScopes":[]},"contributions":{},"includedScopes":[]},"contributions":{},"includedScopes":[]},"contributions":{},"includedScopes":[]}]},"contributions":{},"includedScopes":[]},"sourceMap":{"end":{"column":26,"line":4,"offset":68},"start":{"column":4,"line":4,"offset":46}},"value":{"id":"4cfb29a0-df1c-4c83-8bd4-6bf22b3b0cf9","metadata":[],"scope":{"containerScope":{"containerScope":{"containerScope":{"containerScope":{"containerScope":{"contributions":{},"includedScopes":[]},"contributions":{},"includedScopes":[]},"contributions":{},"includedScopes":[]},"contributions":{},"includedScopes":[{"containerScope":{"containerScope":{"containerScope":{"contributions":{},"includedScopes":[]},"contributions":{},"includedScopes":[]},"contributions":{},"includedScopes":[]},"contributions":{},"includedScopes":[]}]},"contributions":{},"includedScopes":[]},"contributions":{},"includedScopes":[]},"sourceMap":{"end":{"column":26,"line":4,"offset":68},"start":{"column":22,"line":4,"offset":64}},"value":36.6}},{"id":"ed364891-120b-4db8-8566-42a702c8eb37","isConstant":false,"isProperty":false,"metadata":[],"name":"celulas","scope":{"containerScope":{"containerScope":{"containerScope":{"containerScope":{"contributions":{},"includedScopes":[]},"contributions":{},"includedScopes":[]},"contributions":{},"includedScopes":[]},"contributions":{},"includedScopes":[{"containerScope":{"containerScope":{"containerScope":{"contributions":{},"includedScopes":[]},"contributions":{},"includedScopes":[]},"contributions":{},"includedScopes":[]},"contributions":{},"includedScopes":[]}]},"contributions":{},"includedScopes":[]},"sourceMap":{"end":{"column":15,"line":5,"offset":83},"start":{"column":4,"line":5,"offset":72}},"value":{"id":"4c0f40ca-4dc8-4813-ae30-2f69c1d602d5","metadata":[],"scope":{"containerScope":{"containerScope":{"containerScope":{"containerScope":{"containerScope":{"contributions":{},"includedScopes":[]},"contributions":{},"includedScopes":[]},"contributions":{},"includedScopes":[]},"contributions":{},"includedScopes":[{"containerScope":{"containerScope":{"containerScope":{"contributions":{},"includedScopes":[]},"contributions":{},"includedScopes":[]},"contributions":{},"includedScopes":[]},"contributions":{},"includedScopes":[]}]},"contributions":{},"includedScopes":[]},"contributions":{},"includedScopes":[]},"value":null}},{"body":{"id":"535f33eb-e812-48f2-8003-a96aba194829","metadata":[],"problems":[],"scope":{"containerScope":{"containerScope":{"containerScope":{"containerScope":{"containerScope":{"contributions":{},"includedScopes":[]},"contributions":{},"includedScopes":[]},"contributions":{},"includedScopes":[]},"contributions":{},"includedScopes":[{"containerScope":{"containerScope":{"containerScope":{"contributions":{},"includedScopes":[]},"contributions":{},"includedScopes":[]},"contributions":{},"includedScopes":[]},"contributions":{},"includedScopes":[]}]},"contributions":{},"includedScopes":[]},"contributions":{},"includedScopes":[]},"sentences":[{"args":[{"id":"de82ad99-4264-422a-a3a4-3394a324f458","metadata":[],"name":"enfermedad","scope":{"containerScope":{"containerScope":{"containerScope":{"containerScope":{"containerScope":{"containerScope":{"containerScope":{"contributions":{},"includedScopes":[]},"contributions":{},"includedScopes":[]},"contributions":{},"includedScopes":[]},"contributions":{},"includedScopes":[{"containerScope":{"containerScope":{"containerScope":{"contributions":{},"includedScopes":[]},"contributions":{},"includedScopes":[]},"contributions":{},"includedScopes":[]},"contributions":{},"includedScopes":[]}]},"contributions":{},"includedScopes":[]},"contributions":{},"includedScopes":[]},"contributions":{},"includedScopes":[]},"contributions":{},"includedScopes":[]},"sourceMap":{"end":{"column":34,"line":11,"offset":363},"start":{"column":24,"line":11,"offset":353}}}],"id":"2da46487-9dbc-44dd-a69f-6c7869047c48","message":"add","metadata":[],"receiver":{"id":"6735ebe9-f937-4499-be2f-e3963ee37e98","metadata":[],"name":"enfermedades","scope":{"containerScope":{"containerScope":{"containerScope":{"containerScope":{"containerScope":{"containerScope":{"containerScope":{"contributions":{},"includedScopes":[]},"contributions":{},"includedScopes":[]},"contributions":{},"includedScopes":[]},"contributions":{},"includedScopes":[{"containerScope":{"containerScope":{"containerScope":{"contributions":{},"includedScopes":[]},"contributions":{},"includedScopes":[]},"contributions":{},"includedScopes":[]},"contributions":{},"includedScopes":[]}]},"contributions":{},"includedScopes":[]},"contributions":{},"includedScopes":[]},"contributions":{},"includedScopes":[]},"contributions":{},"includedScopes":[]},"sourceMap":{"end":{"column":19,"line":11,"offset":348},"start":{"column":7,"line":11,"offset":336}}},"scope":{"containerScope":{"containerScope":{"containerScope":{"containerScope":{"containerScope":{"containerScope":{"contributions":{},"includedScopes":[]},"contributions":{},"includedScopes":[]},"contributions":{},"includedScopes":[]},"contributions":{},"includedScopes":[{"containerScope":{"containerScope":{"containerScope":{"contributions":{},"includedScopes":[]},"contributions":{},"includedScopes":[]},"contributions":{},"includedScopes":[]},"contributions":{},"includedScopes":[]}]},"contributions":{},"includedScopes":[]},"contributions":{},"includedScopes":[]},"contributions":{},"includedScopes":[]},"sourceMap":{"end":{"column":35,"line":11,"offset":364},"start":{"column":7,"line":11,"offset":336}}}],"sourceMap":{"end":{"column":4,"line":12,"offset":368},"start":{"column":29,"line":10,"offset":328}}},"compiled":false,"id":"51117526-2a7c-4776-ac66-c3ea358ad0dc","isOverride":false,"metadata":[{"args":{"position":"start","text":"/*\n    HAY DOS TIPPOS DE LISTAS!! lista(COLLECION)puede haber elementos con Ordenrepetidos y colecciones no, ademas las colecciones no tienen orden\n    luego tenemos un SET: #{} no se puede repetir ni orden\n  */"},"name":"comment"}],"name":"contrae","parameters":[{"id":"0be0bde6-5290-49c3-98c7-ad3b5fa602bd","isVarArg":false,"metadata":[],"name":"enfermedad","scope":{"containerScope":{"containerScope":{"containerScope":{"containerScope":{"containerScope":{"contributions":{},"includedScopes":[]},"contributions":{},"includedScopes":[]},"contributions":{},"includedScopes":[]},"contributions":{},"includedScopes":[{"containerScope":{"containerScope":{"containerScope":{"contributions":{},"includedScopes":[]},"contributions":{},"includedScopes":[]},"contributions":{},"includedScopes":[]},"contributions":{},"includedScopes":[]}]},"contributions":{},"includedScopes":[]},"contributions":{},"includedScopes":[]},"sourceMap":{"end":{"column":28,"line":10,"offset":327},"start":{"column":18,"line":10,"offset":317}}}],"problems":[],"scope":{"containerScope":{"containerScope":{"containerScope":{"containerScope":{"contributions":{},"includedScopes":[]},"contributions":{},"includedScopes":[]},"contributions":{},"includedScopes":[]},"contributions":{},"includedScopes":[{"containerScope":{"containerScope":{"containerScope":{"contributions":{},"includedScopes":[]},"contributions":{},"includedScopes":[]},"contributions":{},"includedScopes":[]},"contributions":{},"includedScopes":[]}]},"contributions":{},"includedScopes":[]},"sourceMap":{"end":{"column":4,"line":12,"offset":368},"start":{"column":3,"line":10,"offset":302}}},{"body":{"id":"e4588232-b4cc-4818-a6ab-23d3a64394cb","metadata":[],"problems":[],"scope":{"containerScope":{"containerScope":{"containerScope":{"containerScope":{"containerScope":{"contributions":{},"includedScopes":[]},"contributions":{},"includedScopes":[]},"contributions":{},"includedScopes":[]},"contributions":{},"includedScopes":[{"containerScope":{"containerScope":{"containerScope":{"contributions":{},"includedScopes":[]},"contributions":{},"includedScopes":[]},"contributions":{},"includedScopes":[]},"contributions":{},"includedScopes":[]}]},"contributions":{},"includedScopes":[]},"contributions":{},"includedScopes":[]},"sentences":[{"args":[{"id":"891719b8-ed7f-48e2-9849-69c544572d12","metadata":[],"name":"unaEnfermedad","scope":{"containerScope":{"containerScope":{"containerScope":{"containerScope":{"containerScope":{"containerScope":{"containerScope":{"contributions":{},"includedScopes":[]},"contributions":{},"includedScopes":[]},"contributions":{},"includedScopes":[]},"contributions":{},"includedScopes":[{"containerScope":{"containerScope":{"containerScope":{"contributions":{},"includedScopes":[]},"contributions":{},"includedScopes":[]},"contributions":{},"includedScopes":[]},"contributions":{},"includedScopes":[]}]},"contributions":{},"includedScopes":[]},"contributions":{},"includedScopes":[]},"contributions":{},"includedScopes":[]},"contributions":{},"includedScopes":[]},"sourceMap":{"end":{"column":40,"line":14,"offset":447},"start":{"column":27,"line":14,"offset":434}}}],"id":"14f36af1-6541-461a-bea6-3ba8166cd452","message":"contains","metadata":[],"receiver":{"id":"942fffe3-4a96-4612-932a-1c5a591d3d0c","metadata":[],"name":"enfermedades","scope":{"containerScope":{"containerScope":{"containerScope":{"containerScope":{"containerScope":{"containerScope":{"containerScope":{"contributions":{},"includedScopes":[]},"contributions":{},"includedScopes":[]},"contributions":{},"includedScopes":[]},"contributions":{},"includedScopes":[{"containerScope":{"containerScope":{"containerScope":{"contributions":{},"includedScopes":[]},"contributions":{},"includedScopes":[]},"contributions":{},"includedScopes":[]},"contributions":{},"includedScopes":[]}]},"contributions":{},"includedScopes":[]},"contributions":{},"includedScopes":[]},"contributions":{},"includedScopes":[]},"contributions":{},"includedScopes":[]},"sourceMap":{"end":{"column":17,"line":14,"offset":424},"start":{"column":5,"line":14,"offset":412}}},"scope":{"containerScope":{"containerScope":{"containerScope":{"containerScope":{"containerScope":{"containerScope":{"contributions":{},"includedScopes":[]},"contributions":{},"includedScopes":[]},"contributions":{},"includedScopes":[]},"contributions":{},"includedScopes":[{"containerScope":{"containerScope":{"containerScope":{"contributions":{},"includedScopes":[]},"contributions":{},"includedScopes":[]},"contributions":{},"includedScopes":[]},"contributions":{},"includedScopes":[]}]},"contributions":{},"includedScopes":[]},"contributions":{},"includedScopes":[]},"contributions":{},"includedScopes":[]},"sourceMap":{"end":{"column":41,"line":14,"offset":448},"start":{"column":5,"line":14,"offset":412}}}],"sourceMap":{"end":{"column":4,"line":15,"offset":452},"start":{"column":38,"line":13,"offset":406}}},"compiled":false,"id":"4c8d94fd-64dd-4bcd-96d3-f6e6fece0c92","isOverride":false,"metadata":[],"name":"estaEnfermoDe","parameters":[{"id":"f1891fef-90b6-40e6-b438-df4b32f625b9","isVarArg":false,"metadata":[],"name":"unaEnfermedad","scope":{"containerScope":{"containerScope":{"containerScope":{"containerScope":{"containerScope":{"contributions":{},"includedScopes":[]},"contributions":{},"includedScopes":[]},"contributions":{},"includedScopes":[]},"contributions":{},"includedScopes":[{"containerScope":{"containerScope":{"containerScope":{"contributions":{},"includedScopes":[]},"contributions":{},"includedScopes":[]},"contributions":{},"includedScopes":[]},"contributions":{},"includedScopes":[]}]},"contributions":{},"includedScopes":[]},"contributions":{},"includedScopes":[]},"sourceMap":{"end":{"column":37,"line":13,"offset":405},"start":{"column":24,"line":13,"offset":392}}}],"problems":[],"scope":{"containerScope":{"containerScope":{"containerScope":{"containerScope":{"contributions":{},"includedScopes":[]},"contributions":{},"includedScopes":[]},"contributions":{},"includedScopes":[]},"contributions":{},"includedScopes":[{"containerScope":{"containerScope":{"containerScope":{"contributions":{},"includedScopes":[]},"contributions":{},"includedScopes":[]},"contributions":{},"includedScopes":[]},"contributions":{},"includedScopes":[]}]},"contributions":{},"includedScopes":[]},"sourceMap":{"end":{"column":4,"line":15,"offset":452},"start":{"column":3,"line":13,"offset":371}}},{"body":{"id":"7989d58a-0e9c-4f81-ad8a-b88eb69ed13a","metadata":[],"problems":[],"scope":{"containerScope":{"containerScope":{"containerScope":{"containerScope":{"containerScope":{"contributions":{},"includedScopes":[]},"contributions":{},"includedScopes":[]},"contributions":{},"includedScopes":[]},"contributions":{},"includedScopes":[{"containerScope":{"containerScope":{"containerScope":{"contributions":{},"includedScopes":[]},"contributions":{},"includedScopes":[]},"contributions":{},"includedScopes":[]},"contributions":{},"includedScopes":[]}]},"contributions":{},"includedScopes":[]},"contributions":{},"includedScopes":[]},"sentences":[{"id":"e0c0762e-22e4-421c-8a36-b9a8f1c76275","metadata":[],"scope":{"containerScope":{"containerScope":{"containerScope":{"containerScope":{"containerScope":{"containerScope":{"contributions":{},"includedScopes":[]},"contributions":{},"includedScopes":[]},"contributions":{},"includedScopes":[]},"contributions":{},"includedScopes":[{"containerScope":{"containerScope":{"containerScope":{"contributions":{},"includedScopes":[]},"contributions":{},"includedScopes":[]},"contributions":{},"includedScopes":[]},"contributions":{},"includedScopes":[]}]},"contributions":{},"includedScopes":[]},"contributions":{},"includedScopes":[]},"contributions":{},"includedScopes":[]},"value":{"id":"fe88c03d-0053-4eb4-af14-651b1d952d23","metadata":[],"name":"temperatura","scope":{"containerScope":{"containerScope":{"containerScope":{"containerScope":{"containerScope":{"containerScope":{"containerScope":{"contributions":{},"includedScopes":[]},"contributions":{},"includedScopes":[]},"contributions":{},"includedScopes":[]},"contributions":{},"includedScopes":[{"containerScope":{"containerScope":{"containerScope":{"contributions":{},"includedScopes":[]},"contributions":{},"includedScopes":[]},"contributions":{},"includedScopes":[]},"contributions":{},"includedScopes":[]}]},"contributions":{},"includedScopes":[]},"contributions":{},"includedScopes":[]},"contributions":{},"includedScopes":[]},"contributions":{},"includedScopes":[]},"sourceMap":{"end":{"column":37,"line":16,"offset":489},"start":{"column":26,"line":16,"offset":478}}}}],"sourceMap":{"end":{"column":37,"line":16,"offset":489},"start":{"column":26,"line":16,"offset":478}}},"compiled":false,"id":"3d3aec66-2885-4ed4-806c-f6e7ea1f10dc","isOverride":false,"metadata":[],"name":"temperatura","parameters":[],"problems":[],"scope":{"containerScope":{"containerScope":{"containerScope":{"containerScope":{"contributions":{},"includedScopes":[]},"contributions":{},"includedScopes":[]},"contributions":{},"includedScopes":[]},"contributions":{},"includedScopes":[{"containerScope":{"containerScope":{"containerScope":{"contributions":{},"includedScopes":[]},"contributions":{},"includedScopes":[]},"contributions":{},"includedScopes":[]},"contributions":{},"includedScopes":[]}]},"contributions":{},"includedScopes":[]},"sourceMap":{"end":{"column":37,"line":16,"offset":489},"start":{"column":3,"line":16,"offset":455}}},{"body":{"id":"b855f55c-b1e6-4d4f-9e8b-37eab6ef3863","metadata":[],"problems":[],"scope":{"containerScope":{"containerScope":{"containerScope":{"containerScope":{"containerScope":{"contributions":{},"includedScopes":[]},"contributions":{},"includedScopes":[]},"contributions":{},"includedScopes":[]},"contributions":{},"includedScopes":[{"containerScope":{"containerScope":{"containerScope":{"contributions":{},"includedScopes":[]},"contributions":{},"includedScopes":[]},"contributions":{},"includedScopes":[]},"contributions":{},"includedScopes":[]}]},"contributions":{},"includedScopes":[]},"contributions":{},"includedScopes":[]},"sentences":[{"args":[{"id":"e5235048-09ce-48f6-a87a-5a60c496265d","members":[{"body":{"id":"b80bde99-3912-4c1e-994a-4b8d7f6cccaa","metadata":[],"scope":{"containerScope":{"containerScope":{"containerScope":{"containerScope":{"containerScope":{"containerScope":{"containerScope":{"containerScope":{"containerScope":{"contributions":{},"includedScopes":[]},"contributions":{},"includedScopes":[]},"contributions":{},"includedScopes":[]},"contributions":{},"includedScopes":[{"containerScope":{"containerScope":{"containerScope":{"contributions":{},"includedScopes":[]},"contributions":{},"includedScopes":[]},"contributions":{},"includedScopes":[]},"contributions":{},"includedScopes":[]}]},"contributions":{},"includedScopes":[]},"contributions":{},"includedScopes":[]},"contributions":{},"includedScopes":[]},"contributions":{},"includedScopes":[{"containerScope":{"containerScope":{"containerScope":{"contributions":{},"includedScopes":[]},"contributions":{},"includedScopes":[]},"contributions":{},"includedScopes":[]},"contributions":{},"includedScopes":[{"containerScope":{"containerScope":{"containerScope":{"contributions":{},"includedScopes":[]},"contributions":{},"includedScopes":[]},"contributions":{},"includedScopes":[]},"contributions":{},"includedScopes":[]}]},{"containerScope":{"containerScope":{"containerScope":{"contributions":{},"includedScopes":[]},"contributions":{},"includedScopes":[]},"contributions":{},"includedScopes":[]},"contributions":{},"includedScopes":[]}]},"contributions":{},"includedScopes":[]},"contributions":{},"includedScopes":[]},"sentences":[{"id":"3de4be83-9b9e-43b9-ae17-871a16e99d6f","metadata":[],"scope":{"containerScope":{"containerScope":{"containerScope":{"containerScope":{"containerScope":{"containerScope":{"containerScope":{"containerScope":{"containerScope":{"containerScope":{"contributions":{},"includedScopes":[]},"contributions":{},"includedScopes":[]},"contributions":{},"includedScopes":[]},"contributions":{},"includedScopes":[{"containerScope":{"containerScope":{"containerScope":{"contributions":{},"includedScopes":[]},"contributions":{},"includedScopes":[]},"contributions":{},"includedScopes":[]},"contributions":{},"includedScopes":[]}]},"contributions":{},"includedScopes":[]},"contributions":{},"includedScopes":[]},"contributions":{},"includedScopes":[]},"contributions":{},"includedScopes":[{"containerScope":{"containerScope":{"containerScope":{"contributions":{},"includedScopes":[]},"contributions":{},"includedScopes":[]},"contributions":{},"includedScopes":[]},"contributions":{},"includedScopes":[{"containerScope":{"containerScope":{"containerScope":{"contributions":{},"includedScopes":[]},"contributions":{},"includedScopes":[]},"contributions":{},"includedScopes":[]},"contributions":{},"includedScopes":[]}]},{"containerScope":{"containerScope":{"containerScope":{"contributions":{},"includedScopes":[]},"contributions":{},"includedScopes":[]},"contributions":{},"includedScopes":[]},"contributions":{},"includedScopes":[]}]},"contributions":{},"includedScopes":[]},"contributions":{},"includedScopes":[]},"contributions":{},"includedScopes":[]},"value":{"args":[{"id":"6b9f2a84-9a1d-48c8-8577-d4347753fc78","metadata":[],"scope":{"containerScope":{"containerScope":{"containerScope":{"containerScope":{"containerScope":{"containerScope":{"containerScope":{"containerScope":{"containerScope":{"containerScope":{"containerScope":{"containerScope":{"contributions":{},"includedScopes":[]},"contributions":{},"includedScopes":[]},"contributions":{},"includedScopes":[]},"contributions":{},"includedScopes":[{"containerScope":{"containerScope":{"containerScope":{"contributions":{},"includedScopes":[]},"contributions":{},"includedScopes":[]},"contributions":{},"includedScopes":[]},"contributions":{},"includedScopes":[]}]},"contributions":{},"includedScopes":[]},"contributions":{},"includedScopes":[]},"contributions":{},"includedScopes":[]},"contributions":{},"includedScopes":[{"containerScope":{"containerScope":{"containerScope":{"contributions":{},"includedScopes":[]},"contributions":{},"includedScopes":[]},"contributions":{},"includedScopes":[]},"contributions":{},"includedScopes":[{"containerScope":{"containerScope":{"containerScope":{"contributions":{},"includedScopes":[]},"contributions":{},"includedScopes":[]},"contributions":{},"includedScopes":[]},"contributions":{},"includedScopes":[]}]},{"containerScope":{"containerScope":{"containerScope":{"contributions":{},"includedScopes":[]},"contributions":{},"includedScopes":[]},"contributions":{},"includedScopes":[]},"contributions":{},"includedScopes":[]}]},"contributions":{},"includedScopes":[]},"contributions":{},"includedScopes":[]},"contributions":{},"includedScopes":[]},"contributions":{},"includedScopes":[]},"contributions":{},"includedScopes":[]},"sourceMap":{"end":{"column":67,"line":18,"offset":578},"start":{"column":63,"line":18,"offset":574}}}],"id":"e13bdcaf-e859-485b-9ff0-cface77f18b9","message":"afectarA","metadata":[],"receiver":{"id":"800be62f-4f26-4e1d-9a02-749b46a45bf1","metadata":[],"name":"enfermedad","scope":{"containerScope":{"containerScope":{"containerScope":{"containerScope":{"containerScope":{"containerScope":{"containerScope":{"containerScope":{"containerScope":{"containerScope":{"containerScope":{"containerScope":{"contributions":{},"includedScopes":[]},"contributions":{},"includedScopes":[]},"contributions":{},"includedScopes":[]},"contributions":{},"includedScopes":[{"containerScope":{"containerScope":{"containerScope":{"contributions":{},"includedScopes":[]},"contributions":{},"includedScopes":[]},"contributions":{},"includedScopes":[]},"contributions":{},"includedScopes":[]}]},"contributions":{},"includedScopes":[]},"contributions":{},"includedScopes":[]},"contributions":{},"includedScopes":[]},"contributions":{},"includedScopes":[{"containerScope":{"containerScope":{"containerScope":{"contributions":{},"includedScopes":[]},"contributions":{},"includedScopes":[]},"contributions":{},"includedScopes":[]},"contributions":{},"includedScopes":[{"containerScope":{"containerScope":{"containerScope":{"contributions":{},"includedScopes":[]},"contributions":{},"includedScopes":[]},"contributions":{},"includedScopes":[]},"contributions":{},"includedScopes":[]}]},{"containerScope":{"containerScope":{"containerScope":{"contributions":{},"includedScopes":[]},"contributions":{},"includedScopes":[]},"contributions":{},"includedScopes":[]},"contributions":{},"includedScopes":[]}]},"contributions":{},"includedScopes":[]},"contributions":{},"includedScopes":[]},"contributions":{},"includedScopes":[]},"contributions":{},"includedScopes":[]},"contributions":{},"includedScopes":[]},"sourceMap":{"end":{"column":53,"line":18,"offset":564},"start":{"column":43,"line":18,"offset":554}}},"scope":{"containerScope":{"containerScope":{"containerScope":{"containerScope":{"containerScope":{"containerScope":{"containerScope":{"containerScope":{"containerScope":{"containerScope":{"containerScope":{"contributions":{},"includedScopes":[]},"contributions":{},"includedScopes":[]},"contributions":{},"includedScopes":[]},"contributions":{},"includedScopes":[{"containerScope":{"containerScope":{"containerScope":{"contributions":{},"includedScopes":[]},"contributions":{},"includedScopes":[]},"contributions":{},"includedScopes":[]},"contributions":{},"includedScopes":[]}]},"contributions":{},"includedScopes":[]},"contributions":{},"includedScopes":[]},"contributions":{},"includedScopes":[]},"contributions":{},"includedScopes":[{"containerScope":{"containerScope":{"containerScope":{"contributions":{},"includedScopes":[]},"contributions":{},"includedScopes":[]},"contributions":{},"includedScopes":[]},"contributions":{},"includedScopes":[{"containerScope":{"containerScope":{"containerScope":{"contributions":{},"includedScopes":[]},"contributions":{},"includedScopes":[]},"contributions":{},"includedScopes":[]},"contributions":{},"includedScopes":[]}]},{"containerScope":{"containerScope":{"containerScope":{"contributions":{},"includedScopes":[]},"contributions":{},"includedScopes":[]},"contributions":{},"includedScopes":[]},"contributions":{},"includedScopes":[]}]},"contributions":{},"includedScopes":[]},"contributions":{},"includedScopes":[]},"contributions":{},"includedScopes":[]},"contributions":{},"includedScopes":[]},"sourceMap":{"end":{"column":68,"line":18,"offset":579},"start":{"column":43,"line":18,"offset":554}}}}]},"compiled":false,"id":"049f6a8d-b28a-47f0-af47-0b34f771f33f","isOverride":false,"metadata":[],"name":"<apply>","parameters":[{"id":"051c7008-67c9-449f-b7d3-a3a1b0afba26","isVarArg":false,"metadata":[],"name":"enfermedad","scope":{"containerScope":{"containerScope":{"containerScope":{"containerScope":{"containerScope":{"containerScope":{"containerScope":{"containerScope":{"containerScope":{"contributions":{},"includedScopes":[]},"contributions":{},"includedScopes":[]},"contributions":{},"includedScopes":[]},"contributions":{},"includedScopes":[{"containerScope":{"containerScope":{"containerScope":{"contributions":{},"includedScopes":[]},"contributions":{},"includedScopes":[]},"contributions":{},"includedScopes":[]},"contributions":{},"includedScopes":[]}]},"contributions":{},"includedScopes":[]},"contributions":{},"includedScopes":[]},"contributions":{},"includedScopes":[]},"contributions":{},"includedScopes":[{"containerScope":{"containerScope":{"containerScope":{"contributions":{},"includedScopes":[]},"contributions":{},"includedScopes":[]},"contributions":{},"includedScopes":[]},"contributions":{},"includedScopes":[{"containerScope":{"containerScope":{"containerScope":{"contributions":{},"includedScopes":[]},"contributions":{},"includedScopes":[]},"contributions":{},"includedScopes":[]},"contributions":{},"includedScopes":[]}]},{"containerScope":{"containerScope":{"containerScope":{"contributions":{},"includedScopes":[]},"contributions":{},"includedScopes":[]},"contributions":{},"includedScopes":[]},"contributions":{},"includedScopes":[]}]},"contributions":{},"includedScopes":[]},"contributions":{},"includedScopes":[]},"sourceMap":{"end":{"column":39,"line":18,"offset":550},"start":{"column":29,"line":18,"offset":540}}}],"scope":{"containerScope":{"containerScope":{"containerScope":{"containerScope":{"containerScope":{"containerScope":{"containerScope":{"containerScope":{"contributions":{},"includedScopes":[]},"contributions":{},"includedScopes":[]},"contributions":{},"includedScopes":[]},"contributions":{},"includedScopes":[{"containerScope":{"containerScope":{"containerScope":{"contributions":{},"includedScopes":[]},"contributions":{},"includedScopes":[]},"contributions":{},"includedScopes":[]},"contributions":{},"includedScopes":[]}]},"contributions":{},"includedScopes":[]},"contributions":{},"includedScopes":[]},"contributions":{},"includedScopes":[]},"contributions":{},"includedScopes":[{"containerScope":{"containerScope":{"containerScope":{"contributions":{},"includedScopes":[]},"contributions":{},"includedScopes":[]},"contributions":{},"includedScopes":[]},"contributions":{},"includedScopes":[{"containerScope":{"containerScope":{"containerScope":{"contributions":{},"includedScopes":[]},"contributions":{},"includedScopes":[]},"contributions":{},"includedScopes":[]},"contributions":{},"includedScopes":[]}]},{"containerScope":{"containerScope":{"containerScope":{"contributions":{},"includedScopes":[]},"contributions":{},"includedScopes":[]},"contributions":{},"includedScopes":[]},"contributions":{},"includedScopes":[]}]},"contributions":{},"includedScopes":[]}},{"id":"b4313185-2414-4703-b390-e4661ef5158b","isConstant":true,"isProperty":false,"metadata":[],"name":"<toString>","scope":{"containerScope":{"containerScope":{"containerScope":{"containerScope":{"containerScope":{"containerScope":{"containerScope":{"containerScope":{"contributions":{},"includedScopes":[]},"contributions":{},"includedScopes":[]},"contributions":{},"includedScopes":[]},"contributions":{},"includedScopes":[{"containerScope":{"containerScope":{"containerScope":{"contributions":{},"includedScopes":[]},"contributions":{},"includedScopes":[]},"contributions":{},"includedScopes":[]},"contributions":{},"includedScopes":[]}]},"contributions":{},"includedScopes":[]},"contributions":{},"includedScopes":[]},"contributions":{},"includedScopes":[]},"contributions":{},"includedScopes":[{"containerScope":{"containerScope":{"containerScope":{"contributions":{},"includedScopes":[]},"contributions":{},"includedScopes":[]},"contributions":{},"includedScopes":[]},"contributions":{},"includedScopes":[{"containerScope":{"containerScope":{"containerScope":{"contributions":{},"includedScopes":[]},"contributions":{},"includedScopes":[]},"contributions":{},"includedScopes":[]},"contributions":{},"includedScopes":[]}]},{"containerScope":{"containerScope":{"containerScope":{"contributions":{},"includedScopes":[]},"contributions":{},"includedScopes":[]},"contributions":{},"includedScopes":[]},"contributions":{},"includedScopes":[]}]},"contributions":{},"includedScopes":[]},"value":{"id":"c793d990-9abe-4c26-8cc5-a69b67d4b565","metadata":[],"scope":{"containerScope":{"containerScope":{"containerScope":{"containerScope":{"containerScope":{"containerScope":{"containerScope":{"containerScope":{"containerScope":{"contributions":{},"includedScopes":[]},"contributions":{},"includedScopes":[]},"contributions":{},"includedScopes":[]},"contributions":{},"includedScopes":[{"containerScope":{"containerScope":{"containerScope":{"contributions":{},"includedScopes":[]},"contributions":{},"includedScopes":[]},"contributions":{},"includedScopes":[]},"contributions":{},"includedScopes":[]}]},"contributions":{},"includedScopes":[]},"contributions":{},"includedScopes":[]},"contributions":{},"includedScopes":[]},"contributions":{},"includedScopes":[{"containerScope":{"containerScope":{"containerScope":{"contributions":{},"includedScopes":[]},"contributions":{},"includedScopes":[]},"contributions":{},"includedScopes":[]},"contributions":{},"includedScopes":[{"containerScope":{"containerScope":{"containerScope":{"contributions":{},"includedScopes":[]},"contributions":{},"includedScopes":[]},"contributions":{},"includedScopes":[]},"contributions":{},"includedScopes":[]}]},{"containerScope":{"containerScope":{"containerScope":{"contributions":{},"includedScopes":[]},"contributions":{},"includedScopes":[]},"contributions":{},"includedScopes":[]},"contributions":{},"includedScopes":[]}]},"contributions":{},"includedScopes":[]},"contributions":{},"includedScopes":[]},"value":"{enfermedad => enfermedad.afectarA(self)}"}}],"metadata":[],"scope":{"containerScope":{"containerScope":{"containerScope":{"containerScope":{"containerScope":{"containerScope":{"containerScope":{"contributions":{},"includedScopes":[]},"contributions":{},"includedScopes":[]},"contributions":{},"includedScopes":[]},"contributions":{},"includedScopes":[{"containerScope":{"containerScope":{"containerScope":{"contributions":{},"includedScopes":[]},"contributions":{},"includedScopes":[]},"contributions":{},"includedScopes":[]},"contributions":{},"includedScopes":[]}]},"contributions":{},"includedScopes":[]},"contributions":{},"includedScopes":[]},"contributions":{},"includedScopes":[]},"contributions":{},"includedScopes":[{"containerScope":{"containerScope":{"containerScope":{"contributions":{},"includedScopes":[]},"contributions":{},"includedScopes":[]},"contributions":{},"includedScopes":[]},"contributions":{},"includedScopes":[{"containerScope":{"containerScope":{"containerScope":{"contributions":{},"includedScopes":[]},"contributions":{},"includedScopes":[]},"contributions":{},"includedScopes":[]},"contributions":{},"includedScopes":[]}]},{"containerScope":{"containerScope":{"containerScope":{"contributions":{},"includedScopes":[]},"contributions":{},"includedScopes":[]},"contributions":{},"includedScopes":[]},"contributions":{},"includedScopes":[]}]},"sourceMap":{"end":{"column":69,"line":18,"offset":580},"start":{"column":28,"line":18,"offset":539}},"supertypes":[{"args":[],"id":"a1fe142b-3de2-4326-aedf-e22d6614874f","metadata":[],"reference":{"id":"4fc29b45-ec1b-4cdc-a942-13da3cf0d744","metadata":[],"name":"wollok.lang.Closure","scope":{"containerScope":{"containerScope":{"containerScope":{"containerScope":{"containerScope":{"containerScope":{"containerScope":{"containerScope":{"contributions":{},"includedScopes":[]},"contributions":{},"includedScopes":[]},"contributions":{},"includedScopes":[]},"contributions":{},"includedScopes":[{"containerScope":{"containerScope":{"containerScope":{"contributions":{},"includedScopes":[]},"contributions":{},"includedScopes":[]},"contributions":{},"includedScopes":[]},"contributions":{},"includedScopes":[]}]},"contributions":{},"includedScopes":[]},"contributions":{},"includedScopes":[]},"contributions":{},"includedScopes":[]},"contributions":{},"includedScopes":[{"containerScope":{"containerScope":{"containerScope":{"contributions":{},"includedScopes":[]},"contributions":{},"includedScopes":[]},"contributions":{},"includedScopes":[]},"contributions":{},"includedScopes":[{"containerScope":{"containerScope":{"containerScope":{"contributions":{},"includedScopes":[]},"contributions":{},"includedScopes":[]},"contributions":{},"includedScopes":[]},"contributions":{},"includedScopes":[]}]},{"containerScope":{"containerScope":{"containerScope":{"contributions":{},"includedScopes":[]},"contributions":{},"includedScopes":[]},"contributions":{},"includedScopes":[]},"contributions":{},"includedScopes":[]}]},"contributions":{},"includedScopes":[]}},"scope":{"containerScope":{"containerScope":{"containerScope":{"containerScope":{"containerScope":{"containerScope":{"containerScope":{"containerScope":{"contributions":{},"includedScopes":[]},"contributions":{},"includedScopes":[]},"contributions":{},"includedScopes":[]},"contributions":{},"includedScopes":[{"containerScope":{"containerScope":{"containerScope":{"contributions":{},"includedScopes":[]},"contributions":{},"includedScopes":[]},"contributions":{},"includedScopes":[]},"contributions":{},"includedScopes":[]}]},"contributions":{},"includedScopes":[]},"contributions":{},"includedScopes":[]},"contributions":{},"includedScopes":[]},"contributions":{},"includedScopes":[{"containerScope":{"containerScope":{"containerScope":{"contributions":{},"includedScopes":[]},"contributions":{},"includedScopes":[]},"contributions":{},"includedScopes":[]},"contributions":{},"includedScopes":[{"containerScope":{"containerScope":{"containerScope":{"contributions":{},"includedScopes":[]},"contributions":{},"includedScopes":[]},"contributions":{},"includedScopes":[]},"contributions":{},"includedScopes":[]}]},{"containerScope":{"containerScope":{"containerScope":{"contributions":{},"includedScopes":[]},"contributions":{},"includedScopes":[]},"contributions":{},"includedScopes":[]},"contributions":{},"includedScopes":[]}]},"contributions":{},"includedScopes":[]}}]}],"id":"f7a30059-477e-45ae-a298-dbfce7b3afb6","message":"forEach","metadata":[{"args":{"position":"end","text":"//similar a un map"},"name":"comment"}],"receiver":{"id":"08b178b2-fb8f-4b49-bc4b-b5067a78bee9","metadata":[],"name":"enfermedades","scope":{"containerScope":{"containerScope":{"containerScope":{"containerScope":{"containerScope":{"containerScope":{"containerScope":{"contributions":{},"includedScopes":[]},"contributions":{},"includedScopes":[]},"contributions":{},"includedScopes":[]},"contributions":{},"includedScopes":[{"containerScope":{"containerScope":{"containerScope":{"contributions":{},"includedScopes":[]},"contributions":{},"includedScopes":[]},"contributions":{},"includedScopes":[]},"contributions":{},"includedScopes":[]}]},"contributions":{},"includedScopes":[]},"contributions":{},"includedScopes":[]},"contributions":{},"includedScopes":[]},"contributions":{},"includedScopes":[]},"sourceMap":{"end":{"column":19,"line":18,"offset":530},"start":{"column":7,"line":18,"offset":518}}},"scope":{"containerScope":{"containerScope":{"containerScope":{"containerScope":{"containerScope":{"containerScope":{"contributions":{},"includedScopes":[]},"contributions":{},"includedScopes":[]},"contributions":{},"includedScopes":[]},"contributions":{},"includedScopes":[{"containerScope":{"containerScope":{"containerScope":{"contributions":{},"includedScopes":[]},"contributions":{},"includedScopes":[]},"contributions":{},"includedScopes":[]},"contributions":{},"includedScopes":[]}]},"contributions":{},"includedScopes":[]},"contributions":{},"includedScopes":[]},"contributions":{},"includedScopes":[]},"sourceMap":{"end":{"column":70,"line":18,"offset":581},"start":{"column":7,"line":18,"offset":518}}},{"id":"b32be8a3-82dd-48f3-92f7-388fb96a2a69","metadata":[{"args":{"position":"start","text":"// cada enfermedad es un elemento del conjunto enfermedades ESTO ES COMO UN LAMDA"},"name":"comment"}],"name":"method","scope":{"containerScope":{"containerScope":{"containerScope":{"containerScope":{"containerScope":{"containerScope":{"contributions":{},"includedScopes":[]},"contributions":{},"includedScopes":[]},"contributions":{},"includedScopes":[]},"contributions":{},"includedScopes":[{"containerScope":{"containerScope":{"containerScope":{"contributions":{},"includedScopes":[]},"contributions":{},"includedScopes":[]},"contributions":{},"includedScopes":[]},"contributions":{},"includedScopes":[]}]},"contributions":{},"includedScopes":[]},"contributions":{},"includedScopes":[]},"contributions":{},"includedScopes":[]},"sourceMap":{"end":{"column":9,"line":20,"offset":697},"start":{"column":3,"line":20,"offset":691}}},{"args":[{"id":"a041bc72-6d70-4065-a918-d91de3f7699c","metadata":[],"name":"cant","scope":{"containerScope":{"containerScope":{"containerScope":{"containerScope":{"containerScope":{"containerScope":{"containerScope":{"contributions":{},"includedScopes":[]},"contributions":{},"includedScopes":[]},"contributions":{},"includedScopes":[]},"contributions":{},"includedScopes":[{"containerScope":{"containerScope":{"containerScope":{"contributions":{},"includedScopes":[]},"contributions":{},"includedScopes":[]},"contributions":{},"includedScopes":[]},"contributions":{},"includedScopes":[]}]},"contributions":{},"includedScopes":[]},"contributions":{},"includedScopes":[]},"contributions":{},"includedScopes":[]},"contributions":{},"includedScopes":[]},"sourceMap":{"end":{"column":31,"line":20,"offset":719},"start":{"column":27,"line":20,"offset":715}}}],"id":"76b72c2b-edd5-4946-abae-5b2e32e93f4a","message":"disminuirCelulas","metadata":[],"problems":[{"code":"malformedMessageSend","sourceMap":{"end":{"column":26,"line":20,"offset":714},"start":{"column":10,"line":20,"offset":698}}}],"receiver":{"id":"6c373d68-9f85-40fe-a7c2-d0319d244c02","metadata":[],"scope":{"containerScope":{"containerScope":{"containerScope":{"containerScope":{"containerScope":{"containerScope":{"containerScope":{"contributions":{},"includedScopes":[]},"contributions":{},"includedScopes":[]},"contributions":{},"includedScopes":[]},"contributions":{},"includedScopes":[{"containerScope":{"containerScope":{"containerScope":{"contributions":{},"includedScopes":[]},"contributions":{},"includedScopes":[]},"contributions":{},"includedScopes":[]},"contributions":{},"includedScopes":[]}]},"contributions":{},"includedScopes":[]},"contributions":{},"includedScopes":[]},"contributions":{},"includedScopes":[]},"contributions":{},"includedScopes":[]},"value":null},"scope":{"containerScope":{"containerScope":{"containerScope":{"containerScope":{"containerScope":{"containerScope":{"contributions":{},"includedScopes":[]},"contributions":{},"includedScopes":[]},"contributions":{},"includedScopes":[]},"contributions":{},"includedScopes":[{"containerScope":{"containerScope":{"containerScope":{"contributions":{},"includedScopes":[]},"contributions":{},"includedScopes":[]},"contributions":{},"includedScopes":[]},"contributions":{},"includedScopes":[]}]},"contributions":{},"includedScopes":[]},"contributions":{},"includedScopes":[]},"contributions":{},"includedScopes":[]},"sourceMap":{"end":{"column":32,"line":20,"offset":720},"start":{"column":10,"line":20,"offset":698}}},{"id":"09deeb84-c01f-4ee4-a589-b66ff65e7ee0","members":[{"body":{"id":"f94c7882-92de-4f24-87f5-53ee4a1f124d","metadata":[],"scope":{"containerScope":{"containerScope":{"containerScope":{"containerScope":{"containerScope":{"containerScope":{"containerScope":{"containerScope":{"contributions":{},"includedScopes":[]},"contributions":{},"includedScopes":[]},"contributions":{},"includedScopes":[]},"contributions":{},"includedScopes":[{"containerScope":{"containerScope":{"containerScope":{"contributions":{},"includedScopes":[]},"contributions":{},"includedScopes":[]},"contributions":{},"includedScopes":[]},"contributions":{},"includedScopes":[]}]},"contributions":{},"includedScopes":[]},"contributions":{},"includedScopes":[]},"contributions":{},"includedScopes":[{"containerScope":{"containerScope":{"containerScope":{"contributions":{},"includedScopes":[]},"contributions":{},"includedScopes":[]},"contributions":{},"includedScopes":[]},"contributions":{},"includedScopes":[{"containerScope":{"containerScope":{"containerScope":{"contributions":{},"includedScopes":[]},"contributions":{},"includedScopes":[]},"contributions":{},"includedScopes":[]},"contributions":{},"includedScopes":[]}]},{"containerScope":{"containerScope":{"containerScope":{"contributions":{},"includedScopes":[]},"contributions":{},"includedScopes":[]},"contributions":{},"includedScopes":[]},"contributions":{},"includedScopes":[]}]},"contributions":{},"includedScopes":[]},"contributions":{},"includedScopes":[]},"sentences":[{"id":"2ad2a289-53ba-4d0e-89d3-416238fa8ebf","metadata":[],"scope":{"containerScope":{"containerScope":{"containerScope":{"containerScope":{"containerScope":{"containerScope":{"containerScope":{"containerScope":{"containerScope":{"contributions":{},"includedScopes":[]},"contributions":{},"includedScopes":[]},"contributions":{},"includedScopes":[]},"contributions":{},"includedScopes":[{"containerScope":{"containerScope":{"containerScope":{"contributions":{},"includedScopes":[]},"contributions":{},"includedScopes":[]},"contributions":{},"includedScopes":[]},"contributions":{},"includedScopes":[]}]},"contributions":{},"includedScopes":[]},"contributions":{},"includedScopes":[]},"contributions":{},"includedScopes":[{"containerScope":{"containerScope":{"containerScope":{"contributions":{},"includedScopes":[]},"contributions":{},"includedScopes":[]},"contributions":{},"includedScopes":[]},"contributions":{},"includedScopes":[{"containerScope":{"containerScope":{"containerScope":{"contributions":{},"includedScopes":[]},"contributions":{},"includedScopes":[]},"contributions":{},"includedScopes":[]},"contributions":{},"includedScopes":[]}]},{"containerScope":{"containerScope":{"containerScope":{"contributions":{},"includedScopes":[]},"contributions":{},"includedScopes":[]},"contributions":{},"includedScopes":[]},"contributions":{},"includedScopes":[]}]},"contributions":{},"includedScopes":[]},"contributions":{},"includedScopes":[]},"contributions":{},"includedScopes":[]},"sourceMap":{"end":{"column":20,"line":21,"offset":741},"start":{"column":5,"line":21,"offset":726}},"value":{"args":[{"id":"54ee46c7-8ba9-4146-bdf9-2593e1ccfa14","metadata":[],"name":"cant","scope":{"containerScope":{"containerScope":{"containerScope":{"containerScope":{"containerScope":{"containerScope":{"containerScope":{"containerScope":{"containerScope":{"containerScope":{"containerScope":{"contributions":{},"includedScopes":[]},"contributions":{},"includedScopes":[]},"contributions":{},"includedScopes":[]},"contributions":{},"includedScopes":[{"containerScope":{"containerScope":{"containerScope":{"contributions":{},"includedScopes":[]},"contributions":{},"includedScopes":[]},"contributions":{},"includedScopes":[]},"contributions":{},"includedScopes":[]}]},"contributions":{},"includedScopes":[]},"contributions":{},"includedScopes":[]},"contributions":{},"includedScopes":[{"containerScope":{"containerScope":{"containerScope":{"contributions":{},"includedScopes":[]},"contributions":{},"includedScopes":[]},"contributions":{},"includedScopes":[]},"contributions":{},"includedScopes":[{"containerScope":{"containerScope":{"containerScope":{"contributions":{},"includedScopes":[]},"contributions":{},"includedScopes":[]},"contributions":{},"includedScopes":[]},"contributions":{},"includedScopes":[]}]},{"containerScope":{"containerScope":{"containerScope":{"contributions":{},"includedScopes":[]},"contributions":{},"includedScopes":[]},"contributions":{},"includedScopes":[]},"contributions":{},"includedScopes":[]}]},"contributions":{},"includedScopes":[]},"contributions":{},"includedScopes":[]},"contributions":{},"includedScopes":[]},"contributions":{},"includedScopes":[]},"contributions":{},"includedScopes":[]},"sourceMap":{"end":{"column":20,"line":21,"offset":741},"start":{"column":16,"line":21,"offset":737}}}],"id":"889f1c7c-564d-4f3a-b46f-a498fa6901f7","message":"-","metadata":[],"receiver":{"id":"ab219e45-7271-41d6-bcc2-7d6ebb03c4c5","metadata":[],"name":"celulas","scope":{"containerScope":{"containerScope":{"containerScope":{"containerScope":{"containerScope":{"containerScope":{"containerScope":{"containerScope":{"containerScope":{"containerScope":{"containerScope":{"contributions":{},"includedScopes":[]},"contributions":{},"includedScopes":[]},"contributions":{},"includedScopes":[]},"contributions":{},"includedScopes":[{"containerScope":{"containerScope":{"containerScope":{"contributions":{},"includedScopes":[]},"contributions":{},"includedScopes":[]},"contributions":{},"includedScopes":[]},"contributions":{},"includedScopes":[]}]},"contributions":{},"includedScopes":[]},"contributions":{},"includedScopes":[]},"contributions":{},"includedScopes":[{"containerScope":{"containerScope":{"containerScope":{"contributions":{},"includedScopes":[]},"contributions":{},"includedScopes":[]},"contributions":{},"includedScopes":[]},"contributions":{},"includedScopes":[{"containerScope":{"containerScope":{"containerScope":{"contributions":{},"includedScopes":[]},"contributions":{},"includedScopes":[]},"contributions":{},"includedScopes":[]},"contributions":{},"includedScopes":[]}]},{"containerScope":{"containerScope":{"containerScope":{"contributions":{},"includedScopes":[]},"contributions":{},"includedScopes":[]},"contributions":{},"includedScopes":[]},"contributions":{},"includedScopes":[]}]},"contributions":{},"includedScopes":[]},"contributions":{},"includedScopes":[]},"contributions":{},"includedScopes":[]},"contributions":{},"includedScopes":[]},"contributions":{},"includedScopes":[]},"sourceMap":{"end":{"column":12,"line":21,"offset":733},"start":{"column":5,"line":21,"offset":726}}},"scope":{"containerScope":{"containerScope":{"containerScope":{"containerScope":{"containerScope":{"containerScope":{"containerScope":{"containerScope":{"containerScope":{"containerScope":{"contributions":{},"includedScopes":[]},"contributions":{},"includedScopes":[]},"contributions":{},"includedScopes":[]},"contributions":{},"includedScopes":[{"containerScope":{"containerScope":{"containerScope":{"contributions":{},"includedScopes":[]},"contributions":{},"includedScopes":[]},"contributions":{},"includedScopes":[]},"contributions":{},"includedScopes":[]}]},"contributions":{},"includedScopes":[]},"contributions":{},"includedScopes":[]},"contributions":{},"includedScopes":[{"containerScope":{"containerScope":{"containerScope":{"contributions":{},"includedScopes":[]},"contributions":{},"includedScopes":[]},"contributions":{},"includedScopes":[]},"contributions":{},"includedScopes":[{"containerScope":{"containerScope":{"containerScope":{"contributions":{},"includedScopes":[]},"contributions":{},"includedScopes":[]},"contributions":{},"includedScopes":[]},"contributions":{},"includedScopes":[]}]},{"containerScope":{"containerScope":{"containerScope":{"contributions":{},"includedScopes":[]},"contributions":{},"includedScopes":[]},"contributions":{},"includedScopes":[]},"contributions":{},"includedScopes":[]}]},"contributions":{},"includedScopes":[]},"contributions":{},"includedScopes":[]},"contributions":{},"includedScopes":[]},"contributions":{},"includedScopes":[]}},"variable":{"id":"73b61536-3dd4-4227-86a8-e6315ebc93e2","metadata":[],"name":"celulas","scope":{"containerScope":{"containerScope":{"containerScope":{"containerScope":{"containerScope":{"containerScope":{"containerScope":{"containerScope":{"containerScope":{"containerScope":{"contributions":{},"includedScopes":[]},"contributions":{},"includedScopes":[]},"contributions":{},"includedScopes":[]},"contributions":{},"includedScopes":[{"containerScope":{"containerScope":{"containerScope":{"contributions":{},"includedScopes":[]},"contributions":{},"includedScopes":[]},"contributions":{},"includedScopes":[]},"contributions":{},"includedScopes":[]}]},"contributions":{},"includedScopes":[]},"contributions":{},"includedScopes":[]},"contributions":{},"includedScopes":[{"containerScope":{"containerScope":{"containerScope":{"contributions":{},"includedScopes":[]},"contributions":{},"includedScopes":[]},"contributions":{},"includedScopes":[]},"contributions":{},"includedScopes":[{"containerScope":{"containerScope":{"containerScope":{"contributions":{},"includedScopes":[]},"contributions":{},"includedScopes":[]},"contributions":{},"includedScopes":[]},"contributions":{},"includedScopes":[]}]},{"containerScope":{"containerScope":{"containerScope":{"contributions":{},"includedScopes":[]},"contributions":{},"includedScopes":[]},"contributions":{},"includedScopes":[]},"contributions":{},"includedScopes":[]}]},"contributions":{},"includedScopes":[]},"contributions":{},"includedScopes":[]},"contributions":{},"includedScopes":[]},"contributions":{},"includedScopes":[]},"sourceMap":{"end":{"column":12,"line":21,"offset":733},"start":{"column":5,"line":21,"offset":726}}}}]},"compiled":false,"id":"3d95acc4-a7b6-4bef-ab3d-d71e720f8b1c","isOverride":false,"metadata":[],"name":"<apply>","parameters":[],"scope":{"containerScope":{"containerScope":{"containerScope":{"containerScope":{"containerScope":{"containerScope":{"containerScope":{"contributions":{},"includedScopes":[]},"contributions":{},"includedScopes":[]},"contributions":{},"includedScopes":[]},"contributions":{},"includedScopes":[{"containerScope":{"containerScope":{"containerScope":{"contributions":{},"includedScopes":[]},"contributions":{},"includedScopes":[]},"contributions":{},"includedScopes":[]},"contributions":{},"includedScopes":[]}]},"contributions":{},"includedScopes":[]},"contributions":{},"includedScopes":[]},"contributions":{},"includedScopes":[{"containerScope":{"containerScope":{"containerScope":{"contributions":{},"includedScopes":[]},"contributions":{},"includedScopes":[]},"contributions":{},"includedScopes":[]},"contributions":{},"includedScopes":[{"containerScope":{"containerScope":{"containerScope":{"contributions":{},"includedScopes":[]},"contributions":{},"includedScopes":[]},"contributions":{},"includedScopes":[]},"contributions":{},"includedScopes":[]}]},{"containerScope":{"containerScope":{"containerScope":{"contributions":{},"includedScopes":[]},"contributions":{},"includedScopes":[]},"contributions":{},"includedScopes":[]},"contributions":{},"includedScopes":[]}]},"contributions":{},"includedScopes":[]}},{"id":"41c3621b-7021-4bda-94ee-6e5e63b1bf60","isConstant":true,"isProperty":false,"metadata":[],"name":"<toString>","scope":{"containerScope":{"containerScope":{"containerScope":{"containerScope":{"containerScope":{"containerScope":{"containerScope":{"contributions":{},"includedScopes":[]},"contributions":{},"includedScopes":[]},"contributions":{},"includedScopes":[]},"contributions":{},"includedScopes":[{"containerScope":{"containerScope":{"containerScope":{"contributions":{},"includedScopes":[]},"contributions":{},"includedScopes":[]},"contributions":{},"includedScopes":[]},"contributions":{},"includedScopes":[]}]},"contributions":{},"includedScopes":[]},"contributions":{},"includedScopes":[]},"contributions":{},"includedScopes":[{"containerScope":{"containerScope":{"containerScope":{"contributions":{},"includedScopes":[]},"contributions":{},"includedScopes":[]},"contributions":{},"includedScopes":[]},"contributions":{},"includedScopes":[{"containerScope":{"containerScope":{"containerScope":{"contributions":{},"includedScopes":[]},"contributions":{},"includedScopes":[]},"contributions":{},"includedScopes":[]},"contributions":{},"includedScopes":[]}]},{"containerScope":{"containerScope":{"containerScope":{"contributions":{},"includedScopes":[]},"contributions":{},"includedScopes":[]},"contributions":{},"includedScopes":[]},"contributions":{},"includedScopes":[]}]},"contributions":{},"includedScopes":[]},"value":{"id":"f0ce2f66-54da-4945-94e4-512f49d9aa20","metadata":[],"scope":{"containerScope":{"containerScope":{"containerScope":{"containerScope":{"containerScope":{"containerScope":{"containerScope":{"containerScope":{"contributions":{},"includedScopes":[]},"contributions":{},"includedScopes":[]},"contributions":{},"includedScopes":[]},"contributions":{},"includedScopes":[{"containerScope":{"containerScope":{"containerScope":{"contributions":{},"includedScopes":[]},"contributions":{},"includedScopes":[]},"contributions":{},"includedScopes":[]},"contributions":{},"includedScopes":[]}]},"contributions":{},"includedScopes":[]},"contributions":{},"includedScopes":[]},"contributions":{},"includedScopes":[{"containerScope":{"containerScope":{"containerScope":{"contributions":{},"includedScopes":[]},"contributions":{},"includedScopes":[]},"contributions":{},"includedScopes":[]},"contributions":{},"includedScopes":[{"containerScope":{"containerScope":{"containerScope":{"contributions":{},"includedScopes":[]},"contributions":{},"includedScopes":[]},"contributions":{},"includedScopes":[]},"contributions":{},"includedScopes":[]}]},{"containerScope":{"containerScope":{"containerScope":{"contributions":{},"includedScopes":[]},"contributions":{},"includedScopes":[]},"contributions":{},"includedScopes":[]},"contributions":{},"includedScopes":[]}]},"contributions":{},"includedScopes":[]},"contributions":{},"includedScopes":[]},"value":"{\n    celulas -= cant\n  }"}}],"metadata":[],"scope":{"containerScope":{"containerScope":{"containerScope":{"containerScope":{"containerScope":{"containerScope":{"contributions":{},"includedScopes":[]},"contributions":{},"includedScopes":[]},"contributions":{},"includedScopes":[]},"contributions":{},"includedScopes":[{"containerScope":{"containerScope":{"containerScope":{"contributions":{},"includedScopes":[]},"contributions":{},"includedScopes":[]},"contributions":{},"includedScopes":[]},"contributions":{},"includedScopes":[]}]},"contributions":{},"includedScopes":[]},"contributions":{},"includedScopes":[]},"contributions":{},"includedScopes":[{"containerScope":{"containerScope":{"containerScope":{"contributions":{},"includedScopes":[]},"contributions":{},"includedScopes":[]},"contributions":{},"includedScopes":[]},"contributions":{},"includedScopes":[{"containerScope":{"containerScope":{"containerScope":{"contributions":{},"includedScopes":[]},"contributions":{},"includedScopes":[]},"contributions":{},"includedScopes":[]},"contributions":{},"includedScopes":[]}]},{"containerScope":{"containerScope":{"containerScope":{"contributions":{},"includedScopes":[]},"contributions":{},"includedScopes":[]},"contributions":{},"includedScopes":[]},"contributions":{},"includedScopes":[]}]},"sourceMap":{"end":{"column":0,"line":23,"offset":745},"start":{"column":32,"line":20,"offset":720}},"supertypes":[{"args":[],"id":"5eac5bcf-1ba6-4648-bef9-d2b0a76c55a0","metadata":[],"reference":{"id":"68d0fc59-df4e-4953-b958-40df22790c42","metadata":[],"name":"wollok.lang.Closure","scope":{"containerScope":{"containerScope":{"containerScope":{"containerScope":{"containerScope":{"containerScope":{"containerScope":{"contributions":{},"includedScopes":[]},"contributions":{},"includedScopes":[]},"contributions":{},"includedScopes":[]},"contributions":{},"includedScopes":[{"containerScope":{"containerScope":{"containerScope":{"contributions":{},"includedScopes":[]},"contributions":{},"includedScopes":[]},"contributions":{},"includedScopes":[]},"contributions":{},"includedScopes":[]}]},"contributions":{},"includedScopes":[]},"contributions":{},"includedScopes":[]},"contributions":{},"includedScopes":[{"containerScope":{"containerScope":{"containerScope":{"contributions":{},"includedScopes":[]},"contributions":{},"includedScopes":[]},"contributions":{},"includedScopes":[]},"contributions":{},"includedScopes":[{"containerScope":{"containerScope":{"containerScope":{"contributions":{},"includedScopes":[]},"contributions":{},"includedScopes":[]},"contributions":{},"includedScopes":[]},"contributions":{},"includedScopes":[]}]},{"containerScope":{"containerScope":{"containerScope":{"contributions":{},"includedScopes":[]},"contributions":{},"includedScopes":[]},"contributions":{},"includedScopes":[]},"contributions":{},"includedScopes":[]}]},"contributions":{},"includedScopes":[]}},"scope":{"containerScope":{"containerScope":{"containerScope":{"containerScope":{"containerScope":{"containerScope":{"containerScope":{"contributions":{},"includedScopes":[]},"contributions":{},"includedScopes":[]},"contributions":{},"includedScopes":[]},"contributions":{},"includedScopes":[{"containerScope":{"containerScope":{"containerScope":{"contributions":{},"includedScopes":[]},"contributions":{},"includedScopes":[]},"contributions":{},"includedScopes":[]},"contributions":{},"includedScopes":[]}]},"contributions":{},"includedScopes":[]},"contributions":{},"includedScopes":[]},"contributions":{},"includedScopes":[{"containerScope":{"containerScope":{"containerScope":{"contributions":{},"includedScopes":[]},"contributions":{},"includedScopes":[]},"contributions":{},"includedScopes":[]},"contributions":{},"includedScopes":[{"containerScope":{"containerScope":{"containerScope":{"contributions":{},"includedScopes":[]},"contributions":{},"includedScopes":[]},"contributions":{},"includedScopes":[]},"contributions":{},"includedScopes":[]}]},{"containerScope":{"containerScope":{"containerScope":{"contributions":{},"includedScopes":[]},"contributions":{},"includedScopes":[]},"contributions":{},"includedScopes":[]},"contributions":{},"includedScopes":[]}]},"contributions":{},"includedScopes":[]}}]}],"sourceMap":{"end":{"column":4,"line":23,"offset":749},"start":{"column":21,"line":17,"offset":510}}},"compiled":false,"id":"428a873d-f14f-4f69-8070-a642fd30cc55","isOverride":false,"metadata":[],"name":"viviUnDia","parameters":[],"problems":[],"scope":{"containerScope":{"containerScope":{"containerScope":{"containerScope":{"contributions":{},"includedScopes":[]},"contributions":{},"includedScopes":[]},"contributions":{},"includedScopes":[]},"contributions":{},"includedScopes":[{"containerScope":{"containerScope":{"containerScope":{"contributions":{},"includedScopes":[]},"contributions":{},"includedScopes":[]},"contributions":{},"includedScopes":[]},"contributions":{},"includedScopes":[]}]},"contributions":{},"includedScopes":[]},"sourceMap":{"end":{"column":4,"line":23,"offset":749},"start":{"column":3,"line":17,"offset":492}}}],"metadata":[],"name":"Persona","problems":[{"code":"malformedMember","sourceMap":{"end":{"column":1,"line":27,"offset":809},"start":{"column":3,"line":24,"offset":752}}}],"scope":{"containerScope":{"containerScope":{"containerScope":{"contributions":{},"includedScopes":[]},"contributions":{},"includedScopes":[]},"contributions":{},"includedScopes":[]},"contributions":{},"includedScopes":[{"containerScope":{"containerScope":{"containerScope":{"contributions":{},"includedScopes":[]},"contributions":{},"includedScopes":[]},"contributions":{},"includedScopes":[]},"contributions":{},"includedScopes":[]}]},"sourceMap":{"end":{"column":2,"line":27,"offset":810},"start":{"column":1,"line":2,"offset":1}},"supertypes":[]},"stack":"Error: Failed to print, found malformed node\n    at /home/tiaguinni/.vscode/extensions/uqbar.wollok-lsp-ide-0.5.5/out/server/src/server.js:68:3585\n    at Ybn (/home/tiaguinni/.vscode/extensions/uqbar.wollok-lsp-ide-0.5.5/out/server/src/server.js:68:3396)\n    at /home/tiaguinni/.vscode/extensions/uqbar.wollok-lsp-ide-0.5.5/out/server/src/server.js:2430:847\n    at /home/tiaguinni/.vscode/extensions/uqbar.wollok-lsp-ide-0.5.5/out/server/src/server.js:2430:8440\n    at /home/tiaguinni/.vscode/extensions/uqbar.wollok-lsp-ide-0.5.5/out/server/src/server.js:37:74770\n    at Ke (/home/tiaguinni/.vscode/extensions/uqbar.wollok-lsp-ide-0.5.5/out/server/src/server.js:7:8527)\n    at It (/home/tiaguinni/.vscode/extensions/uqbar.wollok-lsp-ide-0.5.5/out/server/src/server.js:7:6189)\n    at et (/home/tiaguinni/.vscode/extensions/uqbar.wollok-lsp-ide-0.5.5/out/server/src/server.js:7:6378)\n    at Immediate._onImmediate (/home/tiaguinni/.vscode/extensions/uqbar.wollok-lsp-ide-0.5.5/out/server/src/server.js:7:6142)\n    at process.processImmediate (node:internal/timers:504:21)","timestamp":"2026-09-23T13:52:41.798Z"}
{"level":"info","message":"⌛ Building environment","timeElapsed":201,"timestamp":"2026-09-23T13:52:43.914Z"}
{"level":"info","message":"⌛ Validating EXAMEN-Wollok/example.wlk","timeElapsed":287,"timestamp":"2026-09-23T13:52:44.214Z"}
{"level":"info","message":"⌛ Building environment","timeElapsed":133,"timestamp":"2026-09-23T13:52:44.644Z"}
{"level":"info","message":"⌛ Validating EXAMEN-Wollok/example.wlk","timeElapsed":146,"timestamp":"2026-09-23T13:52:44.799Z"}
{"level":"info","message":"⌛ Building environment","timeElapsed":114,"timestamp":"2026-09-23T13:52:45.412Z"}
{"level":"info","message":"⌛ Validating EXAMEN-Wollok/example.wlk","timeElapsed":141,"timestamp":"2026-09-23T13:52:45.560Z"}
{"level":"info","message":"⌛ Building environment","timeElapsed":111,"timestamp":"2026-09-23T13:52:45.922Z"}
{"level":"info","message":"⌛ Validating EXAMEN-Wollok/example.wlk","timeElapsed":154,"timestamp":"2026-09-23T13:52:46.091Z"}
{"level":"info","message":"⌛ Building environment","timeElapsed":196,"timestamp":"2026-09-23T13:52:46.289Z"}
{"level":"info","message":"⌛ Building environment","timeElapsed":120,"timestamp":"2026-09-23T13:52:46.410Z"}
{"level":"info","message":"⌛ Validating EXAMEN-Wollok/example.wlk","timeElapsed":213,"timestamp":"2026-09-23T13:52:46.624Z"}
{"level":"info","message":"⌛ Building environment","timeElapsed":109,"timestamp":"2026-09-23T13:52:46.740Z"}
{"level":"info","message":"⌛ Validating EXAMEN-Wollok/example.wlk","timeElapsed":219,"timestamp":"2026-09-23T13:52:46.960Z"}
{"level":"info","message":"⌛ Validating EXAMEN-Wollok/example.wlk","timeElapsed":159,"timestamp":"2026-09-23T13:52:47.216Z"}
{"level":"info","message":"⌛ Building environment","timeElapsed":160,"timestamp":"2026-09-23T13:52:47.377Z"}
{"level":"info","message":"⌛ Building environment","timeElapsed":112,"timestamp":"2026-09-23T13:52:47.490Z"}
{"level":"info","message":"⌛ Validating EXAMEN-Wollok/example.wlk","timeElapsed":175,"timestamp":"2026-09-23T13:52:47.675Z"}
{"level":"info","message":"⌛ Validating EXAMEN-Wollok/example.wlk","timeElapsed":168,"timestamp":"2026-09-23T13:52:47.851Z"}
{"level":"info","message":"⌛ Validating EXAMEN-Wollok/example.wlk","timeElapsed":181,"timestamp":"2026-09-23T13:52:48.040Z"}
{"level":"info","message":"⌛ Building environment","timeElapsed":153,"timestamp":"2026-09-23T13:52:51.859Z"}
{"level":"info","message":"⌛ Validating EXAMEN-Wollok/example.wlk","timeElapsed":185,"timestamp":"2026-09-23T13:52:52.047Z"}
{"level":"info","message":"🧪 Test runner executed on /home/tiaguinni/Desktop/UTN","result":{"errored":1,"failed":0,"ok":0},"testsFailed":[{"error":["wollok.lang.EvaluationError: Error: Could not resolve reference to test","  at EXAMEN-Wollok.testExample.\"Dr casa - Temporada 1\" [EXAMEN-Wollok/testExample.wtest:3]"],"test":"EXAMEN-Wollok.testExample.\"Dr casa - Temporada 1\""}],"timeElapsed":941,"timestamp":"2026-09-23T13:53:02.814Z"}
{"level":"error","message":"✘ Failed to get type description: Error: Failed to print, found malformed node Failed to print, found malformed node","node":{"id":"00ab1263-e19f-4aec-a51e-74d4050fe2ae","members":[{"id":"6248d999-e2af-4253-8839-8eb9e4bee779","isConstant":false,"isProperty":false,"metadata":[],"name":"enfermedades","scope":{"containerScope":{"containerScope":{"containerScope":{"containerScope":{"contributions":{},"includedScopes":[]},"contributions":{},"includedScopes":[]},"contributions":{},"includedScopes":[]},"contributions":{},"includedScopes":[{"containerScope":{"containerScope":{"containerScope":{"contributions":{},"includedScopes":[]},"contributions":{},"includedScopes":[]},"contributions":{},"includedScopes":[]},"contributions":{},"includedScopes":[]}]},"contributions":{},"includedScopes":[]},"sourceMap":{"end":{"column":27,"line":3,"offset":42},"start":{"column":4,"line":3,"offset":19}},"value":{"id":"06621ea4-ded8-4108-b187-7586bff9e0aa","metadata":[],"scope":{"containerScope":{"containerScope":{"containerScope":{"containerScope":{"containerScope":{"contributions":{},"includedScopes":[]},"contributions":{},"includedScopes":[]},"contributions":{},"includedScopes":[]},"contributions":{},"includedScopes":[{"containerScope":{"containerScope":{"containerScope":{"contributions":{},"includedScopes":[]},"contributions":{},"includedScopes":[]},"contributions":{},"includedScopes":[]},"contributions":{},"includedScopes":[]}]},"contributions":{},"includedScopes":[]},"contributions":{},"includedScopes":[]},"sourceMap":{"end":{"column":27,"line":3,"offset":42},"start":{"column":24,"line":3,"offset":39}},"value":[{"id":"c5dff30b-c982-4852-b77b-5f07430773f1","metadata":[],"name":"wollok.lang.Set","scope":{"containerScope":{"containerScope":{"containerScope":{"containerScope":{"containerScope":{"containerScope":{"contributions":{},"includedScopes":[]},"contributions":{},"includedScopes":[]},"contributions":{},"includedScopes":[]},"contributions":{},"includedScopes":[{"containerScope":{"containerScope":{"containerScope":{"contributions":{},"includedScopes":[]},"contributions":{},"includedScopes":[]},"contributions":{},"includedScopes":[]},"contributions":{},"includedScopes":[]}]},"contributions":{},"includedScopes":[]},"contributions":{},"includedScopes":[]},"contributions":{},"includedScopes":[]}},[]]}},{"id":"0309ac34-cbfe-4f72-b3c2-912d6781b245","isConstant":false,"isProperty":false,"metadata":[],"name":"temperatura","scope":{"containerScope":{"containerScope":{"containerScope":{"containerScope":{"contributions":{},"includedScopes":[]},"contributions":{},"includedScopes":[]},"contributions":{},"includedScopes":[]},"contributions":{},"includedScopes":[{"containerScope":{"containerScope":{"containerScope":{"contributions":{},"includedScopes":[]},"contributions":{},"includedScopes":[]},"contributions":{},"includedScopes":[]},"contributions":{},"includedScopes":[]}]},"contributions":{},"includedScopes":[]},"sourceMap":{"end":{"column":26,"line":4,"offset":68},"start":{"column":4,"line":4,"offset":46}},"value":{"id":"c780de6c-6337-4f9e-9ce8-10e0bafac2c9","metadata":[],"scope":{"containerScope":{"containerScope":{"containerScope":{"containerScope":{"containerScope":{"contributions":{},"includedScopes":[]},"contributions":{},"includedScopes":[]},"contributions":{},"includedScopes":[]},"contributions":{},"includedScopes":[{"containerScope":{"containerScope":{"containerScope":{"contributions":{},"includedScopes":[]},"contributions":{},"includedScopes":[]},"contributions":{},"includedScopes":[]},"contributions":{},"includedScopes":[]}]},"contributions":{},"includedScopes":[]},"contributions":{},"includedScopes":[]},"sourceMap":{"end":{"column":26,"line":4,"offset":68},"start":{"column":22,"line":4,"offset":64}},"value":36.6}},{"id":"678fe4d4-4c5e-4d3c-995b-6b67e7c27e68","isConstant":false,"isProperty":false,"metadata":[{"args":{"position":"end","text":"/*\n    HAY DOS TIPPOS DE LISTAS!! lista(COLLECION)puede haber elementos con Ordenrepetidos y colecciones no, ademas las colecciones no tienen orden\n    luego tenemos un SET: #{} no se puede repetir ni orden\n  */"},"name":"comment"}],"name":"celulas","scope":{"containerScope":{"containerScope":{"containerScope":{"containerScope":{"contributions":{},"includedScopes":[]},"contributions":{},"includedScopes":[]},"contributions":{},"includedScopes":[]},"contributions":{},"includedScopes":[{"containerScope":{"containerScope":{"containerScope":{"contributions":{},"includedScopes":[]},"contributions":{},"includedScopes":[]},"contributions":{},"includedScopes":[]},"contributions":{},"includedScopes":[]}]},"contributions":{},"includedScopes":[]},"sourceMap":{"end":{"column":26,"line":5,"offset":94},"start":{"column":4,"line":5,"offset":72}},"value":{"id":"7711c4a6-b4df-4cf8-8d9b-70bafaed749e","metadata":[],"scope":{"containerScope":{"containerScope":{"containerScope":{"containerScope":{"containerScope":{"contributions":{},"includedScopes":[]},"contributions":{},"includedScopes":[]},"contributions":{},"includedScopes":[]},"contributions":{},"includedScopes":[{"containerScope":{"containerScope":{"containerScope":{"contributions":{},"includedScopes":[]},"contributions":{},"includedScopes":[]},"contributions":{},"includedScopes":[]},"contributions":{},"includedScopes":[]}]},"contributions":{},"includedScopes":[]},"contributions":{},"includedScopes":[]},"sourceMap":{"end":{"column":26,"line":5,"offset":94},"start":{"column":19,"line":5,"offset":87}},"value":3000000}},{"body":{"id":"4d575662-708f-4cf4-9945-9f3a707b234a","metadata":[],"problems":[],"scope":{"containerScope":{"containerScope":{"containerScope":{"containerScope":{"containerScope":{"contributions":{},"includedScopes":[]},"contributions":{},"includedScopes":[]},"contributions":{},"includedScopes":[]},"contributions":{},"includedScopes":[{"containerScope":{"containerScope":{"containerScope":{"contributions":{},"includedScopes":[]},"contributions":{},"includedScopes":[]},"contributions":{},"includedScopes":[]},"contributions":{},"includedScopes":[]}]},"contributions":{},"includedScopes":[]},"contributions":{},"includedScopes":[]},"sentences":[{"args":[{"id":"a76bf5b5-d60a-440d-b0f7-90e5e852ef30","metadata":[],"name":"enfermedad","scope":{"containerScope":{"containerScope":{"containerScope":{"containerScope":{"containerScope":{"containerScope":{"containerScope":{"contributions":{},"includedScopes":[]},"contributions":{},"includedScopes":[]},"contributions":{},"includedScopes":[]},"contributions":{},"includedScopes":[{"containerScope":{"containerScope":{"containerScope":{"contributions":{},"includedScopes":[]},"contributions":{},"includedScopes":[]},"contributions":{},"includedScopes":[]},"contributions":{},"includedScopes":[]}]},"contributions":{},"includedScopes":[]},"contributions":{},"includedScopes":[]},"contributions":{},"includedScopes":[]},"contributions":{},"includedScopes":[]},"sourceMap":{"end":{"column":34,"line":11,"offset":372},"start":{"column":24,"line":11,"offset":362}}}],"id":"e30d0f49-64de-4d46-adb4-882f94f28313","message":"add","metadata":[],"receiver":{"id":"ffb36d7c-2037-48f4-ba26-5987a8243003","metadata":[],"name":"enfermedades","scope":{"containerScope":{"containerScope":{"containerScope":{"containerScope":{"containerScope":{"containerScope":{"containerScope":{"contributions":{},"includedScopes":[]},"contributions":{},"includedScopes":[]},"contributions":{},"includedScopes":[]},"contributions":{},"includedScopes":[{"containerScope":{"containerScope":{"containerScope":{"contributions":{},"includedScopes":[]},"contributions":{},"includedScopes":[]},"contributions":{},"includedScopes":[]},"contributions":{},"includedScopes":[]}]},"contributions":{},"includedScopes":[]},"contributions":{},"includedScopes":[]},"contributions":{},"includedScopes":[]},"contributions":{},"includedScopes":[]},"sourceMap":{"end":{"column":19,"line":11,"offset":357},"start":{"column":7,"line":11,"offset":345}}},"scope":{"containerScope":{"containerScope":{"containerScope":{"containerScope":{"containerScope":{"containerScope":{"contributions":{},"includedScopes":[]},"contributions":{},"includedScopes":[]},"contributions":{},"includedScopes":[]},"contributions":{},"includedScopes":[{"containerScope":{"containerScope":{"containerScope":{"contributions":{},"includedScopes":[]},"contributions":{},"includedScopes":[]},"contributions":{},"includedScopes":[]},"contributions":{},"includedScopes":[]}]},"contributions":{},"includedScopes":[]},"contributions":{},"includedScopes":[]},"contributions":{},"includedScopes":[]},"sourceMap":{"end":{"column":35,"line":11,"offset":373},"start":{"column":7,"line":11,"offset":345}}}],"sourceMap":{"end":{"column":4,"line":12,"offset":377},"start":{"column":29,"line":10,"offset":337}}},"compiled":false,"id":"363785fc-b2f9-4df4-ab46-0f53212b69e5","isOverride":false,"metadata":[],"name":"contrae","parameters":[{"id":"baf8409f-837d-4d73-bf48-d94d1e11bc4e","isVarArg":false,"metadata":[],"name":"enfermedad","scope":{"containerScope":{"containerScope":{"containerScope":{"containerScope":{"containerScope":{"contributions":{},"includedScopes":[]},"contributions":{},"includedScopes":[]},"contributions":{},"includedScopes":[]},"contributions":{},"includedScopes":[{"containerScope":{"containerScope":{"containerScope":{"contributions":{},"includedScopes":[]},"contributions":{},"includedScopes":[]},"contributions":{},"includedScopes":[]},"contributions":{},"includedScopes":[]}]},"contributions":{},"includedScopes":[]},"contributions":{},"includedScopes":[]},"sourceMap":{"end":{"column":28,"line":10,"offset":336},"start":{"column":18,"line":10,"offset":326}}}],"problems":[],"scope":{"containerScope":{"containerScope":{"containerScope":{"containerScope":{"contributions":{},"includedScopes":[]},"contributions":{},"includedScopes":[]},"contributions":{},"includedScopes":[]},"contributions":{},"includedScopes":[{"containerScope":{"containerScope":{"containerScope":{"contributions":{},"includedScopes":[]},"contributions":{},"includedScopes":[]},"contributions":{},"includedScopes":[]},"contributions":{},"includedScopes":[]}]},"contributions":{},"includedScopes":[]},"sourceMap":{"end":{"column":4,"line":12,"offset":377},"start":{"column":3,"line":10,"offset":311}}},{"body":{"id":"cc4f2e78-b429-4cb9-940e-4422069e947b","metadata":[],"problems":[],"scope":{"containerScope":{"containerScope":{"containerScope":{"containerScope":{"containerScope":{"contributions":{},"includedScopes":[]},"contributions":{},"includedScopes":[]},"contributions":{},"includedScopes":[]},"contributions":{},"includedScopes":[{"containerScope":{"containerScope":{"containerScope":{"contributions":{},"includedScopes":[]},"contributions":{},"includedScopes":[]},"contributions":{},"includedScopes":[]},"contributions":{},"includedScopes":[]}]},"contributions":{},"includedScopes":[]},"contributions":{},"includedScopes":[]},"sentences":[{"args":[{"id":"029008cb-03b9-4ac4-b2ef-6883b6a4c4c3","metadata":[],"name":"unaEnfermedad","scope":{"containerScope":{"containerScope":{"containerScope":{"containerScope":{"containerScope":{"containerScope":{"containerScope":{"contributions":{},"includedScopes":[]},"contributions":{},"includedScopes":[]},"contributions":{},"includedScopes":[]},"contributions":{},"includedScopes":[{"containerScope":{"containerScope":{"containerScope":{"contributions":{},"includedScopes":[]},"contributions":{},"includedScopes":[]},"contributions":{},"includedScopes":[]},"contributions":{},"includedScopes":[]}]},"contributions":{},"includedScopes":[]},"contributions":{},"includedScopes":[]},"contributions":{},"includedScopes":[]},"contributions":{},"includedScopes":[]},"sourceMap":{"end":{"column":40,"line":14,"offset":456},"start":{"column":27,"line":14,"offset":443}}}],"id":"0060cf96-06e6-4797-81c8-45fc8629b602","message":"contains","metadata":[],"receiver":{"id":"8539587a-0970-4e8d-9b20-c0a66ef5c845","metadata":[],"name":"enfermedades","scope":{"containerScope":{"containerScope":{"containerScope":{"containerScope":{"containerScope":{"containerScope":{"containerScope":{"contributions":{},"includedScopes":[]},"contributions":{},"includedScopes":[]},"contributions":{},"includedScopes":[]},"contributions":{},"includedScopes":[{"containerScope":{"containerScope":{"containerScope":{"contributions":{},"includedScopes":[]},"contributions":{},"includedScopes":[]},"contributions":{},"includedScopes":[]},"contributions":{},"includedScopes":[]}]},"contributions":{},"includedScopes":[]},"contributions":{},"includedScopes":[]},"contributions":{},"includedScopes":[]},"contributions":{},"includedScopes":[]},"sourceMap":{"end":{"column":17,"line":14,"offset":433},"start":{"column":5,"line":14,"offset":421}}},"scope":{"containerScope":{"containerScope":{"containerScope":{"containerScope":{"containerScope":{"containerScope":{"contributions":{},"includedScopes":[]},"contributions":{},"includedScopes":[]},"contributions":{},"includedScopes":[]},"contributions":{},"includedScopes":[{"containerScope":{"containerScope":{"containerScope":{"contributions":{},"includedScopes":[]},"contributions":{},"includedScopes":[]},"contributions":{},"includedScopes":[]},"contributions":{},"includedScopes":[]}]},"contributions":{},"includedScopes":[]},"contributions":{},"includedScopes":[]},"contributions":{},"includedScopes":[]},"sourceMap":{"end":{"column":41,"line":14,"offset":457},"start":{"column":5,"line":14,"offset":421}}}],"sourceMap":{"end":{"column":4,"line":15,"offset":461},"start":{"column":38,"line":13,"offset":415}}},"compiled":false,"id":"ffa89c27-69ec-4989-b22f-ec6e503418d8","isOverride":false,"metadata":[],"name":"estaEnfermoDe","parameters":[{"id":"4415b27d-be47-4ae5-a500-3af4a46833bb","isVarArg":false,"metadata":[],"name":"unaEnfermedad","scope":{"containerScope":{"containerScope":{"containerScope":{"containerScope":{"containerScope":{"contributions":{},"includedScopes":[]},"contributions":{},"includedScopes":[]},"contributions":{},"includedScopes":[]},"contributions":{},"includedScopes":[{"containerScope":{"containerScope":{"containerScope":{"contributions":{},"includedScopes":[]},"contributions":{},"includedScopes":[]},"contributions":{},"includedScopes":[]},"contributions":{},"includedScopes":[]}]},"contributions":{},"includedScopes":[]},"contributions":{},"includedScopes":[]},"sourceMap":{"end":{"column":37,"line":13,"offset":414},"start":{"column":24,"line":13,"offset":401}}}],"problems":[],"scope":{"containerScope":{"containerScope":{"containerScope":{"containerScope":{"contributions":{},"includedScopes":[]},"contributions":{},"includedScopes":[]},"contributions":{},"includedScopes":[]},"contributions":{},"includedScopes":[{"containerScope":{"containerScope":{"containerScope":{"contributions":{},"includedScopes":[]},"contributions":{},"includedScopes":[]},"contributions":{},"includedScopes":[]},"contributions":{},"includedScopes":[]}]},"contributions":{},"includedScopes":[]},"sourceMap":{"end":{"column":4,"line":15,"offset":461},"start":{"column":3,"line":13,"offset":380}}},{"body":{"id":"cb3b2610-bdc8-41a6-beeb-21fde6ec877c","metadata":[],"problems":[],"scope":{"containerScope":{"containerScope":{"containerScope":{"containerScope":{"containerScope":{"contributions":{},"includedScopes":[]},"contributions":{},"includedScopes":[]},"contributions":{},"includedScopes":[]},"contributions":{},"includedScopes":[{"containerScope":{"containerScope":{"containerScope":{"contributions":{},"includedScopes":[]},"contributions":{},"includedScopes":[]},"contributions":{},"includedScopes":[]},"contributions":{},"includedScopes":[]}]},"contributions":{},"includedScopes":[]},"contributions":{},"includedScopes":[]},"sentences":[{"id":"f5beb6bf-0659-4e0c-baa6-c7f522aecd11","metadata":[],"scope":{"containerScope":{"containerScope":{"containerScope":{"containerScope":{"containerScope":{"containerScope":{"contributions":{},"includedScopes":[]},"contributions":{},"includedScopes":[]},"contributions":{},"includedScopes":[]},"contributions":{},"includedScopes":[{"containerScope":{"containerScope":{"containerScope":{"contributions":{},"includedScopes":[]},"contributions":{},"includedScopes":[]},"contributions":{},"includedScopes":[]},"contributions":{},"includedScopes":[]}]},"contributions":{},"includedScopes":[]},"contributions":{},"includedScopes":[]},"contributions":{},"includedScopes":[]},"value":{"id":"afa5e86d-f38a-4144-8cae-5a04437bf8ee","metadata":[],"name":"temperatura","scope":{"containerScope":{"containerScope":{"containerScope":{"containerScope":{"containerScope":{"containerScope":{"containerScope":{"contributions":{},"includedScopes":[]},"contributions":{},"includedScopes":[]},"contributions":{},"includedScopes":[]},"contributions":{},"includedScopes":[{"containerScope":{"containerScope":{"containerScope":{"contributions":{},"includedScopes":[]},"contributions":{},"includedScopes":[]},"contributions":{},"includedScopes":[]},"contributions":{},"includedScopes":[]}]},"contributions":{},"includedScopes":[]},"contributions":{},"includedScopes":[]},"contributions":{},"includedScopes":[]},"contributions":{},"includedScopes":[]},"sourceMap":{"end":{"column":37,"line":16,"offset":498},"start":{"column":26,"line":16,"offset":487}}}}],"sourceMap":{"end":{"column":37,"line":16,"offset":498},"start":{"column":26,"line":16,"offset":487}}},"compiled":false,"id":"928b801a-fc80-43ea-a31f-db7e395ab935","isOverride":false,"metadata":[],"name":"temperatura","parameters":[],"problems":[],"scope":{"containerScope":{"containerScope":{"containerScope":{"containerScope":{"contributions":{},"includedScopes":[]},"contributions":{},"includedScopes":[]},"contributions":{},"includedScopes":[]},"contributions":{},"includedScopes":[{"containerScope":{"containerScope":{"containerScope":{"contributions":{},"includedScopes":[]},"contributions":{},"includedScopes":[]},"contributions":{},"includedScopes":[]},"contributions":{},"includedScopes":[]}]},"contributions":{},"includedScopes":[]},"sourceMap":{"end":{"column":37,"line":16,"offset":498},"start":{"column":3,"line":16,"offset":464}}},{"body":{"id":"bc3c0410-2ac4-4bc3-8e78-557f528fe4e2","metadata":[],"problems":[],"scope":{"containerScope":{"containerScope":{"containerScope":{"containerScope":{"containerScope":{"contributions":{},"includedScopes":[]},"contributions":{},"includedScopes":[]},"contributions":{},"includedScopes":[]},"contributions":{},"includedScopes":[{"containerScope":{"containerScope":{"containerScope":{"contributions":{},"includedScopes":[]},"contributions":{},"includedScopes":[]},"contributions":{},"includedScopes":[]},"contributions":{},"includedScopes":[]}]},"contributions":{},"includedScopes":[]},"contributions":{},"includedScopes":[]},"sentences":[{"args":[{"id":"3f11fb72-f471-4605-bf1c-f1c539771211","members":[{"body":{"id":"48ce6e15-8f91-4edf-a188-a77dabe83d77","metadata":[],"scope":{"containerScope":{"containerScope":{"containerScope":{"containerScope":{"containerScope":{"containerScope":{"containerScope":{"containerScope":{"containerScope":{"contributions":{},"includedScopes":[]},"contributions":{},"includedScopes":[]},"contributions":{},"includedScopes":[]},"contributions":{},"includedScopes":[{"containerScope":{"containerScope":{"containerScope":{"contributions":{},"includedScopes":[]},"contributions":{},"includedScopes":[]},"contributions":{},"includedScopes":[]},"contributions":{},"includedScopes":[]}]},"contributions":{},"includedScopes":[]},"contributions":{},"includedScopes":[]},"contributions":{},"includedScopes":[]},"contributions":{},"includedScopes":[{"containerScope":{"containerScope":{"containerScope":{"contributions":{},"includedScopes":[]},"contributions":{},"includedScopes":[]},"contributions":{},"includedScopes":[]},"contributions":{},"includedScopes":[{"containerScope":{"containerScope":{"containerScope":{"contributions":{},"includedScopes":[]},"contributions":{},"includedScopes":[]},"contributions":{},"includedScopes":[]},"contributions":{},"includedScopes":[]}]},{"containerScope":{"containerScope":{"containerScope":{"contributions":{},"includedScopes":[]},"contributions":{},"includedScopes":[]},"contributions":{},"includedScopes":[]},"contributions":{},"includedScopes":[]}]},"contributions":{},"includedScopes":[]},"contributions":{},"includedScopes":[]},"sentences":[{"id":"9e32e3de-eb9f-466f-9488-14449414cfad","metadata":[],"scope":{"containerScope":{"containerScope":{"containerScope":{"containerScope":{"containerScope":{"containerScope":{"containerScope":{"containerScope":{"containerScope":{"containerScope":{"contributions":{},"includedScopes":[]},"contributions":{},"includedScopes":[]},"contributions":{},"includedScopes":[]},"contributions":{},"includedScopes":[{"containerScope":{"containerScope":{"containerScope":{"contributions":{},"includedScopes":[]},"contributions":{},"includedScopes":[]},"contributions":{},"includedScopes":[]},"contributions":{},"includedScopes":[]}]},"contributions":{},"includedScopes":[]},"contributions":{},"includedScopes":[]},"contributions":{},"includedScopes":[]},"contributions":{},"includedScopes":[{"containerScope":{"containerScope":{"containerScope":{"contributions":{},"includedScopes":[]},"contributions":{},"includedScopes":[]},"contributions":{},"includedScopes":[]},"contributions":{},"includedScopes":[{"containerScope":{"containerScope":{"containerScope":{"contributions":{},"includedScopes":[]},"contributions":{},"includedScopes":[]},"contributions":{},"includedScopes":[]},"contributions":{},"includedScopes":[]}]},{"containerScope":{"containerScope":{"containerScope":{"contributions":{},"includedScopes":[]},"contributions":{},"includedScopes":[]},"contributions":{},"includedScopes":[]},"contributions":{},"includedScopes":[]}]},"contributions":{},"includedScopes":[]},"contributions":{},"includedScopes":[]},"contributions":{},"includedScopes":[]},"value":{"args":[{"id":"9678b44a-f69e-488f-99e5-8a263c0bfa1c","metadata":[],"scope":{"containerScope":{"containerScope":{"containerScope":{"containerScope":{"containerScope":{"containerScope":{"containerScope":{"containerScope":{"containerScope":{"containerScope":{"containerScope":{"containerScope":{"contributions":{},"includedScopes":[]},"contributions":{},"includedScopes":[]},"contributions":{},"includedScopes":[]},"contributions":{},"includedScopes":[{"containerScope":{"containerScope":{"containerScope":{"contributions":{},"includedScopes":[]},"contributions":{},"includedScopes":[]},"contributions":{},"includedScopes":[]},"contributions":{},"includedScopes":[]}]},"contributions":{},"includedScopes":[]},"contributions":{},"includedScopes":[]},"contributions":{},"includedScopes":[]},"contributions":{},"includedScopes":[{"containerScope":{"containerScope":{"containerScope":{"contributions":{},"includedScopes":[]},"contributions":{},"includedScopes":[]},"contributions":{},"includedScopes":[]},"contributions":{},"includedScopes":[{"containerScope":{"containerScope":{"containerScope":{"contributions":{},"includedScopes":[]},"contributions":{},"includedScopes":[]},"contributions":{},"includedScopes":[]},"contributions":{},"includedScopes":[]}]},{"containerScope":{"containerScope":{"containerScope":{"contributions":{},"includedScopes":[]},"contributions":{},"includedScopes":[]},"contributions":{},"includedScopes":[]},"contributions":{},"includedScopes":[]}]},"contributions":{},"includedScopes":[]},"contributions":{},"includedScopes":[]},"contributions":{},"includedScopes":[]},"contributions":{},"includedScopes":[]},"contributions":{},"includedScopes":[]},"sourceMap":{"end":{"column":67,"line":18,"offset":587},"start":{"column":63,"line":18,"offset":583}}}],"id":"7ab3dbf2-b8a2-4e31-ae3d-54332485a193","message":"afectarA","metadata":[],"receiver":{"id":"7396ab40-c4ef-4406-b767-2a08012bb6bc","metadata":[],"name":"enfermedad","scope":{"containerScope":{"containerScope":{"containerScope":{"containerScope":{"containerScope":{"containerScope":{"containerScope":{"containerScope":{"containerScope":{"containerScope":{"containerScope":{"containerScope":{"contributions":{},"includedScopes":[]},"contributions":{},"includedScopes":[]},"contributions":{},"includedScopes":[]},"contributions":{},"includedScopes":[{"containerScope":{"containerScope":{"containerScope":{"contributions":{},"includedScopes":[]},"contributions":{},"includedScopes":[]},"contributions":{},"includedScopes":[]},"contributions":{},"includedScopes":[]}]},"contributions":{},"includedScopes":[]},"contributions":{},"includedScopes":[]},"contributions":{},"includedScopes":[]},"contributions":{},"includedScopes":[{"containerScope":{"containerScope":{"containerScope":{"contributions":{},"includedScopes":[]},"contributions":{},"includedScopes":[]},"contributions":{},"includedScopes":[]},"contributions":{},"includedScopes":[{"containerScope":{"containerScope":{"containerScope":{"contributions":{},"includedScopes":[]},"contributions":{},"includedScopes":[]},"contributions":{},"includedScopes":[]},"contributions":{},"includedScopes":[]}]},{"containerScope":{"containerScope":{"containerScope":{"contributions":{},"includedScopes":[]},"contributions":{},"includedScopes":[]},"contributions":{},"includedScopes":[]},"contributions":{},"includedScopes":[]}]},"contributions":{},"includedScopes":[]},"contributions":{},"includedScopes":[]},"contributions":{},"includedScopes":[]},"contributions":{},"includedScopes":[]},"contributions":{},"includedScopes":[]},"sourceMap":{"end":{"column":53,"line":18,"offset":573},"start":{"column":43,"line":18,"offset":563}}},"scope":{"containerScope":{"containerScope":{"containerScope":{"containerScope":{"containerScope":{"containerScope":{"containerScope":{"containerScope":{"containerScope":{"containerScope":{"containerScope":{"contributions":{},"includedScopes":[]},"contributions":{},"includedScopes":[]},"contributions":{},"includedScopes":[]},"contributions":{},"includedScopes":[{"containerScope":{"containerScope":{"containerScope":{"contributions":{},"includedScopes":[]},"contributions":{},"includedScopes":[]},"contributions":{},"includedScopes":[]},"contributions":{},"includedScopes":[]}]},"contributions":{},"includedScopes":[]},"contributions":{},"includedScopes":[]},"contributions":{},"includedScopes":[]},"contributions":{},"includedScopes":[{"containerScope":{"containerScope":{"containerScope":{"contributions":{},"includedScopes":[]},"contributions":{},"includedScopes":[]},"contributions":{},"includedScopes":[]},"contributions":{},"includedScopes":[{"containerScope":{"containerScope":{"containerScope":{"contributions":{},"includedScopes":[]},"contributions":{},"includedScopes":[]},"contributions":{},"includedScopes":[]},"contributions":{},"includedScopes":[]}]},{"containerScope":{"containerScope":{"containerScope":{"contributions":{},"includedScopes":[]},"contributions":{},"includedScopes":[]},"contributions":{},"includedScopes":[]},"contributions":{},"includedScopes":[]}]},"contributions":{},"includedScopes":[]},"contributions":{},"includedScopes":[]},"contributions":{},"includedScopes":[]},"contributions":{},"includedScopes":[]},"sourceMap":{"end":{"column":68,"line":18,"offset":588},"start":{"column":43,"line":18,"offset":563}}}}]},"compiled":false,"id":"69c96c3f-bc92-4a71-9d0f-b7ca93cfb4d9","isOverride":false,"metadata":[],"name":"<apply>","parameters":[{"id":"f9db933d-3acb-44c8-a972-144aafc9cc2b","isVarArg":false,"metadata":[],"name":"enfermedad","scope":{"containerScope":{"containerScope":{"containerScope":{"containerScope":{"containerScope":{"containerScope":{"containerScope":{"containerScope":{"containerScope":{"contributions":{},"includedScopes":[]},"contributions":{},"includedScopes":[]},"contributions":{},"includedScopes":[]},"contributions":{},"includedScopes":[{"containerScope":{"containerScope":{"containerScope":{"contributions":{},"includedScopes":[]},"contributions":{},"includedScopes":[]},"contributions":{},"includedScopes":[]},"contributions":{},"includedScopes":[]}]},"contributions":{},"includedScopes":[]},"contributions":{},"includedScopes":[]},"contributions":{},"includedScopes":[]},"contributions":{},"includedScopes":[{"containerScope":{"containerScope":{"containerScope":{"contributions":{},"includedScopes":[]},"contributions":{},"includedScopes":[]},"contributions":{},"includedScopes":[]},"contributions":{},"includedScopes":[{"containerScope":{"containerScope":{"containerScope":{"contributions":{},"includedScopes":[]},"contributions":{},"includedScopes":[]},"contributions":{},"includedScopes":[]},"contributions":{},"includedScopes":[]}]},{"containerScope":{"containerScope":{"containerScope":{"contributions":{},"includedScopes":[]},"contributions":{},"includedScopes":[]},"contributions":{},"includedScopes":[]},"contributions":{},"includedScopes":[]}]},"contributions":{},"includedScopes":[]},"contributions":{},"includedScopes":[]},"sourceMap":{"end":{"column":39,"line":18,"offset":559},"start":{"column":29,"line":18,"offset":549}}}],"scope":{"containerScope":{"containerScope":{"containerScope":{"containerScope":{"containerScope":{"containerScope":{"containerScope":{"containerScope":{"contributions":{},"includedScopes":[]},"contributions":{},"includedScopes":[]},"contributions":{},"includedScopes":[]},"contributions":{},"includedScopes":[{"containerScope":{"containerScope":{"containerScope":{"contributions":{},"includedScopes":[]},"contributions":{},"includedScopes":[]},"contributions":{},"includedScopes":[]},"contributions":{},"includedScopes":[]}]},"contributions":{},"includedScopes":[]},"contributions":{},"includedScopes":[]},"contributions":{},"includedScopes":[]},"contributions":{},"includedScopes":[{"containerScope":{"containerScope":{"containerScope":{"contributions":{},"includedScopes":[]},"contributions":{},"includedScopes":[]},"contributions":{},"includedScopes":[]},"contributions":{},"includedScopes":[{"containerScope":{"containerScope":{"containerScope":{"contributions":{},"includedScopes":[]},"contributions":{},"includedScopes":[]},"contributions":{},"includedScopes":[]},"contributions":{},"includedScopes":[]}]},{"containerScope":{"containerScope":{"containerScope":{"contributions":{},"includedScopes":[]},"contributions":{},"includedScopes":[]},"contributions":{},"includedScopes":[]},"contributions":{},"includedScopes":[]}]},"contributions":{},"includedScopes":[]}},{"id":"ce5a74dc-9826-4a4e-980c-fe64cdc54430","isConstant":true,"isProperty":false,"metadata":[],"name":"<toString>","scope":{"containerScope":{"containerScope":{"containerScope":{"containerScope":{"containerScope":{"containerScope":{"containerScope":{"containerScope":{"contributions":{},"includedScopes":[]},"contributions":{},"includedScopes":[]},"contributions":{},"includedScopes":[]},"contributions":{},"includedScopes":[{"containerScope":{"containerScope":{"containerScope":{"contributions":{},"includedScopes":[]},"contributions":{},"includedScopes":[]},"contributions":{},"includedScopes":[]},"contributions":{},"includedScopes":[]}]},"contributions":{},"includedScopes":[]},"contributions":{},"includedScopes":[]},"contributions":{},"includedScopes":[]},"contributions":{},"includedScopes":[{"containerScope":{"containerScope":{"containerScope":{"contributions":{},"includedScopes":[]},"contributions":{},"includedScopes":[]},"contributions":{},"includedScopes":[]},"contributions":{},"includedScopes":[{"containerScope":{"containerScope":{"containerScope":{"contributions":{},"includedScopes":[]},"contributions":{},"includedScopes":[]},"contributions":{},"includedScopes":[]},"contributions":{},"includedScopes":[]}]},{"containerScope":{"containerScope":{"containerScope":{"contributions":{},"includedScopes":[]},"contributions":{},"includedScopes":[]},"contributions":{},"includedScopes":[]},"contributions":{},"includedScopes":[]}]},"contributions":{},"includedScopes":[]},"value":{"id":"1cc2e279-6a42-4d07-9b47-dfe805882728","metadata":[],"scope":{"containerScope":{"containerScope":{"containerScope":{"containerScope":{"containerScope":{"containerScope":{"containerScope":{"containerScope":{"containerScope":{"contributions":{},"includedScopes":[]},"contributions":{},"includedScopes":[]},"contributions":{},"includedScopes":[]},"contributions":{},"includedScopes":[{"containerScope":{"containerScope":{"containerScope":{"contributions":{},"includedScopes":[]},"contributions":{},"includedScopes":[]},"contributions":{},"includedScopes":[]},"contributions":{},"includedScopes":[]}]},"contributions":{},"includedScopes":[]},"contributions":{},"includedScopes":[]},"contributions":{},"includedScopes":[]},"contributions":{},"includedScopes":[{"containerScope":{"containerScope":{"containerScope":{"contributions":{},"includedScopes":[]},"contributions":{},"includedScopes":[]},"contributions":{},"includedScopes":[]},"contributions":{},"includedScopes":[{"containerScope":{"containerScope":{"containerScope":{"contributions":{},"includedScopes":[]},"contributions":{},"includedScopes":[]},"contributions":{},"includedScopes":[]},"contributions":{},"includedScopes":[]}]},{"containerScope":{"containerScope":{"containerScope":{"contributions":{},"includedScopes":[]},"contributions":{},"includedScopes":[]},"contributions":{},"includedScopes":[]},"contributions":{},"includedScopes":[]}]},"contributions":{},"includedScopes":[]},"contributions":{},"includedScopes":[]},"value":"{enfermedad => enfermedad.afectarA(self)}"}}],"metadata":[],"scope":{"containerScope":{"containerScope":{"containerScope":{"containerScope":{"containerScope":{"containerScope":{"containerScope":{"contributions":{},"includedScopes":[]},"contributions":{},"includedScopes":[]},"contributions":{},"includedScopes":[]},"contributions":{},"includedScopes":[{"containerScope":{"containerScope":{"containerScope":{"contributions":{},"includedScopes":[]},"contributions":{},"includedScopes":[]},"contributions":{},"includedScopes":[]},"contributions":{},"includedScopes":[]}]},"contributions":{},"includedScopes":[]},"contributions":{},"includedScopes":[]},"contributions":{},"includedScopes":[]},"contributions":{},"includedScopes":[{"containerScope":{"containerScope":{"containerScope":{"contributions":{},"includedScopes":[]},"contributions":{},"includedScopes":[]},"contributions":{},"includedScopes":[]},"contributions":{},"includedScopes":[{"containerScope":{"containerScope":{"containerScope":{"contributions":{},"includedScopes":[]},"contributions":{},"includedScopes":[]},"contributions":{},"includedScopes":[]},"contributions":{},"includedScopes":[]}]},{"containerScope":{"containerScope":{"containerScope":{"contributions":{},"includedScopes":[]},"contributions":{},"includedScopes":[]},"contributions":{},"includedScopes":[]},"contributions":{},"includedScopes":[]}]},"sourceMap":{"end":{"column":69,"line":18,"offset":589},"start":{"column":28,"line":18,"offset":548}},"supertypes":[{"args":[],"id":"59b51f64-b6d0-4f75-9db1-c47d1df4f8a3","metadata":[],"reference":{"id":"c58f11ca-95b4-4583-8628-b5663bf2c116","metadata":[],"name":"wollok.lang.Closure","scope":{"containerScope":{"containerScope":{"containerScope":{"containerScope":{"containerScope":{"containerScope":{"containerScope":{"containerScope":{"contributions":{},"includedScopes":[]},"contributions":{},"includedScopes":[]},"contributions":{},"includedScopes":[]},"contributions":{},"includedScopes":[{"containerScope":{"containerScope":{"containerScope":{"contributions":{},"includedScopes":[]},"contributions":{},"includedScopes":[]},"contributions":{},"includedScopes":[]},"contributions":{},"includedScopes":[]}]},"contributions":{},"includedScopes":[]},"contributions":{},"includedScopes":[]},"contributions":{},"includedScopes":[]},"contributions":{},"includedScopes":[{"containerScope":{"containerScope":{"containerScope":{"contributions":{},"includedScopes":[]},"contributions":{},"includedScopes":[]},"contributions":{},"includedScopes":[]},"contributions":{},"includedScopes":[{"containerScope":{"containerScope":{"containerScope":{"contributions":{},"includedScopes":[]},"contributions":{},"includedScopes":[]},"contributions":{},"includedScopes":[]},"contributions":{},"includedScopes":[]}]},{"containerScope":{"containerScope":{"containerScope":{"contributions":{},"includedScopes":[]},"contributions":{},"includedScopes":[]},"contributions":{},"includedScopes":[]},"contributions":{},"includedScopes":[]}]},"contributions":{},"includedScopes":[]}},"scope":{"containerScope":{"containerScope":{"containerScope":{"containerScope":{"containerScope":{"containerScope":{"containerScope":{"containerScope":{"contributions":{},"includedScopes":[]},"contributions":{},"includedScopes":[]},"contributions":{},"includedScopes":[]},"contributions":{},"includedScopes":[{"containerScope":{"containerScope":{"containerScope":{"contributions":{},"includedScopes":[]},"contributions":{},"includedScopes":[]},"contributions":{},"includedScopes":[]},"contributions":{},"includedScopes":[]}]},"contributions":{},"includedScopes":[]},"contributions":{},"includedScopes":[]},"contributions":{},"includedScopes":[]},"contributions":{},"includedScopes":[{"containerScope":{"containerScope":{"containerScope":{"contributions":{},"includedScopes":[]},"contributions":{},"includedScopes":[]},"contributions":{},"includedScopes":[]},"contributions":{},"includedScopes":[{"containerScope":{"containerScope":{"containerScope":{"contributions":{},"includedScopes":[]},"contributions":{},"includedScopes":[]},"contributions":{},"includedScopes":[]},"contributions":{},"includedScopes":[]}]},{"containerScope":{"containerScope":{"containerScope":{"contributions":{},"includedScopes":[]},"contributions":{},"includedScopes":[]},"contributions":{},"includedScopes":[]},"contributions":{},"includedScopes":[]}]},"contributions":{},"includedScopes":[]}}]}],"id":"3ca1d4cb-ede3-491d-9e84-5815f420911c","message":"forEach","metadata":[{"args":{"position":"end","text":"//similar a un map"},"name":"comment"}],"receiver":{"id":"49943816-c789-49ec-83c2-4fab9871147d","metadata":[],"name":"enfermedades","scope":{"containerScope":{"containerScope":{"containerScope":{"containerScope":{"containerScope":{"containerScope":{"containerScope":{"contributions":{},"includedScopes":[]},"contributions":{},"includedScopes":[]},"contributions":{},"includedScopes":[]},"contributions":{},"includedScopes":[{"containerScope":{"containerScope":{"containerScope":{"contributions":{},"includedScopes":[]},"contributions":{},"includedScopes":[]},"contributions":{},"includedScopes":[]},"contributions":{},"includedScopes":[]}]},"contributions":{},"includedScopes":[]},"contributions":{},"includedScopes":[]},"contributions":{},"includedScopes":[]},"contributions":{},"includedScopes":[]},"sourceMap":{"end":{"column":19,"line":18,"offset":539},"start":{"column":7,"line":18,"offset":527}}},"scope":{"containerScope":{"containerScope":{"containerScope":{"containerScope":{"containerScope":{"containerScope":{"contributions":{},"includedScopes":[]},"contributions":{},"includedScopes":[]},"contributions":{},"includedScopes":[]},"contributions":{},"includedScopes":[{"containerScope":{"containerScope":{"containerScope":{"contributions":{},"includedScopes":[]},"contributions":{},"includedScopes":[]},"contributions":{},"includedScopes":[]},"contributions":{},"includedScopes":[]}]},"contributions":{},"includedScopes":[]},"contributions":{},"includedScopes":[]},"contributions":{},"includedScopes":[]},"sourceMap":{"end":{"column":70,"line":18,"offset":590},"start":{"column":7,"line":18,"offset":527}}},{"id":"2bf13daa-9ad0-4a9b-88f0-05e7a1fdaff2","metadata":[{"args":{"position":"start","text":"// cada enfermedad es un elemento del conjunto enfermedades ESTO ES COMO UN LAMDA"},"name":"comment"}],"name":"method","scope":{"containerScope":{"containerScope":{"containerScope":{"containerScope":{"containerScope":{"containerScope":{"contributions":{},"includedScopes":[]},"contributions":{},"includedScopes":[]},"contributions":{},"includedScopes":[]},"contributions":{},"includedScopes":[{"containerScope":{"containerScope":{"containerScope":{"contributions":{},"includedScopes":[]},"contributions":{},"includedScopes":[]},"contributions":{},"includedScopes":[]},"contributions":{},"includedScopes":[]}]},"contributions":{},"includedScopes":[]},"contributions":{},"includedScopes":[]},"contributions":{},"includedScopes":[]},"sourceMap":{"end":{"column":9,"line":20,"offset":706},"start":{"column":3,"line":20,"offset":700}}},{"args":[{"id":"e7677b02-6e1d-4530-b46a-af4bc6978f34","metadata":[],"name":"cant","scope":{"containerScope":{"containerScope":{"containerScope":{"containerScope":{"containerScope":{"containerScope":{"containerScope":{"contributions":{},"includedScopes":[]},"contributions":{},"includedScopes":[]},"contributions":{},"includedScopes":[]},"contributions":{},"includedScopes":[{"containerScope":{"containerScope":{"containerScope":{"contributions":{},"includedScopes":[]},"contributions":{},"includedScopes":[]},"contributions":{},"includedScopes":[]},"contributions":{},"includedScopes":[]}]},"contributions":{},"includedScopes":[]},"contributions":{},"includedScopes":[]},"contributions":{},"includedScopes":[]},"contributions":{},"includedScopes":[]},"sourceMap":{"end":{"column":31,"line":20,"offset":728},"start":{"column":27,"line":20,"offset":724}}}],"id":"bb7ff99a-108a-4c73-b61b-0ac78725efa5","message":"disminuirCelulas","metadata":[],"problems":[{"code":"malformedMessageSend","sourceMap":{"end":{"column":26,"line":20,"offset":723},"start":{"column":10,"line":20,"offset":707}}}],"receiver":{"id":"8553be9a-d6c2-488c-9233-e1617d710d2a","metadata":[],"scope":{"containerScope":{"containerScope":{"containerScope":{"containerScope":{"containerScope":{"containerScope":{"containerScope":{"contributions":{},"includedScopes":[]},"contributions":{},"includedScopes":[]},"contributions":{},"includedScopes":[]},"contributions":{},"includedScopes":[{"containerScope":{"containerScope":{"containerScope":{"contributions":{},"includedScopes":[]},"contributions":{},"includedScopes":[]},"contributions":{},"includedScopes":[]},"contributions":{},"includedScopes":[]}]},"contributions":{},"includedScopes":[]},"contributions":{},"includedScopes":[]},"contributions":{},"includedScopes":[]},"contributions":{},"includedScopes":[]},"value":null},"scope":{"containerScope":{"containerScope":{"containerScope":{"containerScope":{"containerScope":{"containerScope":{"contributions":{},"includedScopes":[]},"contributions":{},"includedScopes":[]},"contributions":{},"includedScopes":[]},"contributions":{},"includedScopes":[{"containerScope":{"containerScope":{"containerScope":{"contributions":{},"includedScopes":[]},"contributions":{},"includedScopes":[]},"contributions":{},"includedScopes":[]},"contributions":{},"includedScopes":[]}]},"contributions":{},"includedScopes":[]},"contributions":{},"includedScopes":[]},"contributions":{},"includedScopes":[]},"sourceMap":{"end":{"column":32,"line":20,"offset":729},"start":{"column":10,"line":20,"offset":707}}},{"id":"0b9b24f4-d0ec-48b8-a94d-fa9330e88d92","members":[{"body":{"id":"2cf8c36c-fa74-46c6-8dda-2a384fb07453","metadata":[],"scope":{"containerScope":{"containerScope":{"containerScope":{"containerScope":{"containerScope":{"containerScope":{"containerScope":{"containerScope":{"contributions":{},"includedScopes":[]},"contributions":{},"includedScopes":[]},"contributions":{},"includedScopes":[]},"contributions":{},"includedScopes":[{"containerScope":{"containerScope":{"containerScope":{"contributions":{},"includedScopes":[]},"contributions":{},"includedScopes":[]},"contributions":{},"includedScopes":[]},"contributions":{},"includedScopes":[]}]},"contributions":{},"includedScopes":[]},"contributions":{},"includedScopes":[]},"contributions":{},"includedScopes":[{"containerScope":{"containerScope":{"containerScope":{"contributions":{},"includedScopes":[]},"contributions":{},"includedScopes":[]},"contributions":{},"includedScopes":[]},"contributions":{},"includedScopes":[{"containerScope":{"containerScope":{"containerScope":{"contributions":{},"includedScopes":[]},"contributions":{},"includedScopes":[]},"contributions":{},"includedScopes":[]},"contributions":{},"includedScopes":[]}]},{"containerScope":{"containerScope":{"containerScope":{"contributions":{},"includedScopes":[]},"contributions":{},"includedScopes":[]},"contributions":{},"includedScopes":[]},"contributions":{},"includedScopes":[]}]},"contributions":{},"includedScopes":[]},"contributions":{},"includedScopes":[]},"sentences":[{"id":"dd513a09-d82b-4aa7-8356-6f50d7a9c7d9","metadata":[],"scope":{"containerScope":{"containerScope":{"containerScope":{"containerScope":{"containerScope":{"containerScope":{"containerScope":{"containerScope":{"containerScope":{"contributions":{},"includedScopes":[]},"contributions":{},"includedScopes":[]},"contributions":{},"includedScopes":[]},"contributions":{},"includedScopes":[{"containerScope":{"containerScope":{"containerScope":{"contributions":{},"includedScopes":[]},"contributions":{},"includedScopes":[]},"contributions":{},"includedScopes":[]},"contributions":{},"includedScopes":[]}]},"contributions":{},"includedScopes":[]},"contributions":{},"includedScopes":[]},"contributions":{},"includedScopes":[{"containerScope":{"containerScope":{"containerScope":{"contributions":{},"includedScopes":[]},"contributions":{},"includedScopes":[]},"contributions":{},"includedScopes":[]},"contributions":{},"includedScopes":[{"containerScope":{"containerScope":{"containerScope":{"contributions":{},"includedScopes":[]},"contributions":{},"includedScopes":[]},"contributions":{},"includedScopes":[]},"contributions":{},"includedScopes":[]}]},{"containerScope":{"containerScope":{"containerScope":{"contributions":{},"includedScopes":[]},"contributions":{},"includedScopes":[]},"contributions":{},"includedScopes":[]},"contributions":{},"includedScopes":[]}]},"contributions":{},"includedScopes":[]},"contributions":{},"includedScopes":[]},"contributions":{},"includedScopes":[]},"sourceMap":{"end":{"column":20,"line":21,"offset":750},"start":{"column":5,"line":21,"offset":735}},"value":{"args":[{"id":"f57ec45e-e8f0-4197-9ff8-2ad34bcd95e3","metadata":[],"name":"cant","scope":{"containerScope":{"containerScope":{"containerScope":{"containerScope":{"containerScope":{"containerScope":{"containerScope":{"containerScope":{"containerScope":{"containerScope":{"containerScope":{"contributions":{},"includedScopes":[]},"contributions":{},"includedScopes":[]},"contributions":{},"includedScopes":[]},"contributions":{},"includedScopes":[{"containerScope":{"containerScope":{"containerScope":{"contributions":{},"includedScopes":[]},"contributions":{},"includedScopes":[]},"contributions":{},"includedScopes":[]},"contributions":{},"includedScopes":[]}]},"contributions":{},"includedScopes":[]},"contributions":{},"includedScopes":[]},"contributions":{},"includedScopes":[{"containerScope":{"containerScope":{"containerScope":{"contributions":{},"includedScopes":[]},"contributions":{},"includedScopes":[]},"contributions":{},"includedScopes":[]},"contributions":{},"includedScopes":[{"containerScope":{"containerScope":{"containerScope":{"contributions":{},"includedScopes":[]},"contributions":{},"includedScopes":[]},"contributions":{},"includedScopes":[]},"contributions":{},"includedScopes":[]}]},{"containerScope":{"containerScope":{"containerScope":{"contributions":{},"includedScopes":[]},"contributions":{},"includedScopes":[]},"contributions":{},"includedScopes":[]},"contributions":{},"includedScopes":[]}]},"contributions":{},"includedScopes":[]},"contributions":{},"includedScopes":[]},"contributions":{},"includedScopes":[]},"contributions":{},"includedScopes":[]},"contributions":{},"includedScopes":[]},"sourceMap":{"end":{"column":20,"line":21,"offset":750},"start":{"column":16,"line":21,"offset":746}}}],"id":"15d8a273-4bba-4f62-8e91-3e26b304f70c","message":"-","metadata":[],"receiver":{"id":"afbf6d21-75e3-494c-815b-d1d847fdcf82","metadata":[],"name":"celulas","scope":{"containerScope":{"containerScope":{"containerScope":{"containerScope":{"containerScope":{"containerScope":{"containerScope":{"containerScope":{"containerScope":{"containerScope":{"containerScope":{"contributions":{},"includedScopes":[]},"contributions":{},"includedScopes":[]},"contributions":{},"includedScopes":[]},"contributions":{},"includedScopes":[{"containerScope":{"containerScope":{"containerScope":{"contributions":{},"includedScopes":[]},"contributions":{},"includedScopes":[]},"contributions":{},"includedScopes":[]},"contributions":{},"includedScopes":[]}]},"contributions":{},"includedScopes":[]},"contributions":{},"includedScopes":[]},"contributions":{},"includedScopes":[{"containerScope":{"containerScope":{"containerScope":{"contributions":{},"includedScopes":[]},"contributions":{},"includedScopes":[]},"contributions":{},"includedScopes":[]},"contributions":{},"includedScopes":[{"containerScope":{"containerScope":{"containerScope":{"contributions":{},"includedScopes":[]},"contributions":{},"includedScopes":[]},"contributions":{},"includedScopes":[]},"contributions":{},"includedScopes":[]}]},{"containerScope":{"containerScope":{"containerScope":{"contributions":{},"includedScopes":[]},"contributions":{},"includedScopes":[]},"contributions":{},"includedScopes":[]},"contributions":{},"includedScopes":[]}]},"contributions":{},"includedScopes":[]},"contributions":{},"includedScopes":[]},"contributions":{},"includedScopes":[]},"contributions":{},"includedScopes":[]},"contributions":{},"includedScopes":[]},"sourceMap":{"end":{"column":12,"line":21,"offset":742},"start":{"column":5,"line":21,"offset":735}}},"scope":{"containerScope":{"containerScope":{"containerScope":{"containerScope":{"containerScope":{"containerScope":{"containerScope":{"containerScope":{"containerScope":{"containerScope":{"contributions":{},"includedScopes":[]},"contributions":{},"includedScopes":[]},"contributions":{},"includedScopes":[]},"contributions":{},"includedScopes":[{"containerScope":{"containerScope":{"containerScope":{"contributions":{},"includedScopes":[]},"contributions":{},"includedScopes":[]},"contributions":{},"includedScopes":[]},"contributions":{},"includedScopes":[]}]},"contributions":{},"includedScopes":[]},"contributions":{},"includedScopes":[]},"contributions":{},"includedScopes":[{"containerScope":{"containerScope":{"containerScope":{"contributions":{},"includedScopes":[]},"contributions":{},"includedScopes":[]},"contributions":{},"includedScopes":[]},"contributions":{},"includedScopes":[{"containerScope":{"containerScope":{"containerScope":{"contributions":{},"includedScopes":[]},"contributions":{},"includedScopes":[]},"contributions":{},"includedScopes":[]},"contributions":{},"includedScopes":[]}]},{"containerScope":{"containerScope":{"containerScope":{"contributions":{},"includedScopes":[]},"contributions":{},"includedScopes":[]},"contributions":{},"includedScopes":[]},"contributions":{},"includedScopes":[]}]},"contributions":{},"includedScopes":[]},"contributions":{},"includedScopes":[]},"contributions":{},"includedScopes":[]},"contributions":{},"includedScopes":[]}},"variable":{"id":"8013699e-69c4-4cf6-b425-2d09f3a33bfc","metadata":[],"name":"celulas","scope":{"containerScope":{"containerScope":{"containerScope":{"containerScope":{"containerScope":{"containerScope":{"containerScope":{"containerScope":{"containerScope":{"containerScope":{"contributions":{},"includedScopes":[]},"contributions":{},"includedScopes":[]},"contributions":{},"includedScopes":[]},"contributions":{},"includedScopes":[{"containerScope":{"containerScope":{"containerScope":{"contributions":{},"includedScopes":[]},"contributions":{},"includedScopes":[]},"contributions":{},"includedScopes":[]},"contributions":{},"includedScopes":[]}]},"contributions":{},"includedScopes":[]},"contributions":{},"includedScopes":[]},"contributions":{},"includedScopes":[{"containerScope":{"containerScope":{"containerScope":{"contributions":{},"includedScopes":[]},"contributions":{},"includedScopes":[]},"contributions":{},"includedScopes":[]},"contributions":{},"includedScopes":[{"containerScope":{"containerScope":{"containerScope":{"contributions":{},"includedScopes":[]},"contributions":{},"includedScopes":[]},"contributions":{},"includedScopes":[]},"contributions":{},"includedScopes":[]}]},{"containerScope":{"containerScope":{"containerScope":{"contributions":{},"includedScopes":[]},"contributions":{},"includedScopes":[]},"contributions":{},"includedScopes":[]},"contributions":{},"includedScopes":[]}]},"contributions":{},"includedScopes":[]},"contributions":{},"includedScopes":[]},"contributions":{},"includedScopes":[]},"contributions":{},"includedScopes":[]},"sourceMap":{"end":{"column":12,"line":21,"offset":742},"start":{"column":5,"line":21,"offset":735}}}}]},"compiled":false,"id":"1ae8b02f-0841-49ec-a47e-0ac44bb032e3","isOverride":false,"metadata":[],"name":"<apply>","parameters":[],"scope":{"containerScope":{"containerScope":{"containerScope":{"containerScope":{"containerScope":{"containerScope":{"containerScope":{"contributions":{},"includedScopes":[]},"contributions":{},"includedScopes":[]},"contributions":{},"includedScopes":[]},"contributions":{},"includedScopes":[{"containerScope":{"containerScope":{"containerScope":{"contributions":{},"includedScopes":[]},"contributions":{},"includedScopes":[]},"contributions":{},"includedScopes":[]},"contributions":{},"includedScopes":[]}]},"contributions":{},"includedScopes":[]},"contributions":{},"includedScopes":[]},"contributions":{},"includedScopes":[{"containerScope":{"containerScope":{"containerScope":{"contributions":{},"includedScopes":[]},"contributions":{},"includedScopes":[]},"contributions":{},"includedScopes":[]},"contributions":{},"includedScopes":[{"containerScope":{"containerScope":{"containerScope":{"contributions":{},"includedScopes":[]},"contributions":{},"includedScopes":[]},"contributions":{},"includedScopes":[]},"contributions":{},"includedScopes":[]}]},{"containerScope":{"containerScope":{"containerScope":{"contributions":{},"includedScopes":[]},"contributions":{},"includedScopes":[]},"contributions":{},"includedScopes":[]},"contributions":{},"includedScopes":[]}]},"contributions":{},"includedScopes":[]}},{"id":"6d634102-4554-4d52-99e3-3e2bb5908c59","isConstant":true,"isProperty":false,"metadata":[],"name":"<toString>","scope":{"containerScope":{"containerScope":{"containerScope":{"containerScope":{"containerScope":{"containerScope":{"containerScope":{"contributions":{},"includedScopes":[]},"contributions":{},"includedScopes":[]},"contributions":{},"includedScopes":[]},"contributions":{},"includedScopes":[{"containerScope":{"containerScope":{"containerScope":{"contributions":{},"includedScopes":[]},"contributions":{},"includedScopes":[]},"contributions":{},"includedScopes":[]},"contributions":{},"includedScopes":[]}]},"contributions":{},"includedScopes":[]},"contributions":{},"includedScopes":[]},"contributions":{},"includedScopes":[{"containerScope":{"containerScope":{"containerScope":{"contributions":{},"includedScopes":[]},"contributions":{},"includedScopes":[]},"contributions":{},"includedScopes":[]},"contributions":{},"includedScopes":[{"containerScope":{"containerScope":{"containerScope":{"contributions":{},"includedScopes":[]},"contributions":{},"includedScopes":[]},"contributions":{},"includedScopes":[]},"contributions":{},"includedScopes":[]}]},{"containerScope":{"containerScope":{"containerScope":{"contributions":{},"includedScopes":[]},"contributions":{},"includedScopes":[]},"contributions":{},"includedScopes":[]},"contributions":{},"includedScopes":[]}]},"contributions":{},"includedScopes":[]},"value":{"id":"acd619db-812e-4a89-a2c2-f03fe295073b","metadata":[],"scope":{"containerScope":{"containerScope":{"containerScope":{"containerScope":{"containerScope":{"containerScope":{"containerScope":{"containerScope":{"contributions":{},"includedScopes":[]},"contributions":{},"includedScopes":[]},"contributions":{},"includedScopes":[]},"contributions":{},"includedScopes":[{"containerScope":{"containerScope":{"containerScope":{"contributions":{},"includedScopes":[]},"contributions":{},"includedScopes":[]},"contributions":{},"includedScopes":[]},"contributions":{},"includedScopes":[]}]},"contributions":{},"includedScopes":[]},"contributions":{},"includedScopes":[]},"contributions":{},"includedScopes":[{"containerScope":{"containerScope":{"containerScope":{"contributions":{},"includedScopes":[]},"contributions":{},"includedScopes":[]},"contributions":{},"includedScopes":[]},"contributions":{},"includedScopes":[{"containerScope":{"containerScope":{"containerScope":{"contributions":{},"includedScopes":[]},"contributions":{},"includedScopes":[]},"contributions":{},"includedScopes":[]},"contributions":{},"includedScopes":[]}]},{"containerScope":{"containerScope":{"containerScope":{"contributions":{},"includedScopes":[]},"contributions":{},"includedScopes":[]},"contributions":{},"includedScopes":[]},"contributions":{},"includedScopes":[]}]},"contributions":{},"includedScopes":[]},"contributions":{},"includedScopes":[]},"value":"{\n    celulas -= cant\n  }"}}],"metadata":[],"scope":{"containerScope":{"containerScope":{"containerScope":{"containerScope":{"containerScope":{"containerScope":{"contributions":{},"includedScopes":[]},"contributions":{},"includedScopes":[]},"contributions":{},"includedScopes":[]},"contributions":{},"includedScopes":[{"containerScope":{"containerScope":{"containerScope":{"contributions":{},"includedScopes":[]},"contributions":{},"includedScopes":[]},"contributions":{},"includedScopes":[]},"contributions":{},"includedScopes":[]}]},"contributions":{},"includedScopes":[]},"contributions":{},"includedScopes":[]},"contributions":{},"includedScopes":[{"containerScope":{"containerScope":{"containerScope":{"contributions":{},"includedScopes":[]},"contributions":{},"includedScopes":[]},"contributions":{},"includedScopes":[]},"contributions":{},"includedScopes":[{"containerScope":{"containerScope":{"containerScope":{"contributions":{},"includedScopes":[]},"contributions":{},"includedScopes":[]},"contributions":{},"includedScopes":[]},"contributions":{},"includedScopes":[]}]},{"containerScope":{"containerScope":{"containerScope":{"contributions":{},"includedScopes":[]},"contributions":{},"includedScopes":[]},"contributions":{},"includedScopes":[]},"contributions":{},"includedScopes":[]}]},"sourceMap":{"end":{"column":0,"line":23,"offset":754},"start":{"column":32,"line":20,"offset":729}},"supertypes":[{"args":[],"id":"d0cfd59c-0bcd-4030-85a9-c4610ee2966c","metadata":[],"reference":{"id":"bd60a1d7-2b3f-4a8c-8e35-42eee87ee8a7","metadata":[],"name":"wollok.lang.Closure","scope":{"containerScope":{"containerScope":{"containerScope":{"containerScope":{"containerScope":{"containerScope":{"containerScope":{"contributions":{},"includedScopes":[]},"contributions":{},"includedScopes":[]},"contributions":{},"includedScopes":[]},"contributions":{},"includedScopes":[{"containerScope":{"containerScope":{"containerScope":{"contributions":{},"includedScopes":[]},"contributions":{},"includedScopes":[]},"contributions":{},"includedScopes":[]},"contributions":{},"includedScopes":[]}]},"contributions":{},"includedScopes":[]},"contributions":{},"includedScopes":[]},"contributions":{},"includedScopes":[{"containerScope":{"containerScope":{"containerScope":{"contributions":{},"includedScopes":[]},"contributions":{},"includedScopes":[]},"contributions":{},"includedScopes":[]},"contributions":{},"includedScopes":[{"containerScope":{"containerScope":{"containerScope":{"contributions":{},"includedScopes":[]},"contributions":{},"includedScopes":[]},"contributions":{},"includedScopes":[]},"contributions":{},"includedScopes":[]}]},{"containerScope":{"containerScope":{"containerScope":{"contributions":{},"includedScopes":[]},"contributions":{},"includedScopes":[]},"contributions":{},"includedScopes":[]},"contributions":{},"includedScopes":[]}]},"contributions":{},"includedScopes":[]}},"scope":{"containerScope":{"containerScope":{"containerScope":{"containerScope":{"containerScope":{"containerScope":{"containerScope":{"contributions":{},"includedScopes":[]},"contributions":{},"includedScopes":[]},"contributions":{},"includedScopes":[]},"contributions":{},"includedScopes":[{"containerScope":{"containerScope":{"containerScope":{"contributions":{},"includedScopes":[]},"contributions":{},"includedScopes":[]},"contributions":{},"includedScopes":[]},"contributions":{},"includedScopes":[]}]},"contributions":{},"includedScopes":[]},"contributions":{},"includedScopes":[]},"contributions":{},"includedScopes":[{"containerScope":{"containerScope":{"containerScope":{"contributions":{},"includedScopes":[]},"contributions":{},"includedScopes":[]},"contributions":{},"includedScopes":[]},"contributions":{},"includedScopes":[{"containerScope":{"containerScope":{"containerScope":{"contributions":{},"includedScopes":[]},"contributions":{},"includedScopes":[]},"contributions":{},"includedScopes":[]},"contributions":{},"includedScopes":[]}]},{"containerScope":{"containerScope":{"containerScope":{"contributions":{},"includedScopes":[]},"contributions":{},"includedScopes":[]},"contributions":{},"includedScopes":[]},"contributions":{},"includedScopes":[]}]},"contributions":{},"includedScopes":[]}}]}],"sourceMap":{"end":{"column":4,"line":23,"offset":758},"start":{"column":21,"line":17,"offset":519}}},"compiled":false,"id":"6e4d9b10-5cee-47b2-9108-f56d3961e135","isOverride":false,"metadata":[],"name":"viviUnDia","parameters":[],"problems":[],"scope":{"containerScope":{"containerScope":{"containerScope":{"containerScope":{"contributions":{},"includedScopes":[]},"contributions":{},"includedScopes":[]},"contributions":{},"includedScopes":[]},"contributions":{},"includedScopes":[{"containerScope":{"containerScope":{"containerScope":{"contributions":{},"includedScopes":[]},"contributions":{},"includedScopes":[]},"contributions":{},"includedScopes":[]},"contributions":{},"includedScopes":[]}]},"contributions":{},"includedScopes":[]},"sourceMap":{"end":{"column":4,"line":23,"offset":758},"start":{"column":3,"line":17,"offset":501}}}],"metadata":[],"name":"Persona","problems":[{"code":"malformedMember","sourceMap":{"end":{"column":1,"line":27,"offset":818},"start":{"column":3,"line":24,"offset":761}}}],"scope":{"containerScope":{"containerScope":{"containerScope":{"contributions":{},"includedScopes":[]},"contributions":{},"includedScopes":[]},"contributions":{},"includedScopes":[]},"contributions":{},"includedScopes":[{"containerScope":{"containerScope":{"containerScope":{"contributions":{},"includedScopes":[]},"contributions":{},"includedScopes":[]},"contributions":{},"includedScopes":[]},"contributions":{},"includedScopes":[]}]},"sourceMap":{"end":{"column":2,"line":27,"offset":819},"start":{"column":1,"line":2,"offset":1}},"supertypes":[]},"stack":"Error: Failed to print, found malformed node\n    at /home/tiaguinni/.vscode/extensions/uqbar.wollok-lsp-ide-0.5.5/out/server/src/server.js:68:3585\n    at Ybn (/home/tiaguinni/.vscode/extensions/uqbar.wollok-lsp-ide-0.5.5/out/server/src/server.js:68:3396)\n    at /home/tiaguinni/.vscode/extensions/uqbar.wollok-lsp-ide-0.5.5/out/server/src/server.js:2430:847\n    at /home/tiaguinni/.vscode/extensions/uqbar.wollok-lsp-ide-0.5.5/out/server/src/server.js:2430:8440\n    at /home/tiaguinni/.vscode/extensions/uqbar.wollok-lsp-ide-0.5.5/out/server/src/server.js:37:74770\n    at Ke (/home/tiaguinni/.vscode/extensions/uqbar.wollok-lsp-ide-0.5.5/out/server/src/server.js:7:8527)\n    at It (/home/tiaguinni/.vscode/extensions/uqbar.wollok-lsp-ide-0.5.5/out/server/src/server.js:7:6189)\n    at et (/home/tiaguinni/.vscode/extensions/uqbar.wollok-lsp-ide-0.5.5/out/server/src/server.js:7:6378)\n    at Immediate._onImmediate (/home/tiaguinni/.vscode/extensions/uqbar.wollok-lsp-ide-0.5.5/out/server/src/server.js:7:6142)\n    at process.processImmediate (node:internal/timers:504:21)","timestamp":"2026-09-23T13:54:13.865Z"}
{"level":"error","message":"✘ Failed to get type description: Error: Failed to print, found malformed node Failed to print, found malformed node","node":{"id":"00ab1263-e19f-4aec-a51e-74d4050fe2ae","members":[{"id":"6248d999-e2af-4253-8839-8eb9e4bee779","isConstant":false,"isProperty":false,"metadata":[],"name":"enfermedades","scope":{"containerScope":{"containerScope":{"containerScope":{"containerScope":{"contributions":{},"includedScopes":[]},"contributions":{},"includedScopes":[]},"contributions":{},"includedScopes":[]},"contributions":{},"includedScopes":[{"containerScope":{"containerScope":{"containerScope":{"contributions":{},"includedScopes":[]},"contributions":{},"includedScopes":[]},"contributions":{},"includedScopes":[]},"contributions":{},"includedScopes":[]}]},"contributions":{},"includedScopes":[]},"sourceMap":{"end":{"column":27,"line":3,"offset":42},"start":{"column":4,"line":3,"offset":19}},"value":{"id":"06621ea4-ded8-4108-b187-7586bff9e0aa","metadata":[],"scope":{"containerScope":{"containerScope":{"containerScope":{"containerScope":{"containerScope":{"contributions":{},"includedScopes":[]},"contributions":{},"includedScopes":[]},"contributions":{},"includedScopes":[]},"contributions":{},"includedScopes":[{"containerScope":{"containerScope":{"containerScope":{"contributions":{},"includedScopes":[]},"contributions":{},"includedScopes":[]},"contributions":{},"includedScopes":[]},"contributions":{},"includedScopes":[]}]},"contributions":{},"includedScopes":[]},"contributions":{},"includedScopes":[]},"sourceMap":{"end":{"column":27,"line":3,"offset":42},"start":{"column":24,"line":3,"offset":39}},"value":[{"id":"c5dff30b-c982-4852-b77b-5f07430773f1","metadata":[],"name":"wollok.lang.Set","scope":{"containerScope":{"containerScope":{"containerScope":{"containerScope":{"containerScope":{"containerScope":{"contributions":{},"includedScopes":[]},"contributions":{},"includedScopes":[]},"contributions":{},"includedScopes":[]},"contributions":{},"includedScopes":[{"containerScope":{"containerScope":{"containerScope":{"contributions":{},"includedScopes":[]},"contributions":{},"includedScopes":[]},"contributions":{},"includedScopes":[]},"contributions":{},"includedScopes":[]}]},"contributions":{},"includedScopes":[]},"contributions":{},"includedScopes":[]},"contributions":{},"includedScopes":[]}},[]]}},{"id":"0309ac34-cbfe-4f72-b3c2-912d6781b245","isConstant":false,"isProperty":false,"metadata":[],"name":"temperatura","scope":{"containerScope":{"containerScope":{"containerScope":{"containerScope":{"contributions":{},"includedScopes":[]},"contributions":{},"includedScopes":[]},"contributions":{},"includedScopes":[]},"contributions":{},"includedScopes":[{"containerScope":{"containerScope":{"containerScope":{"contributions":{},"includedScopes":[]},"contributions":{},"includedScopes":[]},"contributions":{},"includedScopes":[]},"contributions":{},"includedScopes":[]}]},"contributions":{},"includedScopes":[]},"sourceMap":{"end":{"column":26,"line":4,"offset":68},"start":{"column":4,"line":4,"offset":46}},"value":{"id":"c780de6c-6337-4f9e-9ce8-10e0bafac2c9","metadata":[],"scope":{"containerScope":{"containerScope":{"containerScope":{"containerScope":{"containerScope":{"contributions":{},"includedScopes":[]},"contributions":{},"includedScopes":[]},"contributions":{},"includedScopes":[]},"contributions":{},"includedScopes":[{"containerScope":{"containerScope":{"containerScope":{"contributions":{},"includedScopes":[]},"contributions":{},"includedScopes":[]},"contributions":{},"includedScopes":[]},"contributions":{},"includedScopes":[]}]},"contributions":{},"includedScopes":[]},"contributions":{},"includedScopes":[]},"sourceMap":{"end":{"column":26,"line":4,"offset":68},"start":{"column":22,"line":4,"offset":64}},"value":36.6}},{"id":"678fe4d4-4c5e-4d3c-995b-6b67e7c27e68","isConstant":false,"isProperty":false,"metadata":[{"args":{"position":"end","text":"/*\n    HAY DOS TIPPOS DE LISTAS!! lista(COLLECION)puede haber elementos con Ordenrepetidos y colecciones no, ademas las colecciones no tienen orden\n    luego tenemos un SET: #{} no se puede repetir ni orden\n  */"},"name":"comment"}],"name":"celulas","scope":{"containerScope":{"containerScope":{"containerScope":{"containerScope":{"contributions":{},"includedScopes":[]},"contributions":{},"includedScopes":[]},"contributions":{},"includedScopes":[]},"contributions":{},"includedScopes":[{"containerScope":{"containerScope":{"containerScope":{"contributions":{},"includedScopes":[]},"contributions":{},"includedScopes":[]},"contributions":{},"includedScopes":[]},"contributions":{},"includedScopes":[]}]},"contributions":{},"includedScopes":[]},"sourceMap":{"end":{"column":26,"line":5,"offset":94},"start":{"column":4,"line":5,"offset":72}},"value":{"id":"7711c4a6-b4df-4cf8-8d9b-70bafaed749e","metadata":[],"scope":{"containerScope":{"containerScope":{"containerScope":{"containerScope":{"containerScope":{"contributions":{},"includedScopes":[]},"contributions":{},"includedScopes":[]},"contributions":{},"includedScopes":[]},"contributions":{},"includedScopes":[{"containerScope":{"containerScope":{"containerScope":{"contributions":{},"includedScopes":[]},"contributions":{},"includedScopes":[]},"contributions":{},"includedScopes":[]},"contributions":{},"includedScopes":[]}]},"contributions":{},"includedScopes":[]},"contributions":{},"includedScopes":[]},"sourceMap":{"end":{"column":26,"line":5,"offset":94},"start":{"column":19,"line":5,"offset":87}},"value":3000000}},{"body":{"id":"4d575662-708f-4cf4-9945-9f3a707b234a","metadata":[],"problems":[],"scope":{"containerScope":{"containerScope":{"containerScope":{"containerScope":{"containerScope":{"contributions":{},"includedScopes":[]},"contributions":{},"includedScopes":[]},"contributions":{},"includedScopes":[]},"contributions":{},"includedScopes":[{"containerScope":{"containerScope":{"containerScope":{"contributions":{},"includedScopes":[]},"contributions":{},"includedScopes":[]},"contributions":{},"includedScopes":[]},"contributions":{},"includedScopes":[]}]},"contributions":{},"includedScopes":[]},"contributions":{},"includedScopes":[]},"sentences":[{"args":[{"id":"a76bf5b5-d60a-440d-b0f7-90e5e852ef30","metadata":[],"name":"enfermedad","scope":{"containerScope":{"containerScope":{"containerScope":{"containerScope":{"containerScope":{"containerScope":{"containerScope":{"contributions":{},"includedScopes":[]},"contributions":{},"includedScopes":[]},"contributions":{},"includedScopes":[]},"contributions":{},"includedScopes":[{"containerScope":{"containerScope":{"containerScope":{"contributions":{},"includedScopes":[]},"contributions":{},"includedScopes":[]},"contributions":{},"includedScopes":[]},"contributions":{},"includedScopes":[]}]},"contributions":{},"includedScopes":[]},"contributions":{},"includedScopes":[]},"contributions":{},"includedScopes":[]},"contributions":{},"includedScopes":[]},"sourceMap":{"end":{"column":34,"line":11,"offset":372},"start":{"column":24,"line":11,"offset":362}}}],"id":"e30d0f49-64de-4d46-adb4-882f94f28313","message":"add","metadata":[],"receiver":{"id":"ffb36d7c-2037-48f4-ba26-5987a8243003","metadata":[],"name":"enfermedades","scope":{"containerScope":{"containerScope":{"containerScope":{"containerScope":{"containerScope":{"containerScope":{"containerScope":{"contributions":{},"includedScopes":[]},"contributions":{},"includedScopes":[]},"contributions":{},"includedScopes":[]},"contributions":{},"includedScopes":[{"containerScope":{"containerScope":{"containerScope":{"contributions":{},"includedScopes":[]},"contributions":{},"includedScopes":[]},"contributions":{},"includedScopes":[]},"contributions":{},"includedScopes":[]}]},"contributions":{},"includedScopes":[]},"contributions":{},"includedScopes":[]},"contributions":{},"includedScopes":[]},"contributions":{},"includedScopes":[]},"sourceMap":{"end":{"column":19,"line":11,"offset":357},"start":{"column":7,"line":11,"offset":345}}},"scope":{"containerScope":{"containerScope":{"containerScope":{"containerScope":{"containerScope":{"containerScope":{"contributions":{},"includedScopes":[]},"contributions":{},"includedScopes":[]},"contributions":{},"includedScopes":[]},"contributions":{},"includedScopes":[{"containerScope":{"containerScope":{"containerScope":{"contributions":{},"includedScopes":[]},"contributions":{},"includedScopes":[]},"contributions":{},"includedScopes":[]},"contributions":{},"includedScopes":[]}]},"contributions":{},"includedScopes":[]},"contributions":{},"includedScopes":[]},"contributions":{},"includedScopes":[]},"sourceMap":{"end":{"column":35,"line":11,"offset":373},"start":{"column":7,"line":11,"offset":345}}}],"sourceMap":{"end":{"column":4,"line":12,"offset":377},"start":{"column":29,"line":10,"offset":337}}},"compiled":false,"id":"363785fc-b2f9-4df4-ab46-0f53212b69e5","isOverride":false,"metadata":[],"name":"contrae","parameters":[{"id":"baf8409f-837d-4d73-bf48-d94d1e11bc4e","isVarArg":false,"metadata":[],"name":"enfermedad","scope":{"containerScope":{"containerScope":{"containerScope":{"containerScope":{"containerScope":{"contributions":{},"includedScopes":[]},"contributions":{},"includedScopes":[]},"contributions":{},"includedScopes":[]},"contributions":{},"includedScopes":[{"containerScope":{"containerScope":{"containerScope":{"contributions":{},"includedScopes":[]},"contributions":{},"includedScopes":[]},"contributions":{},"includedScopes":[]},"contributions":{},"includedScopes":[]}]},"contributions":{},"includedScopes":[]},"contributions":{},"includedScopes":[]},"sourceMap":{"end":{"column":28,"line":10,"offset":336},"start":{"column":18,"line":10,"offset":326}}}],"problems":[],"scope":{"containerScope":{"containerScope":{"containerScope":{"containerScope":{"contributions":{},"includedScopes":[]},"contributions":{},"includedScopes":[]},"contributions":{},"includedScopes":[]},"contributions":{},"includedScopes":[{"containerScope":{"containerScope":{"containerScope":{"contributions":{},"includedScopes":[]},"contributions":{},"includedScopes":[]},"contributions":{},"includedScopes":[]},"contributions":{},"includedScopes":[]}]},"contributions":{},"includedScopes":[]},"sourceMap":{"end":{"column":4,"line":12,"offset":377},"start":{"column":3,"line":10,"offset":311}}},{"body":{"id":"cc4f2e78-b429-4cb9-940e-4422069e947b","metadata":[],"problems":[],"scope":{"containerScope":{"containerScope":{"containerScope":{"containerScope":{"containerScope":{"contributions":{},"includedScopes":[]},"contributions":{},"includedScopes":[]},"contributions":{},"includedScopes":[]},"contributions":{},"includedScopes":[{"containerScope":{"containerScope":{"containerScope":{"contributions":{},"includedScopes":[]},"contributions":{},"includedScopes":[]},"contributions":{},"includedScopes":[]},"contributions":{},"includedScopes":[]}]},"contributions":{},"includedScopes":[]},"contributions":{},"includedScopes":[]},"sentences":[{"args":[{"id":"029008cb-03b9-4ac4-b2ef-6883b6a4c4c3","metadata":[],"name":"unaEnfermedad","scope":{"containerScope":{"containerScope":{"containerScope":{"containerScope":{"containerScope":{"containerScope":{"containerScope":{"contributions":{},"includedScopes":[]},"contributions":{},"includedScopes":[]},"contributions":{},"includedScopes":[]},"contributions":{},"includedScopes":[{"containerScope":{"containerScope":{"containerScope":{"contributions":{},"includedScopes":[]},"contributions":{},"includedScopes":[]},"contributions":{},"includedScopes":[]},"contributions":{},"includedScopes":[]}]},"contributions":{},"includedScopes":[]},"contributions":{},"includedScopes":[]},"contributions":{},"includedScopes":[]},"contributions":{},"includedScopes":[]},"sourceMap":{"end":{"column":40,"line":14,"offset":456},"start":{"column":27,"line":14,"offset":443}}}],"id":"0060cf96-06e6-4797-81c8-45fc8629b602","message":"contains","metadata":[],"receiver":{"id":"8539587a-0970-4e8d-9b20-c0a66ef5c845","metadata":[],"name":"enfermedades","scope":{"containerScope":{"containerScope":{"containerScope":{"containerScope":{"containerScope":{"containerScope":{"containerScope":{"contributions":{},"includedScopes":[]},"contributions":{},"includedScopes":[]},"contributions":{},"includedScopes":[]},"contributions":{},"includedScopes":[{"containerScope":{"containerScope":{"containerScope":{"contributions":{},"includedScopes":[]},"contributions":{},"includedScopes":[]},"contributions":{},"includedScopes":[]},"contributions":{},"includedScopes":[]}]},"contributions":{},"includedScopes":[]},"contributions":{},"includedScopes":[]},"contributions":{},"includedScopes":[]},"contributions":{},"includedScopes":[]},"sourceMap":{"end":{"column":17,"line":14,"offset":433},"start":{"column":5,"line":14,"offset":421}}},"scope":{"containerScope":{"containerScope":{"containerScope":{"containerScope":{"containerScope":{"containerScope":{"contributions":{},"includedScopes":[]},"contributions":{},"includedScopes":[]},"contributions":{},"includedScopes":[]},"contributions":{},"includedScopes":[{"containerScope":{"containerScope":{"containerScope":{"contributions":{},"includedScopes":[]},"contributions":{},"includedScopes":[]},"contributions":{},"includedScopes":[]},"contributions":{},"includedScopes":[]}]},"contributions":{},"includedScopes":[]},"contributions":{},"includedScopes":[]},"contributions":{},"includedScopes":[]},"sourceMap":{"end":{"column":41,"line":14,"offset":457},"start":{"column":5,"line":14,"offset":421}}}],"sourceMap":{"end":{"column":4,"line":15,"offset":461},"start":{"column":38,"line":13,"offset":415}}},"compiled":false,"id":"ffa89c27-69ec-4989-b22f-ec6e503418d8","isOverride":false,"metadata":[],"name":"estaEnfermoDe","parameters":[{"id":"4415b27d-be47-4ae5-a500-3af4a46833bb","isVarArg":false,"metadata":[],"name":"unaEnfermedad","scope":{"containerScope":{"containerScope":{"containerScope":{"containerScope":{"containerScope":{"contributions":{},"includedScopes":[]},"contributions":{},"includedScopes":[]},"contributions":{},"includedScopes":[]},"contributions":{},"includedScopes":[{"containerScope":{"containerScope":{"containerScope":{"contributions":{},"includedScopes":[]},"contributions":{},"includedScopes":[]},"contributions":{},"includedScopes":[]},"contributions":{},"includedScopes":[]}]},"contributions":{},"includedScopes":[]},"contributions":{},"includedScopes":[]},"sourceMap":{"end":{"column":37,"line":13,"offset":414},"start":{"column":24,"line":13,"offset":401}}}],"problems":[],"scope":{"containerScope":{"containerScope":{"containerScope":{"containerScope":{"contributions":{},"includedScopes":[]},"contributions":{},"includedScopes":[]},"contributions":{},"includedScopes":[]},"contributions":{},"includedScopes":[{"containerScope":{"containerScope":{"containerScope":{"contributions":{},"includedScopes":[]},"contributions":{},"includedScopes":[]},"contributions":{},"includedScopes":[]},"contributions":{},"includedScopes":[]}]},"contributions":{},"includedScopes":[]},"sourceMap":{"end":{"column":4,"line":15,"offset":461},"start":{"column":3,"line":13,"offset":380}}},{"body":{"id":"cb3b2610-bdc8-41a6-beeb-21fde6ec877c","metadata":[],"problems":[],"scope":{"containerScope":{"containerScope":{"containerScope":{"containerScope":{"containerScope":{"contributions":{},"includedScopes":[]},"contributions":{},"includedScopes":[]},"contributions":{},"includedScopes":[]},"contributions":{},"includedScopes":[{"containerScope":{"containerScope":{"containerScope":{"contributions":{},"includedScopes":[]},"contributions":{},"includedScopes":[]},"contributions":{},"includedScopes":[]},"contributions":{},"includedScopes":[]}]},"contributions":{},"includedScopes":[]},"contributions":{},"includedScopes":[]},"sentences":[{"id":"f5beb6bf-0659-4e0c-baa6-c7f522aecd11","metadata":[],"scope":{"containerScope":{"containerScope":{"containerScope":{"containerScope":{"containerScope":{"containerScope":{"contributions":{},"includedScopes":[]},"contributions":{},"includedScopes":[]},"contributions":{},"includedScopes":[]},"contributions":{},"includedScopes":[{"containerScope":{"containerScope":{"containerScope":{"contributions":{},"includedScopes":[]},"contributions":{},"includedScopes":[]},"contributions":{},"includedScopes":[]},"contributions":{},"includedScopes":[]}]},"contributions":{},"includedScopes":[]},"contributions":{},"includedScopes":[]},"contributions":{},"includedScopes":[]},"value":{"id":"afa5e86d-f38a-4144-8cae-5a04437bf8ee","metadata":[],"name":"temperatura","scope":{"containerScope":{"containerScope":{"containerScope":{"containerScope":{"containerScope":{"containerScope":{"containerScope":{"contributions":{},"includedScopes":[]},"contributions":{},"includedScopes":[]},"contributions":{},"includedScopes":[]},"contributions":{},"includedScopes":[{"containerScope":{"containerScope":{"containerScope":{"contributions":{},"includedScopes":[]},"contributions":{},"includedScopes":[]},"contributions":{},"includedScopes":[]},"contributions":{},"includedScopes":[]}]},"contributions":{},"includedScopes":[]},"contributions":{},"includedScopes":[]},"contributions":{},"includedScopes":[]},"contributions":{},"includedScopes":[]},"sourceMap":{"end":{"column":37,"line":16,"offset":498},"start":{"column":26,"line":16,"offset":487}}}}],"sourceMap":{"end":{"column":37,"line":16,"offset":498},"start":{"column":26,"line":16,"offset":487}}},"compiled":false,"id":"928b801a-fc80-43ea-a31f-db7e395ab935","isOverride":false,"metadata":[],"name":"temperatura","parameters":[],"problems":[],"scope":{"containerScope":{"containerScope":{"containerScope":{"containerScope":{"contributions":{},"includedScopes":[]},"contributions":{},"includedScopes":[]},"contributions":{},"includedScopes":[]},"contributions":{},"includedScopes":[{"containerScope":{"containerScope":{"containerScope":{"contributions":{},"includedScopes":[]},"contributions":{},"includedScopes":[]},"contributions":{},"includedScopes":[]},"contributions":{},"includedScopes":[]}]},"contributions":{},"includedScopes":[]},"sourceMap":{"end":{"column":37,"line":16,"offset":498},"start":{"column":3,"line":16,"offset":464}}},{"body":{"id":"bc3c0410-2ac4-4bc3-8e78-557f528fe4e2","metadata":[],"problems":[],"scope":{"containerScope":{"containerScope":{"containerScope":{"containerScope":{"containerScope":{"contributions":{},"includedScopes":[]},"contributions":{},"includedScopes":[]},"contributions":{},"includedScopes":[]},"contributions":{},"includedScopes":[{"containerScope":{"containerScope":{"containerScope":{"contributions":{},"includedScopes":[]},"contributions":{},"includedScopes":[]},"contributions":{},"includedScopes":[]},"contributions":{},"includedScopes":[]}]},"contributions":{},"includedScopes":[]},"contributions":{},"includedScopes":[]},"sentences":[{"args":[{"id":"3f11fb72-f471-4605-bf1c-f1c539771211","members":[{"body":{"id":"48ce6e15-8f91-4edf-a188-a77dabe83d77","metadata":[],"scope":{"containerScope":{"containerScope":{"containerScope":{"containerScope":{"containerScope":{"containerScope":{"containerScope":{"containerScope":{"containerScope":{"contributions":{},"includedScopes":[]},"contributions":{},"includedScopes":[]},"contributions":{},"includedScopes":[]},"contributions":{},"includedScopes":[{"containerScope":{"containerScope":{"containerScope":{"contributions":{},"includedScopes":[]},"contributions":{},"includedScopes":[]},"contributions":{},"includedScopes":[]},"contributions":{},"includedScopes":[]}]},"contributions":{},"includedScopes":[]},"contributions":{},"includedScopes":[]},"contributions":{},"includedScopes":[]},"contributions":{},"includedScopes":[{"containerScope":{"containerScope":{"containerScope":{"contributions":{},"includedScopes":[]},"contributions":{},"includedScopes":[]},"contributions":{},"includedScopes":[]},"contributions":{},"includedScopes":[{"containerScope":{"containerScope":{"containerScope":{"contributions":{},"includedScopes":[]},"contributions":{},"includedScopes":[]},"contributions":{},"includedScopes":[]},"contributions":{},"includedScopes":[]}]},{"containerScope":{"containerScope":{"containerScope":{"contributions":{},"includedScopes":[]},"contributions":{},"includedScopes":[]},"contributions":{},"includedScopes":[]},"contributions":{},"includedScopes":[]}]},"contributions":{},"includedScopes":[]},"contributions":{},"includedScopes":[]},"sentences":[{"id":"9e32e3de-eb9f-466f-9488-14449414cfad","metadata":[],"scope":{"containerScope":{"containerScope":{"containerScope":{"containerScope":{"containerScope":{"containerScope":{"containerScope":{"containerScope":{"containerScope":{"containerScope":{"contributions":{},"includedScopes":[]},"contributions":{},"includedScopes":[]},"contributions":{},"includedScopes":[]},"contributions":{},"includedScopes":[{"containerScope":{"containerScope":{"containerScope":{"contributions":{},"includedScopes":[]},"contributions":{},"includedScopes":[]},"contributions":{},"includedScopes":[]},"contributions":{},"includedScopes":[]}]},"contributions":{},"includedScopes":[]},"contributions":{},"includedScopes":[]},"contributions":{},"includedScopes":[]},"contributions":{},"includedScopes":[{"containerScope":{"containerScope":{"containerScope":{"contributions":{},"includedScopes":[]},"contributions":{},"includedScopes":[]},"contributions":{},"includedScopes":[]},"contributions":{},"includedScopes":[{"containerScope":{"containerScope":{"containerScope":{"contributions":{},"includedScopes":[]},"contributions":{},"includedScopes":[]},"contributions":{},"includedScopes":[]},"contributions":{},"includedScopes":[]}]},{"containerScope":{"containerScope":{"containerScope":{"contributions":{},"includedScopes":[]},"contributions":{},"includedScopes":[]},"contributions":{},"includedScopes":[]},"contributions":{},"includedScopes":[]}]},"contributions":{},"includedScopes":[]},"contributions":{},"includedScopes":[]},"contributions":{},"includedScopes":[]},"value":{"args":[{"id":"9678b44a-f69e-488f-99e5-8a263c0bfa1c","metadata":[],"scope":{"containerScope":{"containerScope":{"containerScope":{"containerScope":{"containerScope":{"containerScope":{"containerScope":{"containerScope":{"containerScope":{"containerScope":{"containerScope":{"containerScope":{"contributions":{},"includedScopes":[]},"contributions":{},"includedScopes":[]},"contributions":{},"includedScopes":[]},"contributions":{},"includedScopes":[{"containerScope":{"containerScope":{"containerScope":{"contributions":{},"includedScopes":[]},"contributions":{},"includedScopes":[]},"contributions":{},"includedScopes":[]},"contributions":{},"includedScopes":[]}]},"contributions":{},"includedScopes":[]},"contributions":{},"includedScopes":[]},"contributions":{},"includedScopes":[]},"contributions":{},"includedScopes":[{"containerScope":{"containerScope":{"containerScope":{"contributions":{},"includedScopes":[]},"contributions":{},"includedScopes":[]},"contributions":{},"includedScopes":[]},"contributions":{},"includedScopes":[{"containerScope":{"containerScope":{"containerScope":{"contributions":{},"includedScopes":[]},"contributions":{},"includedScopes":[]},"contributions":{},"includedScopes":[]},"contributions":{},"includedScopes":[]}]},{"containerScope":{"containerScope":{"containerScope":{"contributions":{},"includedScopes":[]},"contributions":{},"includedScopes":[]},"contributions":{},"includedScopes":[]},"contributions":{},"includedScopes":[]}]},"contributions":{},"includedScopes":[]},"contributions":{},"includedScopes":[]},"contributions":{},"includedScopes":[]},"contributions":{},"includedScopes":[]},"contributions":{},"includedScopes":[]},"sourceMap":{"end":{"column":67,"line":18,"offset":587},"start":{"column":63,"line":18,"offset":583}}}],"id":"7ab3dbf2-b8a2-4e31-ae3d-54332485a193","message":"afectarA","metadata":[],"receiver":{"id":"7396ab40-c4ef-4406-b767-2a08012bb6bc","metadata":[],"name":"enfermedad","scope":{"containerScope":{"containerScope":{"containerScope":{"containerScope":{"containerScope":{"containerScope":{"containerScope":{"containerScope":{"containerScope":{"containerScope":{"containerScope":{"containerScope":{"contributions":{},"includedScopes":[]},"contributions":{},"includedScopes":[]},"contributions":{},"includedScopes":[]},"contributions":{},"includedScopes":[{"containerScope":{"containerScope":{"containerScope":{"contributions":{},"includedScopes":[]},"contributions":{},"includedScopes":[]},"contributions":{},"includedScopes":[]},"contributions":{},"includedScopes":[]}]},"contributions":{},"includedScopes":[]},"contributions":{},"includedScopes":[]},"contributions":{},"includedScopes":[]},"contributions":{},"includedScopes":[{"containerScope":{"containerScope":{"containerScope":{"contributions":{},"includedScopes":[]},"contributions":{},"includedScopes":[]},"contributions":{},"includedScopes":[]},"contributions":{},"includedScopes":[{"containerScope":{"containerScope":{"containerScope":{"contributions":{},"includedScopes":[]},"contributions":{},"includedScopes":[]},"contributions":{},"includedScopes":[]},"contributions":{},"includedScopes":[]}]},{"containerScope":{"containerScope":{"containerScope":{"contributions":{},"includedScopes":[]},"contributions":{},"includedScopes":[]},"contributions":{},"includedScopes":[]},"contributions":{},"includedScopes":[]}]},"contributions":{},"includedScopes":[]},"contributions":{},"includedScopes":[]},"contributions":{},"includedScopes":[]},"contributions":{},"includedScopes":[]},"contributions":{},"includedScopes":[]},"sourceMap":{"end":{"column":53,"line":18,"offset":573},"start":{"column":43,"line":18,"offset":563}}},"scope":{"containerScope":{"containerScope":{"containerScope":{"containerScope":{"containerScope":{"containerScope":{"containerScope":{"containerScope":{"containerScope":{"containerScope":{"containerScope":{"contributions":{},"includedScopes":[]},"contributions":{},"includedScopes":[]},"contributions":{},"includedScopes":[]},"contributions":{},"includedScopes":[{"containerScope":{"containerScope":{"containerScope":{"contributions":{},"includedScopes":[]},"contributions":{},"includedScopes":[]},"contributions":{},"includedScopes":[]},"contributions":{},"includedScopes":[]}]},"contributions":{},"includedScopes":[]},"contributions":{},"includedScopes":[]},"contributions":{},"includedScopes":[]},"contributions":{},"includedScopes":[{"containerScope":{"containerScope":{"containerScope":{"contributions":{},"includedScopes":[]},"contributions":{},"includedScopes":[]},"contributions":{},"includedScopes":[]},"contributions":{},"includedScopes":[{"containerScope":{"containerScope":{"containerScope":{"contributions":{},"includedScopes":[]},"contributions":{},"includedScopes":[]},"contributions":{},"includedScopes":[]},"contributions":{},"includedScopes":[]}]},{"containerScope":{"containerScope":{"containerScope":{"contributions":{},"includedScopes":[]},"contributions":{},"includedScopes":[]},"contributions":{},"includedScopes":[]},"contributions":{},"includedScopes":[]}]},"contributions":{},"includedScopes":[]},"contributions":{},"includedScopes":[]},"contributions":{},"includedScopes":[]},"contributions":{},"includedScopes":[]},"sourceMap":{"end":{"column":68,"line":18,"offset":588},"start":{"column":43,"line":18,"offset":563}}}}]},"compiled":false,"id":"69c96c3f-bc92-4a71-9d0f-b7ca93cfb4d9","isOverride":false,"metadata":[],"name":"<apply>","parameters":[{"id":"f9db933d-3acb-44c8-a972-144aafc9cc2b","isVarArg":false,"metadata":[],"name":"enfermedad","scope":{"containerScope":{"containerScope":{"containerScope":{"containerScope":{"containerScope":{"containerScope":{"containerScope":{"containerScope":{"containerScope":{"contributions":{},"includedScopes":[]},"contributions":{},"includedScopes":[]},"contributions":{},"includedScopes":[]},"contributions":{},"includedScopes":[{"containerScope":{"containerScope":{"containerScope":{"contributions":{},"includedScopes":[]},"contributions":{},"includedScopes":[]},"contributions":{},"includedScopes":[]},"contributions":{},"includedScopes":[]}]},"contributions":{},"includedScopes":[]},"contributions":{},"includedScopes":[]},"contributions":{},"includedScopes":[]},"contributions":{},"includedScopes":[{"containerScope":{"containerScope":{"containerScope":{"contributions":{},"includedScopes":[]},"contributions":{},"includedScopes":[]},"contributions":{},"includedScopes":[]},"contributions":{},"includedScopes":[{"containerScope":{"containerScope":{"containerScope":{"contributions":{},"includedScopes":[]},"contributions":{},"includedScopes":[]},"contributions":{},"includedScopes":[]},"contributions":{},"includedScopes":[]}]},{"containerScope":{"containerScope":{"containerScope":{"contributions":{},"includedScopes":[]},"contributions":{},"includedScopes":[]},"contributions":{},"includedScopes":[]},"contributions":{},"includedScopes":[]}]},"contributions":{},"includedScopes":[]},"contributions":{},"includedScopes":[]},"sourceMap":{"end":{"column":39,"line":18,"offset":559},"start":{"column":29,"line":18,"offset":549}}}],"scope":{"containerScope":{"containerScope":{"containerScope":{"containerScope":{"containerScope":{"containerScope":{"containerScope":{"containerScope":{"contributions":{},"includedScopes":[]},"contributions":{},"includedScopes":[]},"contributions":{},"includedScopes":[]},"contributions":{},"includedScopes":[{"containerScope":{"containerScope":{"containerScope":{"contributions":{},"includedScopes":[]},"contributions":{},"includedScopes":[]},"contributions":{},"includedScopes":[]},"contributions":{},"includedScopes":[]}]},"contributions":{},"includedScopes":[]},"contributions":{},"includedScopes":[]},"contributions":{},"includedScopes":[]},"contributions":{},"includedScopes":[{"containerScope":{"containerScope":{"containerScope":{"contributions":{},"includedScopes":[]},"contributions":{},"includedScopes":[]},"contributions":{},"includedScopes":[]},"contributions":{},"includedScopes":[{"containerScope":{"containerScope":{"containerScope":{"contributions":{},"includedScopes":[]},"contributions":{},"includedScopes":[]},"contributions":{},"includedScopes":[]},"contributions":{},"includedScopes":[]}]},{"containerScope":{"containerScope":{"containerScope":{"contributions":{},"includedScopes":[]},"contributions":{},"includedScopes":[]},"contributions":{},"includedScopes":[]},"contributions":{},"includedScopes":[]}]},"contributions":{},"includedScopes":[]}},{"id":"ce5a74dc-9826-4a4e-980c-fe64cdc54430","isConstant":true,"isProperty":false,"metadata":[],"name":"<toString>","scope":{"containerScope":{"containerScope":{"containerScope":{"containerScope":{"containerScope":{"containerScope":{"containerScope":{"containerScope":{"contributions":{},"includedScopes":[]},"contributions":{},"includedScopes":[]},"contributions":{},"includedScopes":[]},"contributions":{},"includedScopes":[{"containerScope":{"containerScope":{"containerScope":{"contributions":{},"includedScopes":[]},"contributions":{},"includedScopes":[]},"contributions":{},"includedScopes":[]},"contributions":{},"includedScopes":[]}]},"contributions":{},"includedScopes":[]},"contributions":{},"includedScopes":[]},"contributions":{},"includedScopes":[]},"contributions":{},"includedScopes":[{"containerScope":{"containerScope":{"containerScope":{"contributions":{},"includedScopes":[]},"contributions":{},"includedScopes":[]},"contributions":{},"includedScopes":[]},"contributions":{},"includedScopes":[{"containerScope":{"containerScope":{"containerScope":{"contributions":{},"includedScopes":[]},"contributions":{},"includedScopes":[]},"contributions":{},"includedScopes":[]},"contributions":{},"includedScopes":[]}]},{"containerScope":{"containerScope":{"containerScope":{"contributions":{},"includedScopes":[]},"contributions":{},"includedScopes":[]},"contributions":{},"includedScopes":[]},"contributions":{},"includedScopes":[]}]},"contributions":{},"includedScopes":[]},"value":{"id":"1cc2e279-6a42-4d07-9b47-dfe805882728","metadata":[],"scope":{"containerScope":{"containerScope":{"containerScope":{"containerScope":{"containerScope":{"containerScope":{"containerScope":{"containerScope":{"containerScope":{"contributions":{},"includedScopes":[]},"contributions":{},"includedScopes":[]},"contributions":{},"includedScopes":[]},"contributions":{},"includedScopes":[{"containerScope":{"containerScope":{"containerScope":{"contributions":{},"includedScopes":[]},"contributions":{},"includedScopes":[]},"contributions":{},"includedScopes":[]},"contributions":{},"includedScopes":[]}]},"contributions":{},"includedScopes":[]},"contributions":{},"includedScopes":[]},"contributions":{},"includedScopes":[]},"contributions":{},"includedScopes":[{"containerScope":{"containerScope":{"containerScope":{"contributions":{},"includedScopes":[]},"contributions":{},"includedScopes":[]},"contributions":{},"includedScopes":[]},"contributions":{},"includedScopes":[{"containerScope":{"containerScope":{"containerScope":{"contributions":{},"includedScopes":[]},"contributions":{},"includedScopes":[]},"contributions":{},"includedScopes":[]},"contributions":{},"includedScopes":[]}]},{"containerScope":{"containerScope":{"containerScope":{"contributions":{},"includedScopes":[]},"contributions":{},"includedScopes":[]},"contributions":{},"includedScopes":[]},"contributions":{},"includedScopes":[]}]},"contributions":{},"includedScopes":[]},"contributions":{},"includedScopes":[]},"value":"{enfermedad => enfermedad.afectarA(self)}"}}],"metadata":[],"scope":{"containerScope":{"containerScope":{"containerScope":{"containerScope":{"containerScope":{"containerScope":{"containerScope":{"contributions":{},"includedScopes":[]},"contributions":{},"includedScopes":[]},"contributions":{},"includedScopes":[]},"contributions":{},"includedScopes":[{"containerScope":{"containerScope":{"containerScope":{"contributions":{},"includedScopes":[]},"contributions":{},"includedScopes":[]},"contributions":{},"includedScopes":[]},"contributions":{},"includedScopes":[]}]},"contributions":{},"includedScopes":[]},"contributions":{},"includedScopes":[]},"contributions":{},"includedScopes":[]},"contributions":{},"includedScopes":[{"containerScope":{"containerScope":{"containerScope":{"contributions":{},"includedScopes":[]},"contributions":{},"includedScopes":[]},"contributions":{},"includedScopes":[]},"contributions":{},"includedScopes":[{"containerScope":{"containerScope":{"containerScope":{"contributions":{},"includedScopes":[]},"contributions":{},"includedScopes":[]},"contributions":{},"includedScopes":[]},"contributions":{},"includedScopes":[]}]},{"containerScope":{"containerScope":{"containerScope":{"contributions":{},"includedScopes":[]},"contributions":{},"includedScopes":[]},"contributions":{},"includedScopes":[]},"contributions":{},"includedScopes":[]}]},"sourceMap":{"end":{"column":69,"line":18,"offset":589},"start":{"column":28,"line":18,"offset":548}},"supertypes":[{"args":[],"id":"59b51f64-b6d0-4f75-9db1-c47d1df4f8a3","metadata":[],"reference":{"id":"c58f11ca-95b4-4583-8628-b5663bf2c116","metadata":[],"name":"wollok.lang.Closure","scope":{"containerScope":{"containerScope":{"containerScope":{"containerScope":{"containerScope":{"containerScope":{"containerScope":{"containerScope":{"contributions":{},"includedScopes":[]},"contributions":{},"includedScopes":[]},"contributions":{},"includedScopes":[]},"contributions":{},"includedScopes":[{"containerScope":{"containerScope":{"containerScope":{"contributions":{},"includedScopes":[]},"contributions":{},"includedScopes":[]},"contributions":{},"includedScopes":[]},"contributions":{},"includedScopes":[]}]},"contributions":{},"includedScopes":[]},"contributions":{},"includedScopes":[]},"contributions":{},"includedScopes":[]},"contributions":{},"includedScopes":[{"containerScope":{"containerScope":{"containerScope":{"contributions":{},"includedScopes":[]},"contributions":{},"includedScopes":[]},"contributions":{},"includedScopes":[]},"contributions":{},"includedScopes":[{"containerScope":{"containerScope":{"containerScope":{"contributions":{},"includedScopes":[]},"contributions":{},"includedScopes":[]},"contributions":{},"includedScopes":[]},"contributions":{},"includedScopes":[]}]},{"containerScope":{"containerScope":{"containerScope":{"contributions":{},"includedScopes":[]},"contributions":{},"includedScopes":[]},"contributions":{},"includedScopes":[]},"contributions":{},"includedScopes":[]}]},"contributions":{},"includedScopes":[]}},"scope":{"containerScope":{"containerScope":{"containerScope":{"containerScope":{"containerScope":{"containerScope":{"containerScope":{"containerScope":{"contributions":{},"includedScopes":[]},"contributions":{},"includedScopes":[]},"contributions":{},"includedScopes":[]},"contributions":{},"includedScopes":[{"containerScope":{"containerScope":{"containerScope":{"contributions":{},"includedScopes":[]},"contributions":{},"includedScopes":[]},"contributions":{},"includedScopes":[]},"contributions":{},"includedScopes":[]}]},"contributions":{},"includedScopes":[]},"contributions":{},"includedScopes":[]},"contributions":{},"includedScopes":[]},"contributions":{},"includedScopes":[{"containerScope":{"containerScope":{"containerScope":{"contributions":{},"includedScopes":[]},"contributions":{},"includedScopes":[]},"contributions":{},"includedScopes":[]},"contributions":{},"includedScopes":[{"containerScope":{"containerScope":{"containerScope":{"contributions":{},"includedScopes":[]},"contributions":{},"includedScopes":[]},"contributions":{},"includedScopes":[]},"contributions":{},"includedScopes":[]}]},{"containerScope":{"containerScope":{"containerScope":{"contributions":{},"includedScopes":[]},"contributions":{},"includedScopes":[]},"contributions":{},"includedScopes":[]},"contributions":{},"includedScopes":[]}]},"contributions":{},"includedScopes":[]}}]}],"id":"3ca1d4cb-ede3-491d-9e84-5815f420911c","message":"forEach","metadata":[{"args":{"position":"end","text":"//similar a un map"},"name":"comment"}],"receiver":{"id":"49943816-c789-49ec-83c2-4fab9871147d","metadata":[],"name":"enfermedades","scope":{"containerScope":{"containerScope":{"containerScope":{"containerScope":{"containerScope":{"containerScope":{"containerScope":{"contributions":{},"includedScopes":[]},"contributions":{},"includedScopes":[]},"contributions":{},"includedScopes":[]},"contributions":{},"includedScopes":[{"containerScope":{"containerScope":{"containerScope":{"contributions":{},"includedScopes":[]},"contributions":{},"includedScopes":[]},"contributions":{},"includedScopes":[]},"contributions":{},"includedScopes":[]}]},"contributions":{},"includedScopes":[]},"contributions":{},"includedScopes":[]},"contributions":{},"includedScopes":[]},"contributions":{},"includedScopes":[]},"sourceMap":{"end":{"column":19,"line":18,"offset":539},"start":{"column":7,"line":18,"offset":527}}},"scope":{"containerScope":{"containerScope":{"containerScope":{"containerScope":{"containerScope":{"containerScope":{"contributions":{},"includedScopes":[]},"contributions":{},"includedScopes":[]},"contributions":{},"includedScopes":[]},"contributions":{},"includedScopes":[{"containerScope":{"containerScope":{"containerScope":{"contributions":{},"includedScopes":[]},"contributions":{},"includedScopes":[]},"contributions":{},"includedScopes":[]},"contributions":{},"includedScopes":[]}]},"contributions":{},"includedScopes":[]},"contributions":{},"includedScopes":[]},"contributions":{},"includedScopes":[]},"sourceMap":{"end":{"column":70,"line":18,"offset":590},"start":{"column":7,"line":18,"offset":527}}},{"id":"2bf13daa-9ad0-4a9b-88f0-05e7a1fdaff2","metadata":[{"args":{"position":"start","text":"// cada enfermedad es un elemento del conjunto enfermedades ESTO ES COMO UN LAMDA"},"name":"comment"}],"name":"method","scope":{"containerScope":{"containerScope":{"containerScope":{"containerScope":{"containerScope":{"containerScope":{"contributions":{},"includedScopes":[]},"contributions":{},"includedScopes":[]},"contributions":{},"includedScopes":[]},"contributions":{},"includedScopes":[{"containerScope":{"containerScope":{"containerScope":{"contributions":{},"includedScopes":[]},"contributions":{},"includedScopes":[]},"contributions":{},"includedScopes":[]},"contributions":{},"includedScopes":[]}]},"contributions":{},"includedScopes":[]},"contributions":{},"includedScopes":[]},"contributions":{},"includedScopes":[]},"sourceMap":{"end":{"column":9,"line":20,"offset":706},"start":{"column":3,"line":20,"offset":700}}},{"args":[{"id":"e7677b02-6e1d-4530-b46a-af4bc6978f34","metadata":[],"name":"cant","scope":{"containerScope":{"containerScope":{"containerScope":{"containerScope":{"containerScope":{"containerScope":{"containerScope":{"contributions":{},"includedScopes":[]},"contributions":{},"includedScopes":[]},"contributions":{},"includedScopes":[]},"contributions":{},"includedScopes":[{"containerScope":{"containerScope":{"containerScope":{"contributions":{},"includedScopes":[]},"contributions":{},"includedScopes":[]},"contributions":{},"includedScopes":[]},"contributions":{},"includedScopes":[]}]},"contributions":{},"includedScopes":[]},"contributions":{},"includedScopes":[]},"contributions":{},"includedScopes":[]},"contributions":{},"includedScopes":[]},"sourceMap":{"end":{"column":31,"line":20,"offset":728},"start":{"column":27,"line":20,"offset":724}}}],"id":"bb7ff99a-108a-4c73-b61b-0ac78725efa5","message":"disminuirCelulas","metadata":[],"problems":[{"code":"malformedMessageSend","sourceMap":{"end":{"column":26,"line":20,"offset":723},"start":{"column":10,"line":20,"offset":707}}}],"receiver":{"id":"8553be9a-d6c2-488c-9233-e1617d710d2a","metadata":[],"scope":{"containerScope":{"containerScope":{"containerScope":{"containerScope":{"containerScope":{"containerScope":{"containerScope":{"contributions":{},"includedScopes":[]},"contributions":{},"includedScopes":[]},"contributions":{},"includedScopes":[]},"contributions":{},"includedScopes":[{"containerScope":{"containerScope":{"containerScope":{"contributions":{},"includedScopes":[]},"contributions":{},"includedScopes":[]},"contributions":{},"includedScopes":[]},"contributions":{},"includedScopes":[]}]},"contributions":{},"includedScopes":[]},"contributions":{},"includedScopes":[]},"contributions":{},"includedScopes":[]},"contributions":{},"includedScopes":[]},"value":null},"scope":{"containerScope":{"containerScope":{"containerScope":{"containerScope":{"containerScope":{"containerScope":{"contributions":{},"includedScopes":[]},"contributions":{},"includedScopes":[]},"contributions":{},"includedScopes":[]},"contributions":{},"includedScopes":[{"containerScope":{"containerScope":{"containerScope":{"contributions":{},"includedScopes":[]},"contributions":{},"includedScopes":[]},"contributions":{},"includedScopes":[]},"contributions":{},"includedScopes":[]}]},"contributions":{},"includedScopes":[]},"contributions":{},"includedScopes":[]},"contributions":{},"includedScopes":[]},"sourceMap":{"end":{"column":32,"line":20,"offset":729},"start":{"column":10,"line":20,"offset":707}}},{"id":"0b9b24f4-d0ec-48b8-a94d-fa9330e88d92","members":[{"body":{"id":"2cf8c36c-fa74-46c6-8dda-2a384fb07453","metadata":[],"scope":{"containerScope":{"containerScope":{"containerScope":{"containerScope":{"containerScope":{"containerScope":{"containerScope":{"containerScope":{"contributions":{},"includedScopes":[]},"contributions":{},"includedScopes":[]},"contributions":{},"includedScopes":[]},"contributions":{},"includedScopes":[{"containerScope":{"containerScope":{"containerScope":{"contributions":{},"includedScopes":[]},"contributions":{},"includedScopes":[]},"contributions":{},"includedScopes":[]},"contributions":{},"includedScopes":[]}]},"contributions":{},"includedScopes":[]},"contributions":{},"includedScopes":[]},"contributions":{},"includedScopes":[{"containerScope":{"containerScope":{"containerScope":{"contributions":{},"includedScopes":[]},"contributions":{},"includedScopes":[]},"contributions":{},"includedScopes":[]},"contributions":{},"includedScopes":[{"containerScope":{"containerScope":{"containerScope":{"contributions":{},"includedScopes":[]},"contributions":{},"includedScopes":[]},"contributions":{},"includedScopes":[]},"contributions":{},"includedScopes":[]}]},{"containerScope":{"containerScope":{"containerScope":{"contributions":{},"includedScopes":[]},"contributions":{},"includedScopes":[]},"contributions":{},"includedScopes":[]},"contributions":{},"includedScopes":[]}]},"contributions":{},"includedScopes":[]},"contributions":{},"includedScopes":[]},"sentences":[{"id":"dd513a09-d82b-4aa7-8356-6f50d7a9c7d9","metadata":[],"scope":{"containerScope":{"containerScope":{"containerScope":{"containerScope":{"containerScope":{"containerScope":{"containerScope":{"containerScope":{"containerScope":{"contributions":{},"includedScopes":[]},"contributions":{},"includedScopes":[]},"contributions":{},"includedScopes":[]},"contributions":{},"includedScopes":[{"containerScope":{"containerScope":{"containerScope":{"contributions":{},"includedScopes":[]},"contributions":{},"includedScopes":[]},"contributions":{},"includedScopes":[]},"contributions":{},"includedScopes":[]}]},"contributions":{},"includedScopes":[]},"contributions":{},"includedScopes":[]},"contributions":{},"includedScopes":[{"containerScope":{"containerScope":{"containerScope":{"contributions":{},"includedScopes":[]},"contributions":{},"includedScopes":[]},"contributions":{},"includedScopes":[]},"contributions":{},"includedScopes":[{"containerScope":{"containerScope":{"containerScope":{"contributions":{},"includedScopes":[]},"contributions":{},"includedScopes":[]},"contributions":{},"includedScopes":[]},"contributions":{},"includedScopes":[]}]},{"containerScope":{"containerScope":{"containerScope":{"contributions":{},"includedScopes":[]},"contributions":{},"includedScopes":[]},"contributions":{},"includedScopes":[]},"contributions":{},"includedScopes":[]}]},"contributions":{},"includedScopes":[]},"contributions":{},"includedScopes":[]},"contributions":{},"includedScopes":[]},"sourceMap":{"end":{"column":20,"line":21,"offset":750},"start":{"column":5,"line":21,"offset":735}},"value":{"args":[{"id":"f57ec45e-e8f0-4197-9ff8-2ad34bcd95e3","metadata":[],"name":"cant","scope":{"containerScope":{"containerScope":{"containerScope":{"containerScope":{"containerScope":{"containerScope":{"containerScope":{"containerScope":{"containerScope":{"containerScope":{"containerScope":{"contributions":{},"includedScopes":[]},"contributions":{},"includedScopes":[]},"contributions":{},"includedScopes":[]},"contributions":{},"includedScopes":[{"containerScope":{"containerScope":{"containerScope":{"contributions":{},"includedScopes":[]},"contributions":{},"includedScopes":[]},"contributions":{},"includedScopes":[]},"contributions":{},"includedScopes":[]}]},"contributions":{},"includedScopes":[]},"contributions":{},"includedScopes":[]},"contributions":{},"includedScopes":[{"containerScope":{"containerScope":{"containerScope":{"contributions":{},"includedScopes":[]},"contributions":{},"includedScopes":[]},"contributions":{},"includedScopes":[]},"contributions":{},"includedScopes":[{"containerScope":{"containerScope":{"containerScope":{"contributions":{},"includedScopes":[]},"contributions":{},"includedScopes":[]},"contributions":{},"includedScopes":[]},"contributions":{},"includedScopes":[]}]},{"containerScope":{"containerScope":{"containerScope":{"contributions":{},"includedScopes":[]},"contributions":{},"includedScopes":[]},"contributions":{},"includedScopes":[]},"contributions":{},"includedScopes":[]}]},"contributions":{},"includedScopes":[]},"contributions":{},"includedScopes":[]},"contributions":{},"includedScopes":[]},"contributions":{},"includedScopes":[]},"contributions":{},"includedScopes":[]},"sourceMap":{"end":{"column":20,"line":21,"offset":750},"start":{"column":16,"line":21,"offset":746}}}],"id":"15d8a273-4bba-4f62-8e91-3e26b304f70c","message":"-","metadata":[],"receiver":{"id":"afbf6d21-75e3-494c-815b-d1d847fdcf82","metadata":[],"name":"celulas","scope":{"containerScope":{"containerScope":{"containerScope":{"containerScope":{"containerScope":{"containerScope":{"containerScope":{"containerScope":{"containerScope":{"containerScope":{"containerScope":{"contributions":{},"includedScopes":[]},"contributions":{},"includedScopes":[]},"contributions":{},"includedScopes":[]},"contributions":{},"includedScopes":[{"containerScope":{"containerScope":{"containerScope":{"contributions":{},"includedScopes":[]},"contributions":{},"includedScopes":[]},"contributions":{},"includedScopes":[]},"contributions":{},"includedScopes":[]}]},"contributions":{},"includedScopes":[]},"contributions":{},"includedScopes":[]},"contributions":{},"includedScopes":[{"containerScope":{"containerScope":{"containerScope":{"contributions":{},"includedScopes":[]},"contributions":{},"includedScopes":[]},"contributions":{},"includedScopes":[]},"contributions":{},"includedScopes":[{"containerScope":{"containerScope":{"containerScope":{"contributions":{},"includedScopes":[]},"contributions":{},"includedScopes":[]},"contributions":{},"includedScopes":[]},"contributions":{},"includedScopes":[]}]},{"containerScope":{"containerScope":{"containerScope":{"contributions":{},"includedScopes":[]},"contributions":{},"includedScopes":[]},"contributions":{},"includedScopes":[]},"contributions":{},"includedScopes":[]}]},"contributions":{},"includedScopes":[]},"contributions":{},"includedScopes":[]},"contributions":{},"includedScopes":[]},"contributions":{},"includedScopes":[]},"contributions":{},"includedScopes":[]},"sourceMap":{"end":{"column":12,"line":21,"offset":742},"start":{"column":5,"line":21,"offset":735}}},"scope":{"containerScope":{"containerScope":{"containerScope":{"containerScope":{"containerScope":{"containerScope":{"containerScope":{"containerScope":{"containerScope":{"containerScope":{"contributions":{},"includedScopes":[]},"contributions":{},"includedScopes":[]},"contributions":{},"includedScopes":[]},"contributions":{},"includedScopes":[{"containerScope":{"containerScope":{"containerScope":{"contributions":{},"includedScopes":[]},"contributions":{},"includedScopes":[]},"contributions":{},"includedScopes":[]},"contributions":{},"includedScopes":[]}]},"contributions":{},"includedScopes":[]},"contributions":{},"includedScopes":[]},"contributions":{},"includedScopes":[{"containerScope":{"containerScope":{"containerScope":{"contributions":{},"includedScopes":[]},"contributions":{},"includedScopes":[]},"contributions":{},"includedScopes":[]},"contributions":{},"includedScopes":[{"containerScope":{"containerScope":{"containerScope":{"contributions":{},"includedScopes":[]},"contributions":{},"includedScopes":[]},"contributions":{},"includedScopes":[]},"contributions":{},"includedScopes":[]}]},{"containerScope":{"containerScope":{"containerScope":{"contributions":{},"includedScopes":[]},"contributions":{},"includedScopes":[]},"contributions":{},"includedScopes":[]},"contributions":{},"includedScopes":[]}]},"contributions":{},"includedScopes":[]},"contributions":{},"includedScopes":[]},"contributions":{},"includedScopes":[]},"contributions":{},"includedScopes":[]}},"variable":{"id":"8013699e-69c4-4cf6-b425-2d09f3a33bfc","metadata":[],"name":"celulas","scope":{"containerScope":{"containerScope":{"containerScope":{"containerScope":{"containerScope":{"containerScope":{"containerScope":{"containerScope":{"containerScope":{"containerScope":{"contributions":{},"includedScopes":[]},"contributions":{},"includedScopes":[]},"contributions":{},"includedScopes":[]},"contributions":{},"includedScopes":[{"containerScope":{"containerScope":{"containerScope":{"contributions":{},"includedScopes":[]},"contributions":{},"includedScopes":[]},"contributions":{},"includedScopes":[]},"contributions":{},"includedScopes":[]}]},"contributions":{},"includedScopes":[]},"contributions":{},"includedScopes":[]},"contributions":{},"includedScopes":[{"containerScope":{"containerScope":{"containerScope":{"contributions":{},"includedScopes":[]},"contributions":{},"includedScopes":[]},"contributions":{},"includedScopes":[]},"contributions":{},"includedScopes":[{"containerScope":{"containerScope":{"containerScope":{"contributions":{},"includedScopes":[]},"contributions":{},"includedScopes":[]},"contributions":{},"includedScopes":[]},"contributions":{},"includedScopes":[]}]},{"containerScope":{"containerScope":{"containerScope":{"contributions":{},"includedScopes":[]},"contributions":{},"includedScopes":[]},"contributions":{},"includedScopes":[]},"contributions":{},"includedScopes":[]}]},"contributions":{},"includedScopes":[]},"contributions":{},"includedScopes":[]},"contributions":{},"includedScopes":[]},"contributions":{},"includedScopes":[]},"sourceMap":{"end":{"column":12,"line":21,"offset":742},"start":{"column":5,"line":21,"offset":735}}}}]},"compiled":false,"id":"1ae8b02f-0841-49ec-a47e-0ac44bb032e3","isOverride":false,"metadata":[],"name":"<apply>","parameters":[],"scope":{"containerScope":{"containerScope":{"containerScope":{"containerScope":{"containerScope":{"containerScope":{"containerScope":{"contributions":{},"includedScopes":[]},"contributions":{},"includedScopes":[]},"contributions":{},"includedScopes":[]},"contributions":{},"includedScopes":[{"containerScope":{"containerScope":{"containerScope":{"contributions":{},"includedScopes":[]},"contributions":{},"includedScopes":[]},"contributions":{},"includedScopes":[]},"contributions":{},"includedScopes":[]}]},"contributions":{},"includedScopes":[]},"contributions":{},"includedScopes":[]},"contributions":{},"includedScopes":[{"containerScope":{"containerScope":{"containerScope":{"contributions":{},"includedScopes":[]},"contributions":{},"includedScopes":[]},"contributions":{},"includedScopes":[]},"contributions":{},"includedScopes":[{"containerScope":{"containerScope":{"containerScope":{"contributions":{},"includedScopes":[]},"contributions":{},"includedScopes":[]},"contributions":{},"includedScopes":[]},"contributions":{},"includedScopes":[]}]},{"containerScope":{"containerScope":{"containerScope":{"contributions":{},"includedScopes":[]},"contributions":{},"includedScopes":[]},"contributions":{},"includedScopes":[]},"contributions":{},"includedScopes":[]}]},"contributions":{},"includedScopes":[]}},{"id":"6d634102-4554-4d52-99e3-3e2bb5908c59","isConstant":true,"isProperty":false,"metadata":[],"name":"<toString>","scope":{"containerScope":{"containerScope":{"containerScope":{"containerScope":{"containerScope":{"containerScope":{"containerScope":{"contributions":{},"includedScopes":[]},"contributions":{},"includedScopes":[]},"contributions":{},"includedScopes":[]},"contributions":{},"includedScopes":[{"containerScope":{"containerScope":{"containerScope":{"contributions":{},"includedScopes":[]},"contributions":{},"includedScopes":[]},"contributions":{},"includedScopes":[]},"contributions":{},"includedScopes":[]}]},"contributions":{},"includedScopes":[]},"contributions":{},"includedScopes":[]},"contributions":{},"includedScopes":[{"containerScope":{"containerScope":{"containerScope":{"contributions":{},"includedScopes":[]},"contributions":{},"includedScopes":[]},"contributions":{},"includedScopes":[]},"contributions":{},"includedScopes":[{"containerScope":{"containerScope":{"containerScope":{"contributions":{},"includedScopes":[]},"contributions":{},"includedScopes":[]},"contributions":{},"includedScopes":[]},"contributions":{},"includedScopes":[]}]},{"containerScope":{"containerScope":{"containerScope":{"contributions":{},"includedScopes":[]},"contributions":{},"includedScopes":[]},"contributions":{},"includedScopes":[]},"contributions":{},"includedScopes":[]}]},"contributions":{},"includedScopes":[]},"value":{"id":"acd619db-812e-4a89-a2c2-f03fe295073b","metadata":[],"scope":{"containerScope":{"containerScope":{"containerScope":{"containerScope":{"containerScope":{"containerScope":{"containerScope":{"containerScope":{"contributions":{},"includedScopes":[]},"contributions":{},"includedScopes":[]},"contributions":{},"includedScopes":[]},"contributions":{},"includedScopes":[{"containerScope":{"containerScope":{"containerScope":{"contributions":{},"includedScopes":[]},"contributions":{},"includedScopes":[]},"contributions":{},"includedScopes":[]},"contributions":{},"includedScopes":[]}]},"contributions":{},"includedScopes":[]},"contributions":{},"includedScopes":[]},"contributions":{},"includedScopes":[{"containerScope":{"containerScope":{"containerScope":{"contributions":{},"includedScopes":[]},"contributions":{},"includedScopes":[]},"contributions":{},"includedScopes":[]},"contributions":{},"includedScopes":[{"containerScope":{"containerScope":{"containerScope":{"contributions":{},"includedScopes":[]},"contributions":{},"includedScopes":[]},"contributions":{},"includedScopes":[]},"contributions":{},"includedScopes":[]}]},{"containerScope":{"containerScope":{"containerScope":{"contributions":{},"includedScopes":[]},"contributions":{},"includedScopes":[]},"contributions":{},"includedScopes":[]},"contributions":{},"includedScopes":[]}]},"contributions":{},"includedScopes":[]},"contributions":{},"includedScopes":[]},"value":"{\n    celulas -= cant\n  }"}}],"metadata":[],"scope":{"containerScope":{"containerScope":{"containerScope":{"containerScope":{"containerScope":{"containerScope":{"contributions":{},"includedScopes":[]},"contributions":{},"includedScopes":[]},"contributions":{},"includedScopes":[]},"contributions":{},"includedScopes":[{"containerScope":{"containerScope":{"containerScope":{"contributions":{},"includedScopes":[]},"contributions":{},"includedScopes":[]},"contributions":{},"includedScopes":[]},"contributions":{},"includedScopes":[]}]},"contributions":{},"includedScopes":[]},"contributions":{},"includedScopes":[]},"contributions":{},"includedScopes":[{"containerScope":{"containerScope":{"containerScope":{"contributions":{},"includedScopes":[]},"contributions":{},"includedScopes":[]},"contributions":{},"includedScopes":[]},"contributions":{},"includedScopes":[{"containerScope":{"containerScope":{"containerScope":{"contributions":{},"includedScopes":[]},"contributions":{},"includedScopes":[]},"contributions":{},"includedScopes":[]},"contributions":{},"includedScopes":[]}]},{"containerScope":{"containerScope":{"containerScope":{"contributions":{},"includedScopes":[]},"contributions":{},"includedScopes":[]},"contributions":{},"includedScopes":[]},"contributions":{},"includedScopes":[]}]},"sourceMap":{"end":{"column":0,"line":23,"offset":754},"start":{"column":32,"line":20,"offset":729}},"supertypes":[{"args":[],"id":"d0cfd59c-0bcd-4030-85a9-c4610ee2966c","metadata":[],"reference":{"id":"bd60a1d7-2b3f-4a8c-8e35-42eee87ee8a7","metadata":[],"name":"wollok.lang.Closure","scope":{"containerScope":{"containerScope":{"containerScope":{"containerScope":{"containerScope":{"containerScope":{"containerScope":{"contributions":{},"includedScopes":[]},"contributions":{},"includedScopes":[]},"contributions":{},"includedScopes":[]},"contributions":{},"includedScopes":[{"containerScope":{"containerScope":{"containerScope":{"contributions":{},"includedScopes":[]},"contributions":{},"includedScopes":[]},"contributions":{},"includedScopes":[]},"contributions":{},"includedScopes":[]}]},"contributions":{},"includedScopes":[]},"contributions":{},"includedScopes":[]},"contributions":{},"includedScopes":[{"containerScope":{"containerScope":{"containerScope":{"contributions":{},"includedScopes":[]},"contributions":{},"includedScopes":[]},"contributions":{},"includedScopes":[]},"contributions":{},"includedScopes":[{"containerScope":{"containerScope":{"containerScope":{"contributions":{},"includedScopes":[]},"contributions":{},"includedScopes":[]},"contributions":{},"includedScopes":[]},"contributions":{},"includedScopes":[]}]},{"containerScope":{"containerScope":{"containerScope":{"contributions":{},"includedScopes":[]},"contributions":{},"includedScopes":[]},"contributions":{},"includedScopes":[]},"contributions":{},"includedScopes":[]}]},"contributions":{},"includedScopes":[]}},"scope":{"containerScope":{"containerScope":{"containerScope":{"containerScope":{"containerScope":{"containerScope":{"containerScope":{"contributions":{},"includedScopes":[]},"contributions":{},"includedScopes":[]},"contributions":{},"includedScopes":[]},"contributions":{},"includedScopes":[{"containerScope":{"containerScope":{"containerScope":{"contributions":{},"includedScopes":[]},"contributions":{},"includedScopes":[]},"contributions":{},"includedScopes":[]},"contributions":{},"includedScopes":[]}]},"contributions":{},"includedScopes":[]},"contributions":{},"includedScopes":[]},"contributions":{},"includedScopes":[{"containerScope":{"containerScope":{"containerScope":{"contributions":{},"includedScopes":[]},"contributions":{},"includedScopes":[]},"contributions":{},"includedScopes":[]},"contributions":{},"includedScopes":[{"containerScope":{"containerScope":{"containerScope":{"contributions":{},"includedScopes":[]},"contributions":{},"includedScopes":[]},"contributions":{},"includedScopes":[]},"contributions":{},"includedScopes":[]}]},{"containerScope":{"containerScope":{"containerScope":{"contributions":{},"includedScopes":[]},"contributions":{},"includedScopes":[]},"contributions":{},"includedScopes":[]},"contributions":{},"includedScopes":[]}]},"contributions":{},"includedScopes":[]}}]}],"sourceMap":{"end":{"column":4,"line":23,"offset":758},"start":{"column":21,"line":17,"offset":519}}},"compiled":false,"id":"6e4d9b10-5cee-47b2-9108-f56d3961e135","isOverride":false,"metadata":[],"name":"viviUnDia","parameters":[],"problems":[],"scope":{"containerScope":{"containerScope":{"containerScope":{"containerScope":{"contributions":{},"includedScopes":[]},"contributions":{},"includedScopes":[]},"contributions":{},"includedScopes":[]},"contributions":{},"includedScopes":[{"containerScope":{"containerScope":{"containerScope":{"contributions":{},"includedScopes":[]},"contributions":{},"includedScopes":[]},"contributions":{},"includedScopes":[]},"contributions":{},"includedScopes":[]}]},"contributions":{},"includedScopes":[]},"sourceMap":{"end":{"column":4,"line":23,"offset":758},"start":{"column":3,"line":17,"offset":501}}}],"metadata":[],"name":"Persona","problems":[{"code":"malformedMember","sourceMap":{"end":{"column":1,"line":27,"offset":818},"start":{"column":3,"line":24,"offset":761}}}],"scope":{"containerScope":{"containerScope":{"containerScope":{"contributions":{},"includedScopes":[]},"contributions":{},"includedScopes":[]},"contributions":{},"includedScopes":[]},"contributions":{},"includedScopes":[{"containerScope":{"containerScope":{"containerScope":{"contributions":{},"includedScopes":[]},"contributions":{},"includedScopes":[]},"contributions":{},"includedScopes":[]},"contributions":{},"includedScopes":[]}]},"sourceMap":{"end":{"column":2,"line":27,"offset":819},"start":{"column":1,"line":2,"offset":1}},"supertypes":[]},"stack":"Error: Failed to print, found malformed node\n    at /home/tiaguinni/.vscode/extensions/uqbar.wollok-lsp-ide-0.5.5/out/server/src/server.js:68:3585\n    at Ybn (/home/tiaguinni/.vscode/extensions/uqbar.wollok-lsp-ide-0.5.5/out/server/src/server.js:68:3396)\n    at /home/tiaguinni/.vscode/extensions/uqbar.wollok-lsp-ide-0.5.5/out/server/src/server.js:2430:847\n    at /home/tiaguinni/.vscode/extensions/uqbar.wollok-lsp-ide-0.5.5/out/server/src/server.js:2430:8440\n    at /home/tiaguinni/.vscode/extensions/uqbar.wollok-lsp-ide-0.5.5/out/server/src/server.js:37:74770\n    at Ke (/home/tiaguinni/.vscode/extensions/uqbar.wollok-lsp-ide-0.5.5/out/server/src/server.js:7:8527)\n    at It (/home/tiaguinni/.vscode/extensions/uqbar.wollok-lsp-ide-0.5.5/out/server/src/server.js:7:6189)\n    at et (/home/tiaguinni/.vscode/extensions/uqbar.wollok-lsp-ide-0.5.5/out/server/src/server.js:7:6378)\n    at Immediate._onImmediate (/home/tiaguinni/.vscode/extensions/uqbar.wollok-lsp-ide-0.5.5/out/server/src/server.js:7:6142)\n    at process.processImmediate (node:internal/timers:504:21)","timestamp":"2026-09-23T13:54:14.143Z"}
{"level":"error","message":"✘ Failed to get type description: Error: Failed to print, found malformed node Failed to print, found malformed node","node":{"id":"00ab1263-e19f-4aec-a51e-74d4050fe2ae","members":[{"id":"6248d999-e2af-4253-8839-8eb9e4bee779","isConstant":false,"isProperty":false,"metadata":[],"name":"enfermedades","scope":{"containerScope":{"containerScope":{"containerScope":{"containerScope":{"contributions":{},"includedScopes":[]},"contributions":{},"includedScopes":[]},"contributions":{},"includedScopes":[]},"contributions":{},"includedScopes":[{"containerScope":{"containerScope":{"containerScope":{"contributions":{},"includedScopes":[]},"contributions":{},"includedScopes":[]},"contributions":{},"includedScopes":[]},"contributions":{},"includedScopes":[]}]},"contributions":{},"includedScopes":[]},"sourceMap":{"end":{"column":27,"line":3,"offset":42},"start":{"column":4,"line":3,"offset":19}},"value":{"id":"06621ea4-ded8-4108-b187-7586bff9e0aa","metadata":[],"scope":{"containerScope":{"containerScope":{"containerScope":{"containerScope":{"containerScope":{"contributions":{},"includedScopes":[]},"contributions":{},"includedScopes":[]},"contributions":{},"includedScopes":[]},"contributions":{},"includedScopes":[{"containerScope":{"containerScope":{"containerScope":{"contributions":{},"includedScopes":[]},"contributions":{},"includedScopes":[]},"contributions":{},"includedScopes":[]},"contributions":{},"includedScopes":[]}]},"contributions":{},"includedScopes":[]},"contributions":{},"includedScopes":[]},"sourceMap":{"end":{"column":27,"line":3,"offset":42},"start":{"column":24,"line":3,"offset":39}},"value":[{"id":"c5dff30b-c982-4852-b77b-5f07430773f1","metadata":[],"name":"wollok.lang.Set","scope":{"containerScope":{"containerScope":{"containerScope":{"containerScope":{"containerScope":{"containerScope":{"contributions":{},"includedScopes":[]},"contributions":{},"includedScopes":[]},"contributions":{},"includedScopes":[]},"contributions":{},"includedScopes":[{"containerScope":{"containerScope":{"containerScope":{"contributions":{},"includedScopes":[]},"contributions":{},"includedScopes":[]},"contributions":{},"includedScopes":[]},"contributions":{},"includedScopes":[]}]},"contributions":{},"includedScopes":[]},"contributions":{},"includedScopes":[]},"contributions":{},"includedScopes":[]}},[]]}},{"id":"0309ac34-cbfe-4f72-b3c2-912d6781b245","isConstant":false,"isProperty":false,"metadata":[],"name":"temperatura","scope":{"containerScope":{"containerScope":{"containerScope":{"containerScope":{"contributions":{},"includedScopes":[]},"contributions":{},"includedScopes":[]},"contributions":{},"includedScopes":[]},"contributions":{},"includedScopes":[{"containerScope":{"containerScope":{"containerScope":{"contributions":{},"includedScopes":[]},"contributions":{},"includedScopes":[]},"contributions":{},"includedScopes":[]},"contributions":{},"includedScopes":[]}]},"contributions":{},"includedScopes":[]},"sourceMap":{"end":{"column":26,"line":4,"offset":68},"start":{"column":4,"line":4,"offset":46}},"value":{"id":"c780de6c-6337-4f9e-9ce8-10e0bafac2c9","metadata":[],"scope":{"containerScope":{"containerScope":{"containerScope":{"containerScope":{"containerScope":{"contributions":{},"includedScopes":[]},"contributions":{},"includedScopes":[]},"contributions":{},"includedScopes":[]},"contributions":{},"includedScopes":[{"containerScope":{"containerScope":{"containerScope":{"contributions":{},"includedScopes":[]},"contributions":{},"includedScopes":[]},"contributions":{},"includedScopes":[]},"contributions":{},"includedScopes":[]}]},"contributions":{},"includedScopes":[]},"contributions":{},"includedScopes":[]},"sourceMap":{"end":{"column":26,"line":4,"offset":68},"start":{"column":22,"line":4,"offset":64}},"value":36.6}},{"id":"678fe4d4-4c5e-4d3c-995b-6b67e7c27e68","isConstant":false,"isProperty":false,"metadata":[{"args":{"position":"end","text":"/*\n    HAY DOS TIPPOS DE LISTAS!! lista(COLLECION)puede haber elementos con Ordenrepetidos y colecciones no, ademas las colecciones no tienen orden\n    luego tenemos un SET: #{} no se puede repetir ni orden\n  */"},"name":"comment"}],"name":"celulas","scope":{"containerScope":{"containerScope":{"containerScope":{"containerScope":{"contributions":{},"includedScopes":[]},"contributions":{},"includedScopes":[]},"contributions":{},"includedScopes":[]},"contributions":{},"includedScopes":[{"containerScope":{"containerScope":{"containerScope":{"contributions":{},"includedScopes":[]},"contributions":{},"includedScopes":[]},"contributions":{},"includedScopes":[]},"contributions":{},"includedScopes":[]}]},"contributions":{},"includedScopes":[]},"sourceMap":{"end":{"column":26,"line":5,"offset":94},"start":{"column":4,"line":5,"offset":72}},"value":{"id":"7711c4a6-b4df-4cf8-8d9b-70bafaed749e","metadata":[],"scope":{"containerScope":{"containerScope":{"containerScope":{"containerScope":{"containerScope":{"contributions":{},"includedScopes":[]},"contributions":{},"includedScopes":[]},"contributions":{},"includedScopes":[]},"contributions":{},"includedScopes":[{"containerScope":{"containerScope":{"containerScope":{"contributions":{},"includedScopes":[]},"contributions":{},"includedScopes":[]},"contributions":{},"includedScopes":[]},"contributions":{},"includedScopes":[]}]},"contributions":{},"includedScopes":[]},"contributions":{},"includedScopes":[]},"sourceMap":{"end":{"column":26,"line":5,"offset":94},"start":{"column":19,"line":5,"offset":87}},"value":3000000}},{"body":{"id":"4d575662-708f-4cf4-9945-9f3a707b234a","metadata":[],"problems":[],"scope":{"containerScope":{"containerScope":{"containerScope":{"containerScope":{"containerScope":{"contributions":{},"includedScopes":[]},"contributions":{},"includedScopes":[]},"contributions":{},"includedScopes":[]},"contributions":{},"includedScopes":[{"containerScope":{"containerScope":{"containerScope":{"contributions":{},"includedScopes":[]},"contributions":{},"includedScopes":[]},"contributions":{},"includedScopes":[]},"contributions":{},"includedScopes":[]}]},"contributions":{},"includedScopes":[]},"contributions":{},"includedScopes":[]},"sentences":[{"args":[{"id":"a76bf5b5-d60a-440d-b0f7-90e5e852ef30","metadata":[],"name":"enfermedad","scope":{"containerScope":{"containerScope":{"containerScope":{"containerScope":{"containerScope":{"containerScope":{"containerScope":{"contributions":{},"includedScopes":[]},"contributions":{},"includedScopes":[]},"contributions":{},"includedScopes":[]},"contributions":{},"includedScopes":[{"containerScope":{"containerScope":{"containerScope":{"contributions":{},"includedScopes":[]},"contributions":{},"includedScopes":[]},"contributions":{},"includedScopes":[]},"contributions":{},"includedScopes":[]}]},"contributions":{},"includedScopes":[]},"contributions":{},"includedScopes":[]},"contributions":{},"includedScopes":[]},"contributions":{},"includedScopes":[]},"sourceMap":{"end":{"column":34,"line":11,"offset":372},"start":{"column":24,"line":11,"offset":362}}}],"id":"e30d0f49-64de-4d46-adb4-882f94f28313","message":"add","metadata":[],"receiver":{"id":"ffb36d7c-2037-48f4-ba26-5987a8243003","metadata":[],"name":"enfermedades","scope":{"containerScope":{"containerScope":{"containerScope":{"containerScope":{"containerScope":{"containerScope":{"containerScope":{"contributions":{},"includedScopes":[]},"contributions":{},"includedScopes":[]},"contributions":{},"includedScopes":[]},"contributions":{},"includedScopes":[{"containerScope":{"containerScope":{"containerScope":{"contributions":{},"includedScopes":[]},"contributions":{},"includedScopes":[]},"contributions":{},"includedScopes":[]},"contributions":{},"includedScopes":[]}]},"contributions":{},"includedScopes":[]},"contributions":{},"includedScopes":[]},"contributions":{},"includedScopes":[]},"contributions":{},"includedScopes":[]},"sourceMap":{"end":{"column":19,"line":11,"offset":357},"start":{"column":7,"line":11,"offset":345}}},"scope":{"containerScope":{"containerScope":{"containerScope":{"containerScope":{"containerScope":{"containerScope":{"contributions":{},"includedScopes":[]},"contributions":{},"includedScopes":[]},"contributions":{},"includedScopes":[]},"contributions":{},"includedScopes":[{"containerScope":{"containerScope":{"containerScope":{"contributions":{},"includedScopes":[]},"contributions":{},"includedScopes":[]},"contributions":{},"includedScopes":[]},"contributions":{},"includedScopes":[]}]},"contributions":{},"includedScopes":[]},"contributions":{},"includedScopes":[]},"contributions":{},"includedScopes":[]},"sourceMap":{"end":{"column":35,"line":11,"offset":373},"start":{"column":7,"line":11,"offset":345}}}],"sourceMap":{"end":{"column":4,"line":12,"offset":377},"start":{"column":29,"line":10,"offset":337}}},"compiled":false,"id":"363785fc-b2f9-4df4-ab46-0f53212b69e5","isOverride":false,"metadata":[],"name":"contrae","parameters":[{"id":"baf8409f-837d-4d73-bf48-d94d1e11bc4e","isVarArg":false,"metadata":[],"name":"enfermedad","scope":{"containerScope":{"containerScope":{"containerScope":{"containerScope":{"containerScope":{"contributions":{},"includedScopes":[]},"contributions":{},"includedScopes":[]},"contributions":{},"includedScopes":[]},"contributions":{},"includedScopes":[{"containerScope":{"containerScope":{"containerScope":{"contributions":{},"includedScopes":[]},"contributions":{},"includedScopes":[]},"contributions":{},"includedScopes":[]},"contributions":{},"includedScopes":[]}]},"contributions":{},"includedScopes":[]},"contributions":{},"includedScopes":[]},"sourceMap":{"end":{"column":28,"line":10,"offset":336},"start":{"column":18,"line":10,"offset":326}}}],"problems":[],"scope":{"containerScope":{"containerScope":{"containerScope":{"containerScope":{"contributions":{},"includedScopes":[]},"contributions":{},"includedScopes":[]},"contributions":{},"includedScopes":[]},"contributions":{},"includedScopes":[{"containerScope":{"containerScope":{"containerScope":{"contributions":{},"includedScopes":[]},"contributions":{},"includedScopes":[]},"contributions":{},"includedScopes":[]},"contributions":{},"includedScopes":[]}]},"contributions":{},"includedScopes":[]},"sourceMap":{"end":{"column":4,"line":12,"offset":377},"start":{"column":3,"line":10,"offset":311}}},{"body":{"id":"cc4f2e78-b429-4cb9-940e-4422069e947b","metadata":[],"problems":[],"scope":{"containerScope":{"containerScope":{"containerScope":{"containerScope":{"containerScope":{"contributions":{},"includedScopes":[]},"contributions":{},"includedScopes":[]},"contributions":{},"includedScopes":[]},"contributions":{},"includedScopes":[{"containerScope":{"containerScope":{"containerScope":{"contributions":{},"includedScopes":[]},"contributions":{},"includedScopes":[]},"contributions":{},"includedScopes":[]},"contributions":{},"includedScopes":[]}]},"contributions":{},"includedScopes":[]},"contributions":{},"includedScopes":[]},"sentences":[{"args":[{"id":"029008cb-03b9-4ac4-b2ef-6883b6a4c4c3","metadata":[],"name":"unaEnfermedad","scope":{"containerScope":{"containerScope":{"containerScope":{"containerScope":{"containerScope":{"containerScope":{"containerScope":{"contributions":{},"includedScopes":[]},"contributions":{},"includedScopes":[]},"contributions":{},"includedScopes":[]},"contributions":{},"includedScopes":[{"containerScope":{"containerScope":{"containerScope":{"contributions":{},"includedScopes":[]},"contributions":{},"includedScopes":[]},"contributions":{},"includedScopes":[]},"contributions":{},"includedScopes":[]}]},"contributions":{},"includedScopes":[]},"contributions":{},"includedScopes":[]},"contributions":{},"includedScopes":[]},"contributions":{},"includedScopes":[]},"sourceMap":{"end":{"column":40,"line":14,"offset":456},"start":{"column":27,"line":14,"offset":443}}}],"id":"0060cf96-06e6-4797-81c8-45fc8629b602","message":"contains","metadata":[],"receiver":{"id":"8539587a-0970-4e8d-9b20-c0a66ef5c845","metadata":[],"name":"enfermedades","scope":{"containerScope":{"containerScope":{"containerScope":{"containerScope":{"containerScope":{"containerScope":{"containerScope":{"contributions":{},"includedScopes":[]},"contributions":{},"includedScopes":[]},"contributions":{},"includedScopes":[]},"contributions":{},"includedScopes":[{"containerScope":{"containerScope":{"containerScope":{"contributions":{},"includedScopes":[]},"contributions":{},"includedScopes":[]},"contributions":{},"includedScopes":[]},"contributions":{},"includedScopes":[]}]},"contributions":{},"includedScopes":[]},"contributions":{},"includedScopes":[]},"contributions":{},"includedScopes":[]},"contributions":{},"includedScopes":[]},"sourceMap":{"end":{"column":17,"line":14,"offset":433},"start":{"column":5,"line":14,"offset":421}}},"scope":{"containerScope":{"containerScope":{"containerScope":{"containerScope":{"containerScope":{"containerScope":{"contributions":{},"includedScopes":[]},"contributions":{},"includedScopes":[]},"contributions":{},"includedScopes":[]},"contributions":{},"includedScopes":[{"containerScope":{"containerScope":{"containerScope":{"contributions":{},"includedScopes":[]},"contributions":{},"includedScopes":[]},"contributions":{},"includedScopes":[]},"contributions":{},"includedScopes":[]}]},"contributions":{},"includedScopes":[]},"contributions":{},"includedScopes":[]},"contributions":{},"includedScopes":[]},"sourceMap":{"end":{"column":41,"line":14,"offset":457},"start":{"column":5,"line":14,"offset":421}}}],"sourceMap":{"end":{"column":4,"line":15,"offset":461},"start":{"column":38,"line":13,"offset":415}}},"compiled":false,"id":"ffa89c27-69ec-4989-b22f-ec6e503418d8","isOverride":false,"metadata":[],"name":"estaEnfermoDe","parameters":[{"id":"4415b27d-be47-4ae5-a500-3af4a46833bb","isVarArg":false,"metadata":[],"name":"unaEnfermedad","scope":{"containerScope":{"containerScope":{"containerScope":{"containerScope":{"containerScope":{"contributions":{},"includedScopes":[]},"contributions":{},"includedScopes":[]},"contributions":{},"includedScopes":[]},"contributions":{},"includedScopes":[{"containerScope":{"containerScope":{"containerScope":{"contributions":{},"includedScopes":[]},"contributions":{},"includedScopes":[]},"contributions":{},"includedScopes":[]},"contributions":{},"includedScopes":[]}]},"contributions":{},"includedScopes":[]},"contributions":{},"includedScopes":[]},"sourceMap":{"end":{"column":37,"line":13,"offset":414},"start":{"column":24,"line":13,"offset":401}}}],"problems":[],"scope":{"containerScope":{"containerScope":{"containerScope":{"containerScope":{"contributions":{},"includedScopes":[]},"contributions":{},"includedScopes":[]},"contributions":{},"includedScopes":[]},"contributions":{},"includedScopes":[{"containerScope":{"containerScope":{"containerScope":{"contributions":{},"includedScopes":[]},"contributions":{},"includedScopes":[]},"contributions":{},"includedScopes":[]},"contributions":{},"includedScopes":[]}]},"contributions":{},"includedScopes":[]},"sourceMap":{"end":{"column":4,"line":15,"offset":461},"start":{"column":3,"line":13,"offset":380}}},{"body":{"id":"cb3b2610-bdc8-41a6-beeb-21fde6ec877c","metadata":[],"problems":[],"scope":{"containerScope":{"containerScope":{"containerScope":{"containerScope":{"containerScope":{"contributions":{},"includedScopes":[]},"contributions":{},"includedScopes":[]},"contributions":{},"includedScopes":[]},"contributions":{},"includedScopes":[{"containerScope":{"containerScope":{"containerScope":{"contributions":{},"includedScopes":[]},"contributions":{},"includedScopes":[]},"contributions":{},"includedScopes":[]},"contributions":{},"includedScopes":[]}]},"contributions":{},"includedScopes":[]},"contributions":{},"includedScopes":[]},"sentences":[{"id":"f5beb6bf-0659-4e0c-baa6-c7f522aecd11","metadata":[],"scope":{"containerScope":{"containerScope":{"containerScope":{"containerScope":{"containerScope":{"containerScope":{"contributions":{},"includedScopes":[]},"contributions":{},"includedScopes":[]},"contributions":{},"includedScopes":[]},"contributions":{},"includedScopes":[{"containerScope":{"containerScope":{"containerScope":{"contributions":{},"includedScopes":[]},"contributions":{},"includedScopes":[]},"contributions":{},"includedScopes":[]},"contributions":{},"includedScopes":[]}]},"contributions":{},"includedScopes":[]},"contributions":{},"includedScopes":[]},"contributions":{},"includedScopes":[]},"value":{"id":"afa5e86d-f38a-4144-8cae-5a04437bf8ee","metadata":[],"name":"temperatura","scope":{"containerScope":{"containerScope":{"containerScope":{"containerScope":{"containerScope":{"containerScope":{"containerScope":{"contributions":{},"includedScopes":[]},"contributions":{},"includedScopes":[]},"contributions":{},"includedScopes":[]},"contributions":{},"includedScopes":[{"containerScope":{"containerScope":{"containerScope":{"contributions":{},"includedScopes":[]},"contributions":{},"includedScopes":[]},"contributions":{},"includedScopes":[]},"contributions":{},"includedScopes":[]}]},"contributions":{},"includedScopes":[]},"contributions":{},"includedScopes":[]},"contributions":{},"includedScopes":[]},"contributions":{},"includedScopes":[]},"sourceMap":{"end":{"column":37,"line":16,"offset":498},"start":{"column":26,"line":16,"offset":487}}}}],"sourceMap":{"end":{"column":37,"line":16,"offset":498},"start":{"column":26,"line":16,"offset":487}}},"compiled":false,"id":"928b801a-fc80-43ea-a31f-db7e395ab935","isOverride":false,"metadata":[],"name":"temperatura","parameters":[],"problems":[],"scope":{"containerScope":{"containerScope":{"containerScope":{"containerScope":{"contributions":{},"includedScopes":[]},"contributions":{},"includedScopes":[]},"contributions":{},"includedScopes":[]},"contributions":{},"includedScopes":[{"containerScope":{"containerScope":{"containerScope":{"contributions":{},"includedScopes":[]},"contributions":{},"includedScopes":[]},"contributions":{},"includedScopes":[]},"contributions":{},"includedScopes":[]}]},"contributions":{},"includedScopes":[]},"sourceMap":{"end":{"column":37,"line":16,"offset":498},"start":{"column":3,"line":16,"offset":464}}},{"body":{"id":"bc3c0410-2ac4-4bc3-8e78-557f528fe4e2","metadata":[],"problems":[],"scope":{"containerScope":{"containerScope":{"containerScope":{"containerScope":{"containerScope":{"contributions":{},"includedScopes":[]},"contributions":{},"includedScopes":[]},"contributions":{},"includedScopes":[]},"contributions":{},"includedScopes":[{"containerScope":{"containerScope":{"containerScope":{"contributions":{},"includedScopes":[]},"contributions":{},"includedScopes":[]},"contributions":{},"includedScopes":[]},"contributions":{},"includedScopes":[]}]},"contributions":{},"includedScopes":[]},"contributions":{},"includedScopes":[]},"sentences":[{"args":[{"id":"3f11fb72-f471-4605-bf1c-f1c539771211","members":[{"body":{"id":"48ce6e15-8f91-4edf-a188-a77dabe83d77","metadata":[],"scope":{"containerScope":{"containerScope":{"containerScope":{"containerScope":{"containerScope":{"containerScope":{"containerScope":{"containerScope":{"containerScope":{"contributions":{},"includedScopes":[]},"contributions":{},"includedScopes":[]},"contributions":{},"includedScopes":[]},"contributions":{},"includedScopes":[{"containerScope":{"containerScope":{"containerScope":{"contributions":{},"includedScopes":[]},"contributions":{},"includedScopes":[]},"contributions":{},"includedScopes":[]},"contributions":{},"includedScopes":[]}]},"contributions":{},"includedScopes":[]},"contributions":{},"includedScopes":[]},"contributions":{},"includedScopes":[]},"contributions":{},"includedScopes":[{"containerScope":{"containerScope":{"containerScope":{"contributions":{},"includedScopes":[]},"contributions":{},"includedScopes":[]},"contributions":{},"includedScopes":[]},"contributions":{},"includedScopes":[{"containerScope":{"containerScope":{"containerScope":{"contributions":{},"includedScopes":[]},"contributions":{},"includedScopes":[]},"contributions":{},"includedScopes":[]},"contributions":{},"includedScopes":[]}]},{"containerScope":{"containerScope":{"containerScope":{"contributions":{},"includedScopes":[]},"contributions":{},"includedScopes":[]},"contributions":{},"includedScopes":[]},"contributions":{},"includedScopes":[]}]},"contributions":{},"includedScopes":[]},"contributions":{},"includedScopes":[]},"sentences":[{"id":"9e32e3de-eb9f-466f-9488-14449414cfad","metadata":[],"scope":{"containerScope":{"containerScope":{"containerScope":{"containerScope":{"containerScope":{"containerScope":{"containerScope":{"containerScope":{"containerScope":{"containerScope":{"contributions":{},"includedScopes":[]},"contributions":{},"includedScopes":[]},"contributions":{},"includedScopes":[]},"contributions":{},"includedScopes":[{"containerScope":{"containerScope":{"containerScope":{"contributions":{},"includedScopes":[]},"contributions":{},"includedScopes":[]},"contributions":{},"includedScopes":[]},"contributions":{},"includedScopes":[]}]},"contributions":{},"includedScopes":[]},"contributions":{},"includedScopes":[]},"contributions":{},"includedScopes":[]},"contributions":{},"includedScopes":[{"containerScope":{"containerScope":{"containerScope":{"contributions":{},"includedScopes":[]},"contributions":{},"includedScopes":[]},"contributions":{},"includedScopes":[]},"contributions":{},"includedScopes":[{"containerScope":{"containerScope":{"containerScope":{"contributions":{},"includedScopes":[]},"contributions":{},"includedScopes":[]},"contributions":{},"includedScopes":[]},"contributions":{},"includedScopes":[]}]},{"containerScope":{"containerScope":{"containerScope":{"contributions":{},"includedScopes":[]},"contributions":{},"includedScopes":[]},"contributions":{},"includedScopes":[]},"contributions":{},"includedScopes":[]}]},"contributions":{},"includedScopes":[]},"contributions":{},"includedScopes":[]},"contributions":{},"includedScopes":[]},"value":{"args":[{"id":"9678b44a-f69e-488f-99e5-8a263c0bfa1c","metadata":[],"scope":{"containerScope":{"containerScope":{"containerScope":{"containerScope":{"containerScope":{"containerScope":{"containerScope":{"containerScope":{"containerScope":{"containerScope":{"containerScope":{"containerScope":{"contributions":{},"includedScopes":[]},"contributions":{},"includedScopes":[]},"contributions":{},"includedScopes":[]},"contributions":{},"includedScopes":[{"containerScope":{"containerScope":{"containerScope":{"contributions":{},"includedScopes":[]},"contributions":{},"includedScopes":[]},"contributions":{},"includedScopes":[]},"contributions":{},"includedScopes":[]}]},"contributions":{},"includedScopes":[]},"contributions":{},"includedScopes":[]},"contributions":{},"includedScopes":[]},"contributions":{},"includedScopes":[{"containerScope":{"containerScope":{"containerScope":{"contributions":{},"includedScopes":[]},"contributions":{},"includedScopes":[]},"contributions":{},"includedScopes":[]},"contributions":{},"includedScopes":[{"containerScope":{"containerScope":{"containerScope":{"contributions":{},"includedScopes":[]},"contributions":{},"includedScopes":[]},"contributions":{},"includedScopes":[]},"contributions":{},"includedScopes":[]}]},{"containerScope":{"containerScope":{"containerScope":{"contributions":{},"includedScopes":[]},"contributions":{},"includedScopes":[]},"contributions":{},"includedScopes":[]},"contributions":{},"includedScopes":[]}]},"contributions":{},"includedScopes":[]},"contributions":{},"includedScopes":[]},"contributions":{},"includedScopes":[]},"contributions":{},"includedScopes":[]},"contributions":{},"includedScopes":[]},"sourceMap":{"end":{"column":67,"line":18,"offset":587},"start":{"column":63,"line":18,"offset":583}}}],"id":"7ab3dbf2-b8a2-4e31-ae3d-54332485a193","message":"afectarA","metadata":[],"receiver":{"id":"7396ab40-c4ef-4406-b767-2a08012bb6bc","metadata":[],"name":"enfermedad","scope":{"containerScope":{"containerScope":{"containerScope":{"containerScope":{"containerScope":{"containerScope":{"containerScope":{"containerScope":{"containerScope":{"containerScope":{"containerScope":{"containerScope":{"contributions":{},"includedScopes":[]},"contributions":{},"includedScopes":[]},"contributions":{},"includedScopes":[]},"contributions":{},"includedScopes":[{"containerScope":{"containerScope":{"containerScope":{"contributions":{},"includedScopes":[]},"contributions":{},"includedScopes":[]},"contributions":{},"includedScopes":[]},"contributions":{},"includedScopes":[]}]},"contributions":{},"includedScopes":[]},"contributions":{},"includedScopes":[]},"contributions":{},"includedScopes":[]},"contributions":{},"includedScopes":[{"containerScope":{"containerScope":{"containerScope":{"contributions":{},"includedScopes":[]},"contributions":{},"includedScopes":[]},"contributions":{},"includedScopes":[]},"contributions":{},"includedScopes":[{"containerScope":{"containerScope":{"containerScope":{"contributions":{},"includedScopes":[]},"contributions":{},"includedScopes":[]},"contributions":{},"includedScopes":[]},"contributions":{},"includedScopes":[]}]},{"containerScope":{"containerScope":{"containerScope":{"contributions":{},"includedScopes":[]},"contributions":{},"includedScopes":[]},"contributions":{},"includedScopes":[]},"contributions":{},"includedScopes":[]}]},"contributions":{},"includedScopes":[]},"contributions":{},"includedScopes":[]},"contributions":{},"includedScopes":[]},"contributions":{},"includedScopes":[]},"contributions":{},"includedScopes":[]},"sourceMap":{"end":{"column":53,"line":18,"offset":573},"start":{"column":43,"line":18,"offset":563}}},"scope":{"containerScope":{"containerScope":{"containerScope":{"containerScope":{"containerScope":{"containerScope":{"containerScope":{"containerScope":{"containerScope":{"containerScope":{"containerScope":{"contributions":{},"includedScopes":[]},"contributions":{},"includedScopes":[]},"contributions":{},"includedScopes":[]},"contributions":{},"includedScopes":[{"containerScope":{"containerScope":{"containerScope":{"contributions":{},"includedScopes":[]},"contributions":{},"includedScopes":[]},"contributions":{},"includedScopes":[]},"contributions":{},"includedScopes":[]}]},"contributions":{},"includedScopes":[]},"contributions":{},"includedScopes":[]},"contributions":{},"includedScopes":[]},"contributions":{},"includedScopes":[{"containerScope":{"containerScope":{"containerScope":{"contributions":{},"includedScopes":[]},"contributions":{},"includedScopes":[]},"contributions":{},"includedScopes":[]},"contributions":{},"includedScopes":[{"containerScope":{"containerScope":{"containerScope":{"contributions":{},"includedScopes":[]},"contributions":{},"includedScopes":[]},"contributions":{},"includedScopes":[]},"contributions":{},"includedScopes":[]}]},{"containerScope":{"containerScope":{"containerScope":{"contributions":{},"includedScopes":[]},"contributions":{},"includedScopes":[]},"contributions":{},"includedScopes":[]},"contributions":{},"includedScopes":[]}]},"contributions":{},"includedScopes":[]},"contributions":{},"includedScopes":[]},"contributions":{},"includedScopes":[]},"contributions":{},"includedScopes":[]},"sourceMap":{"end":{"column":68,"line":18,"offset":588},"start":{"column":43,"line":18,"offset":563}}}}]},"compiled":false,"id":"69c96c3f-bc92-4a71-9d0f-b7ca93cfb4d9","isOverride":false,"metadata":[],"name":"<apply>","parameters":[{"id":"f9db933d-3acb-44c8-a972-144aafc9cc2b","isVarArg":false,"metadata":[],"name":"enfermedad","scope":{"containerScope":{"containerScope":{"containerScope":{"containerScope":{"containerScope":{"containerScope":{"containerScope":{"containerScope":{"containerScope":{"contributions":{},"includedScopes":[]},"contributions":{},"includedScopes":[]},"contributions":{},"includedScopes":[]},"contributions":{},"includedScopes":[{"containerScope":{"containerScope":{"containerScope":{"contributions":{},"includedScopes":[]},"contributions":{},"includedScopes":[]},"contributions":{},"includedScopes":[]},"contributions":{},"includedScopes":[]}]},"contributions":{},"includedScopes":[]},"contributions":{},"includedScopes":[]},"contributions":{},"includedScopes":[]},"contributions":{},"includedScopes":[{"containerScope":{"containerScope":{"containerScope":{"contributions":{},"includedScopes":[]},"contributions":{},"includedScopes":[]},"contributions":{},"includedScopes":[]},"contributions":{},"includedScopes":[{"containerScope":{"containerScope":{"containerScope":{"contributions":{},"includedScopes":[]},"contributions":{},"includedScopes":[]},"contributions":{},"includedScopes":[]},"contributions":{},"includedScopes":[]}]},{"containerScope":{"containerScope":{"containerScope":{"contributions":{},"includedScopes":[]},"contributions":{},"includedScopes":[]},"contributions":{},"includedScopes":[]},"contributions":{},"includedScopes":[]}]},"contributions":{},"includedScopes":[]},"contributions":{},"includedScopes":[]},"sourceMap":{"end":{"column":39,"line":18,"offset":559},"start":{"column":29,"line":18,"offset":549}}}],"scope":{"containerScope":{"containerScope":{"containerScope":{"containerScope":{"containerScope":{"containerScope":{"containerScope":{"containerScope":{"contributions":{},"includedScopes":[]},"contributions":{},"includedScopes":[]},"contributions":{},"includedScopes":[]},"contributions":{},"includedScopes":[{"containerScope":{"containerScope":{"containerScope":{"contributions":{},"includedScopes":[]},"contributions":{},"includedScopes":[]},"contributions":{},"includedScopes":[]},"contributions":{},"includedScopes":[]}]},"contributions":{},"includedScopes":[]},"contributions":{},"includedScopes":[]},"contributions":{},"includedScopes":[]},"contributions":{},"includedScopes":[{"containerScope":{"containerScope":{"containerScope":{"contributions":{},"includedScopes":[]},"contributions":{},"includedScopes":[]},"contributions":{},"includedScopes":[]},"contributions":{},"includedScopes":[{"containerScope":{"containerScope":{"containerScope":{"contributions":{},"includedScopes":[]},"contributions":{},"includedScopes":[]},"contributions":{},"includedScopes":[]},"contributions":{},"includedScopes":[]}]},{"containerScope":{"containerScope":{"containerScope":{"contributions":{},"includedScopes":[]},"contributions":{},"includedScopes":[]},"contributions":{},"includedScopes":[]},"contributions":{},"includedScopes":[]}]},"contributions":{},"includedScopes":[]}},{"id":"ce5a74dc-9826-4a4e-980c-fe64cdc54430","isConstant":true,"isProperty":false,"metadata":[],"name":"<toString>","scope":{"containerScope":{"containerScope":{"containerScope":{"containerScope":{"containerScope":{"containerScope":{"containerScope":{"containerScope":{"contributions":{},"includedScopes":[]},"contributions":{},"includedScopes":[]},"contributions":{},"includedScopes":[]},"contributions":{},"includedScopes":[{"containerScope":{"containerScope":{"containerScope":{"contributions":{},"includedScopes":[]},"contributions":{},"includedScopes":[]},"contributions":{},"includedScopes":[]},"contributions":{},"includedScopes":[]}]},"contributions":{},"includedScopes":[]},"contributions":{},"includedScopes":[]},"contributions":{},"includedScopes":[]},"contributions":{},"includedScopes":[{"containerScope":{"containerScope":{"containerScope":{"contributions":{},"includedScopes":[]},"contributions":{},"includedScopes":[]},"contributions":{},"includedScopes":[]},"contributions":{},"includedScopes":[{"containerScope":{"containerScope":{"containerScope":{"contributions":{},"includedScopes":[]},"contributions":{},"includedScopes":[]},"contributions":{},"includedScopes":[]},"contributions":{},"includedScopes":[]}]},{"containerScope":{"containerScope":{"containerScope":{"contributions":{},"includedScopes":[]},"contributions":{},"includedScopes":[]},"contributions":{},"includedScopes":[]},"contributions":{},"includedScopes":[]}]},"contributions":{},"includedScopes":[]},"value":{"id":"1cc2e279-6a42-4d07-9b47-dfe805882728","metadata":[],"scope":{"containerScope":{"containerScope":{"containerScope":{"containerScope":{"containerScope":{"containerScope":{"containerScope":{"containerScope":{"containerScope":{"contributions":{},"includedScopes":[]},"contributions":{},"includedScopes":[]},"contributions":{},"includedScopes":[]},"contributions":{},"includedScopes":[{"containerScope":{"containerScope":{"containerScope":{"contributions":{},"includedScopes":[]},"contributions":{},"includedScopes":[]},"contributions":{},"includedScopes":[]},"contributions":{},"includedScopes":[]}]},"contributions":{},"includedScopes":[]},"contributions":{},"includedScopes":[]},"contributions":{},"includedScopes":[]},"contributions":{},"includedScopes":[{"containerScope":{"containerScope":{"containerScope":{"contributions":{},"includedScopes":[]},"contributions":{},"includedScopes":[]},"contributions":{},"includedScopes":[]},"contributions":{},"includedScopes":[{"containerScope":{"containerScope":{"containerScope":{"contributions":{},"includedScopes":[]},"contributions":{},"includedScopes":[]},"contributions":{},"includedScopes":[]},"contributions":{},"includedScopes":[]}]},{"containerScope":{"containerScope":{"containerScope":{"contributions":{},"includedScopes":[]},"contributions":{},"includedScopes":[]},"contributions":{},"includedScopes":[]},"contributions":{},"includedScopes":[]}]},"contributions":{},"includedScopes":[]},"contributions":{},"includedScopes":[]},"value":"{enfermedad => enfermedad.afectarA(self)}"}}],"metadata":[],"scope":{"containerScope":{"containerScope":{"containerScope":{"containerScope":{"containerScope":{"containerScope":{"containerScope":{"contributions":{},"includedScopes":[]},"contributions":{},"includedScopes":[]},"contributions":{},"includedScopes":[]},"contributions":{},"includedScopes":[{"containerScope":{"containerScope":{"containerScope":{"contributions":{},"includedScopes":[]},"contributions":{},"includedScopes":[]},"contributions":{},"includedScopes":[]},"contributions":{},"includedScopes":[]}]},"contributions":{},"includedScopes":[]},"contributions":{},"includedScopes":[]},"contributions":{},"includedScopes":[]},"contributions":{},"includedScopes":[{"containerScope":{"containerScope":{"containerScope":{"contributions":{},"includedScopes":[]},"contributions":{},"includedScopes":[]},"contributions":{},"includedScopes":[]},"contributions":{},"includedScopes":[{"containerScope":{"containerScope":{"containerScope":{"contributions":{},"includedScopes":[]},"contributions":{},"includedScopes":[]},"contributions":{},"includedScopes":[]},"contributions":{},"includedScopes":[]}]},{"containerScope":{"containerScope":{"containerScope":{"contributions":{},"includedScopes":[]},"contributions":{},"includedScopes":[]},"contributions":{},"includedScopes":[]},"contributions":{},"includedScopes":[]}]},"sourceMap":{"end":{"column":69,"line":18,"offset":589},"start":{"column":28,"line":18,"offset":548}},"supertypes":[{"args":[],"id":"59b51f64-b6d0-4f75-9db1-c47d1df4f8a3","metadata":[],"reference":{"id":"c58f11ca-95b4-4583-8628-b5663bf2c116","metadata":[],"name":"wollok.lang.Closure","scope":{"containerScope":{"containerScope":{"containerScope":{"containerScope":{"containerScope":{"containerScope":{"containerScope":{"containerScope":{"contributions":{},"includedScopes":[]},"contributions":{},"includedScopes":[]},"contributions":{},"includedScopes":[]},"contributions":{},"includedScopes":[{"containerScope":{"containerScope":{"containerScope":{"contributions":{},"includedScopes":[]},"contributions":{},"includedScopes":[]},"contributions":{},"includedScopes":[]},"contributions":{},"includedScopes":[]}]},"contributions":{},"includedScopes":[]},"contributions":{},"includedScopes":[]},"contributions":{},"includedScopes":[]},"contributions":{},"includedScopes":[{"containerScope":{"containerScope":{"containerScope":{"contributions":{},"includedScopes":[]},"contributions":{},"includedScopes":[]},"contributions":{},"includedScopes":[]},"contributions":{},"includedScopes":[{"containerScope":{"containerScope":{"containerScope":{"contributions":{},"includedScopes":[]},"contributions":{},"includedScopes":[]},"contributions":{},"includedScopes":[]},"contributions":{},"includedScopes":[]}]},{"containerScope":{"containerScope":{"containerScope":{"contributions":{},"includedScopes":[]},"contributions":{},"includedScopes":[]},"contributions":{},"includedScopes":[]},"contributions":{},"includedScopes":[]}]},"contributions":{},"includedScopes":[]}},"scope":{"containerScope":{"containerScope":{"containerScope":{"containerScope":{"containerScope":{"containerScope":{"containerScope":{"containerScope":{"contributions":{},"includedScopes":[]},"contributions":{},"includedScopes":[]},"contributions":{},"includedScopes":[]},"contributions":{},"includedScopes":[{"containerScope":{"containerScope":{"containerScope":{"contributions":{},"includedScopes":[]},"contributions":{},"includedScopes":[]},"contributions":{},"includedScopes":[]},"contributions":{},"includedScopes":[]}]},"contributions":{},"includedScopes":[]},"contributions":{},"includedScopes":[]},"contributions":{},"includedScopes":[]},"contributions":{},"includedScopes":[{"containerScope":{"containerScope":{"containerScope":{"contributions":{},"includedScopes":[]},"contributions":{},"includedScopes":[]},"contributions":{},"includedScopes":[]},"contributions":{},"includedScopes":[{"containerScope":{"containerScope":{"containerScope":{"contributions":{},"includedScopes":[]},"contributions":{},"includedScopes":[]},"contributions":{},"includedScopes":[]},"contributions":{},"includedScopes":[]}]},{"containerScope":{"containerScope":{"containerScope":{"contributions":{},"includedScopes":[]},"contributions":{},"includedScopes":[]},"contributions":{},"includedScopes":[]},"contributions":{},"includedScopes":[]}]},"contributions":{},"includedScopes":[]}}]}],"id":"3ca1d4cb-ede3-491d-9e84-5815f420911c","message":"forEach","metadata":[{"args":{"position":"end","text":"//similar a un map"},"name":"comment"}],"receiver":{"id":"49943816-c789-49ec-83c2-4fab9871147d","metadata":[],"name":"enfermedades","scope":{"containerScope":{"containerScope":{"containerScope":{"containerScope":{"containerScope":{"containerScope":{"containerScope":{"contributions":{},"includedScopes":[]},"contributions":{},"includedScopes":[]},"contributions":{},"includedScopes":[]},"contributions":{},"includedScopes":[{"containerScope":{"containerScope":{"containerScope":{"contributions":{},"includedScopes":[]},"contributions":{},"includedScopes":[]},"contributions":{},"includedScopes":[]},"contributions":{},"includedScopes":[]}]},"contributions":{},"includedScopes":[]},"contributions":{},"includedScopes":[]},"contributions":{},"includedScopes":[]},"contributions":{},"includedScopes":[]},"sourceMap":{"end":{"column":19,"line":18,"offset":539},"start":{"column":7,"line":18,"offset":527}}},"scope":{"containerScope":{"containerScope":{"containerScope":{"containerScope":{"containerScope":{"containerScope":{"contributions":{},"includedScopes":[]},"contributions":{},"includedScopes":[]},"contributions":{},"includedScopes":[]},"contributions":{},"includedScopes":[{"containerScope":{"containerScope":{"containerScope":{"contributions":{},"includedScopes":[]},"contributions":{},"includedScopes":[]},"contributions":{},"includedScopes":[]},"contributions":{},"includedScopes":[]}]},"contributions":{},"includedScopes":[]},"contributions":{},"includedScopes":[]},"contributions":{},"includedScopes":[]},"sourceMap":{"end":{"column":70,"line":18,"offset":590},"start":{"column":7,"line":18,"offset":527}}},{"id":"2bf13daa-9ad0-4a9b-88f0-05e7a1fdaff2","metadata":[{"args":{"position":"start","text":"// cada enfermedad es un elemento del conjunto enfermedades ESTO ES COMO UN LAMDA"},"name":"comment"}],"name":"method","scope":{"containerScope":{"containerScope":{"containerScope":{"containerScope":{"containerScope":{"containerScope":{"contributions":{},"includedScopes":[]},"contributions":{},"includedScopes":[]},"contributions":{},"includedScopes":[]},"contributions":{},"includedScopes":[{"containerScope":{"containerScope":{"containerScope":{"contributions":{},"includedScopes":[]},"contributions":{},"includedScopes":[]},"contributions":{},"includedScopes":[]},"contributions":{},"includedScopes":[]}]},"contributions":{},"includedScopes":[]},"contributions":{},"includedScopes":[]},"contributions":{},"includedScopes":[]},"sourceMap":{"end":{"column":9,"line":20,"offset":706},"start":{"column":3,"line":20,"offset":700}}},{"args":[{"id":"e7677b02-6e1d-4530-b46a-af4bc6978f34","metadata":[],"name":"cant","scope":{"containerScope":{"containerScope":{"containerScope":{"containerScope":{"containerScope":{"containerScope":{"containerScope":{"contributions":{},"includedScopes":[]},"contributions":{},"includedScopes":[]},"contributions":{},"includedScopes":[]},"contributions":{},"includedScopes":[{"containerScope":{"containerScope":{"containerScope":{"contributions":{},"includedScopes":[]},"contributions":{},"includedScopes":[]},"contributions":{},"includedScopes":[]},"contributions":{},"includedScopes":[]}]},"contributions":{},"includedScopes":[]},"contributions":{},"includedScopes":[]},"contributions":{},"includedScopes":[]},"contributions":{},"includedScopes":[]},"sourceMap":{"end":{"column":31,"line":20,"offset":728},"start":{"column":27,"line":20,"offset":724}}}],"id":"bb7ff99a-108a-4c73-b61b-0ac78725efa5","message":"disminuirCelulas","metadata":[],"problems":[{"code":"malformedMessageSend","sourceMap":{"end":{"column":26,"line":20,"offset":723},"start":{"column":10,"line":20,"offset":707}}}],"receiver":{"id":"8553be9a-d6c2-488c-9233-e1617d710d2a","metadata":[],"scope":{"containerScope":{"containerScope":{"containerScope":{"containerScope":{"containerScope":{"containerScope":{"containerScope":{"contributions":{},"includedScopes":[]},"contributions":{},"includedScopes":[]},"contributions":{},"includedScopes":[]},"contributions":{},"includedScopes":[{"containerScope":{"containerScope":{"containerScope":{"contributions":{},"includedScopes":[]},"contributions":{},"includedScopes":[]},"contributions":{},"includedScopes":[]},"contributions":{},"includedScopes":[]}]},"contributions":{},"includedScopes":[]},"contributions":{},"includedScopes":[]},"contributions":{},"includedScopes":[]},"contributions":{},"includedScopes":[]},"value":null},"scope":{"containerScope":{"containerScope":{"containerScope":{"containerScope":{"containerScope":{"containerScope":{"contributions":{},"includedScopes":[]},"contributions":{},"includedScopes":[]},"contributions":{},"includedScopes":[]},"contributions":{},"includedScopes":[{"containerScope":{"containerScope":{"containerScope":{"contributions":{},"includedScopes":[]},"contributions":{},"includedScopes":[]},"contributions":{},"includedScopes":[]},"contributions":{},"includedScopes":[]}]},"contributions":{},"includedScopes":[]},"contributions":{},"includedScopes":[]},"contributions":{},"includedScopes":[]},"sourceMap":{"end":{"column":32,"line":20,"offset":729},"start":{"column":10,"line":20,"offset":707}}},{"id":"0b9b24f4-d0ec-48b8-a94d-fa9330e88d92","members":[{"body":{"id":"2cf8c36c-fa74-46c6-8dda-2a384fb07453","metadata":[],"scope":{"containerScope":{"containerScope":{"containerScope":{"containerScope":{"containerScope":{"containerScope":{"containerScope":{"containerScope":{"contributions":{},"includedScopes":[]},"contributions":{},"includedScopes":[]},"contributions":{},"includedScopes":[]},"contributions":{},"includedScopes":[{"containerScope":{"containerScope":{"containerScope":{"contributions":{},"includedScopes":[]},"contributions":{},"includedScopes":[]},"contributions":{},"includedScopes":[]},"contributions":{},"includedScopes":[]}]},"contributions":{},"includedScopes":[]},"contributions":{},"includedScopes":[]},"contributions":{},"includedScopes":[{"containerScope":{"containerScope":{"containerScope":{"contributions":{},"includedScopes":[]},"contributions":{},"includedScopes":[]},"contributions":{},"includedScopes":[]},"contributions":{},"includedScopes":[{"containerScope":{"containerScope":{"containerScope":{"contributions":{},"includedScopes":[]},"contributions":{},"includedScopes":[]},"contributions":{},"includedScopes":[]},"contributions":{},"includedScopes":[]}]},{"containerScope":{"containerScope":{"containerScope":{"contributions":{},"includedScopes":[]},"contributions":{},"includedScopes":[]},"contributions":{},"includedScopes":[]},"contributions":{},"includedScopes":[]}]},"contributions":{},"includedScopes":[]},"contributions":{},"includedScopes":[]},"sentences":[{"id":"dd513a09-d82b-4aa7-8356-6f50d7a9c7d9","metadata":[],"scope":{"containerScope":{"containerScope":{"containerScope":{"containerScope":{"containerScope":{"containerScope":{"containerScope":{"containerScope":{"containerScope":{"contributions":{},"includedScopes":[]},"contributions":{},"includedScopes":[]},"contributions":{},"includedScopes":[]},"contributions":{},"includedScopes":[{"containerScope":{"containerScope":{"containerScope":{"contributions":{},"includedScopes":[]},"contributions":{},"includedScopes":[]},"contributions":{},"includedScopes":[]},"contributions":{},"includedScopes":[]}]},"contributions":{},"includedScopes":[]},"contributions":{},"includedScopes":[]},"contributions":{},"includedScopes":[{"containerScope":{"containerScope":{"containerScope":{"contributions":{},"includedScopes":[]},"contributions":{},"includedScopes":[]},"contributions":{},"includedScopes":[]},"contributions":{},"includedScopes":[{"containerScope":{"containerScope":{"containerScope":{"contributions":{},"includedScopes":[]},"contributions":{},"includedScopes":[]},"contributions":{},"includedScopes":[]},"contributions":{},"includedScopes":[]}]},{"containerScope":{"containerScope":{"containerScope":{"contributions":{},"includedScopes":[]},"contributions":{},"includedScopes":[]},"contributions":{},"includedScopes":[]},"contributions":{},"includedScopes":[]}]},"contributions":{},"includedScopes":[]},"contributions":{},"includedScopes":[]},"contributions":{},"includedScopes":[]},"sourceMap":{"end":{"column":20,"line":21,"offset":750},"start":{"column":5,"line":21,"offset":735}},"value":{"args":[{"id":"f57ec45e-e8f0-4197-9ff8-2ad34bcd95e3","metadata":[],"name":"cant","scope":{"containerScope":{"containerScope":{"containerScope":{"containerScope":{"containerScope":{"containerScope":{"containerScope":{"containerScope":{"containerScope":{"containerScope":{"containerScope":{"contributions":{},"includedScopes":[]},"contributions":{},"includedScopes":[]},"contributions":{},"includedScopes":[]},"contributions":{},"includedScopes":[{"containerScope":{"containerScope":{"containerScope":{"contributions":{},"includedScopes":[]},"contributions":{},"includedScopes":[]},"contributions":{},"includedScopes":[]},"contributions":{},"includedScopes":[]}]},"contributions":{},"includedScopes":[]},"contributions":{},"includedScopes":[]},"contributions":{},"includedScopes":[{"containerScope":{"containerScope":{"containerScope":{"contributions":{},"includedScopes":[]},"contributions":{},"includedScopes":[]},"contributions":{},"includedScopes":[]},"contributions":{},"includedScopes":[{"containerScope":{"containerScope":{"containerScope":{"contributions":{},"includedScopes":[]},"contributions":{},"includedScopes":[]},"contributions":{},"includedScopes":[]},"contributions":{},"includedScopes":[]}]},{"containerScope":{"containerScope":{"containerScope":{"contributions":{},"includedScopes":[]},"contributions":{},"includedScopes":[]},"contributions":{},"includedScopes":[]},"contributions":{},"includedScopes":[]}]},"contributions":{},"includedScopes":[]},"contributions":{},"includedScopes":[]},"contributions":{},"includedScopes":[]},"contributions":{},"includedScopes":[]},"contributions":{},"includedScopes":[]},"sourceMap":{"end":{"column":20,"line":21,"offset":750},"start":{"column":16,"line":21,"offset":746}}}],"id":"15d8a273-4bba-4f62-8e91-3e26b304f70c","message":"-","metadata":[],"receiver":{"id":"afbf6d21-75e3-494c-815b-d1d847fdcf82","metadata":[],"name":"celulas","scope":{"containerScope":{"containerScope":{"containerScope":{"containerScope":{"containerScope":{"containerScope":{"containerScope":{"containerScope":{"containerScope":{"containerScope":{"containerScope":{"contributions":{},"includedScopes":[]},"contributions":{},"includedScopes":[]},"contributions":{},"includedScopes":[]},"contributions":{},"includedScopes":[{"containerScope":{"containerScope":{"containerScope":{"contributions":{},"includedScopes":[]},"contributions":{},"includedScopes":[]},"contributions":{},"includedScopes":[]},"contributions":{},"includedScopes":[]}]},"contributions":{},"includedScopes":[]},"contributions":{},"includedScopes":[]},"contributions":{},"includedScopes":[{"containerScope":{"containerScope":{"containerScope":{"contributions":{},"includedScopes":[]},"contributions":{},"includedScopes":[]},"contributions":{},"includedScopes":[]},"contributions":{},"includedScopes":[{"containerScope":{"containerScope":{"containerScope":{"contributions":{},"includedScopes":[]},"contributions":{},"includedScopes":[]},"contributions":{},"includedScopes":[]},"contributions":{},"includedScopes":[]}]},{"containerScope":{"containerScope":{"containerScope":{"contributions":{},"includedScopes":[]},"contributions":{},"includedScopes":[]},"contributions":{},"includedScopes":[]},"contributions":{},"includedScopes":[]}]},"contributions":{},"includedScopes":[]},"contributions":{},"includedScopes":[]},"contributions":{},"includedScopes":[]},"contributions":{},"includedScopes":[]},"contributions":{},"includedScopes":[]},"sourceMap":{"end":{"column":12,"line":21,"offset":742},"start":{"column":5,"line":21,"offset":735}}},"scope":{"containerScope":{"containerScope":{"containerScope":{"containerScope":{"containerScope":{"containerScope":{"containerScope":{"containerScope":{"containerScope":{"containerScope":{"contributions":{},"includedScopes":[]},"contributions":{},"includedScopes":[]},"contributions":{},"includedScopes":[]},"contributions":{},"includedScopes":[{"containerScope":{"containerScope":{"containerScope":{"contributions":{},"includedScopes":[]},"contributions":{},"includedScopes":[]},"contributions":{},"includedScopes":[]},"contributions":{},"includedScopes":[]}]},"contributions":{},"includedScopes":[]},"contributions":{},"includedScopes":[]},"contributions":{},"includedScopes":[{"containerScope":{"containerScope":{"containerScope":{"contributions":{},"includedScopes":[]},"contributions":{},"includedScopes":[]},"contributions":{},"includedScopes":[]},"contributions":{},"includedScopes":[{"containerScope":{"containerScope":{"containerScope":{"contributions":{},"includedScopes":[]},"contributions":{},"includedScopes":[]},"contributions":{},"includedScopes":[]},"contributions":{},"includedScopes":[]}]},{"containerScope":{"containerScope":{"containerScope":{"contributions":{},"includedScopes":[]},"contributions":{},"includedScopes":[]},"contributions":{},"includedScopes":[]},"contributions":{},"includedScopes":[]}]},"contributions":{},"includedScopes":[]},"contributions":{},"includedScopes":[]},"contributions":{},"includedScopes":[]},"contributions":{},"includedScopes":[]}},"variable":{"id":"8013699e-69c4-4cf6-b425-2d09f3a33bfc","metadata":[],"name":"celulas","scope":{"containerScope":{"containerScope":{"containerScope":{"containerScope":{"containerScope":{"containerScope":{"containerScope":{"containerScope":{"containerScope":{"containerScope":{"contributions":{},"includedScopes":[]},"contributions":{},"includedScopes":[]},"contributions":{},"includedScopes":[]},"contributions":{},"includedScopes":[{"containerScope":{"containerScope":{"containerScope":{"contributions":{},"includedScopes":[]},"contributions":{},"includedScopes":[]},"contributions":{},"includedScopes":[]},"contributions":{},"includedScopes":[]}]},"contributions":{},"includedScopes":[]},"contributions":{},"includedScopes":[]},"contributions":{},"includedScopes":[{"containerScope":{"containerScope":{"containerScope":{"contributions":{},"includedScopes":[]},"contributions":{},"includedScopes":[]},"contributions":{},"includedScopes":[]},"contributions":{},"includedScopes":[{"containerScope":{"containerScope":{"containerScope":{"contributions":{},"includedScopes":[]},"contributions":{},"includedScopes":[]},"contributions":{},"includedScopes":[]},"contributions":{},"includedScopes":[]}]},{"containerScope":{"containerScope":{"containerScope":{"contributions":{},"includedScopes":[]},"contributions":{},"includedScopes":[]},"contributions":{},"includedScopes":[]},"contributions":{},"includedScopes":[]}]},"contributions":{},"includedScopes":[]},"contributions":{},"includedScopes":[]},"contributions":{},"includedScopes":[]},"contributions":{},"includedScopes":[]},"sourceMap":{"end":{"column":12,"line":21,"offset":742},"start":{"column":5,"line":21,"offset":735}}}}]},"compiled":false,"id":"1ae8b02f-0841-49ec-a47e-0ac44bb032e3","isOverride":false,"metadata":[],"name":"<apply>","parameters":[],"scope":{"containerScope":{"containerScope":{"containerScope":{"containerScope":{"containerScope":{"containerScope":{"containerScope":{"contributions":{},"includedScopes":[]},"contributions":{},"includedScopes":[]},"contributions":{},"includedScopes":[]},"contributions":{},"includedScopes":[{"containerScope":{"containerScope":{"containerScope":{"contributions":{},"includedScopes":[]},"contributions":{},"includedScopes":[]},"contributions":{},"includedScopes":[]},"contributions":{},"includedScopes":[]}]},"contributions":{},"includedScopes":[]},"contributions":{},"includedScopes":[]},"contributions":{},"includedScopes":[{"containerScope":{"containerScope":{"containerScope":{"contributions":{},"includedScopes":[]},"contributions":{},"includedScopes":[]},"contributions":{},"includedScopes":[]},"contributions":{},"includedScopes":[{"containerScope":{"containerScope":{"containerScope":{"contributions":{},"includedScopes":[]},"contributions":{},"includedScopes":[]},"contributions":{},"includedScopes":[]},"contributions":{},"includedScopes":[]}]},{"containerScope":{"containerScope":{"containerScope":{"contributions":{},"includedScopes":[]},"contributions":{},"includedScopes":[]},"contributions":{},"includedScopes":[]},"contributions":{},"includedScopes":[]}]},"contributions":{},"includedScopes":[]}},{"id":"6d634102-4554-4d52-99e3-3e2bb5908c59","isConstant":true,"isProperty":false,"metadata":[],"name":"<toString>","scope":{"containerScope":{"containerScope":{"containerScope":{"containerScope":{"containerScope":{"containerScope":{"containerScope":{"contributions":{},"includedScopes":[]},"contributions":{},"includedScopes":[]},"contributions":{},"includedScopes":[]},"contributions":{},"includedScopes":[{"containerScope":{"containerScope":{"containerScope":{"contributions":{},"includedScopes":[]},"contributions":{},"includedScopes":[]},"contributions":{},"includedScopes":[]},"contributions":{},"includedScopes":[]}]},"contributions":{},"includedScopes":[]},"contributions":{},"includedScopes":[]},"contributions":{},"includedScopes":[{"containerScope":{"containerScope":{"containerScope":{"contributions":{},"includedScopes":[]},"contributions":{},"includedScopes":[]},"contributions":{},"includedScopes":[]},"contributions":{},"includedScopes":[{"containerScope":{"containerScope":{"containerScope":{"contributions":{},"includedScopes":[]},"contributions":{},"includedScopes":[]},"contributions":{},"includedScopes":[]},"contributions":{},"includedScopes":[]}]},{"containerScope":{"containerScope":{"containerScope":{"contributions":{},"includedScopes":[]},"contributions":{},"includedScopes":[]},"contributions":{},"includedScopes":[]},"contributions":{},"includedScopes":[]}]},"contributions":{},"includedScopes":[]},"value":{"id":"acd619db-812e-4a89-a2c2-f03fe295073b","metadata":[],"scope":{"containerScope":{"containerScope":{"containerScope":{"containerScope":{"containerScope":{"containerScope":{"containerScope":{"containerScope":{"contributions":{},"includedScopes":[]},"contributions":{},"includedScopes":[]},"contributions":{},"includedScopes":[]},"contributions":{},"includedScopes":[{"containerScope":{"containerScope":{"containerScope":{"contributions":{},"includedScopes":[]},"contributions":{},"includedScopes":[]},"contributions":{},"includedScopes":[]},"contributions":{},"includedScopes":[]}]},"contributions":{},"includedScopes":[]},"contributions":{},"includedScopes":[]},"contributions":{},"includedScopes":[{"containerScope":{"containerScope":{"containerScope":{"contributions":{},"includedScopes":[]},"contributions":{},"includedScopes":[]},"contributions":{},"includedScopes":[]},"contributions":{},"includedScopes":[{"containerScope":{"containerScope":{"containerScope":{"contributions":{},"includedScopes":[]},"contributions":{},"includedScopes":[]},"contributions":{},"includedScopes":[]},"contributions":{},"includedScopes":[]}]},{"containerScope":{"containerScope":{"containerScope":{"contributions":{},"includedScopes":[]},"contributions":{},"includedScopes":[]},"contributions":{},"includedScopes":[]},"contributions":{},"includedScopes":[]}]},"contributions":{},"includedScopes":[]},"contributions":{},"includedScopes":[]},"value":"{\n    celulas -= cant\n  }"}}],"metadata":[],"scope":{"containerScope":{"containerScope":{"containerScope":{"containerScope":{"containerScope":{"containerScope":{"contributions":{},"includedScopes":[]},"contributions":{},"includedScopes":[]},"contributions":{},"includedScopes":[]},"contributions":{},"includedScopes":[{"containerScope":{"containerScope":{"containerScope":{"contributions":{},"includedScopes":[]},"contributions":{},"includedScopes":[]},"contributions":{},"includedScopes":[]},"contributions":{},"includedScopes":[]}]},"contributions":{},"includedScopes":[]},"contributions":{},"includedScopes":[]},"contributions":{},"includedScopes":[{"containerScope":{"containerScope":{"containerScope":{"contributions":{},"includedScopes":[]},"contributions":{},"includedScopes":[]},"contributions":{},"includedScopes":[]},"contributions":{},"includedScopes":[{"containerScope":{"containerScope":{"containerScope":{"contributions":{},"includedScopes":[]},"contributions":{},"includedScopes":[]},"contributions":{},"includedScopes":[]},"contributions":{},"includedScopes":[]}]},{"containerScope":{"containerScope":{"containerScope":{"contributions":{},"includedScopes":[]},"contributions":{},"includedScopes":[]},"contributions":{},"includedScopes":[]},"contributions":{},"includedScopes":[]}]},"sourceMap":{"end":{"column":0,"line":23,"offset":754},"start":{"column":32,"line":20,"offset":729}},"supertypes":[{"args":[],"id":"d0cfd59c-0bcd-4030-85a9-c4610ee2966c","metadata":[],"reference":{"id":"bd60a1d7-2b3f-4a8c-8e35-42eee87ee8a7","metadata":[],"name":"wollok.lang.Closure","scope":{"containerScope":{"containerScope":{"containerScope":{"containerScope":{"containerScope":{"containerScope":{"containerScope":{"contributions":{},"includedScopes":[]},"contributions":{},"includedScopes":[]},"contributions":{},"includedScopes":[]},"contributions":{},"includedScopes":[{"containerScope":{"containerScope":{"containerScope":{"contributions":{},"includedScopes":[]},"contributions":{},"includedScopes":[]},"contributions":{},"includedScopes":[]},"contributions":{},"includedScopes":[]}]},"contributions":{},"includedScopes":[]},"contributions":{},"includedScopes":[]},"contributions":{},"includedScopes":[{"containerScope":{"containerScope":{"containerScope":{"contributions":{},"includedScopes":[]},"contributions":{},"includedScopes":[]},"contributions":{},"includedScopes":[]},"contributions":{},"includedScopes":[{"containerScope":{"containerScope":{"containerScope":{"contributions":{},"includedScopes":[]},"contributions":{},"includedScopes":[]},"contributions":{},"includedScopes":[]},"contributions":{},"includedScopes":[]}]},{"containerScope":{"containerScope":{"containerScope":{"contributions":{},"includedScopes":[]},"contributions":{},"includedScopes":[]},"contributions":{},"includedScopes":[]},"contributions":{},"includedScopes":[]}]},"contributions":{},"includedScopes":[]}},"scope":{"containerScope":{"containerScope":{"containerScope":{"containerScope":{"containerScope":{"containerScope":{"containerScope":{"contributions":{},"includedScopes":[]},"contributions":{},"includedScopes":[]},"contributions":{},"includedScopes":[]},"contributions":{},"includedScopes":[{"containerScope":{"containerScope":{"containerScope":{"contributions":{},"includedScopes":[]},"contributions":{},"includedScopes":[]},"contributions":{},"includedScopes":[]},"contributions":{},"includedScopes":[]}]},"contributions":{},"includedScopes":[]},"contributions":{},"includedScopes":[]},"contributions":{},"includedScopes":[{"containerScope":{"containerScope":{"containerScope":{"contributions":{},"includedScopes":[]},"contributions":{},"includedScopes":[]},"contributions":{},"includedScopes":[]},"contributions":{},"includedScopes":[{"containerScope":{"containerScope":{"containerScope":{"contributions":{},"includedScopes":[]},"contributions":{},"includedScopes":[]},"contributions":{},"includedScopes":[]},"contributions":{},"includedScopes":[]}]},{"containerScope":{"containerScope":{"containerScope":{"contributions":{},"includedScopes":[]},"contributions":{},"includedScopes":[]},"contributions":{},"includedScopes":[]},"contributions":{},"includedScopes":[]}]},"contributions":{},"includedScopes":[]}}]}],"sourceMap":{"end":{"column":4,"line":23,"offset":758},"start":{"column":21,"line":17,"offset":519}}},"compiled":false,"id":"6e4d9b10-5cee-47b2-9108-f56d3961e135","isOverride":false,"metadata":[],"name":"viviUnDia","parameters":[],"problems":[],"scope":{"containerScope":{"containerScope":{"containerScope":{"containerScope":{"contributions":{},"includedScopes":[]},"contributions":{},"includedScopes":[]},"contributions":{},"includedScopes":[]},"contributions":{},"includedScopes":[{"containerScope":{"containerScope":{"containerScope":{"contributions":{},"includedScopes":[]},"contributions":{},"includedScopes":[]},"contributions":{},"includedScopes":[]},"contributions":{},"includedScopes":[]}]},"contributions":{},"includedScopes":[]},"sourceMap":{"end":{"column":4,"line":23,"offset":758},"start":{"column":3,"line":17,"offset":501}}}],"metadata":[],"name":"Persona","problems":[{"code":"malformedMember","sourceMap":{"end":{"column":1,"line":27,"offset":818},"start":{"column":3,"line":24,"offset":761}}}],"scope":{"containerScope":{"containerScope":{"containerScope":{"contributions":{},"includedScopes":[]},"contributions":{},"includedScopes":[]},"contributions":{},"includedScopes":[]},"contributions":{},"includedScopes":[{"containerScope":{"containerScope":{"containerScope":{"contributions":{},"includedScopes":[]},"contributions":{},"includedScopes":[]},"contributions":{},"includedScopes":[]},"contributions":{},"includedScopes":[]}]},"sourceMap":{"end":{"column":2,"line":27,"offset":819},"start":{"column":1,"line":2,"offset":1}},"supertypes":[]},"stack":"Error: Failed to print, found malformed node\n    at /home/tiaguinni/.vscode/extensions/uqbar.wollok-lsp-ide-0.5.5/out/server/src/server.js:68:3585\n    at Ybn (/home/tiaguinni/.vscode/extensions/uqbar.wollok-lsp-ide-0.5.5/out/server/src/server.js:68:3396)\n    at /home/tiaguinni/.vscode/extensions/uqbar.wollok-lsp-ide-0.5.5/out/server/src/server.js:2430:847\n    at /home/tiaguinni/.vscode/extensions/uqbar.wollok-lsp-ide-0.5.5/out/server/src/server.js:2430:8440\n    at /home/tiaguinni/.vscode/extensions/uqbar.wollok-lsp-ide-0.5.5/out/server/src/server.js:37:74770\n    at Ke (/home/tiaguinni/.vscode/extensions/uqbar.wollok-lsp-ide-0.5.5/out/server/src/server.js:7:8527)\n    at It (/home/tiaguinni/.vscode/extensions/uqbar.wollok-lsp-ide-0.5.5/out/server/src/server.js:7:6189)\n    at et (/home/tiaguinni/.vscode/extensions/uqbar.wollok-lsp-ide-0.5.5/out/server/src/server.js:7:6378)\n    at Immediate._onImmediate (/home/tiaguinni/.vscode/extensions/uqbar.wollok-lsp-ide-0.5.5/out/server/src/server.js:7:6142)\n    at process.processImmediate (node:internal/timers:504:21)","timestamp":"2026-09-23T13:54:14.785Z"}
